ParticipantID,SourceType,SourceLocation,Code,Category,Theme,MethodDiscussed,TaskDiscussed,Valence,ResearchQuestion,RelatedQuantitativeResult,EvidenceClassification,IncludedInManuscript,QuotationID
SITE2/P01,INTERVIEW,SITE2/P01/interview/Q1,WALKING_LIKE_INCREMENTAL_MOVEMENT,T2_SPATIAL_REPRESENTATION,T2_SPATIAL_REPRESENTATION,MULTI_OR_UNSPECIFIED,"POST_SESSION_INTERVIEW; task may be Precision, Navigation, tutorial, or general unless explicitly stated",NOT_EXPLICITLY_CLASSIFIED,RQ2,route time; spatial awareness,DIRECTLY_EXPRESSED_PARTICIPANT_CONTENT,NO_DIRECT_QUOTATION,
SITE2/P01,INTERVIEW,SITE2/P01/interview/Q1,ENVIRONMENT_GEOMETRY_CONSTRAINT,T1_SCALE_CONTEXT,T1_SCALE_CONTEXT,MULTI_OR_UNSPECIFIED,"POST_SESSION_INTERVIEW; task may be Precision, Navigation, tutorial, or general unless explicitly stated",NOT_EXPLICITLY_CLASSIFIED,RQ1,method-by-route interaction,DIRECTLY_EXPRESSED_PARTICIPANT_CONTENT,NO_DIRECT_QUOTATION,
SITE2/P01,INTERVIEW,SITE2/P01/interview/Q2,DESTINATION_AREA_PREVIEW,T2_SPATIAL_REPRESENTATION,T2_SPATIAL_REPRESENTATION,MULTI_OR_UNSPECIFIED,"POST_SESSION_INTERVIEW; task may be Precision, Navigation, tutorial, or general unless explicitly stated",NOT_EXPLICITLY_CLASSIFIED,RQ2,spatial awareness; continuity,DIRECTLY_EXPRESSED_PARTICIPANT_CONTENT,NO_DIRECT_QUOTATION,
SITE2/P01,INTERVIEW,SITE2/P01/interview/Q2,SPATIAL_ORIENTATION_SUPPORTED,T2_SPATIAL_REPRESENTATION,T2_SPATIAL_REPRESENTATION,MULTI_OR_UNSPECIFIED,"POST_SESSION_INTERVIEW; task may be Precision, Navigation, tutorial, or general unless explicitly stated",NOT_EXPLICITLY_CLASSIFIED,RQ2,spatial-awareness composite; continuity,DIRECTLY_EXPRESSED_PARTICIPANT_CONTENT,NO_DIRECT_QUOTATION,
SITE2/P01,INTERVIEW,SITE2/P01/interview/Q3,MAP_FRAME_ALIGNMENT,T2_SPATIAL_REPRESENTATION;T3_CONTROL_PRECISION_UI,T2_SPATIAL_REPRESENTATION;T3_CONTROL_PRECISION_UI,MULTI_OR_UNSPECIFIED,"POST_SESSION_INTERVIEW; task may be Precision, Navigation, tutorial, or general unless explicitly stated",NOT_EXPLICITLY_CLASSIFIED,RQ2/RQ3,yaw/pitch; head rotation; workload,DIRECTLY_EXPRESSED_PARTICIPANT_CONTENT,NO_DIRECT_QUOTATION,
SITE2/P01,INTERVIEW,SITE2/P01/interview/Q3,ENVIRONMENTAL_ATTENTION_REDUCED,T2_SPATIAL_REPRESENTATION,T2_SPATIAL_REPRESENTATION,MULTI_OR_UNSPECIFIED,"POST_SESSION_INTERVIEW; task may be Precision, Navigation, tutorial, or general unless explicitly stated",NOT_EXPLICITLY_CLASSIFIED,RQ2,head rotation; latency; spatial awareness,DIRECTLY_EXPRESSED_PARTICIPANT_CONTENT,NO_DIRECT_QUOTATION,
SITE2/P01,INTERVIEW,SITE2/P01/interview/Q4,DISTANCE_DEPENDENT_SUITABILITY,T1_SCALE_CONTEXT,T1_SCALE_CONTEXT,Baseline,APPLICATION_CONTEXT_OR_GENERAL,SUITABLE,RQ1,precision by distance; route interaction,DIRECTLY_EXPRESSED_PARTICIPANT_CONTENT,NO_DIRECT_QUOTATION,
SITE2/P01,INTERVIEW,SITE2/P01/interview/Q4,TASK_CONTEXT_FIT,T1_SCALE_CONTEXT,T1_SCALE_CONTEXT,Baseline,APPLICATION_CONTEXT_OR_GENERAL,SUITABLE,RQ1/RQ3,route interaction; preference,DIRECTLY_EXPRESSED_PARTICIPANT_CONTENT,NO_DIRECT_QUOTATION,
SITE2/P01,INTERVIEW,SITE2/P01/interview/Q4,DISTANCE_DEPENDENT_SUITABILITY,T1_SCALE_CONTEXT,T1_SCALE_CONTEXT,Minimap,APPLICATION_CONTEXT_OR_GENERAL,POSITIVE;SUITABLE,RQ1,precision by distance; route interaction,DIRECTLY_EXPRESSED_PARTICIPANT_CONTENT,NO_DIRECT_QUOTATION,
SITE2/P01,INTERVIEW,SITE2/P01/interview/Q4,LANDING_PRECISION,T3_CONTROL_PRECISION_UI,T3_CONTROL_PRECISION_UI,Minimap,APPLICATION_CONTEXT_OR_GENERAL,POSITIVE;SUITABLE,RQ1/RQ3,direct-hit and sequential landing error,DIRECTLY_EXPRESSED_PARTICIPANT_CONTENT,NO_DIRECT_QUOTATION,
SITE2/P01,INTERVIEW,SITE2/P01/interview/Q4,TASK_CONTEXT_FIT,T1_SCALE_CONTEXT,T1_SCALE_CONTEXT,Minimap,APPLICATION_CONTEXT_OR_GENERAL,POSITIVE;SUITABLE,RQ1/RQ3,route interaction; preference,DIRECTLY_EXPRESSED_PARTICIPANT_CONTENT,NO_DIRECT_QUOTATION,
SITE2/P01,INTERVIEW,SITE2/P01/interview/Q4,DESTINATION_AREA_PREVIEW,T2_SPATIAL_REPRESENTATION,T2_SPATIAL_REPRESENTATION,Tsunami,APPLICATION_CONTEXT_OR_GENERAL,SUITABLE,RQ2,spatial awareness; continuity,DIRECTLY_EXPRESSED_PARTICIPANT_CONTENT,NO_DIRECT_QUOTATION,
SITE2/P01,INTERVIEW,SITE2/P01/interview/Q4,SPATIAL_ORIENTATION_SUPPORTED,T2_SPATIAL_REPRESENTATION,T2_SPATIAL_REPRESENTATION,Tsunami,APPLICATION_CONTEXT_OR_GENERAL,SUITABLE,RQ2,spatial-awareness composite; continuity,DIRECTLY_EXPRESSED_PARTICIPANT_CONTENT,NO_DIRECT_QUOTATION,
SITE2/P01,INTERVIEW,SITE2/P01/interview/Q4,TASK_CONTEXT_FIT,T1_SCALE_CONTEXT,T1_SCALE_CONTEXT,Tsunami,APPLICATION_CONTEXT_OR_GENERAL,SUITABLE,RQ1/RQ3,route interaction; preference,DIRECTLY_EXPRESSED_PARTICIPANT_CONTENT,NO_DIRECT_QUOTATION,
SITE2/P01,INTERVIEW,SITE2/P01/interview/Q5,MAP_FRAME_ALIGNMENT,T2_SPATIAL_REPRESENTATION;T3_CONTROL_PRECISION_UI,T2_SPATIAL_REPRESENTATION;T3_CONTROL_PRECISION_UI,MULTI_OR_UNSPECIFIED,"POST_SESSION_INTERVIEW; task may be Precision, Navigation, tutorial, or general unless explicitly stated",NOT_EXPLICITLY_CLASSIFIED,RQ2/RQ3,yaw/pitch; head rotation; workload,DIRECTLY_EXPRESSED_PARTICIPANT_CONTENT,NO_DIRECT_QUOTATION,
SITE2/P01,INTERVIEW,SITE2/P01/interview/Q5,DISTANCE_ESTIMATION,T3_CONTROL_PRECISION_UI,T3_CONTROL_PRECISION_UI,MULTI_OR_UNSPECIFIED,"POST_SESSION_INTERVIEW; task may be Precision, Navigation, tutorial, or general unless explicitly stated",NOT_EXPLICITLY_CLASSIFIED,RQ2,distance-awareness composite,DIRECTLY_EXPRESSED_PARTICIPANT_CONTENT,NO_DIRECT_QUOTATION,
SITE2/P01,INTERVIEW,SITE2/P01/interview/Q5,VISUAL_UI_PRESENTATION,T3_CONTROL_PRECISION_UI,T3_CONTROL_PRECISION_UI,MULTI_OR_UNSPECIFIED,"POST_SESSION_INTERVIEW; task may be Precision, Navigation, tutorial, or general unless explicitly stated",NOT_EXPLICITLY_CLASSIFIED,RQ3,workload; usability,DIRECTLY_EXPRESSED_PARTICIPANT_CONTENT,NO_DIRECT_QUOTATION,
SITE2/P01,QUESTIONNAIRE_FREE_TEXT,SITE2/P01/questionnaire/POST_CONDITION_COMMENT,LANDING_PRECISION,T3_CONTROL_PRECISION_UI,T3_CONTROL_PRECISION_UI,Baseline,POST_METHOD_BLOCK,NEGATIVE,RQ1/RQ3,direct-hit and sequential landing error,DIRECTLY_EXPRESSED_PARTICIPANT_CONTENT,NO_DIRECT_QUOTATION,
SITE2/P01,QUESTIONNAIRE_FREE_TEXT,SITE2/P01/questionnaire/POST_CONDITION_COMMENT,MAP_FRAME_ALIGNMENT,T2_SPATIAL_REPRESENTATION;T3_CONTROL_PRECISION_UI,T2_SPATIAL_REPRESENTATION;T3_CONTROL_PRECISION_UI,Minimap,POST_METHOD_BLOCK,NOT_EXPLICITLY_CLASSIFIED,RQ2/RQ3,yaw/pitch; head rotation; workload,DIRECTLY_EXPRESSED_PARTICIPANT_CONTENT,NO_DIRECT_QUOTATION,
SITE2/P01,QUESTIONNAIRE_FREE_TEXT,SITE2/P01/questionnaire/POST_CONDITION_COMMENT,ENVIRONMENTAL_ATTENTION_REDUCED,T2_SPATIAL_REPRESENTATION,T2_SPATIAL_REPRESENTATION,Minimap,POST_METHOD_BLOCK,NOT_EXPLICITLY_CLASSIFIED,RQ2,head rotation; latency; spatial awareness,DIRECTLY_EXPRESSED_PARTICIPANT_CONTENT,NO_DIRECT_QUOTATION,
SITE2/P01,QUESTIONNAIRE_FREE_TEXT,SITE2/P01/questionnaire/POST_CONDITION_COMMENT,LANDING_PRECISION,T3_CONTROL_PRECISION_UI,T3_CONTROL_PRECISION_UI,Tsunami,POST_METHOD_BLOCK,NEGATIVE,RQ1/RQ3,direct-hit and sequential landing error,DIRECTLY_EXPRESSED_PARTICIPANT_CONTENT,NO_DIRECT_QUOTATION,
SITE2/P01,QUESTIONNAIRE_FREE_TEXT,SITE2/P01/questionnaire/POST_CONDITION_COMMENT,TRAVERSAL_EFFICIENCY,T1_SCALE_CONTEXT,T1_SCALE_CONTEXT,Tsunami,POST_METHOD_BLOCK,NEGATIVE,RQ1,route time; teleport count; path efficiency,DIRECTLY_EXPRESSED_PARTICIPANT_CONTENT,NO_DIRECT_QUOTATION,
SITE2/P01,QUESTIONNAIRE_FREE_TEXT,SITE2/P01/questionnaire/POST_CONDITION_COMMENT,ENVIRONMENT_GEOMETRY_CONSTRAINT,T1_SCALE_CONTEXT,T1_SCALE_CONTEXT,Tsunami,POST_METHOD_BLOCK,NEGATIVE,RQ1,method-by-route interaction,DIRECTLY_EXPRESSED_PARTICIPANT_CONTENT,NO_DIRECT_QUOTATION,
SITE2/P04,INTERVIEW,SITE2/P04/interview/Q1,LANDING_PRECISION,T3_CONTROL_PRECISION_UI,T3_CONTROL_PRECISION_UI,MULTI_OR_UNSPECIFIED,"POST_SESSION_INTERVIEW; task may be Precision, Navigation, tutorial, or general unless explicitly stated",POSITIVE,RQ1/RQ3,direct-hit and sequential landing error,DIRECTLY_EXPRESSED_PARTICIPANT_CONTENT,NO_DIRECT_QUOTATION,
SITE2/P04,INTERVIEW,SITE2/P04/interview/Q1,CONTROL_SENSITIVITY_AND_RELEASE,T3_CONTROL_PRECISION_UI,T3_CONTROL_PRECISION_UI,MULTI_OR_UNSPECIFIED,"POST_SESSION_INTERVIEW; task may be Precision, Navigation, tutorial, or general unless explicitly stated",POSITIVE,RQ1/RQ3,landing error; corrective teleports,DIRECTLY_EXPRESSED_PARTICIPANT_CONTENT,NO_DIRECT_QUOTATION,
SITE2/P04,INTERVIEW,SITE2/P04/interview/Q2,WALKING_LIKE_INCREMENTAL_MOVEMENT,T2_SPATIAL_REPRESENTATION,T2_SPATIAL_REPRESENTATION,MULTI_OR_UNSPECIFIED,"POST_SESSION_INTERVIEW; task may be Precision, Navigation, tutorial, or general unless explicitly stated",NOT_EXPLICITLY_CLASSIFIED,RQ2,route time; spatial awareness,DIRECTLY_EXPRESSED_PARTICIPANT_CONTENT,NO_DIRECT_QUOTATION,
SITE2/P04,INTERVIEW,SITE2/P04/interview/Q2,SPATIAL_ORIENTATION_SUPPORTED,T2_SPATIAL_REPRESENTATION,T2_SPATIAL_REPRESENTATION,MULTI_OR_UNSPECIFIED,"POST_SESSION_INTERVIEW; task may be Precision, Navigation, tutorial, or general unless explicitly stated",NOT_EXPLICITLY_CLASSIFIED,RQ2,spatial-awareness composite; continuity,DIRECTLY_EXPRESSED_PARTICIPANT_CONTENT,NO_DIRECT_QUOTATION,
SITE2/P04,INTERVIEW,SITE2/P04/interview/Q3,LEARNING_AND_ACCLIMATIZATION,T4_ADOPTION_EXPERIENCE,T4_ADOPTION_EXPERIENCE,MULTI_OR_UNSPECIFIED,"POST_SESSION_INTERVIEW; task may be Precision, Navigation, tutorial, or general unless explicitly stated",NOT_EXPLICITLY_CLASSIFIED,RQ3,within-method latency and head-rotation trends,DIRECTLY_EXPRESSED_PARTICIPANT_CONTENT,NO_DIRECT_QUOTATION,
SITE2/P04,INTERVIEW,SITE2/P04/interview/Q3,SPATIAL_ORIENTATION_SUPPORTED,T2_SPATIAL_REPRESENTATION,T2_SPATIAL_REPRESENTATION,MULTI_OR_UNSPECIFIED,"POST_SESSION_INTERVIEW; task may be Precision, Navigation, tutorial, or general unless explicitly stated",NOT_EXPLICITLY_CLASSIFIED,RQ2,spatial-awareness composite; continuity,DIRECTLY_EXPRESSED_PARTICIPANT_CONTENT,NO_DIRECT_QUOTATION,
SITE2/P04,INTERVIEW,SITE2/P04/interview/Q4,TASK_CONTEXT_FIT,T1_SCALE_CONTEXT,T1_SCALE_CONTEXT,Tsunami,APPLICATION_CONTEXT_OR_GENERAL,CONDITIONAL,RQ1/RQ3,route interaction; preference,DIRECTLY_EXPRESSED_PARTICIPANT_CONTENT,NO_DIRECT_QUOTATION,
SITE2/P04,INTERVIEW,SITE2/P04/interview/Q4,DISTANCE_DEPENDENT_SUITABILITY,T1_SCALE_CONTEXT,T1_SCALE_CONTEXT,Tsunami,APPLICATION_CONTEXT_OR_GENERAL,CONDITIONAL,RQ1,precision by distance; route interaction,DIRECTLY_EXPRESSED_PARTICIPANT_CONTENT,NO_DIRECT_QUOTATION,
SITE2/P04,INTERVIEW,SITE2/P04/interview/Q4,ENVIRONMENT_GEOMETRY_CONSTRAINT,T1_SCALE_CONTEXT,T1_SCALE_CONTEXT,Tsunami,APPLICATION_CONTEXT_OR_GENERAL,CONDITIONAL,RQ1,method-by-route interaction,DIRECTLY_EXPRESSED_PARTICIPANT_CONTENT,NO_DIRECT_QUOTATION,
SITE2/P04,INTERVIEW,SITE2/P04/interview/Q4,TASK_CONTEXT_FIT,T1_SCALE_CONTEXT,T1_SCALE_CONTEXT,Baseline,APPLICATION_CONTEXT_OR_GENERAL,SUITABLE,RQ1/RQ3,route interaction; preference,DIRECTLY_EXPRESSED_PARTICIPANT_CONTENT,NO_DIRECT_QUOTATION,
SITE2/P04,INTERVIEW,SITE2/P04/interview/Q4,TASK_CONTEXT_FIT,T1_SCALE_CONTEXT,T1_SCALE_CONTEXT,Minimap,APPLICATION_CONTEXT_OR_GENERAL,SUITABLE,RQ1/RQ3,route interaction; preference,DIRECTLY_EXPRESSED_PARTICIPANT_CONTENT,NO_DIRECT_QUOTATION,
SITE2/P04,INTERVIEW,SITE2/P04/interview/Q4,HYBRID_CONFIGURATION,T4_ADOPTION_EXPERIENCE,T4_ADOPTION_EXPERIENCE,Minimap,APPLICATION_CONTEXT_OR_GENERAL,SUITABLE,RQ1/RQ3,none directly,DIRECTLY_EXPRESSED_PARTICIPANT_CONTENT,NO_DIRECT_QUOTATION,
SITE2/P04,INTERVIEW,SITE2/P04/interview/Q5,CONTROL_SENSITIVITY_AND_RELEASE,T3_CONTROL_PRECISION_UI,T3_CONTROL_PRECISION_UI,MULTI_OR_UNSPECIFIED,"POST_SESSION_INTERVIEW; task may be Precision, Navigation, tutorial, or general unless explicitly stated",NOT_EXPLICITLY_CLASSIFIED,RQ1/RQ3,landing error; corrective teleports,DIRECTLY_EXPRESSED_PARTICIPANT_CONTENT,NO_DIRECT_QUOTATION,
SITE2/P04,QUESTIONNAIRE_FREE_TEXT,SITE2/P04/questionnaire/POST_CONDITION_COMMENT,VISUAL_UI_PRESENTATION,T3_CONTROL_PRECISION_UI,T3_CONTROL_PRECISION_UI,Minimap,POST_METHOD_BLOCK,NOT_EXPLICITLY_CLASSIFIED,RQ3,workload; usability,DIRECTLY_EXPRESSED_PARTICIPANT_CONTENT,NO_DIRECT_QUOTATION,
SITE2/P04,QUESTIONNAIRE_FREE_TEXT,SITE2/P04/questionnaire/POST_CONDITION_COMMENT,LANDING_PRECISION,T3_CONTROL_PRECISION_UI,T3_CONTROL_PRECISION_UI,Tsunami,POST_METHOD_BLOCK,NEGATIVE,RQ1/RQ3,direct-hit and sequential landing error,DIRECTLY_EXPRESSED_PARTICIPANT_CONTENT,NO_DIRECT_QUOTATION,
SITE2/P05,INTERVIEW,SITE2/P05/interview/Q1,PRIOR_FAMILIARITY,T4_ADOPTION_EXPERIENCE,T4_ADOPTION_EXPERIENCE,MULTI_OR_UNSPECIFIED,"POST_SESSION_INTERVIEW; task may be Precision, Navigation, tutorial, or general unless explicitly stated",NOT_EXPLICITLY_CLASSIFIED,RQ3,usability; preference,DIRECTLY_EXPRESSED_PARTICIPANT_CONTENT,NO_DIRECT_QUOTATION,
SITE2/P05,INTERVIEW,SITE2/P05/interview/Q2,SPATIAL_ORIENTATION_SUPPORTED,T2_SPATIAL_REPRESENTATION,T2_SPATIAL_REPRESENTATION,MULTI_OR_UNSPECIFIED,"POST_SESSION_INTERVIEW; task may be Precision, Navigation, tutorial, or general unless explicitly stated",NOT_EXPLICITLY_CLASSIFIED,RQ2,spatial-awareness composite; continuity,DIRECTLY_EXPRESSED_PARTICIPANT_CONTENT,NO_DIRECT_QUOTATION,
SITE2/P05,INTERVIEW,SITE2/P05/interview/Q3,MAP_FRAME_ALIGNMENT,T2_SPATIAL_REPRESENTATION;T3_CONTROL_PRECISION_UI,T2_SPATIAL_REPRESENTATION;T3_CONTROL_PRECISION_UI,MULTI_OR_UNSPECIFIED,"POST_SESSION_INTERVIEW; task may be Precision, Navigation, tutorial, or general unless explicitly stated",NOT_EXPLICITLY_CLASSIFIED,RQ2/RQ3,yaw/pitch; head rotation; workload,DIRECTLY_EXPRESSED_PARTICIPANT_CONTENT,NO_DIRECT_QUOTATION,
SITE2/P05,INTERVIEW,SITE2/P05/interview/Q3,PHYSICAL_ERGONOMICS,T4_ADOPTION_EXPERIENCE,T4_ADOPTION_EXPERIENCE,MULTI_OR_UNSPECIFIED,"POST_SESSION_INTERVIEW; task may be Precision, Navigation, tutorial, or general unless explicitly stated",NOT_EXPLICITLY_CLASSIFIED,RQ3,RAW-TLX,DIRECTLY_EXPRESSED_PARTICIPANT_CONTENT,NO_DIRECT_QUOTATION,
SITE2/P05,INTERVIEW,SITE2/P05/interview/Q4,TASK_CONTEXT_FIT,T1_SCALE_CONTEXT,T1_SCALE_CONTEXT,MULTI_OR_UNSPECIFIED,APPLICATION_CONTEXT_OR_GENERAL,NOT_EXPLICITLY_CLASSIFIED,RQ1/RQ3,route interaction; preference,DIRECTLY_EXPRESSED_PARTICIPANT_CONTENT,NO_DIRECT_QUOTATION,
SITE2/P05,INTERVIEW,SITE2/P05/interview/Q4,DISTANCE_DEPENDENT_SUITABILITY,T1_SCALE_CONTEXT,T1_SCALE_CONTEXT,MULTI_OR_UNSPECIFIED,APPLICATION_CONTEXT_OR_GENERAL,NOT_EXPLICITLY_CLASSIFIED,RQ1,precision by distance; route interaction,DIRECTLY_EXPRESSED_PARTICIPANT_CONTENT,NO_DIRECT_QUOTATION,
SITE2/P05,INTERVIEW,SITE2/P05/interview/Q5,ENJOYMENT_AND_AESTHETIC_APPEAL,T4_ADOPTION_EXPERIENCE,T4_ADOPTION_EXPERIENCE,MULTI_OR_UNSPECIFIED,"POST_SESSION_INTERVIEW; task may be Precision, Navigation, tutorial, or general unless explicitly stated",NOT_EXPLICITLY_CLASSIFIED,RQ3,fun ranking; preference,DIRECTLY_EXPRESSED_PARTICIPANT_CONTENT,NO_DIRECT_QUOTATION,
SITE2/P05,INTERVIEW,SITE2/P05/interview/Q5,TASK_CONTEXT_FIT,T1_SCALE_CONTEXT,T1_SCALE_CONTEXT,MULTI_OR_UNSPECIFIED,"POST_SESSION_INTERVIEW; task may be Precision, Navigation, tutorial, or general unless explicitly stated",NOT_EXPLICITLY_CLASSIFIED,RQ1/RQ3,route interaction; preference,DIRECTLY_EXPRESSED_PARTICIPANT_CONTENT,NO_DIRECT_QUOTATION,
SITE2/P05,QUESTIONNAIRE_FREE_TEXT,SITE2/P05/questionnaire/POST_CONDITION_COMMENT,TRAVERSAL_EFFICIENCY,T1_SCALE_CONTEXT,T1_SCALE_CONTEXT,Baseline,POST_METHOD_BLOCK,NOT_EXPLICITLY_CLASSIFIED,RQ1,route time; teleport count; path efficiency,DIRECTLY_EXPRESSED_PARTICIPANT_CONTENT,NO_DIRECT_QUOTATION,
SITE2/P05,QUESTIONNAIRE_FREE_TEXT,SITE2/P05/questionnaire/POST_CONDITION_COMMENT,MAP_FRAME_ALIGNMENT,T2_SPATIAL_REPRESENTATION;T3_CONTROL_PRECISION_UI,T2_SPATIAL_REPRESENTATION;T3_CONTROL_PRECISION_UI,Minimap,POST_METHOD_BLOCK,NOT_EXPLICITLY_CLASSIFIED,RQ2/RQ3,yaw/pitch; head rotation; workload,DIRECTLY_EXPRESSED_PARTICIPANT_CONTENT,NO_DIRECT_QUOTATION,
SITE2/P05,QUESTIONNAIRE_FREE_TEXT,SITE2/P05/questionnaire/POST_CONDITION_COMMENT,IMMERSION_AND_PRESENCE,T4_ADOPTION_EXPERIENCE,T4_ADOPTION_EXPERIENCE,Tsunami,POST_METHOD_BLOCK,PRESERVED;POSITIVE,RQ2/RQ3,environmental continuity,DIRECTLY_EXPRESSED_PARTICIPANT_CONTENT,NO_DIRECT_QUOTATION,
SITE2/P05,QUESTIONNAIRE_FREE_TEXT,SITE2/P05/questionnaire/POST_CONDITION_COMMENT,ENJOYMENT_AND_AESTHETIC_APPEAL,T4_ADOPTION_EXPERIENCE,T4_ADOPTION_EXPERIENCE,Tsunami,POST_METHOD_BLOCK,PRESERVED;POSITIVE,RQ3,fun ranking; preference,DIRECTLY_EXPRESSED_PARTICIPANT_CONTENT,NO_DIRECT_QUOTATION,
SITE2/P05,QUESTIONNAIRE_FREE_TEXT,SITE2/P05/questionnaire/POST_CONDITION_COMMENT,TASK_CONTEXT_FIT,T1_SCALE_CONTEXT,T1_SCALE_CONTEXT,Tsunami,POST_METHOD_BLOCK,PRESERVED;POSITIVE,RQ1/RQ3,route interaction; preference,DIRECTLY_EXPRESSED_PARTICIPANT_CONTENT,NO_DIRECT_QUOTATION,
SITE2/P15,INTERVIEW,SITE2/P15/interview/Q1,TELEPORT_PATH_VISIBILITY,T3_CONTROL_PRECISION_UI,T3_CONTROL_PRECISION_UI,MULTI_OR_UNSPECIFIED,"POST_SESSION_INTERVIEW; task may be Precision, Navigation, tutorial, or general unless explicitly stated",POSITIVE,RQ1/RQ2,landing precision,DIRECTLY_EXPRESSED_PARTICIPANT_CONTENT,NO_DIRECT_QUOTATION,
SITE2/P15,INTERVIEW,SITE2/P15/interview/Q1,ENJOYMENT_AND_AESTHETIC_APPEAL,T4_ADOPTION_EXPERIENCE,T4_ADOPTION_EXPERIENCE,MULTI_OR_UNSPECIFIED,"POST_SESSION_INTERVIEW; task may be Precision, Navigation, tutorial, or general unless explicitly stated",POSITIVE,RQ3,fun ranking; preference,DIRECTLY_EXPRESSED_PARTICIPANT_CONTENT,NO_DIRECT_QUOTATION,
SITE2/P15,INTERVIEW,SITE2/P15/interview/Q2,DESTINATION_AREA_PREVIEW,T2_SPATIAL_REPRESENTATION,T2_SPATIAL_REPRESENTATION,MULTI_OR_UNSPECIFIED,"POST_SESSION_INTERVIEW; task may be Precision, Navigation, tutorial, or general unless explicitly stated",NOT_EXPLICITLY_CLASSIFIED,RQ2,spatial awareness; continuity,DIRECTLY_EXPRESSED_PARTICIPANT_CONTENT,NO_DIRECT_QUOTATION,
SITE2/P15,INTERVIEW,SITE2/P15/interview/Q2,SPATIAL_ORIENTATION_SUPPORTED,T2_SPATIAL_REPRESENTATION,T2_SPATIAL_REPRESENTATION,MULTI_OR_UNSPECIFIED,"POST_SESSION_INTERVIEW; task may be Precision, Navigation, tutorial, or general unless explicitly stated",NOT_EXPLICITLY_CLASSIFIED,RQ2,spatial-awareness composite; continuity,DIRECTLY_EXPRESSED_PARTICIPANT_CONTENT,NO_DIRECT_QUOTATION,
SITE2/P15,INTERVIEW,SITE2/P15/interview/Q3,SPATIAL_ORIENTATION_DISRUPTED,T2_SPATIAL_REPRESENTATION,T2_SPATIAL_REPRESENTATION,MULTI_OR_UNSPECIFIED,"POST_SESSION_INTERVIEW; task may be Precision, Navigation, tutorial, or general unless explicitly stated",NOT_EXPLICITLY_CLASSIFIED,RQ2,spatial-awareness composite; continuity,DIRECTLY_EXPRESSED_PARTICIPANT_CONTENT,NO_DIRECT_QUOTATION,
SITE2/P15,INTERVIEW,SITE2/P15/interview/Q4,DISTANCE_DEPENDENT_SUITABILITY,T1_SCALE_CONTEXT,T1_SCALE_CONTEXT,Baseline,APPLICATION_CONTEXT_OR_GENERAL,POSITIVE,RQ1,precision by distance; route interaction,DIRECTLY_EXPRESSED_PARTICIPANT_CONTENT,NO_DIRECT_QUOTATION,
SITE2/P15,INTERVIEW,SITE2/P15/interview/Q4,LANDING_PRECISION,T3_CONTROL_PRECISION_UI,T3_CONTROL_PRECISION_UI,Baseline,APPLICATION_CONTEXT_OR_GENERAL,POSITIVE,RQ1/RQ3,direct-hit and sequential landing error,DIRECTLY_EXPRESSED_PARTICIPANT_CONTENT,NO_DIRECT_QUOTATION,
SITE2/P15,INTERVIEW,SITE2/P15/interview/Q4,DISTANCE_DEPENDENT_SUITABILITY,T1_SCALE_CONTEXT,T1_SCALE_CONTEXT,Tsunami,APPLICATION_CONTEXT_OR_GENERAL,NOT_EXPLICITLY_CLASSIFIED,RQ1,precision by distance; route interaction,DIRECTLY_EXPRESSED_PARTICIPANT_CONTENT,NO_DIRECT_QUOTATION,
SITE2/P15,INTERVIEW,SITE2/P15/interview/Q4,LANDING_PRECISION,T3_CONTROL_PRECISION_UI,T3_CONTROL_PRECISION_UI,Minimap,APPLICATION_CONTEXT_OR_GENERAL,MIXED,RQ1/RQ3,direct-hit and sequential landing error,DIRECTLY_EXPRESSED_PARTICIPANT_CONTENT,NO_DIRECT_QUOTATION,
SITE2/P15,INTERVIEW,SITE2/P15/interview/Q5,LEARNING_AND_ACCLIMATIZATION,T4_ADOPTION_EXPERIENCE,T4_ADOPTION_EXPERIENCE,Tsunami,"POST_SESSION_INTERVIEW; task may be Precision, Navigation, tutorial, or general unless explicitly stated",NOT_EXPLICITLY_CLASSIFIED,RQ3,within-method latency and head-rotation trends,DIRECTLY_EXPRESSED_PARTICIPANT_CONTENT,NO_DIRECT_QUOTATION,
SITE2/P15,INTERVIEW,SITE2/P15/interview/Q5,SPATIAL_ORIENTATION_SUPPORTED,T2_SPATIAL_REPRESENTATION,T2_SPATIAL_REPRESENTATION,Tsunami,"POST_SESSION_INTERVIEW; task may be Precision, Navigation, tutorial, or general unless explicitly stated",NOT_EXPLICITLY_CLASSIFIED,RQ2,spatial-awareness composite; continuity,DIRECTLY_EXPRESSED_PARTICIPANT_CONTENT,NO_DIRECT_QUOTATION,
SITE2/P15,INTERVIEW,SITE2/P15/interview/Q5,LEARNING_AND_ACCLIMATIZATION,T4_ADOPTION_EXPERIENCE,T4_ADOPTION_EXPERIENCE,Minimap,"POST_SESSION_INTERVIEW; task may be Precision, Navigation, tutorial, or general unless explicitly stated",NOT_EXPLICITLY_CLASSIFIED,RQ3,within-method latency and head-rotation trends,DIRECTLY_EXPRESSED_PARTICIPANT_CONTENT,NO_DIRECT_QUOTATION,
SITE2/P15,INTERVIEW,SITE2/P15/interview/Q5,PHYSICAL_ERGONOMICS,T4_ADOPTION_EXPERIENCE,T4_ADOPTION_EXPERIENCE,Minimap,"POST_SESSION_INTERVIEW; task may be Precision, Navigation, tutorial, or general unless explicitly stated",NOT_EXPLICITLY_CLASSIFIED,RQ3,RAW-TLX,DIRECTLY_EXPRESSED_PARTICIPANT_CONTENT,NO_DIRECT_QUOTATION,
SITE2/P15,INTERVIEW,SITE2/P15/interview/Q5,VISUAL_UI_PRESENTATION,T3_CONTROL_PRECISION_UI,T3_CONTROL_PRECISION_UI,Minimap,"POST_SESSION_INTERVIEW; task may be Precision, Navigation, tutorial, or general unless explicitly stated",NOT_EXPLICITLY_CLASSIFIED,RQ3,workload; usability,DIRECTLY_EXPRESSED_PARTICIPANT_CONTENT,NO_DIRECT_QUOTATION,
SITE2/P16,INTERVIEW,SITE2/P16/interview/Q1,SPATIAL_ORIENTATION_DISRUPTED,T2_SPATIAL_REPRESENTATION,T2_SPATIAL_REPRESENTATION,MULTI_OR_UNSPECIFIED,"POST_SESSION_INTERVIEW; task may be Precision, Navigation, tutorial, or general unless explicitly stated",NOT_EXPLICITLY_CLASSIFIED,RQ2,spatial-awareness composite; continuity,DIRECTLY_EXPRESSED_PARTICIPANT_CONTENT,NO_DIRECT_QUOTATION,
SITE2/P16,INTERVIEW,SITE2/P16/interview/Q2,SPATIAL_ORIENTATION_SUPPORTED,T2_SPATIAL_REPRESENTATION,T2_SPATIAL_REPRESENTATION,Baseline,"POST_SESSION_INTERVIEW; task may be Precision, Navigation, tutorial, or general unless explicitly stated",NOT_EXPLICITLY_CLASSIFIED,RQ2,spatial-awareness composite; continuity,DIRECTLY_EXPRESSED_PARTICIPANT_CONTENT,NO_DIRECT_QUOTATION,
SITE2/P16,INTERVIEW,SITE2/P16/interview/Q2,WALKING_LIKE_INCREMENTAL_MOVEMENT,T2_SPATIAL_REPRESENTATION,T2_SPATIAL_REPRESENTATION,Baseline,"POST_SESSION_INTERVIEW; task may be Precision, Navigation, tutorial, or general unless explicitly stated",NOT_EXPLICITLY_CLASSIFIED,RQ2,route time; spatial awareness,DIRECTLY_EXPRESSED_PARTICIPANT_CONTENT,NO_DIRECT_QUOTATION,
SITE2/P16,INTERVIEW,SITE2/P16/interview/Q2,SPATIAL_ORIENTATION_DISRUPTED,T2_SPATIAL_REPRESENTATION,T2_SPATIAL_REPRESENTATION,Minimap,"POST_SESSION_INTERVIEW; task may be Precision, Navigation, tutorial, or general unless explicitly stated",NOT_EXPLICITLY_CLASSIFIED,RQ2,spatial-awareness composite; continuity,DIRECTLY_EXPRESSED_PARTICIPANT_CONTENT,NO_DIRECT_QUOTATION,
SITE2/P16,INTERVIEW,SITE2/P16/interview/Q3,ENVIRONMENTAL_ATTENTION_REDUCED,T2_SPATIAL_REPRESENTATION,T2_SPATIAL_REPRESENTATION,MULTI_OR_UNSPECIFIED,"POST_SESSION_INTERVIEW; task may be Precision, Navigation, tutorial, or general unless explicitly stated",NOT_EXPLICITLY_CLASSIFIED,RQ2,head rotation; latency; spatial awareness,DIRECTLY_EXPRESSED_PARTICIPANT_CONTENT,NO_DIRECT_QUOTATION,
SITE2/P16,INTERVIEW,SITE2/P16/interview/Q3,SPATIAL_ORIENTATION_DISRUPTED,T2_SPATIAL_REPRESENTATION,T2_SPATIAL_REPRESENTATION,MULTI_OR_UNSPECIFIED,"POST_SESSION_INTERVIEW; task may be Precision, Navigation, tutorial, or general unless explicitly stated",NOT_EXPLICITLY_CLASSIFIED,RQ2,spatial-awareness composite; continuity,DIRECTLY_EXPRESSED_PARTICIPANT_CONTENT,NO_DIRECT_QUOTATION,
SITE2/P16,INTERVIEW,SITE2/P16/interview/Q4,DISTANCE_DEPENDENT_SUITABILITY,T1_SCALE_CONTEXT,T1_SCALE_CONTEXT,Baseline,APPLICATION_CONTEXT_OR_GENERAL,SUITABLE,RQ1,precision by distance; route interaction,DIRECTLY_EXPRESSED_PARTICIPANT_CONTENT,YES_AS_QUOTATION,Q-T1-01
SITE2/P16,INTERVIEW,SITE2/P16/interview/Q4,REPEATED_TELEPORT_COST,T1_SCALE_CONTEXT,T1_SCALE_CONTEXT,Baseline,APPLICATION_CONTEXT_OR_GENERAL,SUITABLE,RQ1,route time; teleport count,DIRECTLY_EXPRESSED_PARTICIPANT_CONTENT,YES_AS_QUOTATION,Q-T1-01
SITE2/P16,INTERVIEW,SITE2/P16/interview/Q4,TASK_CONTEXT_FIT,T1_SCALE_CONTEXT,T1_SCALE_CONTEXT,Baseline,APPLICATION_CONTEXT_OR_GENERAL,SUITABLE,RQ1/RQ3,route interaction; preference,DIRECTLY_EXPRESSED_PARTICIPANT_CONTENT,YES_AS_QUOTATION,Q-T1-01
SITE2/P16,INTERVIEW,SITE2/P16/interview/Q4,DISTANCE_DEPENDENT_SUITABILITY,T1_SCALE_CONTEXT,T1_SCALE_CONTEXT,Minimap,APPLICATION_CONTEXT_OR_GENERAL,SUITABLE,RQ1,precision by distance; route interaction,DIRECTLY_EXPRESSED_PARTICIPANT_CONTENT,NO_DIRECT_QUOTATION,
SITE2/P16,INTERVIEW,SITE2/P16/interview/Q4,TASK_CONTEXT_FIT,T1_SCALE_CONTEXT,T1_SCALE_CONTEXT,Minimap,APPLICATION_CONTEXT_OR_GENERAL,SUITABLE,RQ1/RQ3,route interaction; preference,DIRECTLY_EXPRESSED_PARTICIPANT_CONTENT,NO_DIRECT_QUOTATION,
SITE2/P16,INTERVIEW,SITE2/P16/interview/Q4,DISTANCE_DEPENDENT_SUITABILITY,T1_SCALE_CONTEXT,T1_SCALE_CONTEXT,Tsunami,APPLICATION_CONTEXT_OR_GENERAL,SUITABLE,RQ1,precision by distance; route interaction,DIRECTLY_EXPRESSED_PARTICIPANT_CONTENT,NO_DIRECT_QUOTATION,
SITE2/P16,INTERVIEW,SITE2/P16/interview/Q4,TASK_CONTEXT_FIT,T1_SCALE_CONTEXT,T1_SCALE_CONTEXT,Tsunami,APPLICATION_CONTEXT_OR_GENERAL,SUITABLE,RQ1/RQ3,route interaction; preference,DIRECTLY_EXPRESSED_PARTICIPANT_CONTENT,NO_DIRECT_QUOTATION,
SITE2/P16,INTERVIEW,SITE2/P16/interview/Q5,CYBERSICKNESS_AND_BODILY_DISCOMFORT,T4_ADOPTION_EXPERIENCE,T4_ADOPTION_EXPERIENCE,MULTI_OR_UNSPECIFIED,"POST_SESSION_INTERVIEW; task may be Precision, Navigation, tutorial, or general unless explicitly stated",UNCERTAIN_OR_CONFOUNDED,RQ3,CSQ-VR,DIRECTLY_EXPRESSED_PARTICIPANT_CONTENT,NO_DIRECT_QUOTATION,
SITE2/P16,QUESTIONNAIRE_FREE_TEXT,SITE2/P16/questionnaire/POST_CONDITION_COMMENT,REPEATED_TELEPORT_COST,T1_SCALE_CONTEXT,T1_SCALE_CONTEXT,Baseline,POST_METHOD_BLOCK,NOT_EXPLICITLY_CLASSIFIED,RQ1,route time; teleport count,DIRECTLY_EXPRESSED_PARTICIPANT_CONTENT,NO_DIRECT_QUOTATION,
SITE2/P16,QUESTIONNAIRE_FREE_TEXT,SITE2/P16/questionnaire/POST_CONDITION_COMMENT,DISTANCE_DEPENDENT_SUITABILITY,T1_SCALE_CONTEXT,T1_SCALE_CONTEXT,Baseline,POST_METHOD_BLOCK,NOT_EXPLICITLY_CLASSIFIED,RQ1,precision by distance; route interaction,DIRECTLY_EXPRESSED_PARTICIPANT_CONTENT,NO_DIRECT_QUOTATION,
SITE2/P16,QUESTIONNAIRE_FREE_TEXT,SITE2/P16/questionnaire/POST_CONDITION_COMMENT,ENVIRONMENT_GEOMETRY_CONSTRAINT,T1_SCALE_CONTEXT,T1_SCALE_CONTEXT,Baseline,POST_METHOD_BLOCK,NOT_EXPLICITLY_CLASSIFIED,RQ1,method-by-route interaction,DIRECTLY_EXPRESSED_PARTICIPANT_CONTENT,NO_DIRECT_QUOTATION,
SITE2/P16,QUESTIONNAIRE_FREE_TEXT,SITE2/P16/questionnaire/POST_CONDITION_COMMENT,WALKING_LIKE_INCREMENTAL_MOVEMENT,T2_SPATIAL_REPRESENTATION,T2_SPATIAL_REPRESENTATION,Baseline,POST_METHOD_BLOCK,NOT_EXPLICITLY_CLASSIFIED,RQ2,route time; spatial awareness,DIRECTLY_EXPRESSED_PARTICIPANT_CONTENT,NO_DIRECT_QUOTATION,
SITE2/P16,QUESTIONNAIRE_FREE_TEXT,SITE2/P16/questionnaire/POST_CONDITION_COMMENT,SPATIAL_ORIENTATION_SUPPORTED,T2_SPATIAL_REPRESENTATION,T2_SPATIAL_REPRESENTATION,Baseline,POST_METHOD_BLOCK,NOT_EXPLICITLY_CLASSIFIED,RQ2,spatial-awareness composite; continuity,DIRECTLY_EXPRESSED_PARTICIPANT_CONTENT,NO_DIRECT_QUOTATION,
SITE2/P16,QUESTIONNAIRE_FREE_TEXT,SITE2/P16/questionnaire/POST_CONDITION_COMMENT,ENVIRONMENTAL_ATTENTION_REDUCED,T2_SPATIAL_REPRESENTATION,T2_SPATIAL_REPRESENTATION,Minimap,POST_METHOD_BLOCK,NOT_EXPLICITLY_CLASSIFIED,RQ2,head rotation; latency; spatial awareness,DIRECTLY_EXPRESSED_PARTICIPANT_CONTENT,NO_DIRECT_QUOTATION,
SITE2/P16,QUESTIONNAIRE_FREE_TEXT,SITE2/P16/questionnaire/POST_CONDITION_COMMENT,SPATIAL_ORIENTATION_DISRUPTED,T2_SPATIAL_REPRESENTATION,T2_SPATIAL_REPRESENTATION,Minimap,POST_METHOD_BLOCK,NOT_EXPLICITLY_CLASSIFIED,RQ2,spatial-awareness composite; continuity,DIRECTLY_EXPRESSED_PARTICIPANT_CONTENT,NO_DIRECT_QUOTATION,
SITE2/P16,QUESTIONNAIRE_FREE_TEXT,SITE2/P16/questionnaire/POST_CONDITION_COMMENT,LANDING_PRECISION,T3_CONTROL_PRECISION_UI,T3_CONTROL_PRECISION_UI,Tsunami,POST_METHOD_BLOCK,NOT_EXPLICITLY_CLASSIFIED,RQ1/RQ3,direct-hit and sequential landing error,DIRECTLY_EXPRESSED_PARTICIPANT_CONTENT,NO_DIRECT_QUOTATION,
SITE2/P16,QUESTIONNAIRE_FREE_TEXT,SITE2/P16/questionnaire/POST_CONDITION_COMMENT,REORIENTATION_AND_TURNING_COST,T2_SPATIAL_REPRESENTATION,T2_SPATIAL_REPRESENTATION,Tsunami,POST_METHOD_BLOCK,NOT_EXPLICITLY_CLASSIFIED,RQ2,latency; head rotation; yaw/pitch,DIRECTLY_EXPRESSED_PARTICIPANT_CONTENT,NO_DIRECT_QUOTATION,
SITE2/P16,QUESTIONNAIRE_FREE_TEXT,SITE2/P16/questionnaire/POST_CONDITION_COMMENT,SPATIAL_ORIENTATION_DISRUPTED,T2_SPATIAL_REPRESENTATION,T2_SPATIAL_REPRESENTATION,Tsunami,POST_METHOD_BLOCK,NOT_EXPLICITLY_CLASSIFIED,RQ2,spatial-awareness composite; continuity,DIRECTLY_EXPRESSED_PARTICIPANT_CONTENT,NO_DIRECT_QUOTATION,
SITE1/P02,INTERVIEW,SITE1/P02/interview/Q1,TRAVERSAL_EFFICIENCY,T1_SCALE_CONTEXT,T1_SCALE_CONTEXT,MULTI_OR_UNSPECIFIED,"POST_SESSION_INTERVIEW; task may be Precision, Navigation, tutorial, or general unless explicitly stated",NOT_EXPLICITLY_CLASSIFIED,RQ1,route time; teleport count; path efficiency,DIRECTLY_EXPRESSED_PARTICIPANT_CONTENT,NO_DIRECT_QUOTATION,
SITE1/P02,INTERVIEW,SITE1/P02/interview/Q1,ROUTE_LEARNING_AND_MEMORY,T2_SPATIAL_REPRESENTATION,T2_SPATIAL_REPRESENTATION,MULTI_OR_UNSPECIFIED,"POST_SESSION_INTERVIEW; task may be Precision, Navigation, tutorial, or general unless explicitly stated",NOT_EXPLICITLY_CLASSIFIED,RQ2,not directly measured,DIRECTLY_EXPRESSED_PARTICIPANT_CONTENT,NO_DIRECT_QUOTATION,
SITE1/P02,INTERVIEW,SITE1/P02/interview/Q1,TASK_CONTEXT_FIT,T1_SCALE_CONTEXT,T1_SCALE_CONTEXT,MULTI_OR_UNSPECIFIED,"POST_SESSION_INTERVIEW; task may be Precision, Navigation, tutorial, or general unless explicitly stated",NOT_EXPLICITLY_CLASSIFIED,RQ1/RQ3,route interaction; preference,DIRECTLY_EXPRESSED_PARTICIPANT_CONTENT,NO_DIRECT_QUOTATION,
SITE1/P02,INTERVIEW,SITE1/P02/interview/Q2,WALKING_LIKE_INCREMENTAL_MOVEMENT,T2_SPATIAL_REPRESENTATION,T2_SPATIAL_REPRESENTATION,Baseline,"POST_SESSION_INTERVIEW; task may be Precision, Navigation, tutorial, or general unless explicitly stated",NOT_EXPLICITLY_CLASSIFIED,RQ2,route time; spatial awareness,DIRECTLY_EXPRESSED_PARTICIPANT_CONTENT,NO_DIRECT_QUOTATION,
SITE1/P02,INTERVIEW,SITE1/P02/interview/Q2,SPATIAL_ORIENTATION_SUPPORTED,T2_SPATIAL_REPRESENTATION,T2_SPATIAL_REPRESENTATION,Baseline,"POST_SESSION_INTERVIEW; task may be Precision, Navigation, tutorial, or general unless explicitly stated",NOT_EXPLICITLY_CLASSIFIED,RQ2,spatial-awareness composite; continuity,DIRECTLY_EXPRESSED_PARTICIPANT_CONTENT,NO_DIRECT_QUOTATION,
SITE1/P02,INTERVIEW,SITE1/P02/interview/Q2,SPATIAL_ORIENTATION_DISRUPTED,T2_SPATIAL_REPRESENTATION,T2_SPATIAL_REPRESENTATION,MULTIPLE,"POST_SESSION_INTERVIEW; task may be Precision, Navigation, tutorial, or general unless explicitly stated",NOT_EXPLICITLY_CLASSIFIED,RQ2,spatial-awareness composite; continuity,DIRECTLY_EXPRESSED_PARTICIPANT_CONTENT,NO_DIRECT_QUOTATION,
SITE1/P02,INTERVIEW,SITE1/P02/interview/Q3,MAP_FRAME_ALIGNMENT,T2_SPATIAL_REPRESENTATION;T3_CONTROL_PRECISION_UI,T2_SPATIAL_REPRESENTATION;T3_CONTROL_PRECISION_UI,MULTI_OR_UNSPECIFIED,"POST_SESSION_INTERVIEW; task may be Precision, Navigation, tutorial, or general unless explicitly stated",INCREASED,RQ2/RQ3,yaw/pitch; head rotation; workload,DIRECTLY_EXPRESSED_PARTICIPANT_CONTENT,NO_DIRECT_QUOTATION,
SITE1/P02,INTERVIEW,SITE1/P02/interview/Q3,COGNITIVE_AND_INTERACTION_WORKLOAD,T4_ADOPTION_EXPERIENCE,T4_ADOPTION_EXPERIENCE,MULTI_OR_UNSPECIFIED,"POST_SESSION_INTERVIEW; task may be Precision, Navigation, tutorial, or general unless explicitly stated",INCREASED,RQ3,RAW-TLX,DIRECTLY_EXPRESSED_PARTICIPANT_CONTENT,NO_DIRECT_QUOTATION,
SITE1/P02,INTERVIEW,SITE1/P02/interview/Q3,LEARNING_AND_ACCLIMATIZATION,T4_ADOPTION_EXPERIENCE,T4_ADOPTION_EXPERIENCE,MULTI_OR_UNSPECIFIED,"POST_SESSION_INTERVIEW; task may be Precision, Navigation, tutorial, or general unless explicitly stated",INCREASED,RQ3,within-method latency and head-rotation trends,DIRECTLY_EXPRESSED_PARTICIPANT_CONTENT,NO_DIRECT_QUOTATION,
SITE1/P02,INTERVIEW,SITE1/P02/interview/Q3,LANDING_PRECISION,T3_CONTROL_PRECISION_UI,T3_CONTROL_PRECISION_UI,MULTI_OR_UNSPECIFIED,"POST_SESSION_INTERVIEW; task may be Precision, Navigation, tutorial, or general unless explicitly stated",POSITIVE;REDUCED,RQ1/RQ3,direct-hit and sequential landing error,DIRECTLY_EXPRESSED_PARTICIPANT_CONTENT,NO_DIRECT_QUOTATION,
SITE1/P02,INTERVIEW,SITE1/P02/interview/Q3,ENVIRONMENTAL_ATTENTION_REDUCED,T2_SPATIAL_REPRESENTATION,T2_SPATIAL_REPRESENTATION,MULTI_OR_UNSPECIFIED,"POST_SESSION_INTERVIEW; task may be Precision, Navigation, tutorial, or general unless explicitly stated",POSITIVE;REDUCED,RQ2,head rotation; latency; spatial awareness,DIRECTLY_EXPRESSED_PARTICIPANT_CONTENT,NO_DIRECT_QUOTATION,
SITE1/P02,INTERVIEW,SITE1/P02/interview/Q3,IMMERSION_AND_PRESENCE,T4_ADOPTION_EXPERIENCE,T4_ADOPTION_EXPERIENCE,MULTI_OR_UNSPECIFIED,"POST_SESSION_INTERVIEW; task may be Precision, Navigation, tutorial, or general unless explicitly stated",POSITIVE;REDUCED,RQ2/RQ3,environmental continuity,DIRECTLY_EXPRESSED_PARTICIPANT_CONTENT,NO_DIRECT_QUOTATION,
SITE1/P02,INTERVIEW,SITE1/P02/interview/Q4,DISTANCE_DEPENDENT_SUITABILITY,T1_SCALE_CONTEXT,T1_SCALE_CONTEXT,Baseline,APPLICATION_CONTEXT_OR_GENERAL,SUITABLE,RQ1,precision by distance; route interaction,DIRECTLY_EXPRESSED_PARTICIPANT_CONTENT,NO_DIRECT_QUOTATION,
SITE1/P02,INTERVIEW,SITE1/P02/interview/Q4,ROUTE_LEARNING_AND_MEMORY,T2_SPATIAL_REPRESENTATION,T2_SPATIAL_REPRESENTATION,Baseline,APPLICATION_CONTEXT_OR_GENERAL,SUITABLE,RQ2,not directly measured,DIRECTLY_EXPRESSED_PARTICIPANT_CONTENT,NO_DIRECT_QUOTATION,
SITE1/P02,INTERVIEW,SITE1/P02/interview/Q4,TASK_CONTEXT_FIT,T1_SCALE_CONTEXT,T1_SCALE_CONTEXT,Baseline,APPLICATION_CONTEXT_OR_GENERAL,SUITABLE,RQ1/RQ3,route interaction; preference,DIRECTLY_EXPRESSED_PARTICIPANT_CONTENT,NO_DIRECT_QUOTATION,
SITE1/P02,INTERVIEW,SITE1/P02/interview/Q4,DISTANCE_DEPENDENT_SUITABILITY,T1_SCALE_CONTEXT,T1_SCALE_CONTEXT,Minimap,APPLICATION_CONTEXT_OR_GENERAL,POSITIVE;SUITABLE,RQ1,precision by distance; route interaction,DIRECTLY_EXPRESSED_PARTICIPANT_CONTENT,NO_DIRECT_QUOTATION,
SITE1/P02,INTERVIEW,SITE1/P02/interview/Q4,TRAVERSAL_EFFICIENCY,T1_SCALE_CONTEXT,T1_SCALE_CONTEXT,Minimap,APPLICATION_CONTEXT_OR_GENERAL,POSITIVE;SUITABLE,RQ1,route time; teleport count; path efficiency,DIRECTLY_EXPRESSED_PARTICIPANT_CONTENT,NO_DIRECT_QUOTATION,
SITE1/P02,INTERVIEW,SITE1/P02/interview/Q4,LANDING_PRECISION,T3_CONTROL_PRECISION_UI,T3_CONTROL_PRECISION_UI,Minimap,APPLICATION_CONTEXT_OR_GENERAL,POSITIVE;SUITABLE,RQ1/RQ3,direct-hit and sequential landing error,DIRECTLY_EXPRESSED_PARTICIPANT_CONTENT,NO_DIRECT_QUOTATION,
SITE1/P02,INTERVIEW,SITE1/P02/interview/Q4,TASK_CONTEXT_FIT,T1_SCALE_CONTEXT,T1_SCALE_CONTEXT,Minimap,APPLICATION_CONTEXT_OR_GENERAL,POSITIVE;SUITABLE,RQ1/RQ3,route interaction; preference,DIRECTLY_EXPRESSED_PARTICIPANT_CONTENT,NO_DIRECT_QUOTATION,
SITE1/P02,INTERVIEW,SITE1/P02/interview/Q4,DISTANCE_DEPENDENT_SUITABILITY,T1_SCALE_CONTEXT,T1_SCALE_CONTEXT,Tsunami,APPLICATION_CONTEXT_OR_GENERAL,SUITABLE;ENHANCED,RQ1,precision by distance; route interaction,DIRECTLY_EXPRESSED_PARTICIPANT_CONTENT,NO_DIRECT_QUOTATION,
SITE1/P02,INTERVIEW,SITE1/P02/interview/Q4,IMMERSION_AND_PRESENCE,T4_ADOPTION_EXPERIENCE,T4_ADOPTION_EXPERIENCE,Tsunami,APPLICATION_CONTEXT_OR_GENERAL,SUITABLE;ENHANCED,RQ2/RQ3,environmental continuity,DIRECTLY_EXPRESSED_PARTICIPANT_CONTENT,NO_DIRECT_QUOTATION,
SITE1/P02,INTERVIEW,SITE1/P02/interview/Q4,TASK_CONTEXT_FIT,T1_SCALE_CONTEXT,T1_SCALE_CONTEXT,Tsunami,APPLICATION_CONTEXT_OR_GENERAL,SUITABLE;ENHANCED,RQ1/RQ3,route interaction; preference,DIRECTLY_EXPRESSED_PARTICIPANT_CONTENT,NO_DIRECT_QUOTATION,
SITE1/P02,INTERVIEW,SITE1/P02/interview/Q5,VISUAL_UI_PRESENTATION,T3_CONTROL_PRECISION_UI,T3_CONTROL_PRECISION_UI,MULTI_OR_UNSPECIFIED,"POST_SESSION_INTERVIEW; task may be Precision, Navigation, tutorial, or general unless explicitly stated",NOT_EXPLICITLY_CLASSIFIED,RQ3,workload; usability,DIRECTLY_EXPRESSED_PARTICIPANT_CONTENT,NO_DIRECT_QUOTATION,
SITE1/P02,INTERVIEW,SITE1/P02/interview/Q5,LEARNING_AND_ACCLIMATIZATION,T4_ADOPTION_EXPERIENCE,T4_ADOPTION_EXPERIENCE,MULTI_OR_UNSPECIFIED,"POST_SESSION_INTERVIEW; task may be Precision, Navigation, tutorial, or general unless explicitly stated",NOT_EXPLICITLY_CLASSIFIED,RQ3,within-method latency and head-rotation trends,DIRECTLY_EXPRESSED_PARTICIPANT_CONTENT,NO_DIRECT_QUOTATION,
SITE1/P02,INTERVIEW,SITE1/P02/interview/Q5,ENVIRONMENTAL_ATTENTION_REDUCED,T2_SPATIAL_REPRESENTATION,T2_SPATIAL_REPRESENTATION,Minimap,"POST_SESSION_INTERVIEW; task may be Precision, Navigation, tutorial, or general unless explicitly stated",NOT_EXPLICITLY_CLASSIFIED,RQ2,head rotation; latency; spatial awareness,DIRECTLY_EXPRESSED_PARTICIPANT_CONTENT,NO_DIRECT_QUOTATION,
SITE1/P02,QUESTIONNAIRE_FREE_TEXT,SITE1/P02/questionnaire/POST_CONDITION_COMMENT,TELEPORT_PATH_VISIBILITY,T3_CONTROL_PRECISION_UI,T3_CONTROL_PRECISION_UI,Baseline,POST_METHOD_BLOCK,NOT_EXPLICITLY_CLASSIFIED,RQ1/RQ2,landing precision,DIRECTLY_EXPRESSED_PARTICIPANT_CONTENT,NO_DIRECT_QUOTATION,
SITE1/P02,QUESTIONNAIRE_FREE_TEXT,SITE1/P02/questionnaire/POST_CONDITION_COMMENT,LANDING_PRECISION,T3_CONTROL_PRECISION_UI,T3_CONTROL_PRECISION_UI,Baseline,POST_METHOD_BLOCK,NOT_EXPLICITLY_CLASSIFIED,RQ1/RQ3,direct-hit and sequential landing error,DIRECTLY_EXPRESSED_PARTICIPANT_CONTENT,NO_DIRECT_QUOTATION,
SITE1/P02,QUESTIONNAIRE_FREE_TEXT,SITE1/P02/questionnaire/POST_CONDITION_COMMENT,LEARNING_AND_ACCLIMATIZATION,T4_ADOPTION_EXPERIENCE,T4_ADOPTION_EXPERIENCE,Baseline,POST_METHOD_BLOCK,NOT_EXPLICITLY_CLASSIFIED,RQ3,within-method latency and head-rotation trends,DIRECTLY_EXPRESSED_PARTICIPANT_CONTENT,NO_DIRECT_QUOTATION,
SITE1/P02,QUESTIONNAIRE_FREE_TEXT,SITE1/P02/questionnaire/POST_CONDITION_COMMENT,SPATIAL_ORIENTATION_DISRUPTED,T2_SPATIAL_REPRESENTATION,T2_SPATIAL_REPRESENTATION,Minimap,POST_METHOD_BLOCK,NOT_EXPLICITLY_CLASSIFIED,RQ2,spatial-awareness composite; continuity,DIRECTLY_EXPRESSED_PARTICIPANT_CONTENT,NO_DIRECT_QUOTATION,
SITE1/P02,QUESTIONNAIRE_FREE_TEXT,SITE1/P02/questionnaire/POST_CONDITION_COMMENT,REORIENTATION_AND_TURNING_COST,T2_SPATIAL_REPRESENTATION,T2_SPATIAL_REPRESENTATION,Minimap,POST_METHOD_BLOCK,NOT_EXPLICITLY_CLASSIFIED,RQ2,latency; head rotation; yaw/pitch,DIRECTLY_EXPRESSED_PARTICIPANT_CONTENT,NO_DIRECT_QUOTATION,
SITE1/P02,QUESTIONNAIRE_FREE_TEXT,SITE1/P02/questionnaire/POST_CONDITION_COMMENT,SPATIAL_ORIENTATION_DISRUPTED,T2_SPATIAL_REPRESENTATION,T2_SPATIAL_REPRESENTATION,Tsunami,POST_METHOD_BLOCK,NOT_EXPLICITLY_CLASSIFIED,RQ2,spatial-awareness composite; continuity,DIRECTLY_EXPRESSED_PARTICIPANT_CONTENT,NO_DIRECT_QUOTATION,
SITE1/P04,INTERVIEW,SITE1/P04/interview/Q1,WALKING_LIKE_INCREMENTAL_MOVEMENT,T2_SPATIAL_REPRESENTATION,T2_SPATIAL_REPRESENTATION,MULTI_OR_UNSPECIFIED,"POST_SESSION_INTERVIEW; task may be Precision, Navigation, tutorial, or general unless explicitly stated",NOT_EXPLICITLY_CLASSIFIED,RQ2,route time; spatial awareness,DIRECTLY_EXPRESSED_PARTICIPANT_CONTENT,NO_DIRECT_QUOTATION,
SITE1/P04,INTERVIEW,SITE1/P04/interview/Q1,COGNITIVE_AND_INTERACTION_WORKLOAD,T4_ADOPTION_EXPERIENCE,T4_ADOPTION_EXPERIENCE,MULTI_OR_UNSPECIFIED,"POST_SESSION_INTERVIEW; task may be Precision, Navigation, tutorial, or general unless explicitly stated",NOT_EXPLICITLY_CLASSIFIED,RQ3,RAW-TLX,DIRECTLY_EXPRESSED_PARTICIPANT_CONTENT,NO_DIRECT_QUOTATION,
SITE1/P04,INTERVIEW,SITE1/P04/interview/Q1,ENVIRONMENT_GEOMETRY_CONSTRAINT,T1_SCALE_CONTEXT,T1_SCALE_CONTEXT,MULTI_OR_UNSPECIFIED,"POST_SESSION_INTERVIEW; task may be Precision, Navigation, tutorial, or general unless explicitly stated",NOT_EXPLICITLY_CLASSIFIED,RQ1,method-by-route interaction,DIRECTLY_EXPRESSED_PARTICIPANT_CONTENT,NO_DIRECT_QUOTATION,
SITE1/P04,INTERVIEW,SITE1/P04/interview/Q2,SPATIAL_ORIENTATION_SUPPORTED,T2_SPATIAL_REPRESENTATION,T2_SPATIAL_REPRESENTATION,MULTI_OR_UNSPECIFIED,"POST_SESSION_INTERVIEW; task may be Precision, Navigation, tutorial, or general unless explicitly stated",NOT_EXPLICITLY_CLASSIFIED,RQ2,spatial-awareness composite; continuity,DIRECTLY_EXPRESSED_PARTICIPANT_CONTENT,NO_DIRECT_QUOTATION,
SITE1/P04,INTERVIEW,SITE1/P04/interview/Q2,DISTANCE_DEPENDENT_SUITABILITY,T1_SCALE_CONTEXT,T1_SCALE_CONTEXT,MULTI_OR_UNSPECIFIED,"POST_SESSION_INTERVIEW; task may be Precision, Navigation, tutorial, or general unless explicitly stated",NOT_EXPLICITLY_CLASSIFIED,RQ1,precision by distance; route interaction,DIRECTLY_EXPRESSED_PARTICIPANT_CONTENT,NO_DIRECT_QUOTATION,
SITE1/P04,INTERVIEW,SITE1/P04/interview/Q3,MAP_FRAME_ALIGNMENT,T2_SPATIAL_REPRESENTATION;T3_CONTROL_PRECISION_UI,T2_SPATIAL_REPRESENTATION;T3_CONTROL_PRECISION_UI,MULTI_OR_UNSPECIFIED,"POST_SESSION_INTERVIEW; task may be Precision, Navigation, tutorial, or general unless explicitly stated",NOT_EXPLICITLY_CLASSIFIED,RQ2/RQ3,yaw/pitch; head rotation; workload,DIRECTLY_EXPRESSED_PARTICIPANT_CONTENT,NO_DIRECT_QUOTATION,
SITE1/P04,INTERVIEW,SITE1/P04/interview/Q4,TASK_CONTEXT_FIT,T1_SCALE_CONTEXT,T1_SCALE_CONTEXT,Baseline,APPLICATION_CONTEXT_OR_GENERAL,SUITABLE,RQ1/RQ3,route interaction; preference,DIRECTLY_EXPRESSED_PARTICIPANT_CONTENT,NO_DIRECT_QUOTATION,
SITE1/P04,INTERVIEW,SITE1/P04/interview/Q4,TASK_CONTEXT_FIT,T1_SCALE_CONTEXT,T1_SCALE_CONTEXT,Tsunami,APPLICATION_CONTEXT_OR_GENERAL,SUITABLE,RQ1/RQ3,route interaction; preference,DIRECTLY_EXPRESSED_PARTICIPANT_CONTENT,NO_DIRECT_QUOTATION,
SITE1/P04,INTERVIEW,SITE1/P04/interview/Q4,SPATIAL_ORIENTATION_SUPPORTED,T2_SPATIAL_REPRESENTATION,T2_SPATIAL_REPRESENTATION,Tsunami,APPLICATION_CONTEXT_OR_GENERAL,SUITABLE,RQ2,spatial-awareness composite; continuity,DIRECTLY_EXPRESSED_PARTICIPANT_CONTENT,NO_DIRECT_QUOTATION,
SITE1/P04,INTERVIEW,SITE1/P04/interview/Q4,TASK_CONTEXT_FIT,T1_SCALE_CONTEXT,T1_SCALE_CONTEXT,Minimap,APPLICATION_CONTEXT_OR_GENERAL,UNSUITABLE,RQ1/RQ3,route interaction; preference,DIRECTLY_EXPRESSED_PARTICIPANT_CONTENT,NO_DIRECT_QUOTATION,
SITE1/P04,INTERVIEW,SITE1/P04/interview/Q4,ENVIRONMENTAL_ATTENTION_REDUCED,T2_SPATIAL_REPRESENTATION,T2_SPATIAL_REPRESENTATION,Minimap,APPLICATION_CONTEXT_OR_GENERAL,UNSUITABLE,RQ2,head rotation; latency; spatial awareness,DIRECTLY_EXPRESSED_PARTICIPANT_CONTENT,NO_DIRECT_QUOTATION,
SITE1/P04,INTERVIEW,SITE1/P04/interview/Q5,LEARNING_AND_ACCLIMATIZATION,T4_ADOPTION_EXPERIENCE,T4_ADOPTION_EXPERIENCE,MULTI_OR_UNSPECIFIED,"POST_SESSION_INTERVIEW; task may be Precision, Navigation, tutorial, or general unless explicitly stated",NOT_EXPLICITLY_CLASSIFIED,RQ3,within-method latency and head-rotation trends,DIRECTLY_EXPRESSED_PARTICIPANT_CONTENT,NO_DIRECT_QUOTATION,
SITE1/P04,INTERVIEW,SITE1/P04/interview/Q5,LANDING_PRECISION,T3_CONTROL_PRECISION_UI,T3_CONTROL_PRECISION_UI,MULTI_OR_UNSPECIFIED,"POST_SESSION_INTERVIEW; task may be Precision, Navigation, tutorial, or general unless explicitly stated",NOT_EXPLICITLY_CLASSIFIED,RQ1/RQ3,direct-hit and sequential landing error,DIRECTLY_EXPRESSED_PARTICIPANT_CONTENT,NO_DIRECT_QUOTATION,
SITE1/P04,QUESTIONNAIRE_FREE_TEXT,SITE1/P04/questionnaire/POST_CONDITION_COMMENT,ENVIRONMENT_GEOMETRY_CONSTRAINT,T1_SCALE_CONTEXT,T1_SCALE_CONTEXT,Baseline,POST_METHOD_BLOCK,NOT_EXPLICITLY_CLASSIFIED,RQ1,method-by-route interaction,DIRECTLY_EXPRESSED_PARTICIPANT_CONTENT,NO_DIRECT_QUOTATION,
SITE1/P04,QUESTIONNAIRE_FREE_TEXT,SITE1/P04/questionnaire/POST_CONDITION_COMMENT,COGNITIVE_AND_INTERACTION_WORKLOAD,T4_ADOPTION_EXPERIENCE,T4_ADOPTION_EXPERIENCE,Baseline,POST_METHOD_BLOCK,NOT_EXPLICITLY_CLASSIFIED,RQ3,RAW-TLX,DIRECTLY_EXPRESSED_PARTICIPANT_CONTENT,NO_DIRECT_QUOTATION,
SITE1/P04,QUESTIONNAIRE_FREE_TEXT,SITE1/P04/questionnaire/POST_CONDITION_COMMENT,WALKING_LIKE_INCREMENTAL_MOVEMENT,T2_SPATIAL_REPRESENTATION,T2_SPATIAL_REPRESENTATION,Baseline,POST_METHOD_BLOCK,NOT_EXPLICITLY_CLASSIFIED,RQ2,route time; spatial awareness,DIRECTLY_EXPRESSED_PARTICIPANT_CONTENT,NO_DIRECT_QUOTATION,
SITE1/P04,QUESTIONNAIRE_FREE_TEXT,SITE1/P04/questionnaire/POST_CONDITION_COMMENT,MAP_FRAME_ALIGNMENT,T2_SPATIAL_REPRESENTATION;T3_CONTROL_PRECISION_UI,T2_SPATIAL_REPRESENTATION;T3_CONTROL_PRECISION_UI,Minimap,POST_METHOD_BLOCK,NOT_EXPLICITLY_CLASSIFIED,RQ2/RQ3,yaw/pitch; head rotation; workload,DIRECTLY_EXPRESSED_PARTICIPANT_CONTENT,NO_DIRECT_QUOTATION,
SITE1/P04,QUESTIONNAIRE_FREE_TEXT,SITE1/P04/questionnaire/POST_CONDITION_COMMENT,ENVIRONMENTAL_ATTENTION_REDUCED,T2_SPATIAL_REPRESENTATION,T2_SPATIAL_REPRESENTATION,Minimap,POST_METHOD_BLOCK,NOT_EXPLICITLY_CLASSIFIED,RQ2,head rotation; latency; spatial awareness,DIRECTLY_EXPRESSED_PARTICIPANT_CONTENT,NO_DIRECT_QUOTATION,
SITE1/P04,QUESTIONNAIRE_FREE_TEXT,SITE1/P04/questionnaire/POST_CONDITION_COMMENT,ENVIRONMENT_GEOMETRY_CONSTRAINT,T1_SCALE_CONTEXT,T1_SCALE_CONTEXT,Tsunami,POST_METHOD_BLOCK,NOT_EXPLICITLY_CLASSIFIED,RQ1,method-by-route interaction,DIRECTLY_EXPRESSED_PARTICIPANT_CONTENT,NO_DIRECT_QUOTATION,
SITE1/P04,QUESTIONNAIRE_FREE_TEXT,SITE1/P04/questionnaire/POST_CONDITION_COMMENT,LANDING_PRECISION,T3_CONTROL_PRECISION_UI,T3_CONTROL_PRECISION_UI,Tsunami,POST_METHOD_BLOCK,NOT_EXPLICITLY_CLASSIFIED,RQ1/RQ3,direct-hit and sequential landing error,DIRECTLY_EXPRESSED_PARTICIPANT_CONTENT,NO_DIRECT_QUOTATION,
SITE1/P04,QUESTIONNAIRE_FREE_TEXT,SITE1/P04/questionnaire/POST_CONDITION_COMMENT,REORIENTATION_AND_TURNING_COST,T2_SPATIAL_REPRESENTATION,T2_SPATIAL_REPRESENTATION,Tsunami,POST_METHOD_BLOCK,NOT_EXPLICITLY_CLASSIFIED,RQ2,latency; head rotation; yaw/pitch,DIRECTLY_EXPRESSED_PARTICIPANT_CONTENT,NO_DIRECT_QUOTATION,
SITE1/P04,QUESTIONNAIRE_FREE_TEXT,SITE1/P04/questionnaire/POST_CONDITION_COMMENT,LEARNING_AND_ACCLIMATIZATION,T4_ADOPTION_EXPERIENCE,T4_ADOPTION_EXPERIENCE,Tsunami,POST_METHOD_BLOCK,NOT_EXPLICITLY_CLASSIFIED,RQ3,within-method latency and head-rotation trends,DIRECTLY_EXPRESSED_PARTICIPANT_CONTENT,NO_DIRECT_QUOTATION,
SITE1/P09,INTERVIEW,SITE1/P09/interview/Q1,TELEPORT_PATH_VISIBILITY,T3_CONTROL_PRECISION_UI,T3_CONTROL_PRECISION_UI,MULTI_OR_UNSPECIFIED,"POST_SESSION_INTERVIEW; task may be Precision, Navigation, tutorial, or general unless explicitly stated",NOT_EXPLICITLY_CLASSIFIED,RQ1/RQ2,landing precision,DIRECTLY_EXPRESSED_PARTICIPANT_CONTENT,NO_DIRECT_QUOTATION,
SITE1/P09,INTERVIEW,SITE1/P09/interview/Q1,LANDING_PRECISION,T3_CONTROL_PRECISION_UI,T3_CONTROL_PRECISION_UI,MULTI_OR_UNSPECIFIED,"POST_SESSION_INTERVIEW; task may be Precision, Navigation, tutorial, or general unless explicitly stated",NOT_EXPLICITLY_CLASSIFIED,RQ1/RQ3,direct-hit and sequential landing error,DIRECTLY_EXPRESSED_PARTICIPANT_CONTENT,NO_DIRECT_QUOTATION,
SITE1/P09,INTERVIEW,SITE1/P09/interview/Q1,LEARNING_AND_ACCLIMATIZATION,T4_ADOPTION_EXPERIENCE,T4_ADOPTION_EXPERIENCE,MULTI_OR_UNSPECIFIED,"POST_SESSION_INTERVIEW; task may be Precision, Navigation, tutorial, or general unless explicitly stated",NOT_EXPLICITLY_CLASSIFIED,RQ3,within-method latency and head-rotation trends,DIRECTLY_EXPRESSED_PARTICIPANT_CONTENT,NO_DIRECT_QUOTATION,
SITE1/P09,INTERVIEW,SITE1/P09/interview/Q2,DESTINATION_AREA_PREVIEW,T2_SPATIAL_REPRESENTATION,T2_SPATIAL_REPRESENTATION,MULTI_OR_UNSPECIFIED,"POST_SESSION_INTERVIEW; task may be Precision, Navigation, tutorial, or general unless explicitly stated",NOT_EXPLICITLY_CLASSIFIED,RQ2,spatial awareness; continuity,DIRECTLY_EXPRESSED_PARTICIPANT_CONTENT,NO_DIRECT_QUOTATION,
SITE1/P09,INTERVIEW,SITE1/P09/interview/Q2,SPATIAL_ORIENTATION_SUPPORTED,T2_SPATIAL_REPRESENTATION,T2_SPATIAL_REPRESENTATION,MULTI_OR_UNSPECIFIED,"POST_SESSION_INTERVIEW; task may be Precision, Navigation, tutorial, or general unless explicitly stated",NOT_EXPLICITLY_CLASSIFIED,RQ2,spatial-awareness composite; continuity,DIRECTLY_EXPRESSED_PARTICIPANT_CONTENT,NO_DIRECT_QUOTATION,
SITE1/P09,INTERVIEW,SITE1/P09/interview/Q2,MAP_FRAME_ALIGNMENT,T2_SPATIAL_REPRESENTATION;T3_CONTROL_PRECISION_UI,T2_SPATIAL_REPRESENTATION;T3_CONTROL_PRECISION_UI,MULTI_OR_UNSPECIFIED,"POST_SESSION_INTERVIEW; task may be Precision, Navigation, tutorial, or general unless explicitly stated",NOT_EXPLICITLY_CLASSIFIED,RQ2/RQ3,yaw/pitch; head rotation; workload,DIRECTLY_EXPRESSED_PARTICIPANT_CONTENT,NO_DIRECT_QUOTATION,
SITE1/P09,INTERVIEW,SITE1/P09/interview/Q3,COGNITIVE_AND_INTERACTION_WORKLOAD,T4_ADOPTION_EXPERIENCE,T4_ADOPTION_EXPERIENCE,MULTI_OR_UNSPECIFIED,"POST_SESSION_INTERVIEW; task may be Precision, Navigation, tutorial, or general unless explicitly stated",NOT_EXPLICITLY_CLASSIFIED,RQ3,RAW-TLX,DIRECTLY_EXPRESSED_PARTICIPANT_CONTENT,NO_DIRECT_QUOTATION,
SITE1/P09,INTERVIEW,SITE1/P09/interview/Q3,MAP_FRAME_ALIGNMENT,T2_SPATIAL_REPRESENTATION;T3_CONTROL_PRECISION_UI,T2_SPATIAL_REPRESENTATION;T3_CONTROL_PRECISION_UI,MULTI_OR_UNSPECIFIED,"POST_SESSION_INTERVIEW; task may be Precision, Navigation, tutorial, or general unless explicitly stated",NOT_EXPLICITLY_CLASSIFIED,RQ2/RQ3,yaw/pitch; head rotation; workload,DIRECTLY_EXPRESSED_PARTICIPANT_CONTENT,NO_DIRECT_QUOTATION,
SITE1/P09,INTERVIEW,SITE1/P09/interview/Q3,SPATIAL_ORIENTATION_DISRUPTED,T2_SPATIAL_REPRESENTATION,T2_SPATIAL_REPRESENTATION,MULTI_OR_UNSPECIFIED,"POST_SESSION_INTERVIEW; task may be Precision, Navigation, tutorial, or general unless explicitly stated",NOT_EXPLICITLY_CLASSIFIED,RQ2,spatial-awareness composite; continuity,DIRECTLY_EXPRESSED_PARTICIPANT_CONTENT,NO_DIRECT_QUOTATION,
SITE1/P09,INTERVIEW,SITE1/P09/interview/Q4,TASK_CONTEXT_FIT,T1_SCALE_CONTEXT,T1_SCALE_CONTEXT,Minimap,APPLICATION_CONTEXT_OR_GENERAL,SUITABLE,RQ1/RQ3,route interaction; preference,DIRECTLY_EXPRESSED_PARTICIPANT_CONTENT,NO_DIRECT_QUOTATION,
SITE1/P09,INTERVIEW,SITE1/P09/interview/Q4,TASK_CONTEXT_FIT,T1_SCALE_CONTEXT,T1_SCALE_CONTEXT,Baseline,APPLICATION_CONTEXT_OR_GENERAL,SUITABLE,RQ1/RQ3,route interaction; preference,DIRECTLY_EXPRESSED_PARTICIPANT_CONTENT,NO_DIRECT_QUOTATION,
SITE1/P09,INTERVIEW,SITE1/P09/interview/Q4,PRIOR_FAMILIARITY,T4_ADOPTION_EXPERIENCE,T4_ADOPTION_EXPERIENCE,Baseline,APPLICATION_CONTEXT_OR_GENERAL,SUITABLE,RQ3,usability; preference,DIRECTLY_EXPRESSED_PARTICIPANT_CONTENT,NO_DIRECT_QUOTATION,
SITE1/P09,INTERVIEW,SITE1/P09/interview/Q4,TASK_CONTEXT_FIT,T1_SCALE_CONTEXT,T1_SCALE_CONTEXT,Tsunami,APPLICATION_CONTEXT_OR_GENERAL,CONDITIONAL,RQ1/RQ3,route interaction; preference,DIRECTLY_EXPRESSED_PARTICIPANT_CONTENT,NO_DIRECT_QUOTATION,
SITE1/P09,INTERVIEW,SITE1/P09/interview/Q4,LEARNING_AND_ACCLIMATIZATION,T4_ADOPTION_EXPERIENCE,T4_ADOPTION_EXPERIENCE,Tsunami,APPLICATION_CONTEXT_OR_GENERAL,CONDITIONAL,RQ3,within-method latency and head-rotation trends,DIRECTLY_EXPRESSED_PARTICIPANT_CONTENT,NO_DIRECT_QUOTATION,
SITE1/P09,INTERVIEW,SITE1/P09/interview/Q4,TRAVERSAL_EFFICIENCY,T1_SCALE_CONTEXT,T1_SCALE_CONTEXT,Tsunami,APPLICATION_CONTEXT_OR_GENERAL,CONDITIONAL,RQ1,route time; teleport count; path efficiency,DIRECTLY_EXPRESSED_PARTICIPANT_CONTENT,NO_DIRECT_QUOTATION,
SITE1/P09,INTERVIEW,SITE1/P09/interview/Q5,CONTROL_SENSITIVITY_AND_RELEASE,T3_CONTROL_PRECISION_UI,T3_CONTROL_PRECISION_UI,MULTI_OR_UNSPECIFIED,"POST_SESSION_INTERVIEW; task may be Precision, Navigation, tutorial, or general unless explicitly stated",ANTICIPATED_NOT_EXPERIENCED,RQ1/RQ3,landing error; corrective teleports,DIRECTLY_EXPRESSED_PARTICIPANT_CONTENT,NO_DIRECT_QUOTATION,
SITE1/P09,INTERVIEW,SITE1/P09/interview/Q5,CYBERSICKNESS_AND_BODILY_DISCOMFORT,T4_ADOPTION_EXPERIENCE,T4_ADOPTION_EXPERIENCE,MULTI_OR_UNSPECIFIED,"POST_SESSION_INTERVIEW; task may be Precision, Navigation, tutorial, or general unless explicitly stated",ANTICIPATED_NOT_EXPERIENCED,RQ3,CSQ-VR,DIRECTLY_EXPRESSED_PARTICIPANT_CONTENT,NO_DIRECT_QUOTATION,
SITE1/P09,QUESTIONNAIRE_FREE_TEXT,SITE1/P09/questionnaire/POST_CONDITION_COMMENT,DESTINATION_OCCLUSION,T1_SCALE_CONTEXT,T1_SCALE_CONTEXT,Baseline,POST_METHOD_BLOCK,NOT_EXPLICITLY_CLASSIFIED,RQ1/RQ2,landing precision; route interaction,DIRECTLY_EXPRESSED_PARTICIPANT_CONTENT,NO_DIRECT_QUOTATION,
SITE1/P09,QUESTIONNAIRE_FREE_TEXT,SITE1/P09/questionnaire/POST_CONDITION_COMMENT,TELEPORT_PATH_VISIBILITY,T3_CONTROL_PRECISION_UI,T3_CONTROL_PRECISION_UI,Baseline,POST_METHOD_BLOCK,NOT_EXPLICITLY_CLASSIFIED,RQ1/RQ2,landing precision,DIRECTLY_EXPRESSED_PARTICIPANT_CONTENT,NO_DIRECT_QUOTATION,
SITE1/P09,QUESTIONNAIRE_FREE_TEXT,SITE1/P09/questionnaire/POST_CONDITION_COMMENT,LANDING_PRECISION,T3_CONTROL_PRECISION_UI,T3_CONTROL_PRECISION_UI,Baseline,POST_METHOD_BLOCK,NOT_EXPLICITLY_CLASSIFIED,RQ1/RQ3,direct-hit and sequential landing error,DIRECTLY_EXPRESSED_PARTICIPANT_CONTENT,NO_DIRECT_QUOTATION,
SITE1/P09,QUESTIONNAIRE_FREE_TEXT,SITE1/P09/questionnaire/POST_CONDITION_COMMENT,COGNITIVE_AND_INTERACTION_WORKLOAD,T4_ADOPTION_EXPERIENCE,T4_ADOPTION_EXPERIENCE,Minimap,POST_METHOD_BLOCK,NOT_EXPLICITLY_CLASSIFIED,RQ3,RAW-TLX,DIRECTLY_EXPRESSED_PARTICIPANT_CONTENT,NO_DIRECT_QUOTATION,
SITE1/P12,INTERVIEW,SITE1/P12/interview/Q1,WALKING_LIKE_INCREMENTAL_MOVEMENT,T2_SPATIAL_REPRESENTATION,T2_SPATIAL_REPRESENTATION,Baseline,"POST_SESSION_INTERVIEW; task may be Precision, Navigation, tutorial, or general unless explicitly stated",NOT_EXPLICITLY_CLASSIFIED,RQ2,route time; spatial awareness,DIRECTLY_EXPRESSED_PARTICIPANT_CONTENT,NO_DIRECT_QUOTATION,
SITE1/P12,INTERVIEW,SITE1/P12/interview/Q1,DESTINATION_AREA_PREVIEW,T2_SPATIAL_REPRESENTATION,T2_SPATIAL_REPRESENTATION,Tsunami,"POST_SESSION_INTERVIEW; task may be Precision, Navigation, tutorial, or general unless explicitly stated",NOT_EXPLICITLY_CLASSIFIED,RQ2,spatial awareness; continuity,DIRECTLY_EXPRESSED_PARTICIPANT_CONTENT,YES_AS_QUOTATION,Q-T2-02
SITE1/P12,INTERVIEW,SITE1/P12/interview/Q1,SPATIAL_ORIENTATION_SUPPORTED,T2_SPATIAL_REPRESENTATION,T2_SPATIAL_REPRESENTATION,Tsunami,"POST_SESSION_INTERVIEW; task may be Precision, Navigation, tutorial, or general unless explicitly stated",NOT_EXPLICITLY_CLASSIFIED,RQ2,spatial-awareness composite; continuity,DIRECTLY_EXPRESSED_PARTICIPANT_CONTENT,YES_AS_QUOTATION,Q-T2-02
SITE1/P12,INTERVIEW,SITE1/P12/interview/Q2,DESTINATION_AREA_PREVIEW,T2_SPATIAL_REPRESENTATION,T2_SPATIAL_REPRESENTATION,MULTI_OR_UNSPECIFIED,"POST_SESSION_INTERVIEW; task may be Precision, Navigation, tutorial, or general unless explicitly stated",NOT_EXPLICITLY_CLASSIFIED,RQ2,spatial awareness; continuity,DIRECTLY_EXPRESSED_PARTICIPANT_CONTENT,NO_DIRECT_QUOTATION,
SITE1/P12,INTERVIEW,SITE1/P12/interview/Q2,SPATIAL_ORIENTATION_SUPPORTED,T2_SPATIAL_REPRESENTATION,T2_SPATIAL_REPRESENTATION,MULTI_OR_UNSPECIFIED,"POST_SESSION_INTERVIEW; task may be Precision, Navigation, tutorial, or general unless explicitly stated",NOT_EXPLICITLY_CLASSIFIED,RQ2,spatial-awareness composite; continuity,DIRECTLY_EXPRESSED_PARTICIPANT_CONTENT,NO_DIRECT_QUOTATION,
SITE1/P12,INTERVIEW,SITE1/P12/interview/Q3,SPATIAL_ORIENTATION_DISRUPTED,T2_SPATIAL_REPRESENTATION,T2_SPATIAL_REPRESENTATION,Minimap,"POST_SESSION_INTERVIEW; task may be Precision, Navigation, tutorial, or general unless explicitly stated",NOT_EXPLICITLY_CLASSIFIED,RQ2,spatial-awareness composite; continuity,DIRECTLY_EXPRESSED_PARTICIPANT_CONTENT,NO_DIRECT_QUOTATION,
SITE1/P12,INTERVIEW,SITE1/P12/interview/Q3,DESTINATION_OCCLUSION,T1_SCALE_CONTEXT,T1_SCALE_CONTEXT,Baseline,"POST_SESSION_INTERVIEW; task may be Precision, Navigation, tutorial, or general unless explicitly stated",NOT_EXPLICITLY_CLASSIFIED,RQ1/RQ2,landing precision; route interaction,DIRECTLY_EXPRESSED_PARTICIPANT_CONTENT,NO_DIRECT_QUOTATION,
SITE1/P12,INTERVIEW,SITE1/P12/interview/Q4,TASK_CONTEXT_FIT,T1_SCALE_CONTEXT,T1_SCALE_CONTEXT,Minimap,APPLICATION_CONTEXT_OR_GENERAL,SUITABLE,RQ1/RQ3,route interaction; preference,DIRECTLY_EXPRESSED_PARTICIPANT_CONTENT,NO_DIRECT_QUOTATION,
SITE1/P12,INTERVIEW,SITE1/P12/interview/Q4,DESTINATION_AREA_PREVIEW,T2_SPATIAL_REPRESENTATION,T2_SPATIAL_REPRESENTATION,Tsunami,APPLICATION_CONTEXT_OR_GENERAL,MIXED,RQ2,spatial awareness; continuity,DIRECTLY_EXPRESSED_PARTICIPANT_CONTENT,NO_DIRECT_QUOTATION,
SITE1/P12,INTERVIEW,SITE1/P12/interview/Q4,DISTANCE_DEPENDENT_SUITABILITY,T1_SCALE_CONTEXT,T1_SCALE_CONTEXT,Tsunami,APPLICATION_CONTEXT_OR_GENERAL,MIXED,RQ1,precision by distance; route interaction,DIRECTLY_EXPRESSED_PARTICIPANT_CONTENT,NO_DIRECT_QUOTATION,
SITE1/P12,INTERVIEW,SITE1/P12/interview/Q4,DISTANCE_ESTIMATION,T3_CONTROL_PRECISION_UI,T3_CONTROL_PRECISION_UI,Tsunami,APPLICATION_CONTEXT_OR_GENERAL,MIXED,RQ2,distance-awareness composite,DIRECTLY_EXPRESSED_PARTICIPANT_CONTENT,NO_DIRECT_QUOTATION,
SITE1/P12,INTERVIEW,SITE1/P12/interview/Q4,LANDING_PRECISION,T3_CONTROL_PRECISION_UI,T3_CONTROL_PRECISION_UI,Tsunami,APPLICATION_CONTEXT_OR_GENERAL,MIXED,RQ1/RQ3,direct-hit and sequential landing error,DIRECTLY_EXPRESSED_PARTICIPANT_CONTENT,NO_DIRECT_QUOTATION,
SITE1/P12,INTERVIEW,SITE1/P12/interview/Q4,TASK_CONTEXT_FIT,T1_SCALE_CONTEXT,T1_SCALE_CONTEXT,Tsunami,APPLICATION_CONTEXT_OR_GENERAL,SUITABLE,RQ1/RQ3,route interaction; preference,DIRECTLY_EXPRESSED_PARTICIPANT_CONTENT,NO_DIRECT_QUOTATION,
SITE1/P12,INTERVIEW,SITE1/P12/interview/Q4,DESTINATION_AREA_PREVIEW,T2_SPATIAL_REPRESENTATION,T2_SPATIAL_REPRESENTATION,Tsunami,APPLICATION_CONTEXT_OR_GENERAL,SUITABLE,RQ2,spatial awareness; continuity,DIRECTLY_EXPRESSED_PARTICIPANT_CONTENT,NO_DIRECT_QUOTATION,
SITE1/P12,INTERVIEW,SITE1/P12/interview/Q4,SPATIAL_ORIENTATION_SUPPORTED,T2_SPATIAL_REPRESENTATION,T2_SPATIAL_REPRESENTATION,Tsunami,APPLICATION_CONTEXT_OR_GENERAL,SUITABLE,RQ2,spatial-awareness composite; continuity,DIRECTLY_EXPRESSED_PARTICIPANT_CONTENT,NO_DIRECT_QUOTATION,
SITE1/P12,INTERVIEW,SITE1/P12/interview/Q5,DESTINATION_OCCLUSION,T1_SCALE_CONTEXT,T1_SCALE_CONTEXT,Baseline,"POST_SESSION_INTERVIEW; task may be Precision, Navigation, tutorial, or general unless explicitly stated",NOT_EXPLICITLY_CLASSIFIED,RQ1/RQ2,landing precision; route interaction,DIRECTLY_EXPRESSED_PARTICIPANT_CONTENT,NO_DIRECT_QUOTATION,
SITE1/P12,INTERVIEW,SITE1/P12/interview/Q5,DISTANCE_ESTIMATION,T3_CONTROL_PRECISION_UI,T3_CONTROL_PRECISION_UI,Tsunami,"POST_SESSION_INTERVIEW; task may be Precision, Navigation, tutorial, or general unless explicitly stated",NEGATIVE,RQ2,distance-awareness composite,DIRECTLY_EXPRESSED_PARTICIPANT_CONTENT,NO_DIRECT_QUOTATION,
SITE1/P12,INTERVIEW,SITE1/P12/interview/Q5,LANDING_PRECISION,T3_CONTROL_PRECISION_UI,T3_CONTROL_PRECISION_UI,Tsunami,"POST_SESSION_INTERVIEW; task may be Precision, Navigation, tutorial, or general unless explicitly stated",NEGATIVE,RQ1/RQ3,direct-hit and sequential landing error,DIRECTLY_EXPRESSED_PARTICIPANT_CONTENT,NO_DIRECT_QUOTATION,
SITE1/P12,INTERVIEW,SITE1/P12/interview/Q5,CONTROL_SENSITIVITY_AND_RELEASE,T3_CONTROL_PRECISION_UI,T3_CONTROL_PRECISION_UI,Tsunami,"POST_SESSION_INTERVIEW; task may be Precision, Navigation, tutorial, or general unless explicitly stated",NEGATIVE,RQ1/RQ3,landing error; corrective teleports,DIRECTLY_EXPRESSED_PARTICIPANT_CONTENT,NO_DIRECT_QUOTATION,
SITE1/P12,INTERVIEW,SITE1/P12/interview/Q5,SPATIAL_ORIENTATION_DISRUPTED,T2_SPATIAL_REPRESENTATION,T2_SPATIAL_REPRESENTATION,Minimap,"POST_SESSION_INTERVIEW; task may be Precision, Navigation, tutorial, or general unless explicitly stated",NOT_EXPLICITLY_CLASSIFIED,RQ2,spatial-awareness composite; continuity,DIRECTLY_EXPRESSED_PARTICIPANT_CONTENT,NO_DIRECT_QUOTATION,
SITE1/P12,QUESTIONNAIRE_FREE_TEXT,SITE1/P12/questionnaire/POST_CONDITION_COMMENT,DESTINATION_OCCLUSION,T1_SCALE_CONTEXT,T1_SCALE_CONTEXT,Baseline,POST_METHOD_BLOCK,NOT_EXPLICITLY_CLASSIFIED,RQ1/RQ2,landing precision; route interaction,DIRECTLY_EXPRESSED_PARTICIPANT_CONTENT,NO_DIRECT_QUOTATION,
SITE1/P12,QUESTIONNAIRE_FREE_TEXT,SITE1/P12/questionnaire/POST_CONDITION_COMMENT,LANDING_PRECISION,T3_CONTROL_PRECISION_UI,T3_CONTROL_PRECISION_UI,Minimap,POST_METHOD_BLOCK,NOT_EXPLICITLY_CLASSIFIED,RQ1/RQ3,direct-hit and sequential landing error,DIRECTLY_EXPRESSED_PARTICIPANT_CONTENT,NO_DIRECT_QUOTATION,
SITE1/P12,QUESTIONNAIRE_FREE_TEXT,SITE1/P12/questionnaire/POST_CONDITION_COMMENT,REORIENTATION_AND_TURNING_COST,T2_SPATIAL_REPRESENTATION,T2_SPATIAL_REPRESENTATION,Minimap,POST_METHOD_BLOCK,NOT_EXPLICITLY_CLASSIFIED,RQ2,latency; head rotation; yaw/pitch,DIRECTLY_EXPRESSED_PARTICIPANT_CONTENT,NO_DIRECT_QUOTATION,
SITE1/P12,QUESTIONNAIRE_FREE_TEXT,SITE1/P12/questionnaire/POST_CONDITION_COMMENT,HYBRID_CONFIGURATION,T4_ADOPTION_EXPERIENCE,T4_ADOPTION_EXPERIENCE,Minimap,POST_METHOD_BLOCK,NOT_EXPLICITLY_CLASSIFIED,RQ1/RQ3,none directly,DIRECTLY_EXPRESSED_PARTICIPANT_CONTENT,NO_DIRECT_QUOTATION,
SITE1/P12,QUESTIONNAIRE_FREE_TEXT,SITE1/P12/questionnaire/POST_CONDITION_COMMENT,DESTINATION_AREA_PREVIEW,T2_SPATIAL_REPRESENTATION,T2_SPATIAL_REPRESENTATION,Tsunami,POST_METHOD_BLOCK,NOT_EXPLICITLY_CLASSIFIED,RQ2,spatial awareness; continuity,DIRECTLY_EXPRESSED_PARTICIPANT_CONTENT,NO_DIRECT_QUOTATION,
SITE1/P12,QUESTIONNAIRE_FREE_TEXT,SITE1/P12/questionnaire/POST_CONDITION_COMMENT,LANDING_PRECISION,T3_CONTROL_PRECISION_UI,T3_CONTROL_PRECISION_UI,Tsunami,POST_METHOD_BLOCK,NOT_EXPLICITLY_CLASSIFIED,RQ1/RQ3,direct-hit and sequential landing error,DIRECTLY_EXPRESSED_PARTICIPANT_CONTENT,NO_DIRECT_QUOTATION,
SITE1/P12,QUESTIONNAIRE_FREE_TEXT,SITE1/P12/questionnaire/POST_CONDITION_COMMENT,DISTANCE_ESTIMATION,T3_CONTROL_PRECISION_UI,T3_CONTROL_PRECISION_UI,Tsunami,POST_METHOD_BLOCK,NOT_EXPLICITLY_CLASSIFIED,RQ2,distance-awareness composite,DIRECTLY_EXPRESSED_PARTICIPANT_CONTENT,NO_DIRECT_QUOTATION,
SITE1/P18,INTERVIEW,SITE1/P18/interview/Q1,PRIOR_FAMILIARITY,T4_ADOPTION_EXPERIENCE,T4_ADOPTION_EXPERIENCE,MULTI_OR_UNSPECIFIED,"POST_SESSION_INTERVIEW; task may be Precision, Navigation, tutorial, or general unless explicitly stated",NOT_EXPLICITLY_CLASSIFIED,RQ3,usability; preference,DIRECTLY_EXPRESSED_PARTICIPANT_CONTENT,NO_DIRECT_QUOTATION,
SITE1/P18,INTERVIEW,SITE1/P18/interview/Q2,SPATIAL_ORIENTATION_SUPPORTED,T2_SPATIAL_REPRESENTATION,T2_SPATIAL_REPRESENTATION,MULTIPLE,"POST_SESSION_INTERVIEW; task may be Precision, Navigation, tutorial, or general unless explicitly stated",NOT_EXPLICITLY_CLASSIFIED,RQ2,spatial-awareness composite; continuity,DIRECTLY_EXPRESSED_PARTICIPANT_CONTENT,NO_DIRECT_QUOTATION,
SITE1/P18,INTERVIEW,SITE1/P18/interview/Q3,REPEATED_TELEPORT_COST,T1_SCALE_CONTEXT,T1_SCALE_CONTEXT,MULTI_OR_UNSPECIFIED,"POST_SESSION_INTERVIEW; task may be Precision, Navigation, tutorial, or general unless explicitly stated",UNCERTAIN_OR_CONFOUNDED,RQ1,route time; teleport count,DIRECTLY_EXPRESSED_PARTICIPANT_CONTENT,NO_DIRECT_QUOTATION,
SITE1/P18,INTERVIEW,SITE1/P18/interview/Q3,REORIENTATION_AND_TURNING_COST,T2_SPATIAL_REPRESENTATION,T2_SPATIAL_REPRESENTATION,MULTI_OR_UNSPECIFIED,"POST_SESSION_INTERVIEW; task may be Precision, Navigation, tutorial, or general unless explicitly stated",UNCERTAIN_OR_CONFOUNDED,RQ2,latency; head rotation; yaw/pitch,DIRECTLY_EXPRESSED_PARTICIPANT_CONTENT,NO_DIRECT_QUOTATION,
SITE1/P18,INTERVIEW,SITE1/P18/interview/Q3,CYBERSICKNESS_AND_BODILY_DISCOMFORT,T4_ADOPTION_EXPERIENCE,T4_ADOPTION_EXPERIENCE,MULTI_OR_UNSPECIFIED,"POST_SESSION_INTERVIEW; task may be Precision, Navigation, tutorial, or general unless explicitly stated",UNCERTAIN_OR_CONFOUNDED,RQ3,CSQ-VR,DIRECTLY_EXPRESSED_PARTICIPANT_CONTENT,NO_DIRECT_QUOTATION,
SITE1/P18,INTERVIEW,SITE1/P18/interview/Q3,TRAVERSAL_EFFICIENCY,T1_SCALE_CONTEXT,T1_SCALE_CONTEXT,MULTI_OR_UNSPECIFIED,"POST_SESSION_INTERVIEW; task may be Precision, Navigation, tutorial, or general unless explicitly stated",POSITIVE,RQ1,route time; teleport count; path efficiency,DIRECTLY_EXPRESSED_PARTICIPANT_CONTENT,NO_DIRECT_QUOTATION,
SITE1/P18,INTERVIEW,SITE1/P18/interview/Q3,LANDING_PRECISION,T3_CONTROL_PRECISION_UI,T3_CONTROL_PRECISION_UI,MULTI_OR_UNSPECIFIED,"POST_SESSION_INTERVIEW; task may be Precision, Navigation, tutorial, or general unless explicitly stated",POSITIVE,RQ1/RQ3,direct-hit and sequential landing error,DIRECTLY_EXPRESSED_PARTICIPANT_CONTENT,NO_DIRECT_QUOTATION,
SITE1/P18,INTERVIEW,SITE1/P18/interview/Q3,SPATIAL_ORIENTATION_SUPPORTED,T2_SPATIAL_REPRESENTATION,T2_SPATIAL_REPRESENTATION,MULTI_OR_UNSPECIFIED,"POST_SESSION_INTERVIEW; task may be Precision, Navigation, tutorial, or general unless explicitly stated",POSITIVE,RQ2,spatial-awareness composite; continuity,DIRECTLY_EXPRESSED_PARTICIPANT_CONTENT,NO_DIRECT_QUOTATION,
SITE1/P18,INTERVIEW,SITE1/P18/interview/Q4,TASK_CONTEXT_FIT,T1_SCALE_CONTEXT,T1_SCALE_CONTEXT,Tsunami,APPLICATION_CONTEXT_OR_GENERAL,SUITABLE,RQ1/RQ3,route interaction; preference,DIRECTLY_EXPRESSED_PARTICIPANT_CONTENT,NO_DIRECT_QUOTATION,
SITE1/P18,INTERVIEW,SITE1/P18/interview/Q4,TASK_CONTEXT_FIT,T1_SCALE_CONTEXT,T1_SCALE_CONTEXT,Minimap,APPLICATION_CONTEXT_OR_GENERAL,SUITABLE,RQ1/RQ3,route interaction; preference,DIRECTLY_EXPRESSED_PARTICIPANT_CONTENT,NO_DIRECT_QUOTATION,
SITE1/P18,INTERVIEW,SITE1/P18/interview/Q4,HYBRID_CONFIGURATION,T4_ADOPTION_EXPERIENCE,T4_ADOPTION_EXPERIENCE,MULTIPLE,APPLICATION_CONTEXT_OR_GENERAL,NOT_EXPLICITLY_CLASSIFIED,RQ1/RQ3,none directly,DIRECTLY_EXPRESSED_PARTICIPANT_CONTENT,NO_DIRECT_QUOTATION,
SITE1/P18,INTERVIEW,SITE1/P18/interview/Q4,TASK_CONTEXT_FIT,T1_SCALE_CONTEXT,T1_SCALE_CONTEXT,MULTIPLE,APPLICATION_CONTEXT_OR_GENERAL,NOT_EXPLICITLY_CLASSIFIED,RQ1/RQ3,route interaction; preference,DIRECTLY_EXPRESSED_PARTICIPANT_CONTENT,NO_DIRECT_QUOTATION,
SITE1/P18,INTERVIEW,SITE1/P18/interview/Q4,TASK_CONTEXT_FIT,T1_SCALE_CONTEXT,T1_SCALE_CONTEXT,MULTI_OR_UNSPECIFIED,APPLICATION_CONTEXT_OR_GENERAL,SUITABLE,RQ1/RQ3,route interaction; preference,DIRECTLY_EXPRESSED_PARTICIPANT_CONTENT,NO_DIRECT_QUOTATION,
SITE1/P18,INTERVIEW,SITE1/P18/interview/Q5,CYBERSICKNESS_AND_BODILY_DISCOMFORT,T4_ADOPTION_EXPERIENCE,T4_ADOPTION_EXPERIENCE,MULTI_OR_UNSPECIFIED,"POST_SESSION_INTERVIEW; task may be Precision, Navigation, tutorial, or general unless explicitly stated",ANTICIPATED_NOT_EXPERIENCED,RQ3,CSQ-VR,DIRECTLY_EXPRESSED_PARTICIPANT_CONTENT,NO_DIRECT_QUOTATION,
SITE1/P18,QUESTIONNAIRE_FREE_TEXT,SITE1/P18/questionnaire/POST_CONDITION_COMMENT,TASK_CONTEXT_FIT,T1_SCALE_CONTEXT,T1_SCALE_CONTEXT,Tsunami,POST_METHOD_BLOCK,SUITABLE,RQ1/RQ3,route interaction; preference,DIRECTLY_EXPRESSED_PARTICIPANT_CONTENT,NO_DIRECT_QUOTATION,
SITE2/P02,INTERVIEW,SITE2/P02/interview/Q1,LANDING_PRECISION,T3_CONTROL_PRECISION_UI,T3_CONTROL_PRECISION_UI,Baseline,"POST_SESSION_INTERVIEW; task may be Precision, Navigation, tutorial, or general unless explicitly stated",POSITIVE,RQ1/RQ3,direct-hit and sequential landing error,DIRECTLY_EXPRESSED_PARTICIPANT_CONTENT,NO_DIRECT_QUOTATION,
SITE2/P02,INTERVIEW,SITE2/P02/interview/Q2,TELEPORT_PATH_VISIBILITY,T3_CONTROL_PRECISION_UI,T3_CONTROL_PRECISION_UI,Baseline,"POST_SESSION_INTERVIEW; task may be Precision, Navigation, tutorial, or general unless explicitly stated",NOT_EXPLICITLY_CLASSIFIED,RQ1/RQ2,landing precision,DIRECTLY_EXPRESSED_PARTICIPANT_CONTENT,NO_DIRECT_QUOTATION,
SITE2/P02,INTERVIEW,SITE2/P02/interview/Q2,SPATIAL_ORIENTATION_SUPPORTED,T2_SPATIAL_REPRESENTATION,T2_SPATIAL_REPRESENTATION,Baseline,"POST_SESSION_INTERVIEW; task may be Precision, Navigation, tutorial, or general unless explicitly stated",NOT_EXPLICITLY_CLASSIFIED,RQ2,spatial-awareness composite; continuity,DIRECTLY_EXPRESSED_PARTICIPANT_CONTENT,NO_DIRECT_QUOTATION,
SITE2/P02,INTERVIEW,SITE2/P02/interview/Q3,VISUAL_UI_PRESENTATION,T3_CONTROL_PRECISION_UI,T3_CONTROL_PRECISION_UI,Minimap,"POST_SESSION_INTERVIEW; task may be Precision, Navigation, tutorial, or general unless explicitly stated",NEGATIVE,RQ3,workload; usability,DIRECTLY_EXPRESSED_PARTICIPANT_CONTENT,NO_DIRECT_QUOTATION,
SITE2/P02,INTERVIEW,SITE2/P02/interview/Q4,TASK_CONTEXT_FIT,T1_SCALE_CONTEXT,T1_SCALE_CONTEXT,Baseline,APPLICATION_CONTEXT_OR_GENERAL,SUITABLE;POSITIVE,RQ1/RQ3,route interaction; preference,DIRECTLY_EXPRESSED_PARTICIPANT_CONTENT,NO_DIRECT_QUOTATION,
SITE2/P02,INTERVIEW,SITE2/P02/interview/Q4,ENJOYMENT_AND_AESTHETIC_APPEAL,T4_ADOPTION_EXPERIENCE,T4_ADOPTION_EXPERIENCE,Baseline,APPLICATION_CONTEXT_OR_GENERAL,SUITABLE;POSITIVE,RQ3,fun ranking; preference,DIRECTLY_EXPRESSED_PARTICIPANT_CONTENT,NO_DIRECT_QUOTATION,
SITE2/P02,INTERVIEW,SITE2/P02/interview/Q4,DISTANCE_DEPENDENT_SUITABILITY,T1_SCALE_CONTEXT,T1_SCALE_CONTEXT,Baseline,APPLICATION_CONTEXT_OR_GENERAL,SUITABLE;POSITIVE,RQ1,precision by distance; route interaction,DIRECTLY_EXPRESSED_PARTICIPANT_CONTENT,NO_DIRECT_QUOTATION,
SITE2/P02,INTERVIEW,SITE2/P02/interview/Q4,TASK_CONTEXT_FIT,T1_SCALE_CONTEXT,T1_SCALE_CONTEXT,Minimap,APPLICATION_CONTEXT_OR_GENERAL,SUITABLE,RQ1/RQ3,route interaction; preference,DIRECTLY_EXPRESSED_PARTICIPANT_CONTENT,NO_DIRECT_QUOTATION,
SITE2/P02,INTERVIEW,SITE2/P02/interview/Q4,DISTANCE_DEPENDENT_SUITABILITY,T1_SCALE_CONTEXT,T1_SCALE_CONTEXT,Minimap,APPLICATION_CONTEXT_OR_GENERAL,SUITABLE,RQ1,precision by distance; route interaction,DIRECTLY_EXPRESSED_PARTICIPANT_CONTENT,NO_DIRECT_QUOTATION,
SITE2/P02,INTERVIEW,SITE2/P02/interview/Q4,TASK_CONTEXT_FIT,T1_SCALE_CONTEXT,T1_SCALE_CONTEXT,Tsunami,APPLICATION_CONTEXT_OR_GENERAL,CONDITIONAL,RQ1/RQ3,route interaction; preference,DIRECTLY_EXPRESSED_PARTICIPANT_CONTENT,NO_DIRECT_QUOTATION,
SITE2/P02,INTERVIEW,SITE2/P02/interview/Q4,DISTANCE_DEPENDENT_SUITABILITY,T1_SCALE_CONTEXT,T1_SCALE_CONTEXT,Tsunami,APPLICATION_CONTEXT_OR_GENERAL,CONDITIONAL,RQ1,precision by distance; route interaction,DIRECTLY_EXPRESSED_PARTICIPANT_CONTENT,NO_DIRECT_QUOTATION,
SITE2/P02,INTERVIEW,SITE2/P02/interview/Q4,ENVIRONMENT_GEOMETRY_CONSTRAINT,T1_SCALE_CONTEXT,T1_SCALE_CONTEXT,Tsunami,APPLICATION_CONTEXT_OR_GENERAL,CONDITIONAL,RQ1,method-by-route interaction,DIRECTLY_EXPRESSED_PARTICIPANT_CONTENT,NO_DIRECT_QUOTATION,
SITE2/P02,INTERVIEW,SITE2/P02/interview/Q5,VISUAL_UI_PRESENTATION,T3_CONTROL_PRECISION_UI,T3_CONTROL_PRECISION_UI,Minimap,"POST_SESSION_INTERVIEW; task may be Precision, Navigation, tutorial, or general unless explicitly stated",NEGATIVE,RQ3,workload; usability,DIRECTLY_EXPRESSED_PARTICIPANT_CONTENT,NO_DIRECT_QUOTATION,
SITE2/P02,INTERVIEW,SITE2/P02/interview/Q5,PHYSICAL_ERGONOMICS,T4_ADOPTION_EXPERIENCE,T4_ADOPTION_EXPERIENCE,Minimap,"POST_SESSION_INTERVIEW; task may be Precision, Navigation, tutorial, or general unless explicitly stated",NEGATIVE,RQ3,RAW-TLX,DIRECTLY_EXPRESSED_PARTICIPANT_CONTENT,NO_DIRECT_QUOTATION,
SITE2/P02,QUESTIONNAIRE_FREE_TEXT,SITE2/P02/questionnaire/POST_CONDITION_COMMENT,PERCEIVED_REALISM_AND_COHERENCE,T4_ADOPTION_EXPERIENCE,T4_ADOPTION_EXPERIENCE,Baseline,POST_METHOD_BLOCK,ENHANCED,RQ3,usability; preference,DIRECTLY_EXPRESSED_PARTICIPANT_CONTENT,NO_DIRECT_QUOTATION,
SITE2/P02,QUESTIONNAIRE_FREE_TEXT,SITE2/P02/questionnaire/POST_CONDITION_COMMENT,ENVIRONMENT_GEOMETRY_CONSTRAINT,T1_SCALE_CONTEXT,T1_SCALE_CONTEXT,Tsunami,POST_METHOD_BLOCK,NOT_EXPLICITLY_CLASSIFIED,RQ1,method-by-route interaction,DIRECTLY_EXPRESSED_PARTICIPANT_CONTENT,NO_DIRECT_QUOTATION,
SITE2/P03,INTERVIEW,SITE2/P03/interview/Q1,TELEPORT_PATH_VISIBILITY,T3_CONTROL_PRECISION_UI,T3_CONTROL_PRECISION_UI,Baseline,"POST_SESSION_INTERVIEW; task may be Precision, Navigation, tutorial, or general unless explicitly stated",ENHANCED,RQ1/RQ2,landing precision,DIRECTLY_EXPRESSED_PARTICIPANT_CONTENT,NO_DIRECT_QUOTATION,
SITE2/P03,INTERVIEW,SITE2/P03/interview/Q1,SPATIAL_ORIENTATION_SUPPORTED,T2_SPATIAL_REPRESENTATION,T2_SPATIAL_REPRESENTATION,Baseline,"POST_SESSION_INTERVIEW; task may be Precision, Navigation, tutorial, or general unless explicitly stated",ENHANCED,RQ2,spatial-awareness composite; continuity,DIRECTLY_EXPRESSED_PARTICIPANT_CONTENT,NO_DIRECT_QUOTATION,
SITE2/P03,INTERVIEW,SITE2/P03/interview/Q1,PERCEIVED_REALISM_AND_COHERENCE,T4_ADOPTION_EXPERIENCE,T4_ADOPTION_EXPERIENCE,Baseline,"POST_SESSION_INTERVIEW; task may be Precision, Navigation, tutorial, or general unless explicitly stated",ENHANCED,RQ3,usability; preference,DIRECTLY_EXPRESSED_PARTICIPANT_CONTENT,NO_DIRECT_QUOTATION,
SITE2/P03,INTERVIEW,SITE2/P03/interview/Q2,PRIOR_FAMILIARITY,T4_ADOPTION_EXPERIENCE,T4_ADOPTION_EXPERIENCE,Baseline,"POST_SESSION_INTERVIEW; task may be Precision, Navigation, tutorial, or general unless explicitly stated",NOT_EXPLICITLY_CLASSIFIED,RQ3,usability; preference,DIRECTLY_EXPRESSED_PARTICIPANT_CONTENT,NO_DIRECT_QUOTATION,
SITE2/P03,INTERVIEW,SITE2/P03/interview/Q2,SPATIAL_ORIENTATION_SUPPORTED,T2_SPATIAL_REPRESENTATION,T2_SPATIAL_REPRESENTATION,Baseline,"POST_SESSION_INTERVIEW; task may be Precision, Navigation, tutorial, or general unless explicitly stated",NOT_EXPLICITLY_CLASSIFIED,RQ2,spatial-awareness composite; continuity,DIRECTLY_EXPRESSED_PARTICIPANT_CONTENT,NO_DIRECT_QUOTATION,
SITE2/P03,INTERVIEW,SITE2/P03/interview/Q2,DISTANCE_DEPENDENT_SUITABILITY,T1_SCALE_CONTEXT,T1_SCALE_CONTEXT,Baseline,"POST_SESSION_INTERVIEW; task may be Precision, Navigation, tutorial, or general unless explicitly stated",NOT_EXPLICITLY_CLASSIFIED,RQ1,precision by distance; route interaction,DIRECTLY_EXPRESSED_PARTICIPANT_CONTENT,NO_DIRECT_QUOTATION,
SITE2/P03,INTERVIEW,SITE2/P03/interview/Q3,MAP_FRAME_ALIGNMENT,T2_SPATIAL_REPRESENTATION;T3_CONTROL_PRECISION_UI,T2_SPATIAL_REPRESENTATION;T3_CONTROL_PRECISION_UI,Minimap,"POST_SESSION_INTERVIEW; task may be Precision, Navigation, tutorial, or general unless explicitly stated",INCREASED,RQ2/RQ3,yaw/pitch; head rotation; workload,DIRECTLY_EXPRESSED_PARTICIPANT_CONTENT,NO_DIRECT_QUOTATION,
SITE2/P03,INTERVIEW,SITE2/P03/interview/Q3,COGNITIVE_AND_INTERACTION_WORKLOAD,T4_ADOPTION_EXPERIENCE,T4_ADOPTION_EXPERIENCE,Minimap,"POST_SESSION_INTERVIEW; task may be Precision, Navigation, tutorial, or general unless explicitly stated",INCREASED,RQ3,RAW-TLX,DIRECTLY_EXPRESSED_PARTICIPANT_CONTENT,NO_DIRECT_QUOTATION,
SITE2/P03,INTERVIEW,SITE2/P03/interview/Q4,DISTANCE_DEPENDENT_SUITABILITY,T1_SCALE_CONTEXT,T1_SCALE_CONTEXT,Baseline,APPLICATION_CONTEXT_OR_GENERAL,SUITABLE,RQ1,precision by distance; route interaction,DIRECTLY_EXPRESSED_PARTICIPANT_CONTENT,NO_DIRECT_QUOTATION,
SITE2/P03,INTERVIEW,SITE2/P03/interview/Q4,TASK_CONTEXT_FIT,T1_SCALE_CONTEXT,T1_SCALE_CONTEXT,Baseline,APPLICATION_CONTEXT_OR_GENERAL,SUITABLE,RQ1/RQ3,route interaction; preference,DIRECTLY_EXPRESSED_PARTICIPANT_CONTENT,NO_DIRECT_QUOTATION,
SITE2/P03,INTERVIEW,SITE2/P03/interview/Q4,ENVIRONMENT_GEOMETRY_CONSTRAINT,T1_SCALE_CONTEXT,T1_SCALE_CONTEXT,Baseline,APPLICATION_CONTEXT_OR_GENERAL,SUITABLE,RQ1,method-by-route interaction,DIRECTLY_EXPRESSED_PARTICIPANT_CONTENT,NO_DIRECT_QUOTATION,
SITE2/P03,INTERVIEW,SITE2/P03/interview/Q4,DISTANCE_DEPENDENT_SUITABILITY,T1_SCALE_CONTEXT,T1_SCALE_CONTEXT,Minimap,APPLICATION_CONTEXT_OR_GENERAL,SUITABLE,RQ1,precision by distance; route interaction,DIRECTLY_EXPRESSED_PARTICIPANT_CONTENT,NO_DIRECT_QUOTATION,
SITE2/P03,INTERVIEW,SITE2/P03/interview/Q4,TASK_CONTEXT_FIT,T1_SCALE_CONTEXT,T1_SCALE_CONTEXT,Minimap,APPLICATION_CONTEXT_OR_GENERAL,SUITABLE,RQ1/RQ3,route interaction; preference,DIRECTLY_EXPRESSED_PARTICIPANT_CONTENT,NO_DIRECT_QUOTATION,
SITE2/P03,INTERVIEW,SITE2/P03/interview/Q4,VISUAL_UI_PRESENTATION,T3_CONTROL_PRECISION_UI,T3_CONTROL_PRECISION_UI,Minimap,APPLICATION_CONTEXT_OR_GENERAL,SUITABLE,RQ3,workload; usability,DIRECTLY_EXPRESSED_PARTICIPANT_CONTENT,NO_DIRECT_QUOTATION,
SITE2/P03,INTERVIEW,SITE2/P03/interview/Q4,DISTANCE_DEPENDENT_SUITABILITY,T1_SCALE_CONTEXT,T1_SCALE_CONTEXT,Tsunami,APPLICATION_CONTEXT_OR_GENERAL,MIXED;SUITABLE,RQ1,precision by distance; route interaction,DIRECTLY_EXPRESSED_PARTICIPANT_CONTENT,YES_AS_QUOTATION,Q-T3-01
SITE2/P03,INTERVIEW,SITE2/P03/interview/Q4,LANDING_PRECISION,T3_CONTROL_PRECISION_UI,T3_CONTROL_PRECISION_UI,Tsunami,APPLICATION_CONTEXT_OR_GENERAL,MIXED;SUITABLE,RQ1/RQ3,direct-hit and sequential landing error,DIRECTLY_EXPRESSED_PARTICIPANT_CONTENT,YES_AS_QUOTATION,Q-T3-01
SITE2/P03,INTERVIEW,SITE2/P03/interview/Q4,CONTROL_SENSITIVITY_AND_RELEASE,T3_CONTROL_PRECISION_UI,T3_CONTROL_PRECISION_UI,Tsunami,APPLICATION_CONTEXT_OR_GENERAL,MIXED;SUITABLE,RQ1/RQ3,landing error; corrective teleports,DIRECTLY_EXPRESSED_PARTICIPANT_CONTENT,YES_AS_QUOTATION,Q-T3-01
SITE2/P03,INTERVIEW,SITE2/P03/interview/Q4,TASK_CONTEXT_FIT,T1_SCALE_CONTEXT,T1_SCALE_CONTEXT,Tsunami,APPLICATION_CONTEXT_OR_GENERAL,MIXED;SUITABLE,RQ1/RQ3,route interaction; preference,DIRECTLY_EXPRESSED_PARTICIPANT_CONTENT,YES_AS_QUOTATION,Q-T3-01
SITE2/P03,INTERVIEW,SITE2/P03/interview/Q5,NO_SUBSTANTIVE_CODE,AUDIT_ONLY_OR_SECONDARY,NONE,MULTI_OR_UNSPECIFIED,"POST_SESSION_INTERVIEW; task may be Precision, Navigation, tutorial, or general unless explicitly stated",NOT_EXPLICITLY_CLASSIFIED,NONE,NONE,EXPLICIT_NO_ADDITIONAL_COMMENT_OR_NONCONTENT,NO_DIRECT_QUOTATION,
SITE2/P03,QUESTIONNAIRE_FREE_TEXT,SITE2/P03/questionnaire/POST_CONDITION_COMMENT,DISTANCE_DEPENDENT_SUITABILITY,T1_SCALE_CONTEXT,T1_SCALE_CONTEXT,Baseline,POST_METHOD_BLOCK,NOT_EXPLICITLY_CLASSIFIED,RQ1,precision by distance; route interaction,DIRECTLY_EXPRESSED_PARTICIPANT_CONTENT,NO_DIRECT_QUOTATION,
SITE2/P03,QUESTIONNAIRE_FREE_TEXT,SITE2/P03/questionnaire/POST_CONDITION_COMMENT,SPATIAL_ORIENTATION_DISRUPTED,T2_SPATIAL_REPRESENTATION,T2_SPATIAL_REPRESENTATION,Baseline,POST_METHOD_BLOCK,NOT_EXPLICITLY_CLASSIFIED,RQ2,spatial-awareness composite; continuity,DIRECTLY_EXPRESSED_PARTICIPANT_CONTENT,NO_DIRECT_QUOTATION,
SITE2/P03,QUESTIONNAIRE_FREE_TEXT,SITE2/P03/questionnaire/POST_CONDITION_COMMENT,DISTANCE_DEPENDENT_SUITABILITY,T1_SCALE_CONTEXT,T1_SCALE_CONTEXT,Minimap,POST_METHOD_BLOCK,NOT_EXPLICITLY_CLASSIFIED,RQ1,precision by distance; route interaction,DIRECTLY_EXPRESSED_PARTICIPANT_CONTENT,NO_DIRECT_QUOTATION,
SITE2/P03,QUESTIONNAIRE_FREE_TEXT,SITE2/P03/questionnaire/POST_CONDITION_COMMENT,HYBRID_CONFIGURATION,T4_ADOPTION_EXPERIENCE,T4_ADOPTION_EXPERIENCE,Minimap,POST_METHOD_BLOCK,NOT_EXPLICITLY_CLASSIFIED,RQ1/RQ3,none directly,DIRECTLY_EXPRESSED_PARTICIPANT_CONTENT,NO_DIRECT_QUOTATION,
SITE2/P03,QUESTIONNAIRE_FREE_TEXT,SITE2/P03/questionnaire/POST_CONDITION_COMMENT,MAP_FRAME_ALIGNMENT,T2_SPATIAL_REPRESENTATION;T3_CONTROL_PRECISION_UI,T2_SPATIAL_REPRESENTATION;T3_CONTROL_PRECISION_UI,Minimap,POST_METHOD_BLOCK,INCREASED,RQ2/RQ3,yaw/pitch; head rotation; workload,DIRECTLY_EXPRESSED_PARTICIPANT_CONTENT,NO_DIRECT_QUOTATION,
SITE2/P03,QUESTIONNAIRE_FREE_TEXT,SITE2/P03/questionnaire/POST_CONDITION_COMMENT,COGNITIVE_AND_INTERACTION_WORKLOAD,T4_ADOPTION_EXPERIENCE,T4_ADOPTION_EXPERIENCE,Minimap,POST_METHOD_BLOCK,INCREASED,RQ3,RAW-TLX,DIRECTLY_EXPRESSED_PARTICIPANT_CONTENT,NO_DIRECT_QUOTATION,
SITE2/P03,QUESTIONNAIRE_FREE_TEXT,SITE2/P03/questionnaire/POST_CONDITION_COMMENT,PHYSICAL_ERGONOMICS,T4_ADOPTION_EXPERIENCE,T4_ADOPTION_EXPERIENCE,Minimap,POST_METHOD_BLOCK,INCREASED,RQ3,RAW-TLX,DIRECTLY_EXPRESSED_PARTICIPANT_CONTENT,NO_DIRECT_QUOTATION,
SITE2/P03,QUESTIONNAIRE_FREE_TEXT,SITE2/P03/questionnaire/POST_CONDITION_COMMENT,SPATIAL_ORIENTATION_DISRUPTED,T2_SPATIAL_REPRESENTATION,T2_SPATIAL_REPRESENTATION,Minimap,POST_METHOD_BLOCK,NOT_EXPLICITLY_CLASSIFIED,RQ2,spatial-awareness composite; continuity,DIRECTLY_EXPRESSED_PARTICIPANT_CONTENT,NO_DIRECT_QUOTATION,
SITE2/P03,QUESTIONNAIRE_FREE_TEXT,SITE2/P03/questionnaire/POST_CONDITION_COMMENT,REORIENTATION_AND_TURNING_COST,T2_SPATIAL_REPRESENTATION,T2_SPATIAL_REPRESENTATION,Minimap,POST_METHOD_BLOCK,NOT_EXPLICITLY_CLASSIFIED,RQ2,latency; head rotation; yaw/pitch,DIRECTLY_EXPRESSED_PARTICIPANT_CONTENT,NO_DIRECT_QUOTATION,
SITE2/P03,QUESTIONNAIRE_FREE_TEXT,SITE2/P03/questionnaire/POST_CONDITION_COMMENT,ENJOYMENT_AND_AESTHETIC_APPEAL,T4_ADOPTION_EXPERIENCE,T4_ADOPTION_EXPERIENCE,Tsunami,POST_METHOD_BLOCK,POSITIVE,RQ3,fun ranking; preference,DIRECTLY_EXPRESSED_PARTICIPANT_CONTENT,NO_DIRECT_QUOTATION,
SITE2/P03,QUESTIONNAIRE_FREE_TEXT,SITE2/P03/questionnaire/POST_CONDITION_COMMENT,DISTANCE_DEPENDENT_SUITABILITY,T1_SCALE_CONTEXT,T1_SCALE_CONTEXT,Tsunami,POST_METHOD_BLOCK,POSITIVE,RQ1,precision by distance; route interaction,DIRECTLY_EXPRESSED_PARTICIPANT_CONTENT,NO_DIRECT_QUOTATION,
SITE2/P03,QUESTIONNAIRE_FREE_TEXT,SITE2/P03/questionnaire/POST_CONDITION_COMMENT,SPATIAL_ORIENTATION_SUPPORTED,T2_SPATIAL_REPRESENTATION,T2_SPATIAL_REPRESENTATION,Tsunami,POST_METHOD_BLOCK,POSITIVE,RQ2,spatial-awareness composite; continuity,DIRECTLY_EXPRESSED_PARTICIPANT_CONTENT,NO_DIRECT_QUOTATION,
SITE2/P03,QUESTIONNAIRE_FREE_TEXT,SITE2/P03/questionnaire/POST_CONDITION_COMMENT,LANDING_PRECISION,T3_CONTROL_PRECISION_UI,T3_CONTROL_PRECISION_UI,Tsunami,POST_METHOD_BLOCK,NEGATIVE,RQ1/RQ3,direct-hit and sequential landing error,DIRECTLY_EXPRESSED_PARTICIPANT_CONTENT,NO_DIRECT_QUOTATION,
SITE2/P03,QUESTIONNAIRE_FREE_TEXT,SITE2/P03/questionnaire/POST_CONDITION_COMMENT,CONTROL_SENSITIVITY_AND_RELEASE,T3_CONTROL_PRECISION_UI,T3_CONTROL_PRECISION_UI,Tsunami,POST_METHOD_BLOCK,NEGATIVE,RQ1/RQ3,landing error; corrective teleports,DIRECTLY_EXPRESSED_PARTICIPANT_CONTENT,NO_DIRECT_QUOTATION,
SITE2/P06,INTERVIEW,SITE2/P06/interview/Q1,PRIOR_FAMILIARITY,T4_ADOPTION_EXPERIENCE,T4_ADOPTION_EXPERIENCE,Baseline,"POST_SESSION_INTERVIEW; task may be Precision, Navigation, tutorial, or general unless explicitly stated",POSITIVE,RQ3,usability; preference,DIRECTLY_EXPRESSED_PARTICIPANT_CONTENT,NO_DIRECT_QUOTATION,
SITE2/P06,INTERVIEW,SITE2/P06/interview/Q1,ENJOYMENT_AND_AESTHETIC_APPEAL,T4_ADOPTION_EXPERIENCE,T4_ADOPTION_EXPERIENCE,Baseline,"POST_SESSION_INTERVIEW; task may be Precision, Navigation, tutorial, or general unless explicitly stated",POSITIVE,RQ3,fun ranking; preference,DIRECTLY_EXPRESSED_PARTICIPANT_CONTENT,NO_DIRECT_QUOTATION,
SITE2/P06,INTERVIEW,SITE2/P06/interview/Q2,TELEPORT_PATH_VISIBILITY,T3_CONTROL_PRECISION_UI,T3_CONTROL_PRECISION_UI,Baseline,"POST_SESSION_INTERVIEW; task may be Precision, Navigation, tutorial, or general unless explicitly stated",NOT_EXPLICITLY_CLASSIFIED,RQ1/RQ2,landing precision,DIRECTLY_EXPRESSED_PARTICIPANT_CONTENT,NO_DIRECT_QUOTATION,
SITE2/P06,INTERVIEW,SITE2/P06/interview/Q2,SPATIAL_ORIENTATION_SUPPORTED,T2_SPATIAL_REPRESENTATION,T2_SPATIAL_REPRESENTATION,Baseline,"POST_SESSION_INTERVIEW; task may be Precision, Navigation, tutorial, or general unless explicitly stated",NOT_EXPLICITLY_CLASSIFIED,RQ2,spatial-awareness composite; continuity,DIRECTLY_EXPRESSED_PARTICIPANT_CONTENT,NO_DIRECT_QUOTATION,
SITE2/P06,INTERVIEW,SITE2/P06/interview/Q3,SPATIAL_ORIENTATION_DISRUPTED,T2_SPATIAL_REPRESENTATION,T2_SPATIAL_REPRESENTATION,Minimap,"POST_SESSION_INTERVIEW; task may be Precision, Navigation, tutorial, or general unless explicitly stated",NOT_EXPLICITLY_CLASSIFIED,RQ2,spatial-awareness composite; continuity,DIRECTLY_EXPRESSED_PARTICIPANT_CONTENT,NO_DIRECT_QUOTATION,
SITE2/P06,INTERVIEW,SITE2/P06/interview/Q3,ENVIRONMENTAL_ATTENTION_REDUCED,T2_SPATIAL_REPRESENTATION,T2_SPATIAL_REPRESENTATION,Minimap,"POST_SESSION_INTERVIEW; task may be Precision, Navigation, tutorial, or general unless explicitly stated",NOT_EXPLICITLY_CLASSIFIED,RQ2,head rotation; latency; spatial awareness,DIRECTLY_EXPRESSED_PARTICIPANT_CONTENT,NO_DIRECT_QUOTATION,
SITE2/P06,INTERVIEW,SITE2/P06/interview/Q4,DISTANCE_DEPENDENT_SUITABILITY,T1_SCALE_CONTEXT,T1_SCALE_CONTEXT,Baseline,APPLICATION_CONTEXT_OR_GENERAL,SUITABLE;POSITIVE,RQ1,precision by distance; route interaction,DIRECTLY_EXPRESSED_PARTICIPANT_CONTENT,NO_DIRECT_QUOTATION,
SITE2/P06,INTERVIEW,SITE2/P06/interview/Q4,TASK_CONTEXT_FIT,T1_SCALE_CONTEXT,T1_SCALE_CONTEXT,Baseline,APPLICATION_CONTEXT_OR_GENERAL,SUITABLE;POSITIVE,RQ1/RQ3,route interaction; preference,DIRECTLY_EXPRESSED_PARTICIPANT_CONTENT,NO_DIRECT_QUOTATION,
SITE2/P06,INTERVIEW,SITE2/P06/interview/Q4,ENJOYMENT_AND_AESTHETIC_APPEAL,T4_ADOPTION_EXPERIENCE,T4_ADOPTION_EXPERIENCE,Baseline,APPLICATION_CONTEXT_OR_GENERAL,SUITABLE;POSITIVE,RQ3,fun ranking; preference,DIRECTLY_EXPRESSED_PARTICIPANT_CONTENT,NO_DIRECT_QUOTATION,
SITE2/P06,INTERVIEW,SITE2/P06/interview/Q4,DISTANCE_DEPENDENT_SUITABILITY,T1_SCALE_CONTEXT,T1_SCALE_CONTEXT,Minimap,APPLICATION_CONTEXT_OR_GENERAL,SUITABLE,RQ1,precision by distance; route interaction,DIRECTLY_EXPRESSED_PARTICIPANT_CONTENT,NO_DIRECT_QUOTATION,
SITE2/P06,INTERVIEW,SITE2/P06/interview/Q4,TASK_CONTEXT_FIT,T1_SCALE_CONTEXT,T1_SCALE_CONTEXT,Minimap,APPLICATION_CONTEXT_OR_GENERAL,SUITABLE,RQ1/RQ3,route interaction; preference,DIRECTLY_EXPRESSED_PARTICIPANT_CONTENT,NO_DIRECT_QUOTATION,
SITE2/P06,INTERVIEW,SITE2/P06/interview/Q4,DISTANCE_DEPENDENT_SUITABILITY,T1_SCALE_CONTEXT,T1_SCALE_CONTEXT,Tsunami,APPLICATION_CONTEXT_OR_GENERAL,POSITIVE,RQ1,precision by distance; route interaction,DIRECTLY_EXPRESSED_PARTICIPANT_CONTENT,NO_DIRECT_QUOTATION,
SITE2/P06,INTERVIEW,SITE2/P06/interview/Q4,ENJOYMENT_AND_AESTHETIC_APPEAL,T4_ADOPTION_EXPERIENCE,T4_ADOPTION_EXPERIENCE,Tsunami,APPLICATION_CONTEXT_OR_GENERAL,POSITIVE,RQ3,fun ranking; preference,DIRECTLY_EXPRESSED_PARTICIPANT_CONTENT,NO_DIRECT_QUOTATION,
SITE2/P06,INTERVIEW,SITE2/P06/interview/Q4,VISUAL_UI_PRESENTATION,T3_CONTROL_PRECISION_UI,T3_CONTROL_PRECISION_UI,Tsunami,APPLICATION_CONTEXT_OR_GENERAL,POSITIVE,RQ3,workload; usability,DIRECTLY_EXPRESSED_PARTICIPANT_CONTENT,NO_DIRECT_QUOTATION,
SITE2/P06,INTERVIEW,SITE2/P06/interview/Q5,IMMERSION_AND_PRESENCE,T4_ADOPTION_EXPERIENCE,T4_ADOPTION_EXPERIENCE,MULTIPLE,"POST_SESSION_INTERVIEW; task may be Precision, Navigation, tutorial, or general unless explicitly stated",REDUCED;MIXED,RQ2/RQ3,environmental continuity,DIRECTLY_EXPRESSED_PARTICIPANT_CONTENT,NO_DIRECT_QUOTATION,
SITE2/P06,INTERVIEW,SITE2/P06/interview/Q5,ENJOYMENT_AND_AESTHETIC_APPEAL,T4_ADOPTION_EXPERIENCE,T4_ADOPTION_EXPERIENCE,MULTIPLE,"POST_SESSION_INTERVIEW; task may be Precision, Navigation, tutorial, or general unless explicitly stated",REDUCED;MIXED,RQ3,fun ranking; preference,DIRECTLY_EXPRESSED_PARTICIPANT_CONTENT,NO_DIRECT_QUOTATION,
SITE2/P06,INTERVIEW,SITE2/P06/interview/Q5,TASK_CONTEXT_FIT,T1_SCALE_CONTEXT,T1_SCALE_CONTEXT,MULTIPLE,"POST_SESSION_INTERVIEW; task may be Precision, Navigation, tutorial, or general unless explicitly stated",CONDITIONAL,RQ1/RQ3,route interaction; preference,DIRECTLY_EXPRESSED_PARTICIPANT_CONTENT,NO_DIRECT_QUOTATION,
SITE2/P06,INTERVIEW,SITE2/P06/interview/Q5,VISUAL_UI_PRESENTATION,T3_CONTROL_PRECISION_UI,T3_CONTROL_PRECISION_UI,Minimap,"POST_SESSION_INTERVIEW; task may be Precision, Navigation, tutorial, or general unless explicitly stated",CONDITIONAL,RQ3,workload; usability,DIRECTLY_EXPRESSED_PARTICIPANT_CONTENT,NO_DIRECT_QUOTATION,
SITE2/P06,INTERVIEW,SITE2/P06/interview/Q5,PHYSICAL_ERGONOMICS,T4_ADOPTION_EXPERIENCE,T4_ADOPTION_EXPERIENCE,Minimap,"POST_SESSION_INTERVIEW; task may be Precision, Navigation, tutorial, or general unless explicitly stated",CONDITIONAL,RQ3,RAW-TLX,DIRECTLY_EXPRESSED_PARTICIPANT_CONTENT,NO_DIRECT_QUOTATION,
SITE2/P06,INTERVIEW,SITE2/P06/interview/Q5,DISTANCE_DEPENDENT_SUITABILITY,T1_SCALE_CONTEXT,T1_SCALE_CONTEXT,Minimap,"POST_SESSION_INTERVIEW; task may be Precision, Navigation, tutorial, or general unless explicitly stated",CONDITIONAL,RQ1,precision by distance; route interaction,DIRECTLY_EXPRESSED_PARTICIPANT_CONTENT,NO_DIRECT_QUOTATION,
SITE2/P06,QUESTIONNAIRE_FREE_TEXT,SITE2/P06/questionnaire/POST_CONDITION_COMMENT,TRAVERSAL_EFFICIENCY,T1_SCALE_CONTEXT,T1_SCALE_CONTEXT,Baseline,POST_METHOD_BLOCK,NEGATIVE,RQ1,route time; teleport count; path efficiency,DIRECTLY_EXPRESSED_PARTICIPANT_CONTENT,NO_DIRECT_QUOTATION,
SITE2/P06,QUESTIONNAIRE_FREE_TEXT,SITE2/P06/questionnaire/POST_CONDITION_COMMENT,DISTANCE_DEPENDENT_SUITABILITY,T1_SCALE_CONTEXT,T1_SCALE_CONTEXT,Baseline,POST_METHOD_BLOCK,NEGATIVE,RQ1,precision by distance; route interaction,DIRECTLY_EXPRESSED_PARTICIPANT_CONTENT,NO_DIRECT_QUOTATION,
SITE2/P06,QUESTIONNAIRE_FREE_TEXT,SITE2/P06/questionnaire/POST_CONDITION_COMMENT,VISUAL_UI_PRESENTATION,T3_CONTROL_PRECISION_UI,T3_CONTROL_PRECISION_UI,Minimap,POST_METHOD_BLOCK,CONDITIONAL,RQ3,workload; usability,DIRECTLY_EXPRESSED_PARTICIPANT_CONTENT,NO_DIRECT_QUOTATION,
SITE2/P06,QUESTIONNAIRE_FREE_TEXT,SITE2/P06/questionnaire/POST_CONDITION_COMMENT,DESTINATION_OCCLUSION,T1_SCALE_CONTEXT,T1_SCALE_CONTEXT,Tsunami,POST_METHOD_BLOCK,NOT_EXPLICITLY_CLASSIFIED,RQ1/RQ2,landing precision; route interaction,DIRECTLY_EXPRESSED_PARTICIPANT_CONTENT,NO_DIRECT_QUOTATION,
SITE2/P07,INTERVIEW,SITE2/P07/interview/Q1,DISTANCE_DEPENDENT_SUITABILITY,T1_SCALE_CONTEXT,T1_SCALE_CONTEXT,Baseline,"POST_SESSION_INTERVIEW; task may be Precision, Navigation, tutorial, or general unless explicitly stated",ENHANCED,RQ1,precision by distance; route interaction,DIRECTLY_EXPRESSED_PARTICIPANT_CONTENT,NO_DIRECT_QUOTATION,
SITE2/P07,INTERVIEW,SITE2/P07/interview/Q1,PERCEIVED_REALISM_AND_COHERENCE,T4_ADOPTION_EXPERIENCE,T4_ADOPTION_EXPERIENCE,Baseline,"POST_SESSION_INTERVIEW; task may be Precision, Navigation, tutorial, or general unless explicitly stated",ENHANCED,RQ3,usability; preference,DIRECTLY_EXPRESSED_PARTICIPANT_CONTENT,NO_DIRECT_QUOTATION,
SITE2/P07,INTERVIEW,SITE2/P07/interview/Q2,TELEPORT_PATH_VISIBILITY,T3_CONTROL_PRECISION_UI,T3_CONTROL_PRECISION_UI,Baseline,"POST_SESSION_INTERVIEW; task may be Precision, Navigation, tutorial, or general unless explicitly stated",NOT_EXPLICITLY_CLASSIFIED,RQ1/RQ2,landing precision,DIRECTLY_EXPRESSED_PARTICIPANT_CONTENT,NO_DIRECT_QUOTATION,
SITE2/P07,INTERVIEW,SITE2/P07/interview/Q2,SPATIAL_ORIENTATION_SUPPORTED,T2_SPATIAL_REPRESENTATION,T2_SPATIAL_REPRESENTATION,Baseline,"POST_SESSION_INTERVIEW; task may be Precision, Navigation, tutorial, or general unless explicitly stated",NOT_EXPLICITLY_CLASSIFIED,RQ2,spatial-awareness composite; continuity,DIRECTLY_EXPRESSED_PARTICIPANT_CONTENT,NO_DIRECT_QUOTATION,
SITE2/P07,INTERVIEW,SITE2/P07/interview/Q3,VISUAL_UI_PRESENTATION,T3_CONTROL_PRECISION_UI,T3_CONTROL_PRECISION_UI,Minimap,"POST_SESSION_INTERVIEW; task may be Precision, Navigation, tutorial, or general unless explicitly stated",NEGATIVE;INCREASED,RQ3,workload; usability,DIRECTLY_EXPRESSED_PARTICIPANT_CONTENT,NO_DIRECT_QUOTATION,
SITE2/P07,INTERVIEW,SITE2/P07/interview/Q3,PHYSICAL_ERGONOMICS,T4_ADOPTION_EXPERIENCE,T4_ADOPTION_EXPERIENCE,Minimap,"POST_SESSION_INTERVIEW; task may be Precision, Navigation, tutorial, or general unless explicitly stated",NEGATIVE;INCREASED,RQ3,RAW-TLX,DIRECTLY_EXPRESSED_PARTICIPANT_CONTENT,NO_DIRECT_QUOTATION,
SITE2/P07,INTERVIEW,SITE2/P07/interview/Q3,COGNITIVE_AND_INTERACTION_WORKLOAD,T4_ADOPTION_EXPERIENCE,T4_ADOPTION_EXPERIENCE,Minimap,"POST_SESSION_INTERVIEW; task may be Precision, Navigation, tutorial, or general unless explicitly stated",NEGATIVE;INCREASED,RQ3,RAW-TLX,DIRECTLY_EXPRESSED_PARTICIPANT_CONTENT,NO_DIRECT_QUOTATION,
SITE2/P07,INTERVIEW,SITE2/P07/interview/Q4,DISTANCE_DEPENDENT_SUITABILITY,T1_SCALE_CONTEXT,T1_SCALE_CONTEXT,Baseline,APPLICATION_CONTEXT_OR_GENERAL,CONDITIONAL,RQ1,precision by distance; route interaction,DIRECTLY_EXPRESSED_PARTICIPANT_CONTENT,NO_DIRECT_QUOTATION,
SITE2/P07,INTERVIEW,SITE2/P07/interview/Q4,TASK_CONTEXT_FIT,T1_SCALE_CONTEXT,T1_SCALE_CONTEXT,Baseline,APPLICATION_CONTEXT_OR_GENERAL,CONDITIONAL,RQ1/RQ3,route interaction; preference,DIRECTLY_EXPRESSED_PARTICIPANT_CONTENT,NO_DIRECT_QUOTATION,
SITE2/P07,INTERVIEW,SITE2/P07/interview/Q4,DESTINATION_OCCLUSION,T1_SCALE_CONTEXT,T1_SCALE_CONTEXT,Baseline,APPLICATION_CONTEXT_OR_GENERAL,CONDITIONAL,RQ1/RQ2,landing precision; route interaction,DIRECTLY_EXPRESSED_PARTICIPANT_CONTENT,NO_DIRECT_QUOTATION,
SITE2/P07,INTERVIEW,SITE2/P07/interview/Q4,DISTANCE_DEPENDENT_SUITABILITY,T1_SCALE_CONTEXT,T1_SCALE_CONTEXT,Tsunami,APPLICATION_CONTEXT_OR_GENERAL,SUITABLE,RQ1,precision by distance; route interaction,DIRECTLY_EXPRESSED_PARTICIPANT_CONTENT,NO_DIRECT_QUOTATION,
SITE2/P07,INTERVIEW,SITE2/P07/interview/Q4,TASK_CONTEXT_FIT,T1_SCALE_CONTEXT,T1_SCALE_CONTEXT,Tsunami,APPLICATION_CONTEXT_OR_GENERAL,SUITABLE,RQ1/RQ3,route interaction; preference,DIRECTLY_EXPRESSED_PARTICIPANT_CONTENT,NO_DIRECT_QUOTATION,
SITE2/P07,INTERVIEW,SITE2/P07/interview/Q4,DESTINATION_AREA_PREVIEW,T2_SPATIAL_REPRESENTATION,T2_SPATIAL_REPRESENTATION,Tsunami,APPLICATION_CONTEXT_OR_GENERAL,SUITABLE,RQ2,spatial awareness; continuity,DIRECTLY_EXPRESSED_PARTICIPANT_CONTENT,NO_DIRECT_QUOTATION,
SITE2/P07,INTERVIEW,SITE2/P07/interview/Q4,DISTANCE_DEPENDENT_SUITABILITY,T1_SCALE_CONTEXT,T1_SCALE_CONTEXT,Minimap,APPLICATION_CONTEXT_OR_GENERAL,SUITABLE,RQ1,precision by distance; route interaction,DIRECTLY_EXPRESSED_PARTICIPANT_CONTENT,NO_DIRECT_QUOTATION,
SITE2/P07,INTERVIEW,SITE2/P07/interview/Q4,TASK_CONTEXT_FIT,T1_SCALE_CONTEXT,T1_SCALE_CONTEXT,Minimap,APPLICATION_CONTEXT_OR_GENERAL,SUITABLE,RQ1/RQ3,route interaction; preference,DIRECTLY_EXPRESSED_PARTICIPANT_CONTENT,NO_DIRECT_QUOTATION,
SITE2/P07,INTERVIEW,SITE2/P07/interview/Q5,REPEATED_TELEPORT_COST,T1_SCALE_CONTEXT,T1_SCALE_CONTEXT,Baseline,"POST_SESSION_INTERVIEW; task may be Precision, Navigation, tutorial, or general unless explicitly stated",MIXED,RQ1,route time; teleport count,DIRECTLY_EXPRESSED_PARTICIPANT_CONTENT,NO_DIRECT_QUOTATION,
SITE2/P07,INTERVIEW,SITE2/P07/interview/Q5,ENJOYMENT_AND_AESTHETIC_APPEAL,T4_ADOPTION_EXPERIENCE,T4_ADOPTION_EXPERIENCE,Baseline,"POST_SESSION_INTERVIEW; task may be Precision, Navigation, tutorial, or general unless explicitly stated",MIXED,RQ3,fun ranking; preference,DIRECTLY_EXPRESSED_PARTICIPANT_CONTENT,NO_DIRECT_QUOTATION,
SITE2/P07,INTERVIEW,SITE2/P07/interview/Q5,PERCEIVED_REALISM_AND_COHERENCE,T4_ADOPTION_EXPERIENCE,T4_ADOPTION_EXPERIENCE,Tsunami,"POST_SESSION_INTERVIEW; task may be Precision, Navigation, tutorial, or general unless explicitly stated",POSITIVE;REDUCED,RQ3,usability; preference,DIRECTLY_EXPRESSED_PARTICIPANT_CONTENT,NO_DIRECT_QUOTATION,
SITE2/P07,INTERVIEW,SITE2/P07/interview/Q5,TRAVERSAL_EFFICIENCY,T1_SCALE_CONTEXT,T1_SCALE_CONTEXT,Tsunami,"POST_SESSION_INTERVIEW; task may be Precision, Navigation, tutorial, or general unless explicitly stated",POSITIVE;REDUCED,RQ1,route time; teleport count; path efficiency,DIRECTLY_EXPRESSED_PARTICIPANT_CONTENT,NO_DIRECT_QUOTATION,
SITE2/P07,INTERVIEW,SITE2/P07/interview/Q5,COGNITIVE_AND_INTERACTION_WORKLOAD,T4_ADOPTION_EXPERIENCE,T4_ADOPTION_EXPERIENCE,Minimap,"POST_SESSION_INTERVIEW; task may be Precision, Navigation, tutorial, or general unless explicitly stated",INCREASED,RQ3,RAW-TLX,DIRECTLY_EXPRESSED_PARTICIPANT_CONTENT,NO_DIRECT_QUOTATION,
SITE2/P07,QUESTIONNAIRE_FREE_TEXT,SITE2/P07/questionnaire/POST_CONDITION_COMMENT,REPEATED_TELEPORT_COST,T1_SCALE_CONTEXT,T1_SCALE_CONTEXT,Baseline,POST_METHOD_BLOCK,NOT_EXPLICITLY_CLASSIFIED,RQ1,route time; teleport count,DIRECTLY_EXPRESSED_PARTICIPANT_CONTENT,NO_DIRECT_QUOTATION,
SITE2/P07,QUESTIONNAIRE_FREE_TEXT,SITE2/P07/questionnaire/POST_CONDITION_COMMENT,DISTANCE_DEPENDENT_SUITABILITY,T1_SCALE_CONTEXT,T1_SCALE_CONTEXT,Baseline,POST_METHOD_BLOCK,NOT_EXPLICITLY_CLASSIFIED,RQ1,precision by distance; route interaction,DIRECTLY_EXPRESSED_PARTICIPANT_CONTENT,NO_DIRECT_QUOTATION,
SITE2/P07,QUESTIONNAIRE_FREE_TEXT,SITE2/P07/questionnaire/POST_CONDITION_COMMENT,VISUAL_UI_PRESENTATION,T3_CONTROL_PRECISION_UI,T3_CONTROL_PRECISION_UI,Minimap,POST_METHOD_BLOCK,NEGATIVE;INCREASED,RQ3,workload; usability,DIRECTLY_EXPRESSED_PARTICIPANT_CONTENT,NO_DIRECT_QUOTATION,
SITE2/P07,QUESTIONNAIRE_FREE_TEXT,SITE2/P07/questionnaire/POST_CONDITION_COMMENT,PHYSICAL_ERGONOMICS,T4_ADOPTION_EXPERIENCE,T4_ADOPTION_EXPERIENCE,Minimap,POST_METHOD_BLOCK,NEGATIVE;INCREASED,RQ3,RAW-TLX,DIRECTLY_EXPRESSED_PARTICIPANT_CONTENT,NO_DIRECT_QUOTATION,
SITE2/P07,QUESTIONNAIRE_FREE_TEXT,SITE2/P07/questionnaire/POST_CONDITION_COMMENT,COGNITIVE_AND_INTERACTION_WORKLOAD,T4_ADOPTION_EXPERIENCE,T4_ADOPTION_EXPERIENCE,Minimap,POST_METHOD_BLOCK,NEGATIVE;INCREASED,RQ3,RAW-TLX,DIRECTLY_EXPRESSED_PARTICIPANT_CONTENT,NO_DIRECT_QUOTATION,
SITE2/P07,QUESTIONNAIRE_FREE_TEXT,SITE2/P07/questionnaire/POST_CONDITION_COMMENT,SPATIAL_ORIENTATION_DISRUPTED,T2_SPATIAL_REPRESENTATION,T2_SPATIAL_REPRESENTATION,Tsunami,POST_METHOD_BLOCK,NOT_EXPLICITLY_CLASSIFIED,RQ2,spatial-awareness composite; continuity,DIRECTLY_EXPRESSED_PARTICIPANT_CONTENT,NO_DIRECT_QUOTATION,
SITE2/P08,INTERVIEW,SITE2/P08/interview/Q1,PERCEIVED_REALISM_AND_COHERENCE,T4_ADOPTION_EXPERIENCE,T4_ADOPTION_EXPERIENCE,Baseline,"POST_SESSION_INTERVIEW; task may be Precision, Navigation, tutorial, or general unless explicitly stated",ENHANCED,RQ3,usability; preference,DIRECTLY_EXPRESSED_PARTICIPANT_CONTENT,NO_DIRECT_QUOTATION,
SITE2/P08,INTERVIEW,SITE2/P08/interview/Q1,PERCEIVED_REALISM_AND_COHERENCE,T4_ADOPTION_EXPERIENCE,T4_ADOPTION_EXPERIENCE,Tsunami,"POST_SESSION_INTERVIEW; task may be Precision, Navigation, tutorial, or general unless explicitly stated",POSITIVE;ENHANCED,RQ3,usability; preference,DIRECTLY_EXPRESSED_PARTICIPANT_CONTENT,NO_DIRECT_QUOTATION,
SITE2/P08,INTERVIEW,SITE2/P08/interview/Q1,ENJOYMENT_AND_AESTHETIC_APPEAL,T4_ADOPTION_EXPERIENCE,T4_ADOPTION_EXPERIENCE,Tsunami,"POST_SESSION_INTERVIEW; task may be Precision, Navigation, tutorial, or general unless explicitly stated",POSITIVE;ENHANCED,RQ3,fun ranking; preference,DIRECTLY_EXPRESSED_PARTICIPANT_CONTENT,NO_DIRECT_QUOTATION,
SITE2/P08,INTERVIEW,SITE2/P08/interview/Q2,SPATIAL_ORIENTATION_SUPPORTED,T2_SPATIAL_REPRESENTATION,T2_SPATIAL_REPRESENTATION,Baseline,"POST_SESSION_INTERVIEW; task may be Precision, Navigation, tutorial, or general unless explicitly stated",NOT_EXPLICITLY_CLASSIFIED,RQ2,spatial-awareness composite; continuity,DIRECTLY_EXPRESSED_PARTICIPANT_CONTENT,NO_DIRECT_QUOTATION,
SITE2/P08,INTERVIEW,SITE2/P08/interview/Q2,SPATIAL_ORIENTATION_DISRUPTED,T2_SPATIAL_REPRESENTATION,T2_SPATIAL_REPRESENTATION,Tsunami,"POST_SESSION_INTERVIEW; task may be Precision, Navigation, tutorial, or general unless explicitly stated",NOT_EXPLICITLY_CLASSIFIED,RQ2,spatial-awareness composite; continuity,DIRECTLY_EXPRESSED_PARTICIPANT_CONTENT,NO_DIRECT_QUOTATION,
SITE2/P08,INTERVIEW,SITE2/P08/interview/Q2,ROUTE_LEARNING_AND_MEMORY,T2_SPATIAL_REPRESENTATION,T2_SPATIAL_REPRESENTATION,Tsunami,"POST_SESSION_INTERVIEW; task may be Precision, Navigation, tutorial, or general unless explicitly stated",NOT_EXPLICITLY_CLASSIFIED,RQ2,not directly measured,DIRECTLY_EXPRESSED_PARTICIPANT_CONTENT,NO_DIRECT_QUOTATION,
SITE2/P08,INTERVIEW,SITE2/P08/interview/Q2,ENVIRONMENTAL_ATTENTION_REDUCED,T2_SPATIAL_REPRESENTATION,T2_SPATIAL_REPRESENTATION,Minimap,"POST_SESSION_INTERVIEW; task may be Precision, Navigation, tutorial, or general unless explicitly stated",NOT_EXPLICITLY_CLASSIFIED,RQ2,head rotation; latency; spatial awareness,DIRECTLY_EXPRESSED_PARTICIPANT_CONTENT,NO_DIRECT_QUOTATION,
SITE2/P08,INTERVIEW,SITE2/P08/interview/Q2,SPATIAL_ORIENTATION_DISRUPTED,T2_SPATIAL_REPRESENTATION,T2_SPATIAL_REPRESENTATION,Minimap,"POST_SESSION_INTERVIEW; task may be Precision, Navigation, tutorial, or general unless explicitly stated",NOT_EXPLICITLY_CLASSIFIED,RQ2,spatial-awareness composite; continuity,DIRECTLY_EXPRESSED_PARTICIPANT_CONTENT,NO_DIRECT_QUOTATION,
SITE2/P08,INTERVIEW,SITE2/P08/interview/Q3,SPATIAL_ORIENTATION_DISRUPTED,T2_SPATIAL_REPRESENTATION,T2_SPATIAL_REPRESENTATION,Baseline,"POST_SESSION_INTERVIEW; task may be Precision, Navigation, tutorial, or general unless explicitly stated",NEGATIVE,RQ2,spatial-awareness composite; continuity,DIRECTLY_EXPRESSED_PARTICIPANT_CONTENT,NO_DIRECT_QUOTATION,
SITE2/P08,INTERVIEW,SITE2/P08/interview/Q3,REPEATED_TELEPORT_COST,T1_SCALE_CONTEXT,T1_SCALE_CONTEXT,Baseline,"POST_SESSION_INTERVIEW; task may be Precision, Navigation, tutorial, or general unless explicitly stated",NEGATIVE,RQ1,route time; teleport count,DIRECTLY_EXPRESSED_PARTICIPANT_CONTENT,NO_DIRECT_QUOTATION,
SITE2/P08,INTERVIEW,SITE2/P08/interview/Q3,TRAVERSAL_EFFICIENCY,T1_SCALE_CONTEXT,T1_SCALE_CONTEXT,Baseline,"POST_SESSION_INTERVIEW; task may be Precision, Navigation, tutorial, or general unless explicitly stated",NEGATIVE,RQ1,route time; teleport count; path efficiency,DIRECTLY_EXPRESSED_PARTICIPANT_CONTENT,NO_DIRECT_QUOTATION,
SITE2/P08,INTERVIEW,SITE2/P08/interview/Q4,TASK_CONTEXT_FIT,T1_SCALE_CONTEXT,T1_SCALE_CONTEXT,Baseline,APPLICATION_CONTEXT_OR_GENERAL,SUITABLE,RQ1/RQ3,route interaction; preference,DIRECTLY_EXPRESSED_PARTICIPANT_CONTENT,NO_DIRECT_QUOTATION,
SITE2/P08,INTERVIEW,SITE2/P08/interview/Q4,TASK_CONTEXT_FIT,T1_SCALE_CONTEXT,T1_SCALE_CONTEXT,Minimap,APPLICATION_CONTEXT_OR_GENERAL,SUITABLE,RQ1/RQ3,route interaction; preference,DIRECTLY_EXPRESSED_PARTICIPANT_CONTENT,NO_DIRECT_QUOTATION,
SITE2/P08,INTERVIEW,SITE2/P08/interview/Q4,DISTANCE_DEPENDENT_SUITABILITY,T1_SCALE_CONTEXT,T1_SCALE_CONTEXT,Minimap,APPLICATION_CONTEXT_OR_GENERAL,SUITABLE,RQ1,precision by distance; route interaction,DIRECTLY_EXPRESSED_PARTICIPANT_CONTENT,NO_DIRECT_QUOTATION,
SITE2/P08,INTERVIEW,SITE2/P08/interview/Q4,IMMERSION_AND_PRESENCE,T4_ADOPTION_EXPERIENCE,T4_ADOPTION_EXPERIENCE,Minimap,APPLICATION_CONTEXT_OR_GENERAL,REDUCED;POSITIVE,RQ2/RQ3,environmental continuity,DIRECTLY_EXPRESSED_PARTICIPANT_CONTENT,NO_DIRECT_QUOTATION,
SITE2/P08,INTERVIEW,SITE2/P08/interview/Q4,ENJOYMENT_AND_AESTHETIC_APPEAL,T4_ADOPTION_EXPERIENCE,T4_ADOPTION_EXPERIENCE,Minimap,APPLICATION_CONTEXT_OR_GENERAL,REDUCED;POSITIVE,RQ3,fun ranking; preference,DIRECTLY_EXPRESSED_PARTICIPANT_CONTENT,NO_DIRECT_QUOTATION,
SITE2/P08,INTERVIEW,SITE2/P08/interview/Q4,TASK_CONTEXT_FIT,T1_SCALE_CONTEXT,T1_SCALE_CONTEXT,Tsunami,APPLICATION_CONTEXT_OR_GENERAL,SUITABLE,RQ1/RQ3,route interaction; preference,DIRECTLY_EXPRESSED_PARTICIPANT_CONTENT,NO_DIRECT_QUOTATION,
SITE2/P08,INTERVIEW,SITE2/P08/interview/Q4,DESTINATION_AREA_PREVIEW,T2_SPATIAL_REPRESENTATION,T2_SPATIAL_REPRESENTATION,Tsunami,APPLICATION_CONTEXT_OR_GENERAL,SUITABLE,RQ2,spatial awareness; continuity,DIRECTLY_EXPRESSED_PARTICIPANT_CONTENT,NO_DIRECT_QUOTATION,
SITE2/P08,INTERVIEW,SITE2/P08/interview/Q4,SPATIAL_ORIENTATION_SUPPORTED,T2_SPATIAL_REPRESENTATION,T2_SPATIAL_REPRESENTATION,Tsunami,APPLICATION_CONTEXT_OR_GENERAL,SUITABLE,RQ2,spatial-awareness composite; continuity,DIRECTLY_EXPRESSED_PARTICIPANT_CONTENT,NO_DIRECT_QUOTATION,
SITE2/P08,INTERVIEW,SITE2/P08/interview/Q5,IMMERSION_AND_PRESENCE,T4_ADOPTION_EXPERIENCE,T4_ADOPTION_EXPERIENCE,MULTIPLE,"POST_SESSION_INTERVIEW; task may be Precision, Navigation, tutorial, or general unless explicitly stated",REDUCED;NEGATIVE,RQ2/RQ3,environmental continuity,DIRECTLY_EXPRESSED_PARTICIPANT_CONTENT,NO_DIRECT_QUOTATION,
SITE2/P08,INTERVIEW,SITE2/P08/interview/Q5,ENJOYMENT_AND_AESTHETIC_APPEAL,T4_ADOPTION_EXPERIENCE,T4_ADOPTION_EXPERIENCE,MULTIPLE,"POST_SESSION_INTERVIEW; task may be Precision, Navigation, tutorial, or general unless explicitly stated",REDUCED;NEGATIVE,RQ3,fun ranking; preference,DIRECTLY_EXPRESSED_PARTICIPANT_CONTENT,NO_DIRECT_QUOTATION,
SITE2/P08,INTERVIEW,SITE2/P08/interview/Q5,TASK_CONTEXT_FIT,T1_SCALE_CONTEXT,T1_SCALE_CONTEXT,Tsunami,"POST_SESSION_INTERVIEW; task may be Precision, Navigation, tutorial, or general unless explicitly stated",SUITABLE;POSITIVE,RQ1/RQ3,route interaction; preference,DIRECTLY_EXPRESSED_PARTICIPANT_CONTENT,NO_DIRECT_QUOTATION,
SITE2/P08,INTERVIEW,SITE2/P08/interview/Q5,ENJOYMENT_AND_AESTHETIC_APPEAL,T4_ADOPTION_EXPERIENCE,T4_ADOPTION_EXPERIENCE,Tsunami,"POST_SESSION_INTERVIEW; task may be Precision, Navigation, tutorial, or general unless explicitly stated",SUITABLE;POSITIVE,RQ3,fun ranking; preference,DIRECTLY_EXPRESSED_PARTICIPANT_CONTENT,NO_DIRECT_QUOTATION,
SITE2/P08,INTERVIEW,SITE2/P08/interview/Q5,VISUAL_UI_PRESENTATION,T3_CONTROL_PRECISION_UI,T3_CONTROL_PRECISION_UI,Minimap,"POST_SESSION_INTERVIEW; task may be Precision, Navigation, tutorial, or general unless explicitly stated",NEGATIVE,RQ3,workload; usability,DIRECTLY_EXPRESSED_PARTICIPANT_CONTENT,NO_DIRECT_QUOTATION,
SITE2/P08,INTERVIEW,SITE2/P08/interview/Q5,PHYSICAL_ERGONOMICS,T4_ADOPTION_EXPERIENCE,T4_ADOPTION_EXPERIENCE,Minimap,"POST_SESSION_INTERVIEW; task may be Precision, Navigation, tutorial, or general unless explicitly stated",NEGATIVE,RQ3,RAW-TLX,DIRECTLY_EXPRESSED_PARTICIPANT_CONTENT,NO_DIRECT_QUOTATION,
SITE2/P08,QUESTIONNAIRE_FREE_TEXT,SITE2/P08/questionnaire/POST_CONDITION_COMMENT,REPEATED_TELEPORT_COST,T1_SCALE_CONTEXT,T1_SCALE_CONTEXT,Baseline,POST_METHOD_BLOCK,NEGATIVE,RQ1,route time; teleport count,DIRECTLY_EXPRESSED_PARTICIPANT_CONTENT,NO_DIRECT_QUOTATION,
SITE2/P08,QUESTIONNAIRE_FREE_TEXT,SITE2/P08/questionnaire/POST_CONDITION_COMMENT,TRAVERSAL_EFFICIENCY,T1_SCALE_CONTEXT,T1_SCALE_CONTEXT,Baseline,POST_METHOD_BLOCK,NEGATIVE,RQ1,route time; teleport count; path efficiency,DIRECTLY_EXPRESSED_PARTICIPANT_CONTENT,NO_DIRECT_QUOTATION,
SITE2/P08,QUESTIONNAIRE_FREE_TEXT,SITE2/P08/questionnaire/POST_CONDITION_COMMENT,ENVIRONMENTAL_ATTENTION_REDUCED,T2_SPATIAL_REPRESENTATION,T2_SPATIAL_REPRESENTATION,Minimap,POST_METHOD_BLOCK,NEGATIVE,RQ2,head rotation; latency; spatial awareness,DIRECTLY_EXPRESSED_PARTICIPANT_CONTENT,NO_DIRECT_QUOTATION,
SITE2/P08,QUESTIONNAIRE_FREE_TEXT,SITE2/P08/questionnaire/POST_CONDITION_COMMENT,VISUAL_UI_PRESENTATION,T3_CONTROL_PRECISION_UI,T3_CONTROL_PRECISION_UI,Minimap,POST_METHOD_BLOCK,NEGATIVE,RQ3,workload; usability,DIRECTLY_EXPRESSED_PARTICIPANT_CONTENT,NO_DIRECT_QUOTATION,
SITE2/P08,QUESTIONNAIRE_FREE_TEXT,SITE2/P08/questionnaire/POST_CONDITION_COMMENT,ENJOYMENT_AND_AESTHETIC_APPEAL,T4_ADOPTION_EXPERIENCE,T4_ADOPTION_EXPERIENCE,Minimap,POST_METHOD_BLOCK,NEGATIVE,RQ3,fun ranking; preference,DIRECTLY_EXPRESSED_PARTICIPANT_CONTENT,NO_DIRECT_QUOTATION,
SITE2/P08,QUESTIONNAIRE_FREE_TEXT,SITE2/P08/questionnaire/POST_CONDITION_COMMENT,DISTANCE_ESTIMATION,T3_CONTROL_PRECISION_UI,T3_CONTROL_PRECISION_UI,Tsunami,POST_METHOD_BLOCK,NOT_EXPLICITLY_CLASSIFIED,RQ2,distance-awareness composite,DIRECTLY_EXPRESSED_PARTICIPANT_CONTENT,NO_DIRECT_QUOTATION,
SITE2/P09,INTERVIEW,SITE2/P09/interview/Q1,PERCEIVED_REALISM_AND_COHERENCE,T4_ADOPTION_EXPERIENCE,T4_ADOPTION_EXPERIENCE,Baseline,"POST_SESSION_INTERVIEW; task may be Precision, Navigation, tutorial, or general unless explicitly stated",ENHANCED,RQ3,usability; preference,DIRECTLY_EXPRESSED_PARTICIPANT_CONTENT,NO_DIRECT_QUOTATION,
SITE2/P09,INTERVIEW,SITE2/P09/interview/Q1,LEARNING_AND_ACCLIMATIZATION,T4_ADOPTION_EXPERIENCE,T4_ADOPTION_EXPERIENCE,Tsunami,"POST_SESSION_INTERVIEW; task may be Precision, Navigation, tutorial, or general unless explicitly stated",NOT_EXPLICITLY_CLASSIFIED,RQ3,within-method latency and head-rotation trends,DIRECTLY_EXPRESSED_PARTICIPANT_CONTENT,NO_DIRECT_QUOTATION,
SITE2/P09,INTERVIEW,SITE2/P09/interview/Q2,SPATIAL_ORIENTATION_SUPPORTED,T2_SPATIAL_REPRESENTATION,T2_SPATIAL_REPRESENTATION,MULTIPLE,"POST_SESSION_INTERVIEW; task may be Precision, Navigation, tutorial, or general unless explicitly stated",NOT_EXPLICITLY_CLASSIFIED,RQ2,spatial-awareness composite; continuity,DIRECTLY_EXPRESSED_PARTICIPANT_CONTENT,NO_DIRECT_QUOTATION,
SITE2/P09,INTERVIEW,SITE2/P09/interview/Q2,TELEPORT_PATH_VISIBILITY,T3_CONTROL_PRECISION_UI,T3_CONTROL_PRECISION_UI,MULTIPLE,"POST_SESSION_INTERVIEW; task may be Precision, Navigation, tutorial, or general unless explicitly stated",NOT_EXPLICITLY_CLASSIFIED,RQ1/RQ2,landing precision,DIRECTLY_EXPRESSED_PARTICIPANT_CONTENT,NO_DIRECT_QUOTATION,
SITE2/P09,INTERVIEW,SITE2/P09/interview/Q3,LEARNING_AND_ACCLIMATIZATION,T4_ADOPTION_EXPERIENCE,T4_ADOPTION_EXPERIENCE,Minimap,"POST_SESSION_INTERVIEW; task may be Precision, Navigation, tutorial, or general unless explicitly stated",NOT_EXPLICITLY_CLASSIFIED,RQ3,within-method latency and head-rotation trends,DIRECTLY_EXPRESSED_PARTICIPANT_CONTENT,YES_AS_QUOTATION,Q-T4-01
SITE2/P09,INTERVIEW,SITE2/P09/interview/Q4,DISTANCE_DEPENDENT_SUITABILITY,T1_SCALE_CONTEXT,T1_SCALE_CONTEXT,Baseline,APPLICATION_CONTEXT_OR_GENERAL,SUITABLE,RQ1,precision by distance; route interaction,DIRECTLY_EXPRESSED_PARTICIPANT_CONTENT,NO_DIRECT_QUOTATION,
SITE2/P09,INTERVIEW,SITE2/P09/interview/Q4,TASK_CONTEXT_FIT,T1_SCALE_CONTEXT,T1_SCALE_CONTEXT,Baseline,APPLICATION_CONTEXT_OR_GENERAL,SUITABLE,RQ1/RQ3,route interaction; preference,DIRECTLY_EXPRESSED_PARTICIPANT_CONTENT,NO_DIRECT_QUOTATION,
SITE2/P09,INTERVIEW,SITE2/P09/interview/Q4,DISTANCE_DEPENDENT_SUITABILITY,T1_SCALE_CONTEXT,T1_SCALE_CONTEXT,Minimap,APPLICATION_CONTEXT_OR_GENERAL,SUITABLE,RQ1,precision by distance; route interaction,DIRECTLY_EXPRESSED_PARTICIPANT_CONTENT,NO_DIRECT_QUOTATION,
SITE2/P09,INTERVIEW,SITE2/P09/interview/Q4,DESTINATION_AREA_PREVIEW,T2_SPATIAL_REPRESENTATION,T2_SPATIAL_REPRESENTATION,Minimap,APPLICATION_CONTEXT_OR_GENERAL,SUITABLE,RQ2,spatial awareness; continuity,DIRECTLY_EXPRESSED_PARTICIPANT_CONTENT,NO_DIRECT_QUOTATION,
SITE2/P09,INTERVIEW,SITE2/P09/interview/Q4,TASK_CONTEXT_FIT,T1_SCALE_CONTEXT,T1_SCALE_CONTEXT,Minimap,APPLICATION_CONTEXT_OR_GENERAL,SUITABLE,RQ1/RQ3,route interaction; preference,DIRECTLY_EXPRESSED_PARTICIPANT_CONTENT,NO_DIRECT_QUOTATION,
SITE2/P09,INTERVIEW,SITE2/P09/interview/Q4,ENJOYMENT_AND_AESTHETIC_APPEAL,T4_ADOPTION_EXPERIENCE,T4_ADOPTION_EXPERIENCE,Minimap,APPLICATION_CONTEXT_OR_GENERAL,REDUCED;MIXED,RQ3,fun ranking; preference,DIRECTLY_EXPRESSED_PARTICIPANT_CONTENT,NO_DIRECT_QUOTATION,
SITE2/P09,INTERVIEW,SITE2/P09/interview/Q4,IMMERSION_AND_PRESENCE,T4_ADOPTION_EXPERIENCE,T4_ADOPTION_EXPERIENCE,Minimap,APPLICATION_CONTEXT_OR_GENERAL,REDUCED;MIXED,RQ2/RQ3,environmental continuity,DIRECTLY_EXPRESSED_PARTICIPANT_CONTENT,NO_DIRECT_QUOTATION,
SITE2/P09,INTERVIEW,SITE2/P09/interview/Q4,ENJOYMENT_AND_AESTHETIC_APPEAL,T4_ADOPTION_EXPERIENCE,T4_ADOPTION_EXPERIENCE,Tsunami,APPLICATION_CONTEXT_OR_GENERAL,MIXED,RQ3,fun ranking; preference,DIRECTLY_EXPRESSED_PARTICIPANT_CONTENT,NO_DIRECT_QUOTATION,
SITE2/P09,INTERVIEW,SITE2/P09/interview/Q4,IMMERSION_AND_PRESENCE,T4_ADOPTION_EXPERIENCE,T4_ADOPTION_EXPERIENCE,Tsunami,APPLICATION_CONTEXT_OR_GENERAL,MIXED,RQ2/RQ3,environmental continuity,DIRECTLY_EXPRESSED_PARTICIPANT_CONTENT,NO_DIRECT_QUOTATION,
SITE2/P09,INTERVIEW,SITE2/P09/interview/Q5,NO_SUBSTANTIVE_CODE,AUDIT_ONLY_OR_SECONDARY,NONE,MULTI_OR_UNSPECIFIED,"POST_SESSION_INTERVIEW; task may be Precision, Navigation, tutorial, or general unless explicitly stated",NOT_EXPLICITLY_CLASSIFIED,NONE,NONE,EXPLICIT_NO_ADDITIONAL_COMMENT_OR_NONCONTENT,NO_DIRECT_QUOTATION,
SITE2/P09,QUESTIONNAIRE_FREE_TEXT,SITE2/P09/questionnaire/POST_CONDITION_COMMENT,MAP_FRAME_ALIGNMENT,T2_SPATIAL_REPRESENTATION;T3_CONTROL_PRECISION_UI,T2_SPATIAL_REPRESENTATION;T3_CONTROL_PRECISION_UI,Minimap,POST_METHOD_BLOCK,NOT_EXPLICITLY_CLASSIFIED,RQ2/RQ3,yaw/pitch; head rotation; workload,DIRECTLY_EXPRESSED_PARTICIPANT_CONTENT,NO_DIRECT_QUOTATION,
SITE2/P09,QUESTIONNAIRE_FREE_TEXT,SITE2/P09/questionnaire/POST_CONDITION_COMMENT,LEARNING_AND_ACCLIMATIZATION,T4_ADOPTION_EXPERIENCE,T4_ADOPTION_EXPERIENCE,Minimap,POST_METHOD_BLOCK,NOT_EXPLICITLY_CLASSIFIED,RQ3,within-method latency and head-rotation trends,DIRECTLY_EXPRESSED_PARTICIPANT_CONTENT,NO_DIRECT_QUOTATION,
SITE2/P10,INTERVIEW,SITE2/P10/interview/Q1,LEARNING_AND_ACCLIMATIZATION,T4_ADOPTION_EXPERIENCE,T4_ADOPTION_EXPERIENCE,Baseline,"POST_SESSION_INTERVIEW; task may be Precision, Navigation, tutorial, or general unless explicitly stated",ENHANCED,RQ3,within-method latency and head-rotation trends,DIRECTLY_EXPRESSED_PARTICIPANT_CONTENT,NO_DIRECT_QUOTATION,
SITE2/P10,INTERVIEW,SITE2/P10/interview/Q1,TELEPORT_PATH_VISIBILITY,T3_CONTROL_PRECISION_UI,T3_CONTROL_PRECISION_UI,Baseline,"POST_SESSION_INTERVIEW; task may be Precision, Navigation, tutorial, or general unless explicitly stated",ENHANCED,RQ1/RQ2,landing precision,DIRECTLY_EXPRESSED_PARTICIPANT_CONTENT,NO_DIRECT_QUOTATION,
SITE2/P10,INTERVIEW,SITE2/P10/interview/Q1,PERCEIVED_REALISM_AND_COHERENCE,T4_ADOPTION_EXPERIENCE,T4_ADOPTION_EXPERIENCE,Baseline,"POST_SESSION_INTERVIEW; task may be Precision, Navigation, tutorial, or general unless explicitly stated",ENHANCED,RQ3,usability; preference,DIRECTLY_EXPRESSED_PARTICIPANT_CONTENT,NO_DIRECT_QUOTATION,
SITE2/P10,INTERVIEW,SITE2/P10/interview/Q2,DESTINATION_AREA_PREVIEW,T2_SPATIAL_REPRESENTATION,T2_SPATIAL_REPRESENTATION,Tsunami,"POST_SESSION_INTERVIEW; task may be Precision, Navigation, tutorial, or general unless explicitly stated",NOT_EXPLICITLY_CLASSIFIED,RQ2,spatial awareness; continuity,DIRECTLY_EXPRESSED_PARTICIPANT_CONTENT,NO_DIRECT_QUOTATION,
SITE2/P10,INTERVIEW,SITE2/P10/interview/Q2,SPATIAL_ORIENTATION_SUPPORTED,T2_SPATIAL_REPRESENTATION,T2_SPATIAL_REPRESENTATION,Tsunami,"POST_SESSION_INTERVIEW; task may be Precision, Navigation, tutorial, or general unless explicitly stated",NOT_EXPLICITLY_CLASSIFIED,RQ2,spatial-awareness composite; continuity,DIRECTLY_EXPRESSED_PARTICIPANT_CONTENT,NO_DIRECT_QUOTATION,
SITE2/P10,INTERVIEW,SITE2/P10/interview/Q3,SPATIAL_ORIENTATION_DISRUPTED,T2_SPATIAL_REPRESENTATION,T2_SPATIAL_REPRESENTATION,Minimap,"POST_SESSION_INTERVIEW; task may be Precision, Navigation, tutorial, or general unless explicitly stated",REDUCED,RQ2,spatial-awareness composite; continuity,DIRECTLY_EXPRESSED_PARTICIPANT_CONTENT,NO_DIRECT_QUOTATION,
SITE2/P10,INTERVIEW,SITE2/P10/interview/Q3,ENVIRONMENTAL_ATTENTION_REDUCED,T2_SPATIAL_REPRESENTATION,T2_SPATIAL_REPRESENTATION,Minimap,"POST_SESSION_INTERVIEW; task may be Precision, Navigation, tutorial, or general unless explicitly stated",REDUCED,RQ2,head rotation; latency; spatial awareness,DIRECTLY_EXPRESSED_PARTICIPANT_CONTENT,NO_DIRECT_QUOTATION,
SITE2/P10,INTERVIEW,SITE2/P10/interview/Q3,IMMERSION_AND_PRESENCE,T4_ADOPTION_EXPERIENCE,T4_ADOPTION_EXPERIENCE,Minimap,"POST_SESSION_INTERVIEW; task may be Precision, Navigation, tutorial, or general unless explicitly stated",REDUCED,RQ2/RQ3,environmental continuity,DIRECTLY_EXPRESSED_PARTICIPANT_CONTENT,NO_DIRECT_QUOTATION,
SITE2/P10,INTERVIEW,SITE2/P10/interview/Q4,TASK_CONTEXT_FIT,T1_SCALE_CONTEXT,T1_SCALE_CONTEXT,Minimap,APPLICATION_CONTEXT_OR_GENERAL,POSITIVE;SUITABLE,RQ1/RQ3,route interaction; preference,DIRECTLY_EXPRESSED_PARTICIPANT_CONTENT,NO_DIRECT_QUOTATION,
SITE2/P10,INTERVIEW,SITE2/P10/interview/Q4,LANDING_PRECISION,T3_CONTROL_PRECISION_UI,T3_CONTROL_PRECISION_UI,Minimap,APPLICATION_CONTEXT_OR_GENERAL,POSITIVE;SUITABLE,RQ1/RQ3,direct-hit and sequential landing error,DIRECTLY_EXPRESSED_PARTICIPANT_CONTENT,NO_DIRECT_QUOTATION,
SITE2/P10,INTERVIEW,SITE2/P10/interview/Q4,TASK_CONTEXT_FIT,T1_SCALE_CONTEXT,T1_SCALE_CONTEXT,Minimap,APPLICATION_CONTEXT_OR_GENERAL,SUITABLE,RQ1/RQ3,route interaction; preference,DIRECTLY_EXPRESSED_PARTICIPANT_CONTENT,NO_DIRECT_QUOTATION,
SITE2/P10,INTERVIEW,SITE2/P10/interview/Q4,TASK_CONTEXT_FIT,T1_SCALE_CONTEXT,T1_SCALE_CONTEXT,Tsunami,APPLICATION_CONTEXT_OR_GENERAL,SUITABLE,RQ1/RQ3,route interaction; preference,DIRECTLY_EXPRESSED_PARTICIPANT_CONTENT,NO_DIRECT_QUOTATION,
SITE2/P10,INTERVIEW,SITE2/P10/interview/Q4,DESTINATION_AREA_PREVIEW,T2_SPATIAL_REPRESENTATION,T2_SPATIAL_REPRESENTATION,Tsunami,APPLICATION_CONTEXT_OR_GENERAL,SUITABLE,RQ2,spatial awareness; continuity,DIRECTLY_EXPRESSED_PARTICIPANT_CONTENT,NO_DIRECT_QUOTATION,
SITE2/P10,INTERVIEW,SITE2/P10/interview/Q4,TASK_CONTEXT_FIT,T1_SCALE_CONTEXT,T1_SCALE_CONTEXT,Tsunami,APPLICATION_CONTEXT_OR_GENERAL,SUITABLE,RQ1/RQ3,route interaction; preference,DIRECTLY_EXPRESSED_PARTICIPANT_CONTENT,NO_DIRECT_QUOTATION,
SITE2/P10,INTERVIEW,SITE2/P10/interview/Q4,SPATIAL_ORIENTATION_SUPPORTED,T2_SPATIAL_REPRESENTATION,T2_SPATIAL_REPRESENTATION,Tsunami,APPLICATION_CONTEXT_OR_GENERAL,SUITABLE,RQ2,spatial-awareness composite; continuity,DIRECTLY_EXPRESSED_PARTICIPANT_CONTENT,NO_DIRECT_QUOTATION,
SITE2/P10,INTERVIEW,SITE2/P10/interview/Q4,TASK_CONTEXT_FIT,T1_SCALE_CONTEXT,T1_SCALE_CONTEXT,Baseline,APPLICATION_CONTEXT_OR_GENERAL,NEGATIVE;SUITABLE,RQ1/RQ3,route interaction; preference,DIRECTLY_EXPRESSED_PARTICIPANT_CONTENT,NO_DIRECT_QUOTATION,
SITE2/P10,INTERVIEW,SITE2/P10/interview/Q4,LANDING_PRECISION,T3_CONTROL_PRECISION_UI,T3_CONTROL_PRECISION_UI,Baseline,APPLICATION_CONTEXT_OR_GENERAL,NEGATIVE;SUITABLE,RQ1/RQ3,direct-hit and sequential landing error,DIRECTLY_EXPRESSED_PARTICIPANT_CONTENT,NO_DIRECT_QUOTATION,
SITE2/P10,INTERVIEW,SITE2/P10/interview/Q5,DESTINATION_AREA_PREVIEW,T2_SPATIAL_REPRESENTATION,T2_SPATIAL_REPRESENTATION,Tsunami,"POST_SESSION_INTERVIEW; task may be Precision, Navigation, tutorial, or general unless explicitly stated",POSITIVE,RQ2,spatial awareness; continuity,DIRECTLY_EXPRESSED_PARTICIPANT_CONTENT,NO_DIRECT_QUOTATION,
SITE2/P10,INTERVIEW,SITE2/P10/interview/Q5,SPATIAL_ORIENTATION_SUPPORTED,T2_SPATIAL_REPRESENTATION,T2_SPATIAL_REPRESENTATION,Tsunami,"POST_SESSION_INTERVIEW; task may be Precision, Navigation, tutorial, or general unless explicitly stated",POSITIVE,RQ2,spatial-awareness composite; continuity,DIRECTLY_EXPRESSED_PARTICIPANT_CONTENT,NO_DIRECT_QUOTATION,
SITE2/P10,INTERVIEW,SITE2/P10/interview/Q5,ENJOYMENT_AND_AESTHETIC_APPEAL,T4_ADOPTION_EXPERIENCE,T4_ADOPTION_EXPERIENCE,Tsunami,"POST_SESSION_INTERVIEW; task may be Precision, Navigation, tutorial, or general unless explicitly stated",POSITIVE,RQ3,fun ranking; preference,DIRECTLY_EXPRESSED_PARTICIPANT_CONTENT,NO_DIRECT_QUOTATION,
SITE2/P10,QUESTIONNAIRE_FREE_TEXT,SITE2/P10/questionnaire/POST_CONDITION_COMMENT,CONTROL_SENSITIVITY_AND_RELEASE,T3_CONTROL_PRECISION_UI,T3_CONTROL_PRECISION_UI,Baseline,POST_METHOD_BLOCK,NOT_EXPLICITLY_CLASSIFIED,RQ1/RQ3,landing error; corrective teleports,DIRECTLY_EXPRESSED_PARTICIPANT_CONTENT,NO_DIRECT_QUOTATION,
SITE2/P10,QUESTIONNAIRE_FREE_TEXT,SITE2/P10/questionnaire/POST_CONDITION_COMMENT,DISTANCE_DEPENDENT_SUITABILITY,T1_SCALE_CONTEXT,T1_SCALE_CONTEXT,Baseline,POST_METHOD_BLOCK,NOT_EXPLICITLY_CLASSIFIED,RQ1,precision by distance; route interaction,DIRECTLY_EXPRESSED_PARTICIPANT_CONTENT,NO_DIRECT_QUOTATION,
SITE2/P10,QUESTIONNAIRE_FREE_TEXT,SITE2/P10/questionnaire/POST_CONDITION_COMMENT,CONTROL_SENSITIVITY_AND_RELEASE,T3_CONTROL_PRECISION_UI,T3_CONTROL_PRECISION_UI,Minimap,POST_METHOD_BLOCK,NOT_EXPLICITLY_CLASSIFIED,RQ1/RQ3,landing error; corrective teleports,DIRECTLY_EXPRESSED_PARTICIPANT_CONTENT,NO_DIRECT_QUOTATION,
SITE2/P10,QUESTIONNAIRE_FREE_TEXT,SITE2/P10/questionnaire/POST_CONDITION_COMMENT,DISTANCE_DEPENDENT_SUITABILITY,T1_SCALE_CONTEXT,T1_SCALE_CONTEXT,Minimap,POST_METHOD_BLOCK,NOT_EXPLICITLY_CLASSIFIED,RQ1,precision by distance; route interaction,DIRECTLY_EXPRESSED_PARTICIPANT_CONTENT,NO_DIRECT_QUOTATION,
SITE2/P10,QUESTIONNAIRE_FREE_TEXT,SITE2/P10/questionnaire/POST_CONDITION_COMMENT,CONTROL_SENSITIVITY_AND_RELEASE,T3_CONTROL_PRECISION_UI,T3_CONTROL_PRECISION_UI,Tsunami,POST_METHOD_BLOCK,NOT_EXPLICITLY_CLASSIFIED,RQ1/RQ3,landing error; corrective teleports,DIRECTLY_EXPRESSED_PARTICIPANT_CONTENT,NO_DIRECT_QUOTATION,
SITE2/P10,QUESTIONNAIRE_FREE_TEXT,SITE2/P10/questionnaire/POST_CONDITION_COMMENT,DISTANCE_DEPENDENT_SUITABILITY,T1_SCALE_CONTEXT,T1_SCALE_CONTEXT,Tsunami,POST_METHOD_BLOCK,NOT_EXPLICITLY_CLASSIFIED,RQ1,precision by distance; route interaction,DIRECTLY_EXPRESSED_PARTICIPANT_CONTENT,NO_DIRECT_QUOTATION,
SITE2/P11,INTERVIEW,SITE2/P11/interview/Q1,WALKING_LIKE_INCREMENTAL_MOVEMENT,T2_SPATIAL_REPRESENTATION,T2_SPATIAL_REPRESENTATION,Baseline,"POST_SESSION_INTERVIEW; task may be Precision, Navigation, tutorial, or general unless explicitly stated",NOT_EXPLICITLY_CLASSIFIED,RQ2,route time; spatial awareness,DIRECTLY_EXPRESSED_PARTICIPANT_CONTENT,NO_DIRECT_QUOTATION,
SITE2/P11,INTERVIEW,SITE2/P11/interview/Q2,SPATIAL_ORIENTATION_SUPPORTED,T2_SPATIAL_REPRESENTATION,T2_SPATIAL_REPRESENTATION,MULTIPLE,"POST_SESSION_INTERVIEW; task may be Precision, Navigation, tutorial, or general unless explicitly stated",NOT_EXPLICITLY_CLASSIFIED,RQ2,spatial-awareness composite; continuity,DIRECTLY_EXPRESSED_PARTICIPANT_CONTENT,NO_DIRECT_QUOTATION,
SITE2/P11,INTERVIEW,SITE2/P11/interview/Q3,LEARNING_AND_ACCLIMATIZATION,T4_ADOPTION_EXPERIENCE,T4_ADOPTION_EXPERIENCE,MULTIPLE,"POST_SESSION_INTERVIEW; task may be Precision, Navigation, tutorial, or general unless explicitly stated",NOT_EXPLICITLY_CLASSIFIED,RQ3,within-method latency and head-rotation trends,DIRECTLY_EXPRESSED_PARTICIPANT_CONTENT,NO_DIRECT_QUOTATION,
SITE2/P11,INTERVIEW,SITE2/P11/interview/Q4,TASK_CONTEXT_FIT,T1_SCALE_CONTEXT,T1_SCALE_CONTEXT,Baseline,APPLICATION_CONTEXT_OR_GENERAL,SUITABLE,RQ1/RQ3,route interaction; preference,DIRECTLY_EXPRESSED_PARTICIPANT_CONTENT,NO_DIRECT_QUOTATION,
SITE2/P11,INTERVIEW,SITE2/P11/interview/Q4,TASK_CONTEXT_FIT,T1_SCALE_CONTEXT,T1_SCALE_CONTEXT,Minimap,APPLICATION_CONTEXT_OR_GENERAL,POSITIVE;SUITABLE,RQ1/RQ3,route interaction; preference,DIRECTLY_EXPRESSED_PARTICIPANT_CONTENT,NO_DIRECT_QUOTATION,
SITE2/P11,INTERVIEW,SITE2/P11/interview/Q4,TRAVERSAL_EFFICIENCY,T1_SCALE_CONTEXT,T1_SCALE_CONTEXT,Minimap,APPLICATION_CONTEXT_OR_GENERAL,POSITIVE;SUITABLE,RQ1,route time; teleport count; path efficiency,DIRECTLY_EXPRESSED_PARTICIPANT_CONTENT,NO_DIRECT_QUOTATION,
SITE2/P11,INTERVIEW,SITE2/P11/interview/Q4,TASK_CONTEXT_FIT,T1_SCALE_CONTEXT,T1_SCALE_CONTEXT,Tsunami,APPLICATION_CONTEXT_OR_GENERAL,POSITIVE;SUITABLE,RQ1/RQ3,route interaction; preference,DIRECTLY_EXPRESSED_PARTICIPANT_CONTENT,NO_DIRECT_QUOTATION,
SITE2/P11,INTERVIEW,SITE2/P11/interview/Q4,TRAVERSAL_EFFICIENCY,T1_SCALE_CONTEXT,T1_SCALE_CONTEXT,Tsunami,APPLICATION_CONTEXT_OR_GENERAL,POSITIVE;SUITABLE,RQ1,route time; teleport count; path efficiency,DIRECTLY_EXPRESSED_PARTICIPANT_CONTENT,NO_DIRECT_QUOTATION,
SITE2/P11,INTERVIEW,SITE2/P11/interview/Q4,LANDING_PRECISION,T3_CONTROL_PRECISION_UI,T3_CONTROL_PRECISION_UI,Tsunami,APPLICATION_CONTEXT_OR_GENERAL,POSITIVE;SUITABLE,RQ1/RQ3,direct-hit and sequential landing error,DIRECTLY_EXPRESSED_PARTICIPANT_CONTENT,NO_DIRECT_QUOTATION,
SITE2/P11,INTERVIEW,SITE2/P11/interview/Q4,DISTANCE_DEPENDENT_SUITABILITY,T1_SCALE_CONTEXT,T1_SCALE_CONTEXT,Tsunami,APPLICATION_CONTEXT_OR_GENERAL,POSITIVE;SUITABLE,RQ1,precision by distance; route interaction,DIRECTLY_EXPRESSED_PARTICIPANT_CONTENT,NO_DIRECT_QUOTATION,
SITE2/P11,INTERVIEW,SITE2/P11/interview/Q4,SPATIAL_ORIENTATION_SUPPORTED,T2_SPATIAL_REPRESENTATION,T2_SPATIAL_REPRESENTATION,Tsunami,APPLICATION_CONTEXT_OR_GENERAL,NOT_EXPLICITLY_CLASSIFIED,RQ2,spatial-awareness composite; continuity,DIRECTLY_EXPRESSED_PARTICIPANT_CONTENT,NO_DIRECT_QUOTATION,
SITE2/P11,INTERVIEW,SITE2/P11/interview/Q5,LANDING_PRECISION,T3_CONTROL_PRECISION_UI,T3_CONTROL_PRECISION_UI,Tsunami,"POST_SESSION_INTERVIEW; task may be Precision, Navigation, tutorial, or general unless explicitly stated",NEGATIVE,RQ1/RQ3,direct-hit and sequential landing error,DIRECTLY_EXPRESSED_PARTICIPANT_CONTENT,NO_DIRECT_QUOTATION,
SITE2/P11,INTERVIEW,SITE2/P11/interview/Q5,CONTROL_SENSITIVITY_AND_RELEASE,T3_CONTROL_PRECISION_UI,T3_CONTROL_PRECISION_UI,Tsunami,"POST_SESSION_INTERVIEW; task may be Precision, Navigation, tutorial, or general unless explicitly stated",NEGATIVE,RQ1/RQ3,landing error; corrective teleports,DIRECTLY_EXPRESSED_PARTICIPANT_CONTENT,NO_DIRECT_QUOTATION,
SITE2/P11,INTERVIEW,SITE2/P11/interview/Q5,MAP_FRAME_ALIGNMENT,T2_SPATIAL_REPRESENTATION;T3_CONTROL_PRECISION_UI,T2_SPATIAL_REPRESENTATION;T3_CONTROL_PRECISION_UI,Minimap,"POST_SESSION_INTERVIEW; task may be Precision, Navigation, tutorial, or general unless explicitly stated",NOT_EXPLICITLY_CLASSIFIED,RQ2/RQ3,yaw/pitch; head rotation; workload,DIRECTLY_EXPRESSED_PARTICIPANT_CONTENT,NO_DIRECT_QUOTATION,
SITE2/P11,INTERVIEW,SITE2/P11/interview/Q5,LEARNING_AND_ACCLIMATIZATION,T4_ADOPTION_EXPERIENCE,T4_ADOPTION_EXPERIENCE,Minimap,"POST_SESSION_INTERVIEW; task may be Precision, Navigation, tutorial, or general unless explicitly stated",NOT_EXPLICITLY_CLASSIFIED,RQ3,within-method latency and head-rotation trends,DIRECTLY_EXPRESSED_PARTICIPANT_CONTENT,NO_DIRECT_QUOTATION,
SITE2/P11,QUESTIONNAIRE_FREE_TEXT,SITE2/P11/questionnaire/POST_CONDITION_COMMENT,VISUAL_UI_PRESENTATION,T3_CONTROL_PRECISION_UI,T3_CONTROL_PRECISION_UI,SHARED_UI,POST_METHOD_BLOCK,NEGATIVE,RQ3,workload; usability,DIRECTLY_EXPRESSED_PARTICIPANT_CONTENT,NO_DIRECT_QUOTATION,
SITE2/P11,QUESTIONNAIRE_FREE_TEXT,SITE2/P11/questionnaire/POST_CONDITION_COMMENT,DISTANCE_DEPENDENT_SUITABILITY,T1_SCALE_CONTEXT,T1_SCALE_CONTEXT,Tsunami,POST_METHOD_BLOCK,POSITIVE,RQ1,precision by distance; route interaction,DIRECTLY_EXPRESSED_PARTICIPANT_CONTENT,NO_DIRECT_QUOTATION,
SITE2/P11,QUESTIONNAIRE_FREE_TEXT,SITE2/P11/questionnaire/POST_CONDITION_COMMENT,CONTROL_SENSITIVITY_AND_RELEASE,T3_CONTROL_PRECISION_UI,T3_CONTROL_PRECISION_UI,Tsunami,POST_METHOD_BLOCK,NEGATIVE,RQ1/RQ3,landing error; corrective teleports,DIRECTLY_EXPRESSED_PARTICIPANT_CONTENT,NO_DIRECT_QUOTATION,
SITE2/P12,INTERVIEW,SITE2/P12/interview/Q1,PERCEIVED_REALISM_AND_COHERENCE,T4_ADOPTION_EXPERIENCE,T4_ADOPTION_EXPERIENCE,Baseline,"POST_SESSION_INTERVIEW; task may be Precision, Navigation, tutorial, or general unless explicitly stated",ENHANCED,RQ3,usability; preference,DIRECTLY_EXPRESSED_PARTICIPANT_CONTENT,NO_DIRECT_QUOTATION,
SITE2/P12,INTERVIEW,SITE2/P12/interview/Q2,DESTINATION_AREA_PREVIEW,T2_SPATIAL_REPRESENTATION,T2_SPATIAL_REPRESENTATION,Minimap,"POST_SESSION_INTERVIEW; task may be Precision, Navigation, tutorial, or general unless explicitly stated",NOT_EXPLICITLY_CLASSIFIED,RQ2,spatial awareness; continuity,DIRECTLY_EXPRESSED_PARTICIPANT_CONTENT,NO_DIRECT_QUOTATION,
SITE2/P12,INTERVIEW,SITE2/P12/interview/Q2,SPATIAL_ORIENTATION_SUPPORTED,T2_SPATIAL_REPRESENTATION,T2_SPATIAL_REPRESENTATION,Minimap,"POST_SESSION_INTERVIEW; task may be Precision, Navigation, tutorial, or general unless explicitly stated",NOT_EXPLICITLY_CLASSIFIED,RQ2,spatial-awareness composite; continuity,DIRECTLY_EXPRESSED_PARTICIPANT_CONTENT,NO_DIRECT_QUOTATION,
SITE2/P12,INTERVIEW,SITE2/P12/interview/Q3,PERCEIVED_REALISM_AND_COHERENCE,T4_ADOPTION_EXPERIENCE,T4_ADOPTION_EXPERIENCE,Tsunami,"POST_SESSION_INTERVIEW; task may be Precision, Navigation, tutorial, or general unless explicitly stated",REDUCED,RQ3,usability; preference,DIRECTLY_EXPRESSED_PARTICIPANT_CONTENT,NO_DIRECT_QUOTATION,
SITE2/P12,INTERVIEW,SITE2/P12/interview/Q4,DESTINATION_AREA_PREVIEW,T2_SPATIAL_REPRESENTATION,T2_SPATIAL_REPRESENTATION,Minimap,APPLICATION_CONTEXT_OR_GENERAL,SUITABLE,RQ2,spatial awareness; continuity,DIRECTLY_EXPRESSED_PARTICIPANT_CONTENT,NO_DIRECT_QUOTATION,
SITE2/P12,INTERVIEW,SITE2/P12/interview/Q4,TASK_CONTEXT_FIT,T1_SCALE_CONTEXT,T1_SCALE_CONTEXT,Minimap,APPLICATION_CONTEXT_OR_GENERAL,SUITABLE,RQ1/RQ3,route interaction; preference,DIRECTLY_EXPRESSED_PARTICIPANT_CONTENT,NO_DIRECT_QUOTATION,
SITE2/P12,INTERVIEW,SITE2/P12/interview/Q4,WALKING_LIKE_INCREMENTAL_MOVEMENT,T2_SPATIAL_REPRESENTATION,T2_SPATIAL_REPRESENTATION,Baseline,APPLICATION_CONTEXT_OR_GENERAL,SUITABLE,RQ2,route time; spatial awareness,DIRECTLY_EXPRESSED_PARTICIPANT_CONTENT,NO_DIRECT_QUOTATION,
SITE2/P12,INTERVIEW,SITE2/P12/interview/Q4,TASK_CONTEXT_FIT,T1_SCALE_CONTEXT,T1_SCALE_CONTEXT,Baseline,APPLICATION_CONTEXT_OR_GENERAL,SUITABLE,RQ1/RQ3,route interaction; preference,DIRECTLY_EXPRESSED_PARTICIPANT_CONTENT,NO_DIRECT_QUOTATION,
SITE2/P12,INTERVIEW,SITE2/P12/interview/Q4,TRAVERSAL_EFFICIENCY,T1_SCALE_CONTEXT,T1_SCALE_CONTEXT,Tsunami,APPLICATION_CONTEXT_OR_GENERAL,POSITIVE;SUITABLE,RQ1,route time; teleport count; path efficiency,DIRECTLY_EXPRESSED_PARTICIPANT_CONTENT,NO_DIRECT_QUOTATION,
SITE2/P12,INTERVIEW,SITE2/P12/interview/Q4,DISTANCE_DEPENDENT_SUITABILITY,T1_SCALE_CONTEXT,T1_SCALE_CONTEXT,Tsunami,APPLICATION_CONTEXT_OR_GENERAL,POSITIVE;SUITABLE,RQ1,precision by distance; route interaction,DIRECTLY_EXPRESSED_PARTICIPANT_CONTENT,NO_DIRECT_QUOTATION,
SITE2/P12,INTERVIEW,SITE2/P12/interview/Q4,TASK_CONTEXT_FIT,T1_SCALE_CONTEXT,T1_SCALE_CONTEXT,Tsunami,APPLICATION_CONTEXT_OR_GENERAL,POSITIVE;SUITABLE,RQ1/RQ3,route interaction; preference,DIRECTLY_EXPRESSED_PARTICIPANT_CONTENT,NO_DIRECT_QUOTATION,
SITE2/P12,INTERVIEW,SITE2/P12/interview/Q5,VISUAL_UI_PRESENTATION,T3_CONTROL_PRECISION_UI,T3_CONTROL_PRECISION_UI,Minimap,"POST_SESSION_INTERVIEW; task may be Precision, Navigation, tutorial, or general unless explicitly stated",POSITIVE,RQ3,workload; usability,DIRECTLY_EXPRESSED_PARTICIPANT_CONTENT,NO_DIRECT_QUOTATION,
SITE2/P13,INTERVIEW,SITE2/P13/interview/Q1,PRIOR_FAMILIARITY,T4_ADOPTION_EXPERIENCE,T4_ADOPTION_EXPERIENCE,Minimap,"POST_SESSION_INTERVIEW; task may be Precision, Navigation, tutorial, or general unless explicitly stated",NOT_EXPLICITLY_CLASSIFIED,RQ3,usability; preference,DIRECTLY_EXPRESSED_PARTICIPANT_CONTENT,NO_DIRECT_QUOTATION,
SITE2/P13,INTERVIEW,SITE2/P13/interview/Q2,SPATIAL_ORIENTATION_SUPPORTED,T2_SPATIAL_REPRESENTATION,T2_SPATIAL_REPRESENTATION,Tsunami,"POST_SESSION_INTERVIEW; task may be Precision, Navigation, tutorial, or general unless explicitly stated",NOT_EXPLICITLY_CLASSIFIED,RQ2,spatial-awareness composite; continuity,DIRECTLY_EXPRESSED_PARTICIPANT_CONTENT,NO_DIRECT_QUOTATION,
SITE2/P13,INTERVIEW,SITE2/P13/interview/Q3,NO_SUBSTANTIVE_CODE,AUDIT_ONLY_OR_SECONDARY,NONE,MULTI_OR_UNSPECIFIED,"POST_SESSION_INTERVIEW; task may be Precision, Navigation, tutorial, or general unless explicitly stated",NOT_EXPLICITLY_CLASSIFIED,NONE,NONE,EXPLICIT_NO_ADDITIONAL_COMMENT_OR_NONCONTENT,NO_DIRECT_QUOTATION,
SITE2/P13,INTERVIEW,SITE2/P13/interview/Q4,DISTANCE_DEPENDENT_SUITABILITY,T1_SCALE_CONTEXT,T1_SCALE_CONTEXT,Minimap,APPLICATION_CONTEXT_OR_GENERAL,POSITIVE;SUITABLE,RQ1,precision by distance; route interaction,DIRECTLY_EXPRESSED_PARTICIPANT_CONTENT,NO_DIRECT_QUOTATION,
SITE2/P13,INTERVIEW,SITE2/P13/interview/Q4,LANDING_PRECISION,T3_CONTROL_PRECISION_UI,T3_CONTROL_PRECISION_UI,Minimap,APPLICATION_CONTEXT_OR_GENERAL,POSITIVE;SUITABLE,RQ1/RQ3,direct-hit and sequential landing error,DIRECTLY_EXPRESSED_PARTICIPANT_CONTENT,NO_DIRECT_QUOTATION,
SITE2/P13,INTERVIEW,SITE2/P13/interview/Q4,TASK_CONTEXT_FIT,T1_SCALE_CONTEXT,T1_SCALE_CONTEXT,Minimap,APPLICATION_CONTEXT_OR_GENERAL,POSITIVE;SUITABLE,RQ1/RQ3,route interaction; preference,DIRECTLY_EXPRESSED_PARTICIPANT_CONTENT,NO_DIRECT_QUOTATION,
SITE2/P13,INTERVIEW,SITE2/P13/interview/Q4,DISTANCE_DEPENDENT_SUITABILITY,T1_SCALE_CONTEXT,T1_SCALE_CONTEXT,Baseline,APPLICATION_CONTEXT_OR_GENERAL,SUITABLE,RQ1,precision by distance; route interaction,DIRECTLY_EXPRESSED_PARTICIPANT_CONTENT,NO_DIRECT_QUOTATION,
SITE2/P13,INTERVIEW,SITE2/P13/interview/Q4,TASK_CONTEXT_FIT,T1_SCALE_CONTEXT,T1_SCALE_CONTEXT,Baseline,APPLICATION_CONTEXT_OR_GENERAL,SUITABLE,RQ1/RQ3,route interaction; preference,DIRECTLY_EXPRESSED_PARTICIPANT_CONTENT,NO_DIRECT_QUOTATION,
SITE2/P13,INTERVIEW,SITE2/P13/interview/Q4,DISTANCE_DEPENDENT_SUITABILITY,T1_SCALE_CONTEXT,T1_SCALE_CONTEXT,Tsunami,APPLICATION_CONTEXT_OR_GENERAL,SUITABLE,RQ1,precision by distance; route interaction,DIRECTLY_EXPRESSED_PARTICIPANT_CONTENT,NO_DIRECT_QUOTATION,
SITE2/P13,INTERVIEW,SITE2/P13/interview/Q4,TASK_CONTEXT_FIT,T1_SCALE_CONTEXT,T1_SCALE_CONTEXT,Tsunami,APPLICATION_CONTEXT_OR_GENERAL,SUITABLE,RQ1/RQ3,route interaction; preference,DIRECTLY_EXPRESSED_PARTICIPANT_CONTENT,NO_DIRECT_QUOTATION,
SITE2/P13,INTERVIEW,SITE2/P13/interview/Q5,HYBRID_CONFIGURATION,T4_ADOPTION_EXPERIENCE,T4_ADOPTION_EXPERIENCE,MULTIPLE,"POST_SESSION_INTERVIEW; task may be Precision, Navigation, tutorial, or general unless explicitly stated",NOT_EXPLICITLY_CLASSIFIED,RQ1/RQ3,none directly,DIRECTLY_EXPRESSED_PARTICIPANT_CONTENT,NO_DIRECT_QUOTATION,
SITE2/P13,INTERVIEW,SITE2/P13/interview/Q5,WALKING_LIKE_INCREMENTAL_MOVEMENT,T2_SPATIAL_REPRESENTATION,T2_SPATIAL_REPRESENTATION,MULTIPLE,"POST_SESSION_INTERVIEW; task may be Precision, Navigation, tutorial, or general unless explicitly stated",NOT_EXPLICITLY_CLASSIFIED,RQ2,route time; spatial awareness,DIRECTLY_EXPRESSED_PARTICIPANT_CONTENT,NO_DIRECT_QUOTATION,
SITE2/P13,INTERVIEW,SITE2/P13/interview/Q5,PHYSICAL_ERGONOMICS,T4_ADOPTION_EXPERIENCE,T4_ADOPTION_EXPERIENCE,MULTIPLE,"POST_SESSION_INTERVIEW; task may be Precision, Navigation, tutorial, or general unless explicitly stated",NOT_EXPLICITLY_CLASSIFIED,RQ3,RAW-TLX,DIRECTLY_EXPRESSED_PARTICIPANT_CONTENT,NO_DIRECT_QUOTATION,
SITE2/P14,INTERVIEW,SITE2/P14/interview/Q1,PERCEIVED_REALISM_AND_COHERENCE,T4_ADOPTION_EXPERIENCE,T4_ADOPTION_EXPERIENCE,Baseline,"POST_SESSION_INTERVIEW; task may be Precision, Navigation, tutorial, or general unless explicitly stated",ENHANCED,RQ3,usability; preference,DIRECTLY_EXPRESSED_PARTICIPANT_CONTENT,NO_DIRECT_QUOTATION,
SITE2/P14,INTERVIEW,SITE2/P14/interview/Q2,DESTINATION_AREA_PREVIEW,T2_SPATIAL_REPRESENTATION,T2_SPATIAL_REPRESENTATION,Minimap,"POST_SESSION_INTERVIEW; task may be Precision, Navigation, tutorial, or general unless explicitly stated",NOT_EXPLICITLY_CLASSIFIED,RQ2,spatial awareness; continuity,DIRECTLY_EXPRESSED_PARTICIPANT_CONTENT,NO_DIRECT_QUOTATION,
SITE2/P14,INTERVIEW,SITE2/P14/interview/Q2,SPATIAL_ORIENTATION_SUPPORTED,T2_SPATIAL_REPRESENTATION,T2_SPATIAL_REPRESENTATION,Minimap,"POST_SESSION_INTERVIEW; task may be Precision, Navigation, tutorial, or general unless explicitly stated",NOT_EXPLICITLY_CLASSIFIED,RQ2,spatial-awareness composite; continuity,DIRECTLY_EXPRESSED_PARTICIPANT_CONTENT,NO_DIRECT_QUOTATION,
SITE2/P14,INTERVIEW,SITE2/P14/interview/Q3,NO_SUBSTANTIVE_CODE,AUDIT_ONLY_OR_SECONDARY,NONE,MULTI_OR_UNSPECIFIED,"POST_SESSION_INTERVIEW; task may be Precision, Navigation, tutorial, or general unless explicitly stated",NOT_EXPLICITLY_CLASSIFIED,NONE,NONE,EXPLICIT_NO_ADDITIONAL_COMMENT_OR_NONCONTENT,NO_DIRECT_QUOTATION,
SITE2/P14,INTERVIEW,SITE2/P14/interview/Q4,DESTINATION_AREA_PREVIEW,T2_SPATIAL_REPRESENTATION,T2_SPATIAL_REPRESENTATION,Minimap,APPLICATION_CONTEXT_OR_GENERAL,SUITABLE;POSITIVE,RQ2,spatial awareness; continuity,DIRECTLY_EXPRESSED_PARTICIPANT_CONTENT,NO_DIRECT_QUOTATION,
SITE2/P14,INTERVIEW,SITE2/P14/interview/Q4,TASK_CONTEXT_FIT,T1_SCALE_CONTEXT,T1_SCALE_CONTEXT,Minimap,APPLICATION_CONTEXT_OR_GENERAL,SUITABLE;POSITIVE,RQ1/RQ3,route interaction; preference,DIRECTLY_EXPRESSED_PARTICIPANT_CONTENT,NO_DIRECT_QUOTATION,
SITE2/P14,INTERVIEW,SITE2/P14/interview/Q4,ENJOYMENT_AND_AESTHETIC_APPEAL,T4_ADOPTION_EXPERIENCE,T4_ADOPTION_EXPERIENCE,Minimap,APPLICATION_CONTEXT_OR_GENERAL,SUITABLE;POSITIVE,RQ3,fun ranking; preference,DIRECTLY_EXPRESSED_PARTICIPANT_CONTENT,NO_DIRECT_QUOTATION,
SITE2/P14,INTERVIEW,SITE2/P14/interview/Q4,SPATIAL_ORIENTATION_SUPPORTED,T2_SPATIAL_REPRESENTATION,T2_SPATIAL_REPRESENTATION,Baseline,APPLICATION_CONTEXT_OR_GENERAL,SUITABLE,RQ2,spatial-awareness composite; continuity,DIRECTLY_EXPRESSED_PARTICIPANT_CONTENT,NO_DIRECT_QUOTATION,
SITE2/P14,INTERVIEW,SITE2/P14/interview/Q4,TASK_CONTEXT_FIT,T1_SCALE_CONTEXT,T1_SCALE_CONTEXT,Baseline,APPLICATION_CONTEXT_OR_GENERAL,SUITABLE,RQ1/RQ3,route interaction; preference,DIRECTLY_EXPRESSED_PARTICIPANT_CONTENT,NO_DIRECT_QUOTATION,
SITE2/P14,INTERVIEW,SITE2/P14/interview/Q5,NO_SUBSTANTIVE_CODE,AUDIT_ONLY_OR_SECONDARY,NONE,MULTI_OR_UNSPECIFIED,"POST_SESSION_INTERVIEW; task may be Precision, Navigation, tutorial, or general unless explicitly stated",NOT_EXPLICITLY_CLASSIFIED,NONE,NONE,EXPLICIT_NO_ADDITIONAL_COMMENT_OR_NONCONTENT,NO_DIRECT_QUOTATION,
SITE2/P17,INTERVIEW,SITE2/P17/interview/Q1,LEARNING_AND_ACCLIMATIZATION,T4_ADOPTION_EXPERIENCE,T4_ADOPTION_EXPERIENCE,Tsunami,"POST_SESSION_INTERVIEW; task may be Precision, Navigation, tutorial, or general unless explicitly stated",POSITIVE,RQ3,within-method latency and head-rotation trends,DIRECTLY_EXPRESSED_PARTICIPANT_CONTENT,NO_DIRECT_QUOTATION,
SITE2/P17,INTERVIEW,SITE2/P17/interview/Q1,LANDING_PRECISION,T3_CONTROL_PRECISION_UI,T3_CONTROL_PRECISION_UI,Tsunami,"POST_SESSION_INTERVIEW; task may be Precision, Navigation, tutorial, or general unless explicitly stated",POSITIVE,RQ1/RQ3,direct-hit and sequential landing error,DIRECTLY_EXPRESSED_PARTICIPANT_CONTENT,NO_DIRECT_QUOTATION,
SITE2/P17,INTERVIEW,SITE2/P17/interview/Q1,DISTANCE_DEPENDENT_SUITABILITY,T1_SCALE_CONTEXT,T1_SCALE_CONTEXT,Tsunami,"POST_SESSION_INTERVIEW; task may be Precision, Navigation, tutorial, or general unless explicitly stated",POSITIVE,RQ1,precision by distance; route interaction,DIRECTLY_EXPRESSED_PARTICIPANT_CONTENT,NO_DIRECT_QUOTATION,
SITE2/P17,INTERVIEW,SITE2/P17/interview/Q1,LEARNING_AND_ACCLIMATIZATION,T4_ADOPTION_EXPERIENCE,T4_ADOPTION_EXPERIENCE,Minimap,"POST_SESSION_INTERVIEW; task may be Precision, Navigation, tutorial, or general unless explicitly stated",POSITIVE,RQ3,within-method latency and head-rotation trends,DIRECTLY_EXPRESSED_PARTICIPANT_CONTENT,NO_DIRECT_QUOTATION,
SITE2/P17,INTERVIEW,SITE2/P17/interview/Q1,LANDING_PRECISION,T3_CONTROL_PRECISION_UI,T3_CONTROL_PRECISION_UI,Minimap,"POST_SESSION_INTERVIEW; task may be Precision, Navigation, tutorial, or general unless explicitly stated",POSITIVE,RQ1/RQ3,direct-hit and sequential landing error,DIRECTLY_EXPRESSED_PARTICIPANT_CONTENT,NO_DIRECT_QUOTATION,
SITE2/P17,INTERVIEW,SITE2/P17/interview/Q1,ENVIRONMENTAL_ATTENTION_REDUCED,T2_SPATIAL_REPRESENTATION,T2_SPATIAL_REPRESENTATION,Minimap,"POST_SESSION_INTERVIEW; task may be Precision, Navigation, tutorial, or general unless explicitly stated",POSITIVE,RQ2,head rotation; latency; spatial awareness,DIRECTLY_EXPRESSED_PARTICIPANT_CONTENT,NO_DIRECT_QUOTATION,
SITE2/P17,INTERVIEW,SITE2/P17/interview/Q1,LEARNING_AND_ACCLIMATIZATION,T4_ADOPTION_EXPERIENCE,T4_ADOPTION_EXPERIENCE,Baseline,"POST_SESSION_INTERVIEW; task may be Precision, Navigation, tutorial, or general unless explicitly stated",NOT_EXPLICITLY_CLASSIFIED,RQ3,within-method latency and head-rotation trends,DIRECTLY_EXPRESSED_PARTICIPANT_CONTENT,NO_DIRECT_QUOTATION,
SITE2/P17,INTERVIEW,SITE2/P17/interview/Q1,DISTANCE_DEPENDENT_SUITABILITY,T1_SCALE_CONTEXT,T1_SCALE_CONTEXT,Baseline,"POST_SESSION_INTERVIEW; task may be Precision, Navigation, tutorial, or general unless explicitly stated",NOT_EXPLICITLY_CLASSIFIED,RQ1,precision by distance; route interaction,DIRECTLY_EXPRESSED_PARTICIPANT_CONTENT,NO_DIRECT_QUOTATION,
SITE2/P17,INTERVIEW,SITE2/P17/interview/Q2,REORIENTATION_AND_TURNING_COST,T2_SPATIAL_REPRESENTATION,T2_SPATIAL_REPRESENTATION,Baseline,"POST_SESSION_INTERVIEW; task may be Precision, Navigation, tutorial, or general unless explicitly stated",NOT_EXPLICITLY_CLASSIFIED,RQ2,latency; head rotation; yaw/pitch,DIRECTLY_EXPRESSED_PARTICIPANT_CONTENT,NO_DIRECT_QUOTATION,
SITE2/P17,INTERVIEW,SITE2/P17/interview/Q2,WALKING_LIKE_INCREMENTAL_MOVEMENT,T2_SPATIAL_REPRESENTATION,T2_SPATIAL_REPRESENTATION,Baseline,"POST_SESSION_INTERVIEW; task may be Precision, Navigation, tutorial, or general unless explicitly stated",NOT_EXPLICITLY_CLASSIFIED,RQ2,route time; spatial awareness,DIRECTLY_EXPRESSED_PARTICIPANT_CONTENT,NO_DIRECT_QUOTATION,
SITE2/P17,INTERVIEW,SITE2/P17/interview/Q2,SPATIAL_ORIENTATION_SUPPORTED,T2_SPATIAL_REPRESENTATION,T2_SPATIAL_REPRESENTATION,Baseline,"POST_SESSION_INTERVIEW; task may be Precision, Navigation, tutorial, or general unless explicitly stated",NOT_EXPLICITLY_CLASSIFIED,RQ2,spatial-awareness composite; continuity,DIRECTLY_EXPRESSED_PARTICIPANT_CONTENT,NO_DIRECT_QUOTATION,
SITE2/P17,INTERVIEW,SITE2/P17/interview/Q2,SPATIAL_ORIENTATION_DISRUPTED,T2_SPATIAL_REPRESENTATION,T2_SPATIAL_REPRESENTATION,Tsunami,"POST_SESSION_INTERVIEW; task may be Precision, Navigation, tutorial, or general unless explicitly stated",NOT_EXPLICITLY_CLASSIFIED,RQ2,spatial-awareness composite; continuity,DIRECTLY_EXPRESSED_PARTICIPANT_CONTENT,NO_DIRECT_QUOTATION,
SITE2/P17,INTERVIEW,SITE2/P17/interview/Q2,ENVIRONMENTAL_ATTENTION_REDUCED,T2_SPATIAL_REPRESENTATION,T2_SPATIAL_REPRESENTATION,Minimap,"POST_SESSION_INTERVIEW; task may be Precision, Navigation, tutorial, or general unless explicitly stated",NOT_EXPLICITLY_CLASSIFIED,RQ2,head rotation; latency; spatial awareness,DIRECTLY_EXPRESSED_PARTICIPANT_CONTENT,YES_AS_QUOTATION,Q-T2-01
SITE2/P17,INTERVIEW,SITE2/P17/interview/Q2,SPATIAL_ORIENTATION_DISRUPTED,T2_SPATIAL_REPRESENTATION,T2_SPATIAL_REPRESENTATION,Minimap,"POST_SESSION_INTERVIEW; task may be Precision, Navigation, tutorial, or general unless explicitly stated",NOT_EXPLICITLY_CLASSIFIED,RQ2,spatial-awareness composite; continuity,DIRECTLY_EXPRESSED_PARTICIPANT_CONTENT,YES_AS_QUOTATION,Q-T2-01
SITE2/P17,INTERVIEW,SITE2/P17/interview/Q2,MAP_FRAME_ALIGNMENT,T2_SPATIAL_REPRESENTATION;T3_CONTROL_PRECISION_UI,T2_SPATIAL_REPRESENTATION;T3_CONTROL_PRECISION_UI,Minimap,"POST_SESSION_INTERVIEW; task may be Precision, Navigation, tutorial, or general unless explicitly stated",NOT_EXPLICITLY_CLASSIFIED,RQ2/RQ3,yaw/pitch; head rotation; workload,DIRECTLY_EXPRESSED_PARTICIPANT_CONTENT,YES_AS_QUOTATION,Q-T2-01
SITE2/P17,INTERVIEW,SITE2/P17/interview/Q3,LEARNING_AND_ACCLIMATIZATION,T4_ADOPTION_EXPERIENCE,T4_ADOPTION_EXPERIENCE,MULTI_OR_UNSPECIFIED,"POST_SESSION_INTERVIEW; task may be Precision, Navigation, tutorial, or general unless explicitly stated",NOT_EXPLICITLY_CLASSIFIED,RQ3,within-method latency and head-rotation trends,DIRECTLY_EXPRESSED_PARTICIPANT_CONTENT,NO_DIRECT_QUOTATION,
SITE2/P17,INTERVIEW,SITE2/P17/interview/Q4,LANDING_PRECISION,T3_CONTROL_PRECISION_UI,T3_CONTROL_PRECISION_UI,Tsunami,APPLICATION_CONTEXT_OR_GENERAL,POSITIVE;SUITABLE,RQ1/RQ3,direct-hit and sequential landing error,DIRECTLY_EXPRESSED_PARTICIPANT_CONTENT,NO_DIRECT_QUOTATION,
SITE2/P17,INTERVIEW,SITE2/P17/interview/Q4,DISTANCE_DEPENDENT_SUITABILITY,T1_SCALE_CONTEXT,T1_SCALE_CONTEXT,Tsunami,APPLICATION_CONTEXT_OR_GENERAL,POSITIVE;SUITABLE,RQ1,precision by distance; route interaction,DIRECTLY_EXPRESSED_PARTICIPANT_CONTENT,NO_DIRECT_QUOTATION,
SITE2/P17,INTERVIEW,SITE2/P17/interview/Q4,TASK_CONTEXT_FIT,T1_SCALE_CONTEXT,T1_SCALE_CONTEXT,Tsunami,APPLICATION_CONTEXT_OR_GENERAL,POSITIVE;SUITABLE,RQ1/RQ3,route interaction; preference,DIRECTLY_EXPRESSED_PARTICIPANT_CONTENT,NO_DIRECT_QUOTATION,
SITE2/P17,INTERVIEW,SITE2/P17/interview/Q4,TRAVERSAL_EFFICIENCY,T1_SCALE_CONTEXT,T1_SCALE_CONTEXT,Minimap,APPLICATION_CONTEXT_OR_GENERAL,SUITABLE,RQ1,route time; teleport count; path efficiency,DIRECTLY_EXPRESSED_PARTICIPANT_CONTENT,NO_DIRECT_QUOTATION,
SITE2/P17,INTERVIEW,SITE2/P17/interview/Q4,DISTANCE_DEPENDENT_SUITABILITY,T1_SCALE_CONTEXT,T1_SCALE_CONTEXT,Minimap,APPLICATION_CONTEXT_OR_GENERAL,SUITABLE,RQ1,precision by distance; route interaction,DIRECTLY_EXPRESSED_PARTICIPANT_CONTENT,NO_DIRECT_QUOTATION,
SITE2/P17,INTERVIEW,SITE2/P17/interview/Q4,TASK_CONTEXT_FIT,T1_SCALE_CONTEXT,T1_SCALE_CONTEXT,Minimap,APPLICATION_CONTEXT_OR_GENERAL,SUITABLE,RQ1/RQ3,route interaction; preference,DIRECTLY_EXPRESSED_PARTICIPANT_CONTENT,NO_DIRECT_QUOTATION,
SITE2/P17,INTERVIEW,SITE2/P17/interview/Q4,ENVIRONMENTAL_ATTENTION_REDUCED,T2_SPATIAL_REPRESENTATION,T2_SPATIAL_REPRESENTATION,Minimap,APPLICATION_CONTEXT_OR_GENERAL,SUITABLE,RQ2,head rotation; latency; spatial awareness,DIRECTLY_EXPRESSED_PARTICIPANT_CONTENT,NO_DIRECT_QUOTATION,
SITE2/P17,INTERVIEW,SITE2/P17/interview/Q4,LANDING_PRECISION,T3_CONTROL_PRECISION_UI,T3_CONTROL_PRECISION_UI,Minimap,APPLICATION_CONTEXT_OR_GENERAL,POSITIVE;NEGATIVE,RQ1/RQ3,direct-hit and sequential landing error,DIRECTLY_EXPRESSED_PARTICIPANT_CONTENT,NO_DIRECT_QUOTATION,
SITE2/P17,INTERVIEW,SITE2/P17/interview/Q4,ENJOYMENT_AND_AESTHETIC_APPEAL,T4_ADOPTION_EXPERIENCE,T4_ADOPTION_EXPERIENCE,Minimap,APPLICATION_CONTEXT_OR_GENERAL,POSITIVE;NEGATIVE,RQ3,fun ranking; preference,DIRECTLY_EXPRESSED_PARTICIPANT_CONTENT,NO_DIRECT_QUOTATION,
SITE2/P17,INTERVIEW,SITE2/P17/interview/Q4,TASK_CONTEXT_FIT,T1_SCALE_CONTEXT,T1_SCALE_CONTEXT,Baseline,APPLICATION_CONTEXT_OR_GENERAL,CONDITIONAL,RQ1/RQ3,route interaction; preference,DIRECTLY_EXPRESSED_PARTICIPANT_CONTENT,NO_DIRECT_QUOTATION,
SITE2/P17,INTERVIEW,SITE2/P17/interview/Q4,REORIENTATION_AND_TURNING_COST,T2_SPATIAL_REPRESENTATION,T2_SPATIAL_REPRESENTATION,Baseline,APPLICATION_CONTEXT_OR_GENERAL,CONDITIONAL,RQ2,latency; head rotation; yaw/pitch,DIRECTLY_EXPRESSED_PARTICIPANT_CONTENT,NO_DIRECT_QUOTATION,
SITE2/P17,INTERVIEW,SITE2/P17/interview/Q4,SPATIAL_ORIENTATION_DISRUPTED,T2_SPATIAL_REPRESENTATION,T2_SPATIAL_REPRESENTATION,Baseline,APPLICATION_CONTEXT_OR_GENERAL,CONDITIONAL,RQ2,spatial-awareness composite; continuity,DIRECTLY_EXPRESSED_PARTICIPANT_CONTENT,NO_DIRECT_QUOTATION,
SITE2/P17,INTERVIEW,SITE2/P17/interview/Q5,LEARNING_AND_ACCLIMATIZATION,T4_ADOPTION_EXPERIENCE,T4_ADOPTION_EXPERIENCE,Tsunami,"POST_SESSION_INTERVIEW; task may be Precision, Navigation, tutorial, or general unless explicitly stated",SUITABLE;POSITIVE,RQ3,within-method latency and head-rotation trends,DIRECTLY_EXPRESSED_PARTICIPANT_CONTENT,YES_AS_QUOTATION,Q-T4-02
SITE2/P17,INTERVIEW,SITE2/P17/interview/Q5,ENJOYMENT_AND_AESTHETIC_APPEAL,T4_ADOPTION_EXPERIENCE,T4_ADOPTION_EXPERIENCE,Tsunami,"POST_SESSION_INTERVIEW; task may be Precision, Navigation, tutorial, or general unless explicitly stated",SUITABLE;POSITIVE,RQ3,fun ranking; preference,DIRECTLY_EXPRESSED_PARTICIPANT_CONTENT,YES_AS_QUOTATION,Q-T4-02
SITE2/P17,INTERVIEW,SITE2/P17/interview/Q5,TASK_CONTEXT_FIT,T1_SCALE_CONTEXT,T1_SCALE_CONTEXT,Tsunami,"POST_SESSION_INTERVIEW; task may be Precision, Navigation, tutorial, or general unless explicitly stated",SUITABLE;POSITIVE,RQ1/RQ3,route interaction; preference,DIRECTLY_EXPRESSED_PARTICIPANT_CONTENT,YES_AS_QUOTATION,Q-T4-02
SITE2/P17,INTERVIEW,SITE2/P17/interview/Q5,VISUAL_UI_PRESENTATION,T3_CONTROL_PRECISION_UI,T3_CONTROL_PRECISION_UI,Minimap,"POST_SESSION_INTERVIEW; task may be Precision, Navigation, tutorial, or general unless explicitly stated",NEGATIVE,RQ3,workload; usability,DIRECTLY_EXPRESSED_PARTICIPANT_CONTENT,NO_DIRECT_QUOTATION,
SITE2/P17,INTERVIEW,SITE2/P17/interview/Q5,PHYSICAL_ERGONOMICS,T4_ADOPTION_EXPERIENCE,T4_ADOPTION_EXPERIENCE,Minimap,"POST_SESSION_INTERVIEW; task may be Precision, Navigation, tutorial, or general unless explicitly stated",NEGATIVE,RQ3,RAW-TLX,DIRECTLY_EXPRESSED_PARTICIPANT_CONTENT,NO_DIRECT_QUOTATION,
SITE2/P17,INTERVIEW,SITE2/P17/interview/Q5,MAP_FRAME_ALIGNMENT,T2_SPATIAL_REPRESENTATION;T3_CONTROL_PRECISION_UI,T2_SPATIAL_REPRESENTATION;T3_CONTROL_PRECISION_UI,Minimap,"POST_SESSION_INTERVIEW; task may be Precision, Navigation, tutorial, or general unless explicitly stated",NEGATIVE,RQ2/RQ3,yaw/pitch; head rotation; workload,DIRECTLY_EXPRESSED_PARTICIPANT_CONTENT,NO_DIRECT_QUOTATION,
SITE2/P17,INTERVIEW,SITE2/P17/interview/Q5,LANDING_PRECISION,T3_CONTROL_PRECISION_UI,T3_CONTROL_PRECISION_UI,Minimap,"POST_SESSION_INTERVIEW; task may be Precision, Navigation, tutorial, or general unless explicitly stated",MIXED,RQ1/RQ3,direct-hit and sequential landing error,DIRECTLY_EXPRESSED_PARTICIPANT_CONTENT,NO_DIRECT_QUOTATION,
SITE2/P17,INTERVIEW,SITE2/P17/interview/Q5,PRIOR_FAMILIARITY,T4_ADOPTION_EXPERIENCE,T4_ADOPTION_EXPERIENCE,Baseline,"POST_SESSION_INTERVIEW; task may be Precision, Navigation, tutorial, or general unless explicitly stated",NOT_EXPLICITLY_CLASSIFIED,RQ3,usability; preference,DIRECTLY_EXPRESSED_PARTICIPANT_CONTENT,NO_DIRECT_QUOTATION,
SITE2/P17,INTERVIEW,SITE2/P17/interview/Q5,SPATIAL_ORIENTATION_DISRUPTED,T2_SPATIAL_REPRESENTATION,T2_SPATIAL_REPRESENTATION,Baseline,"POST_SESSION_INTERVIEW; task may be Precision, Navigation, tutorial, or general unless explicitly stated",NOT_EXPLICITLY_CLASSIFIED,RQ2,spatial-awareness composite; continuity,DIRECTLY_EXPRESSED_PARTICIPANT_CONTENT,NO_DIRECT_QUOTATION,
SITE2/P17,INTERVIEW,SITE2/P17/interview/Q5,COGNITIVE_AND_INTERACTION_WORKLOAD,T4_ADOPTION_EXPERIENCE,T4_ADOPTION_EXPERIENCE,Baseline,"POST_SESSION_INTERVIEW; task may be Precision, Navigation, tutorial, or general unless explicitly stated",INCREASED;EXPERIENCED_MILD,RQ3,RAW-TLX,DIRECTLY_EXPRESSED_PARTICIPANT_CONTENT,NO_DIRECT_QUOTATION,
SITE2/P17,INTERVIEW,SITE2/P17/interview/Q5,PHYSICAL_ERGONOMICS,T4_ADOPTION_EXPERIENCE,T4_ADOPTION_EXPERIENCE,Baseline,"POST_SESSION_INTERVIEW; task may be Precision, Navigation, tutorial, or general unless explicitly stated",INCREASED;EXPERIENCED_MILD,RQ3,RAW-TLX,DIRECTLY_EXPRESSED_PARTICIPANT_CONTENT,NO_DIRECT_QUOTATION,
SITE2/P17,INTERVIEW,SITE2/P17/interview/Q5,REPEATED_TELEPORT_COST,T1_SCALE_CONTEXT,T1_SCALE_CONTEXT,Baseline,"POST_SESSION_INTERVIEW; task may be Precision, Navigation, tutorial, or general unless explicitly stated",INCREASED;EXPERIENCED_MILD,RQ1,route time; teleport count,DIRECTLY_EXPRESSED_PARTICIPANT_CONTENT,NO_DIRECT_QUOTATION,
SITE2/P17,INTERVIEW,SITE2/P17/interview/Q5,CYBERSICKNESS_AND_BODILY_DISCOMFORT,T4_ADOPTION_EXPERIENCE,T4_ADOPTION_EXPERIENCE,Baseline,"POST_SESSION_INTERVIEW; task may be Precision, Navigation, tutorial, or general unless explicitly stated",INCREASED;EXPERIENCED_MILD,RQ3,CSQ-VR,DIRECTLY_EXPRESSED_PARTICIPANT_CONTENT,NO_DIRECT_QUOTATION,
SITE2/P17,QUESTIONNAIRE_FREE_TEXT,SITE2/P17/questionnaire/POST_CONDITION_COMMENT,SPATIAL_ORIENTATION_SUPPORTED,T2_SPATIAL_REPRESENTATION,T2_SPATIAL_REPRESENTATION,Baseline,POST_METHOD_BLOCK,NOT_EXPLICITLY_CLASSIFIED,RQ2,spatial-awareness composite; continuity,DIRECTLY_EXPRESSED_PARTICIPANT_CONTENT,NO_DIRECT_QUOTATION,
SITE2/P17,QUESTIONNAIRE_FREE_TEXT,SITE2/P17/questionnaire/POST_CONDITION_COMMENT,DISTANCE_ESTIMATION,T3_CONTROL_PRECISION_UI,T3_CONTROL_PRECISION_UI,Baseline,POST_METHOD_BLOCK,NOT_EXPLICITLY_CLASSIFIED,RQ2,distance-awareness composite,DIRECTLY_EXPRESSED_PARTICIPANT_CONTENT,NO_DIRECT_QUOTATION,
SITE2/P17,QUESTIONNAIRE_FREE_TEXT,SITE2/P17/questionnaire/POST_CONDITION_COMMENT,LANDING_PRECISION,T3_CONTROL_PRECISION_UI,T3_CONTROL_PRECISION_UI,Baseline,POST_METHOD_BLOCK,NEGATIVE,RQ1/RQ3,direct-hit and sequential landing error,DIRECTLY_EXPRESSED_PARTICIPANT_CONTENT,NO_DIRECT_QUOTATION,
SITE2/P17,QUESTIONNAIRE_FREE_TEXT,SITE2/P17/questionnaire/POST_CONDITION_COMMENT,REPEATED_TELEPORT_COST,T1_SCALE_CONTEXT,T1_SCALE_CONTEXT,Baseline,POST_METHOD_BLOCK,NEGATIVE,RQ1,route time; teleport count,DIRECTLY_EXPRESSED_PARTICIPANT_CONTENT,NO_DIRECT_QUOTATION,
SITE2/P17,QUESTIONNAIRE_FREE_TEXT,SITE2/P17/questionnaire/POST_CONDITION_COMMENT,REORIENTATION_AND_TURNING_COST,T2_SPATIAL_REPRESENTATION,T2_SPATIAL_REPRESENTATION,Baseline,POST_METHOD_BLOCK,NEGATIVE,RQ2,latency; head rotation; yaw/pitch,DIRECTLY_EXPRESSED_PARTICIPANT_CONTENT,NO_DIRECT_QUOTATION,
SITE2/P17,QUESTIONNAIRE_FREE_TEXT,SITE2/P17/questionnaire/POST_CONDITION_COMMENT,COGNITIVE_AND_INTERACTION_WORKLOAD,T4_ADOPTION_EXPERIENCE,T4_ADOPTION_EXPERIENCE,Baseline,POST_METHOD_BLOCK,INCREASED;EXPERIENCED,RQ3,RAW-TLX,DIRECTLY_EXPRESSED_PARTICIPANT_CONTENT,NO_DIRECT_QUOTATION,
SITE2/P17,QUESTIONNAIRE_FREE_TEXT,SITE2/P17/questionnaire/POST_CONDITION_COMMENT,PHYSICAL_ERGONOMICS,T4_ADOPTION_EXPERIENCE,T4_ADOPTION_EXPERIENCE,Baseline,POST_METHOD_BLOCK,INCREASED;EXPERIENCED,RQ3,RAW-TLX,DIRECTLY_EXPRESSED_PARTICIPANT_CONTENT,NO_DIRECT_QUOTATION,
SITE2/P17,QUESTIONNAIRE_FREE_TEXT,SITE2/P17/questionnaire/POST_CONDITION_COMMENT,CYBERSICKNESS_AND_BODILY_DISCOMFORT,T4_ADOPTION_EXPERIENCE,T4_ADOPTION_EXPERIENCE,Baseline,POST_METHOD_BLOCK,INCREASED;EXPERIENCED,RQ3,CSQ-VR,DIRECTLY_EXPRESSED_PARTICIPANT_CONTENT,NO_DIRECT_QUOTATION,
SITE2/P17,QUESTIONNAIRE_FREE_TEXT,SITE2/P17/questionnaire/POST_CONDITION_COMMENT,MAP_FRAME_ALIGNMENT,T2_SPATIAL_REPRESENTATION;T3_CONTROL_PRECISION_UI,T2_SPATIAL_REPRESENTATION;T3_CONTROL_PRECISION_UI,Minimap,POST_METHOD_BLOCK,NOT_EXPLICITLY_CLASSIFIED,RQ2/RQ3,yaw/pitch; head rotation; workload,DIRECTLY_EXPRESSED_PARTICIPANT_CONTENT,NO_DIRECT_QUOTATION,
SITE2/P17,QUESTIONNAIRE_FREE_TEXT,SITE2/P17/questionnaire/POST_CONDITION_COMMENT,ENVIRONMENTAL_ATTENTION_REDUCED,T2_SPATIAL_REPRESENTATION,T2_SPATIAL_REPRESENTATION,Minimap,POST_METHOD_BLOCK,NOT_EXPLICITLY_CLASSIFIED,RQ2,head rotation; latency; spatial awareness,DIRECTLY_EXPRESSED_PARTICIPANT_CONTENT,NO_DIRECT_QUOTATION,
SITE2/P17,QUESTIONNAIRE_FREE_TEXT,SITE2/P17/questionnaire/POST_CONDITION_COMMENT,SPATIAL_ORIENTATION_DISRUPTED,T2_SPATIAL_REPRESENTATION,T2_SPATIAL_REPRESENTATION,Minimap,POST_METHOD_BLOCK,NOT_EXPLICITLY_CLASSIFIED,RQ2,spatial-awareness composite; continuity,DIRECTLY_EXPRESSED_PARTICIPANT_CONTENT,NO_DIRECT_QUOTATION,
SITE2/P17,QUESTIONNAIRE_FREE_TEXT,SITE2/P17/questionnaire/POST_CONDITION_COMMENT,LANDING_PRECISION,T3_CONTROL_PRECISION_UI,T3_CONTROL_PRECISION_UI,Minimap,POST_METHOD_BLOCK,MIXED,RQ1/RQ3,direct-hit and sequential landing error,DIRECTLY_EXPRESSED_PARTICIPANT_CONTENT,NO_DIRECT_QUOTATION,
SITE2/P17,QUESTIONNAIRE_FREE_TEXT,SITE2/P17/questionnaire/POST_CONDITION_COMMENT,PHYSICAL_ERGONOMICS,T4_ADOPTION_EXPERIENCE,T4_ADOPTION_EXPERIENCE,Minimap,POST_METHOD_BLOCK,MIXED,RQ3,RAW-TLX,DIRECTLY_EXPRESSED_PARTICIPANT_CONTENT,NO_DIRECT_QUOTATION,
SITE2/P17,QUESTIONNAIRE_FREE_TEXT,SITE2/P17/questionnaire/POST_CONDITION_COMMENT,VISUAL_UI_PRESENTATION,T3_CONTROL_PRECISION_UI,T3_CONTROL_PRECISION_UI,Minimap,POST_METHOD_BLOCK,NEGATIVE,RQ3,workload; usability,DIRECTLY_EXPRESSED_PARTICIPANT_CONTENT,NO_DIRECT_QUOTATION,
SITE2/P17,QUESTIONNAIRE_FREE_TEXT,SITE2/P17/questionnaire/POST_CONDITION_COMMENT,PHYSICAL_ERGONOMICS,T4_ADOPTION_EXPERIENCE,T4_ADOPTION_EXPERIENCE,Minimap,POST_METHOD_BLOCK,NEGATIVE,RQ3,RAW-TLX,DIRECTLY_EXPRESSED_PARTICIPANT_CONTENT,NO_DIRECT_QUOTATION,
SITE2/P17,QUESTIONNAIRE_FREE_TEXT,SITE2/P17/questionnaire/POST_CONDITION_COMMENT,ENJOYMENT_AND_AESTHETIC_APPEAL,T4_ADOPTION_EXPERIENCE,T4_ADOPTION_EXPERIENCE,Minimap,POST_METHOD_BLOCK,NEGATIVE,RQ3,fun ranking; preference,DIRECTLY_EXPRESSED_PARTICIPANT_CONTENT,NO_DIRECT_QUOTATION,
SITE2/P17,QUESTIONNAIRE_FREE_TEXT,SITE2/P17/questionnaire/POST_CONDITION_COMMENT,ENJOYMENT_AND_AESTHETIC_APPEAL,T4_ADOPTION_EXPERIENCE,T4_ADOPTION_EXPERIENCE,Tsunami,POST_METHOD_BLOCK,POSITIVE,RQ3,fun ranking; preference,DIRECTLY_EXPRESSED_PARTICIPANT_CONTENT,NO_DIRECT_QUOTATION,
SITE2/P17,QUESTIONNAIRE_FREE_TEXT,SITE2/P17/questionnaire/POST_CONDITION_COMMENT,SPATIAL_ORIENTATION_SUPPORTED,T2_SPATIAL_REPRESENTATION,T2_SPATIAL_REPRESENTATION,Tsunami,POST_METHOD_BLOCK,NOT_EXPLICITLY_CLASSIFIED,RQ2,spatial-awareness composite; continuity,DIRECTLY_EXPRESSED_PARTICIPANT_CONTENT,NO_DIRECT_QUOTATION,
SITE2/P17,QUESTIONNAIRE_FREE_TEXT,SITE2/P17/questionnaire/POST_CONDITION_COMMENT,DISTANCE_ESTIMATION_DIFFICULTY,T3_CONTROL_PRECISION_UI,T3_CONTROL_PRECISION_UI,Tsunami,POST_METHOD_BLOCK,NOT_EXPLICITLY_CLASSIFIED,RQ2/RQ3,distance-awareness composite; workload,DIRECTLY_EXPRESSED_PARTICIPANT_CONTENT,NO_DIRECT_QUOTATION,
SITE2/P17,QUESTIONNAIRE_FREE_TEXT,SITE2/P17/questionnaire/POST_CONDITION_COMMENT,SPATIAL_ORIENTATION_DISRUPTED,T2_SPATIAL_REPRESENTATION,T2_SPATIAL_REPRESENTATION,Tsunami,POST_METHOD_BLOCK,NOT_EXPLICITLY_CLASSIFIED,RQ2,spatial-awareness composite; continuity,DIRECTLY_EXPRESSED_PARTICIPANT_CONTENT,NO_DIRECT_QUOTATION,
SITE2/P17,QUESTIONNAIRE_FREE_TEXT,SITE2/P17/questionnaire/POST_CONDITION_COMMENT,CONTROL_SENSITIVITY_AND_RELEASE,T3_CONTROL_PRECISION_UI,T3_CONTROL_PRECISION_UI,Tsunami,POST_METHOD_BLOCK,NEGATIVE,RQ1/RQ3,landing error; corrective teleports,DIRECTLY_EXPRESSED_PARTICIPANT_CONTENT,NO_DIRECT_QUOTATION,
SITE2/P18,INTERVIEW,SITE2/P18/interview/Q1,PERCEIVED_REALISM_AND_COHERENCE,T4_ADOPTION_EXPERIENCE,T4_ADOPTION_EXPERIENCE,Baseline,"POST_SESSION_INTERVIEW; task may be Precision, Navigation, tutorial, or general unless explicitly stated",ENHANCED,RQ3,usability; preference,DIRECTLY_EXPRESSED_PARTICIPANT_CONTENT,NO_DIRECT_QUOTATION,
SITE2/P18,INTERVIEW,SITE2/P18/interview/Q2,DESTINATION_AREA_PREVIEW,T2_SPATIAL_REPRESENTATION,T2_SPATIAL_REPRESENTATION,Tsunami,"POST_SESSION_INTERVIEW; task may be Precision, Navigation, tutorial, or general unless explicitly stated",NOT_EXPLICITLY_CLASSIFIED,RQ2,spatial awareness; continuity,DIRECTLY_EXPRESSED_PARTICIPANT_CONTENT,NO_DIRECT_QUOTATION,
SITE2/P18,INTERVIEW,SITE2/P18/interview/Q2,SPATIAL_ORIENTATION_SUPPORTED,T2_SPATIAL_REPRESENTATION,T2_SPATIAL_REPRESENTATION,Tsunami,"POST_SESSION_INTERVIEW; task may be Precision, Navigation, tutorial, or general unless explicitly stated",NOT_EXPLICITLY_CLASSIFIED,RQ2,spatial-awareness composite; continuity,DIRECTLY_EXPRESSED_PARTICIPANT_CONTENT,NO_DIRECT_QUOTATION,
SITE2/P18,INTERVIEW,SITE2/P18/interview/Q2,SPATIAL_ORIENTATION_DISRUPTED,T2_SPATIAL_REPRESENTATION,T2_SPATIAL_REPRESENTATION,Baseline,"POST_SESSION_INTERVIEW; task may be Precision, Navigation, tutorial, or general unless explicitly stated",NOT_EXPLICITLY_CLASSIFIED,RQ2,spatial-awareness composite; continuity,DIRECTLY_EXPRESSED_PARTICIPANT_CONTENT,NO_DIRECT_QUOTATION,
SITE2/P18,INTERVIEW,SITE2/P18/interview/Q2,DESTINATION_OCCLUSION,T1_SCALE_CONTEXT,T1_SCALE_CONTEXT,Baseline,"POST_SESSION_INTERVIEW; task may be Precision, Navigation, tutorial, or general unless explicitly stated",NOT_EXPLICITLY_CLASSIFIED,RQ1/RQ2,landing precision; route interaction,DIRECTLY_EXPRESSED_PARTICIPANT_CONTENT,NO_DIRECT_QUOTATION,
SITE2/P18,INTERVIEW,SITE2/P18/interview/Q3,SPATIAL_ORIENTATION_DISRUPTED,T2_SPATIAL_REPRESENTATION,T2_SPATIAL_REPRESENTATION,Minimap,"POST_SESSION_INTERVIEW; task may be Precision, Navigation, tutorial, or general unless explicitly stated",REDUCED,RQ2,spatial-awareness composite; continuity,DIRECTLY_EXPRESSED_PARTICIPANT_CONTENT,NO_DIRECT_QUOTATION,
SITE2/P18,INTERVIEW,SITE2/P18/interview/Q3,ENVIRONMENTAL_ATTENTION_REDUCED,T2_SPATIAL_REPRESENTATION,T2_SPATIAL_REPRESENTATION,Minimap,"POST_SESSION_INTERVIEW; task may be Precision, Navigation, tutorial, or general unless explicitly stated",REDUCED,RQ2,head rotation; latency; spatial awareness,DIRECTLY_EXPRESSED_PARTICIPANT_CONTENT,NO_DIRECT_QUOTATION,
SITE2/P18,INTERVIEW,SITE2/P18/interview/Q3,IMMERSION_AND_PRESENCE,T4_ADOPTION_EXPERIENCE,T4_ADOPTION_EXPERIENCE,Minimap,"POST_SESSION_INTERVIEW; task may be Precision, Navigation, tutorial, or general unless explicitly stated",REDUCED,RQ2/RQ3,environmental continuity,DIRECTLY_EXPRESSED_PARTICIPANT_CONTENT,NO_DIRECT_QUOTATION,
SITE2/P18,INTERVIEW,SITE2/P18/interview/Q4,DISTANCE_DEPENDENT_SUITABILITY,T1_SCALE_CONTEXT,T1_SCALE_CONTEXT,Minimap,APPLICATION_CONTEXT_OR_GENERAL,SUITABLE,RQ1,precision by distance; route interaction,DIRECTLY_EXPRESSED_PARTICIPANT_CONTENT,NO_DIRECT_QUOTATION,
SITE2/P18,INTERVIEW,SITE2/P18/interview/Q4,TASK_CONTEXT_FIT,T1_SCALE_CONTEXT,T1_SCALE_CONTEXT,Minimap,APPLICATION_CONTEXT_OR_GENERAL,SUITABLE,RQ1/RQ3,route interaction; preference,DIRECTLY_EXPRESSED_PARTICIPANT_CONTENT,NO_DIRECT_QUOTATION,
SITE2/P18,INTERVIEW,SITE2/P18/interview/Q4,ENVIRONMENTAL_ATTENTION_REDUCED,T2_SPATIAL_REPRESENTATION,T2_SPATIAL_REPRESENTATION,Minimap,APPLICATION_CONTEXT_OR_GENERAL,SUITABLE,RQ2,head rotation; latency; spatial awareness,DIRECTLY_EXPRESSED_PARTICIPANT_CONTENT,NO_DIRECT_QUOTATION,
SITE2/P18,INTERVIEW,SITE2/P18/interview/Q4,DISTANCE_DEPENDENT_SUITABILITY,T1_SCALE_CONTEXT,T1_SCALE_CONTEXT,Tsunami,APPLICATION_CONTEXT_OR_GENERAL,SUITABLE,RQ1,precision by distance; route interaction,DIRECTLY_EXPRESSED_PARTICIPANT_CONTENT,NO_DIRECT_QUOTATION,
SITE2/P18,INTERVIEW,SITE2/P18/interview/Q4,TASK_CONTEXT_FIT,T1_SCALE_CONTEXT,T1_SCALE_CONTEXT,Tsunami,APPLICATION_CONTEXT_OR_GENERAL,SUITABLE,RQ1/RQ3,route interaction; preference,DIRECTLY_EXPRESSED_PARTICIPANT_CONTENT,NO_DIRECT_QUOTATION,
SITE2/P18,INTERVIEW,SITE2/P18/interview/Q4,DISTANCE_DEPENDENT_SUITABILITY,T1_SCALE_CONTEXT,T1_SCALE_CONTEXT,Baseline,APPLICATION_CONTEXT_OR_GENERAL,POSITIVE;SUITABLE,RQ1,precision by distance; route interaction,DIRECTLY_EXPRESSED_PARTICIPANT_CONTENT,NO_DIRECT_QUOTATION,
SITE2/P18,INTERVIEW,SITE2/P18/interview/Q4,TRAVERSAL_EFFICIENCY,T1_SCALE_CONTEXT,T1_SCALE_CONTEXT,Baseline,APPLICATION_CONTEXT_OR_GENERAL,POSITIVE;SUITABLE,RQ1,route time; teleport count; path efficiency,DIRECTLY_EXPRESSED_PARTICIPANT_CONTENT,NO_DIRECT_QUOTATION,
SITE2/P18,INTERVIEW,SITE2/P18/interview/Q4,TASK_CONTEXT_FIT,T1_SCALE_CONTEXT,T1_SCALE_CONTEXT,Baseline,APPLICATION_CONTEXT_OR_GENERAL,POSITIVE;SUITABLE,RQ1/RQ3,route interaction; preference,DIRECTLY_EXPRESSED_PARTICIPANT_CONTENT,NO_DIRECT_QUOTATION,
SITE2/P18,INTERVIEW,SITE2/P18/interview/Q5,SPATIAL_ORIENTATION_DISRUPTED,T2_SPATIAL_REPRESENTATION,T2_SPATIAL_REPRESENTATION,Minimap,"POST_SESSION_INTERVIEW; task may be Precision, Navigation, tutorial, or general unless explicitly stated",NOT_EXPLICITLY_CLASSIFIED,RQ2,spatial-awareness composite; continuity,DIRECTLY_EXPRESSED_PARTICIPANT_CONTENT,NO_DIRECT_QUOTATION,
SITE2/P18,QUESTIONNAIRE_FREE_TEXT,SITE2/P18/questionnaire/POST_CONDITION_COMMENT,LEARNING_AND_ACCLIMATIZATION,T4_ADOPTION_EXPERIENCE,T4_ADOPTION_EXPERIENCE,Baseline,POST_METHOD_BLOCK,ENHANCED,RQ3,within-method latency and head-rotation trends,DIRECTLY_EXPRESSED_PARTICIPANT_CONTENT,NO_DIRECT_QUOTATION,
SITE2/P18,QUESTIONNAIRE_FREE_TEXT,SITE2/P18/questionnaire/POST_CONDITION_COMMENT,PERCEIVED_REALISM_AND_COHERENCE,T4_ADOPTION_EXPERIENCE,T4_ADOPTION_EXPERIENCE,Baseline,POST_METHOD_BLOCK,ENHANCED,RQ3,usability; preference,DIRECTLY_EXPRESSED_PARTICIPANT_CONTENT,NO_DIRECT_QUOTATION,
SITE2/P18,QUESTIONNAIRE_FREE_TEXT,SITE2/P18/questionnaire/POST_CONDITION_COMMENT,DISTANCE_DEPENDENT_SUITABILITY,T1_SCALE_CONTEXT,T1_SCALE_CONTEXT,Baseline,POST_METHOD_BLOCK,ENHANCED,RQ1,precision by distance; route interaction,DIRECTLY_EXPRESSED_PARTICIPANT_CONTENT,NO_DIRECT_QUOTATION,
SITE2/P18,QUESTIONNAIRE_FREE_TEXT,SITE2/P18/questionnaire/POST_CONDITION_COMMENT,DESTINATION_OCCLUSION,T1_SCALE_CONTEXT,T1_SCALE_CONTEXT,Baseline,POST_METHOD_BLOCK,NEGATIVE,RQ1/RQ2,landing precision; route interaction,DIRECTLY_EXPRESSED_PARTICIPANT_CONTENT,NO_DIRECT_QUOTATION,
SITE2/P18,QUESTIONNAIRE_FREE_TEXT,SITE2/P18/questionnaire/POST_CONDITION_COMMENT,LANDING_PRECISION,T3_CONTROL_PRECISION_UI,T3_CONTROL_PRECISION_UI,Baseline,POST_METHOD_BLOCK,NEGATIVE,RQ1/RQ3,direct-hit and sequential landing error,DIRECTLY_EXPRESSED_PARTICIPANT_CONTENT,NO_DIRECT_QUOTATION,
SITE2/P18,QUESTIONNAIRE_FREE_TEXT,SITE2/P18/questionnaire/POST_CONDITION_COMMENT,LEARNING_AND_ACCLIMATIZATION,T4_ADOPTION_EXPERIENCE,T4_ADOPTION_EXPERIENCE,Minimap,POST_METHOD_BLOCK,REDUCED,RQ3,within-method latency and head-rotation trends,DIRECTLY_EXPRESSED_PARTICIPANT_CONTENT,NO_DIRECT_QUOTATION,
SITE2/P18,QUESTIONNAIRE_FREE_TEXT,SITE2/P18/questionnaire/POST_CONDITION_COMMENT,ENVIRONMENTAL_ATTENTION_REDUCED,T2_SPATIAL_REPRESENTATION,T2_SPATIAL_REPRESENTATION,Minimap,POST_METHOD_BLOCK,REDUCED,RQ2,head rotation; latency; spatial awareness,DIRECTLY_EXPRESSED_PARTICIPANT_CONTENT,NO_DIRECT_QUOTATION,
SITE2/P18,QUESTIONNAIRE_FREE_TEXT,SITE2/P18/questionnaire/POST_CONDITION_COMMENT,IMMERSION_AND_PRESENCE,T4_ADOPTION_EXPERIENCE,T4_ADOPTION_EXPERIENCE,Minimap,POST_METHOD_BLOCK,REDUCED,RQ2/RQ3,environmental continuity,DIRECTLY_EXPRESSED_PARTICIPANT_CONTENT,NO_DIRECT_QUOTATION,
SITE2/P18,QUESTIONNAIRE_FREE_TEXT,SITE2/P18/questionnaire/POST_CONDITION_COMMENT,PERCEIVED_REALISM_AND_COHERENCE,T4_ADOPTION_EXPERIENCE,T4_ADOPTION_EXPERIENCE,Minimap,POST_METHOD_BLOCK,REDUCED,RQ3,usability; preference,DIRECTLY_EXPRESSED_PARTICIPANT_CONTENT,NO_DIRECT_QUOTATION,
SITE2/P18,QUESTIONNAIRE_FREE_TEXT,SITE2/P18/questionnaire/POST_CONDITION_COMMENT,LEARNING_AND_ACCLIMATIZATION,T4_ADOPTION_EXPERIENCE,T4_ADOPTION_EXPERIENCE,Tsunami,POST_METHOD_BLOCK,NOT_EXPLICITLY_CLASSIFIED,RQ3,within-method latency and head-rotation trends,DIRECTLY_EXPRESSED_PARTICIPANT_CONTENT,NO_DIRECT_QUOTATION,
SITE2/P18,QUESTIONNAIRE_FREE_TEXT,SITE2/P18/questionnaire/POST_CONDITION_COMMENT,DISTANCE_ESTIMATION,T3_CONTROL_PRECISION_UI,T3_CONTROL_PRECISION_UI,Tsunami,POST_METHOD_BLOCK,NOT_EXPLICITLY_CLASSIFIED,RQ2,distance-awareness composite,DIRECTLY_EXPRESSED_PARTICIPANT_CONTENT,NO_DIRECT_QUOTATION,
SITE2/P18,QUESTIONNAIRE_FREE_TEXT,SITE2/P18/questionnaire/POST_CONDITION_COMMENT,SPATIAL_ORIENTATION_SUPPORTED,T2_SPATIAL_REPRESENTATION,T2_SPATIAL_REPRESENTATION,Tsunami,POST_METHOD_BLOCK,NOT_EXPLICITLY_CLASSIFIED,RQ2,spatial-awareness composite; continuity,DIRECTLY_EXPRESSED_PARTICIPANT_CONTENT,NO_DIRECT_QUOTATION,
SITE2/P18,QUESTIONNAIRE_FREE_TEXT,SITE2/P18/questionnaire/POST_CONDITION_COMMENT,PERCEIVED_REALISM_AND_COHERENCE,T4_ADOPTION_EXPERIENCE,T4_ADOPTION_EXPERIENCE,Tsunami,POST_METHOD_BLOCK,ENHANCED,RQ3,usability; preference,DIRECTLY_EXPRESSED_PARTICIPANT_CONTENT,NO_DIRECT_QUOTATION,
SITE2/P18,QUESTIONNAIRE_FREE_TEXT,SITE2/P18/questionnaire/POST_CONDITION_COMMENT,TRAVERSAL_EFFICIENCY,T1_SCALE_CONTEXT,T1_SCALE_CONTEXT,Tsunami,POST_METHOD_BLOCK,ENHANCED,RQ1,route time; teleport count; path efficiency,DIRECTLY_EXPRESSED_PARTICIPANT_CONTENT,NO_DIRECT_QUOTATION,
SITE1/P01,INTERVIEW,SITE1/P01/interview/Q1,DISTANCE_DEPENDENT_SUITABILITY,T1_SCALE_CONTEXT,T1_SCALE_CONTEXT,Baseline,"POST_SESSION_INTERVIEW; task may be Precision, Navigation, tutorial, or general unless explicitly stated",NOT_EXPLICITLY_CLASSIFIED,RQ1,precision by distance; route interaction,DIRECTLY_EXPRESSED_PARTICIPANT_CONTENT,NO_DIRECT_QUOTATION,
SITE1/P01,INTERVIEW,SITE1/P01/interview/Q1,PERCEIVED_REALISM_AND_COHERENCE,T4_ADOPTION_EXPERIENCE,T4_ADOPTION_EXPERIENCE,MULTIPLE,"POST_SESSION_INTERVIEW; task may be Precision, Navigation, tutorial, or general unless explicitly stated",REDUCED,RQ3,usability; preference,DIRECTLY_EXPRESSED_PARTICIPANT_CONTENT,NO_DIRECT_QUOTATION,
SITE1/P01,INTERVIEW,SITE1/P01/interview/Q2,SPATIAL_ORIENTATION_SUPPORTED,T2_SPATIAL_REPRESENTATION,T2_SPATIAL_REPRESENTATION,Minimap,"POST_SESSION_INTERVIEW; task may be Precision, Navigation, tutorial, or general unless explicitly stated",NOT_EXPLICITLY_CLASSIFIED,RQ2,spatial-awareness composite; continuity,DIRECTLY_EXPRESSED_PARTICIPANT_CONTENT,NO_DIRECT_QUOTATION,
SITE1/P01,INTERVIEW,SITE1/P01/interview/Q2,DESTINATION_OCCLUSION,T1_SCALE_CONTEXT,T1_SCALE_CONTEXT,Baseline,"POST_SESSION_INTERVIEW; task may be Precision, Navigation, tutorial, or general unless explicitly stated",NOT_EXPLICITLY_CLASSIFIED,RQ1/RQ2,landing precision; route interaction,DIRECTLY_EXPRESSED_PARTICIPANT_CONTENT,NO_DIRECT_QUOTATION,
SITE1/P01,INTERVIEW,SITE1/P01/interview/Q2,SPATIAL_ORIENTATION_DISRUPTED,T2_SPATIAL_REPRESENTATION,T2_SPATIAL_REPRESENTATION,Baseline,"POST_SESSION_INTERVIEW; task may be Precision, Navigation, tutorial, or general unless explicitly stated",NOT_EXPLICITLY_CLASSIFIED,RQ2,spatial-awareness composite; continuity,DIRECTLY_EXPRESSED_PARTICIPANT_CONTENT,NO_DIRECT_QUOTATION,
SITE1/P01,INTERVIEW,SITE1/P01/interview/Q2,ROUTE_LEARNING_AND_MEMORY,T2_SPATIAL_REPRESENTATION,T2_SPATIAL_REPRESENTATION,Baseline,"POST_SESSION_INTERVIEW; task may be Precision, Navigation, tutorial, or general unless explicitly stated",NOT_EXPLICITLY_CLASSIFIED,RQ2,not directly measured,DIRECTLY_EXPRESSED_PARTICIPANT_CONTENT,NO_DIRECT_QUOTATION,
SITE1/P01,INTERVIEW,SITE1/P01/interview/Q2,DESTINATION_AREA_PREVIEW,T2_SPATIAL_REPRESENTATION,T2_SPATIAL_REPRESENTATION,Tsunami,"POST_SESSION_INTERVIEW; task may be Precision, Navigation, tutorial, or general unless explicitly stated",POSITIVE,RQ2,spatial awareness; continuity,DIRECTLY_EXPRESSED_PARTICIPANT_CONTENT,NO_DIRECT_QUOTATION,
SITE1/P01,INTERVIEW,SITE1/P01/interview/Q2,SPATIAL_ORIENTATION_SUPPORTED,T2_SPATIAL_REPRESENTATION,T2_SPATIAL_REPRESENTATION,Tsunami,"POST_SESSION_INTERVIEW; task may be Precision, Navigation, tutorial, or general unless explicitly stated",POSITIVE,RQ2,spatial-awareness composite; continuity,DIRECTLY_EXPRESSED_PARTICIPANT_CONTENT,NO_DIRECT_QUOTATION,
SITE1/P01,INTERVIEW,SITE1/P01/interview/Q2,ENJOYMENT_AND_AESTHETIC_APPEAL,T4_ADOPTION_EXPERIENCE,T4_ADOPTION_EXPERIENCE,Tsunami,"POST_SESSION_INTERVIEW; task may be Precision, Navigation, tutorial, or general unless explicitly stated",POSITIVE,RQ3,fun ranking; preference,DIRECTLY_EXPRESSED_PARTICIPANT_CONTENT,NO_DIRECT_QUOTATION,
SITE1/P01,INTERVIEW,SITE1/P01/interview/Q3,PHYSICAL_ERGONOMICS,T4_ADOPTION_EXPERIENCE,T4_ADOPTION_EXPERIENCE,Tsunami,"POST_SESSION_INTERVIEW; task may be Precision, Navigation, tutorial, or general unless explicitly stated",NEGATIVE;EXPERIENCED_MILD,RQ3,RAW-TLX,DIRECTLY_EXPRESSED_PARTICIPANT_CONTENT,NO_DIRECT_QUOTATION,
SITE1/P01,INTERVIEW,SITE1/P01/interview/Q3,CYBERSICKNESS_AND_BODILY_DISCOMFORT,T4_ADOPTION_EXPERIENCE,T4_ADOPTION_EXPERIENCE,Tsunami,"POST_SESSION_INTERVIEW; task may be Precision, Navigation, tutorial, or general unless explicitly stated",NEGATIVE;EXPERIENCED_MILD,RQ3,CSQ-VR,DIRECTLY_EXPRESSED_PARTICIPANT_CONTENT,NO_DIRECT_QUOTATION,
SITE1/P01,INTERVIEW,SITE1/P01/interview/Q3,VISUAL_UI_PRESENTATION,T3_CONTROL_PRECISION_UI,T3_CONTROL_PRECISION_UI,Tsunami,"POST_SESSION_INTERVIEW; task may be Precision, Navigation, tutorial, or general unless explicitly stated",NEGATIVE;EXPERIENCED_MILD,RQ3,workload; usability,DIRECTLY_EXPRESSED_PARTICIPANT_CONTENT,NO_DIRECT_QUOTATION,
SITE1/P01,INTERVIEW,SITE1/P01/interview/Q4,TASK_CONTEXT_FIT,T1_SCALE_CONTEXT,T1_SCALE_CONTEXT,Minimap,APPLICATION_CONTEXT_OR_GENERAL,SUITABLE,RQ1/RQ3,route interaction; preference,DIRECTLY_EXPRESSED_PARTICIPANT_CONTENT,NO_DIRECT_QUOTATION,
SITE1/P01,INTERVIEW,SITE1/P01/interview/Q4,TASK_CONTEXT_FIT,T1_SCALE_CONTEXT,T1_SCALE_CONTEXT,Baseline,APPLICATION_CONTEXT_OR_GENERAL,SUITABLE,RQ1/RQ3,route interaction; preference,DIRECTLY_EXPRESSED_PARTICIPANT_CONTENT,NO_DIRECT_QUOTATION,
SITE1/P01,INTERVIEW,SITE1/P01/interview/Q4,DISTANCE_DEPENDENT_SUITABILITY,T1_SCALE_CONTEXT,T1_SCALE_CONTEXT,Tsunami,APPLICATION_CONTEXT_OR_GENERAL,UNSUITABLE;NEGATIVE;REDUCED,RQ1,precision by distance; route interaction,DIRECTLY_EXPRESSED_PARTICIPANT_CONTENT,NO_DIRECT_QUOTATION,
SITE1/P01,INTERVIEW,SITE1/P01/interview/Q4,TASK_CONTEXT_FIT,T1_SCALE_CONTEXT,T1_SCALE_CONTEXT,Tsunami,APPLICATION_CONTEXT_OR_GENERAL,UNSUITABLE;NEGATIVE;REDUCED,RQ1/RQ3,route interaction; preference,DIRECTLY_EXPRESSED_PARTICIPANT_CONTENT,NO_DIRECT_QUOTATION,
SITE1/P01,INTERVIEW,SITE1/P01/interview/Q4,ENJOYMENT_AND_AESTHETIC_APPEAL,T4_ADOPTION_EXPERIENCE,T4_ADOPTION_EXPERIENCE,Tsunami,APPLICATION_CONTEXT_OR_GENERAL,UNSUITABLE;NEGATIVE;REDUCED,RQ3,fun ranking; preference,DIRECTLY_EXPRESSED_PARTICIPANT_CONTENT,NO_DIRECT_QUOTATION,
SITE1/P01,INTERVIEW,SITE1/P01/interview/Q4,PERCEIVED_REALISM_AND_COHERENCE,T4_ADOPTION_EXPERIENCE,T4_ADOPTION_EXPERIENCE,Tsunami,APPLICATION_CONTEXT_OR_GENERAL,UNSUITABLE;NEGATIVE;REDUCED,RQ3,usability; preference,DIRECTLY_EXPRESSED_PARTICIPANT_CONTENT,NO_DIRECT_QUOTATION,
SITE1/P01,INTERVIEW,SITE1/P01/interview/Q5,VISUAL_UI_PRESENTATION,T3_CONTROL_PRECISION_UI,T3_CONTROL_PRECISION_UI,SHARED_UI,"POST_SESSION_INTERVIEW; task may be Precision, Navigation, tutorial, or general unless explicitly stated",NEGATIVE,RQ3,workload; usability,DIRECTLY_EXPRESSED_PARTICIPANT_CONTENT,NO_DIRECT_QUOTATION,
SITE1/P01,INTERVIEW,SITE1/P01/interview/Q5,SPATIAL_ORIENTATION_DISRUPTED,T2_SPATIAL_REPRESENTATION,T2_SPATIAL_REPRESENTATION,SHARED_UI,"POST_SESSION_INTERVIEW; task may be Precision, Navigation, tutorial, or general unless explicitly stated",NEGATIVE,RQ2,spatial-awareness composite; continuity,DIRECTLY_EXPRESSED_PARTICIPANT_CONTENT,NO_DIRECT_QUOTATION,
SITE1/P01,QUESTIONNAIRE_FREE_TEXT,SITE1/P01/questionnaire/POST_CONDITION_COMMENT,SPATIAL_ORIENTATION_DISRUPTED,T2_SPATIAL_REPRESENTATION,T2_SPATIAL_REPRESENTATION,Baseline,POST_METHOD_BLOCK,NOT_EXPLICITLY_CLASSIFIED,RQ2,spatial-awareness composite; continuity,DIRECTLY_EXPRESSED_PARTICIPANT_CONTENT,NO_DIRECT_QUOTATION,
SITE1/P01,QUESTIONNAIRE_FREE_TEXT,SITE1/P01/questionnaire/POST_CONDITION_COMMENT,ENVIRONMENTAL_ATTENTION_REDUCED,T2_SPATIAL_REPRESENTATION,T2_SPATIAL_REPRESENTATION,Minimap,POST_METHOD_BLOCK,NOT_EXPLICITLY_CLASSIFIED,RQ2,head rotation; latency; spatial awareness,DIRECTLY_EXPRESSED_PARTICIPANT_CONTENT,NO_DIRECT_QUOTATION,
SITE1/P01,QUESTIONNAIRE_FREE_TEXT,SITE1/P01/questionnaire/POST_CONDITION_COMMENT,SPATIAL_ORIENTATION_DISRUPTED,T2_SPATIAL_REPRESENTATION,T2_SPATIAL_REPRESENTATION,Tsunami,POST_METHOD_BLOCK,NOT_EXPLICITLY_CLASSIFIED,RQ2,spatial-awareness composite; continuity,DIRECTLY_EXPRESSED_PARTICIPANT_CONTENT,NO_DIRECT_QUOTATION,
SITE1/P03,INTERVIEW,SITE1/P03/interview/Q1,PERCEIVED_REALISM_AND_COHERENCE,T4_ADOPTION_EXPERIENCE,T4_ADOPTION_EXPERIENCE,MULTIPLE,"POST_SESSION_INTERVIEW; task may be Precision, Navigation, tutorial, or general unless explicitly stated",MIXED,RQ3,usability; preference,DIRECTLY_EXPRESSED_PARTICIPANT_CONTENT,NO_DIRECT_QUOTATION,
SITE1/P03,INTERVIEW,SITE1/P03/interview/Q1,LEARNING_AND_ACCLIMATIZATION,T4_ADOPTION_EXPERIENCE,T4_ADOPTION_EXPERIENCE,Tsunami,"POST_SESSION_INTERVIEW; task may be Precision, Navigation, tutorial, or general unless explicitly stated",MIXED,RQ3,within-method latency and head-rotation trends,DIRECTLY_EXPRESSED_PARTICIPANT_CONTENT,NO_DIRECT_QUOTATION,
SITE1/P03,INTERVIEW,SITE1/P03/interview/Q1,PERCEIVED_REALISM_AND_COHERENCE,T4_ADOPTION_EXPERIENCE,T4_ADOPTION_EXPERIENCE,Tsunami,"POST_SESSION_INTERVIEW; task may be Precision, Navigation, tutorial, or general unless explicitly stated",MIXED,RQ3,usability; preference,DIRECTLY_EXPRESSED_PARTICIPANT_CONTENT,NO_DIRECT_QUOTATION,
SITE1/P03,INTERVIEW,SITE1/P03/interview/Q2,PRIOR_FAMILIARITY,T4_ADOPTION_EXPERIENCE,T4_ADOPTION_EXPERIENCE,Minimap,"POST_SESSION_INTERVIEW; task may be Precision, Navigation, tutorial, or general unless explicitly stated",NOT_EXPLICITLY_CLASSIFIED,RQ3,usability; preference,DIRECTLY_EXPRESSED_PARTICIPANT_CONTENT,NO_DIRECT_QUOTATION,
SITE1/P03,INTERVIEW,SITE1/P03/interview/Q2,MAP_FRAME_ALIGNMENT,T2_SPATIAL_REPRESENTATION;T3_CONTROL_PRECISION_UI,T2_SPATIAL_REPRESENTATION;T3_CONTROL_PRECISION_UI,Minimap,"POST_SESSION_INTERVIEW; task may be Precision, Navigation, tutorial, or general unless explicitly stated",NOT_EXPLICITLY_CLASSIFIED,RQ2/RQ3,yaw/pitch; head rotation; workload,DIRECTLY_EXPRESSED_PARTICIPANT_CONTENT,NO_DIRECT_QUOTATION,
SITE1/P03,INTERVIEW,SITE1/P03/interview/Q2,DESTINATION_AREA_PREVIEW,T2_SPATIAL_REPRESENTATION,T2_SPATIAL_REPRESENTATION,Tsunami,"POST_SESSION_INTERVIEW; task may be Precision, Navigation, tutorial, or general unless explicitly stated",NOT_EXPLICITLY_CLASSIFIED,RQ2,spatial awareness; continuity,DIRECTLY_EXPRESSED_PARTICIPANT_CONTENT,NO_DIRECT_QUOTATION,
SITE1/P03,INTERVIEW,SITE1/P03/interview/Q2,SPATIAL_ORIENTATION_SUPPORTED,T2_SPATIAL_REPRESENTATION,T2_SPATIAL_REPRESENTATION,Tsunami,"POST_SESSION_INTERVIEW; task may be Precision, Navigation, tutorial, or general unless explicitly stated",NOT_EXPLICITLY_CLASSIFIED,RQ2,spatial-awareness composite; continuity,DIRECTLY_EXPRESSED_PARTICIPANT_CONTENT,NO_DIRECT_QUOTATION,
SITE1/P03,INTERVIEW,SITE1/P03/interview/Q3,LEARNING_AND_ACCLIMATIZATION,T4_ADOPTION_EXPERIENCE,T4_ADOPTION_EXPERIENCE,Baseline,"POST_SESSION_INTERVIEW; task may be Precision, Navigation, tutorial, or general unless explicitly stated",SUITABLE,RQ3,within-method latency and head-rotation trends,DIRECTLY_EXPRESSED_PARTICIPANT_CONTENT,NO_DIRECT_QUOTATION,
SITE1/P03,INTERVIEW,SITE1/P03/interview/Q3,TASK_CONTEXT_FIT,T1_SCALE_CONTEXT,T1_SCALE_CONTEXT,Baseline,"POST_SESSION_INTERVIEW; task may be Precision, Navigation, tutorial, or general unless explicitly stated",SUITABLE,RQ1/RQ3,route interaction; preference,DIRECTLY_EXPRESSED_PARTICIPANT_CONTENT,NO_DIRECT_QUOTATION,
SITE1/P03,INTERVIEW,SITE1/P03/interview/Q3,MAP_FRAME_ALIGNMENT,T2_SPATIAL_REPRESENTATION;T3_CONTROL_PRECISION_UI,T2_SPATIAL_REPRESENTATION;T3_CONTROL_PRECISION_UI,Minimap,"POST_SESSION_INTERVIEW; task may be Precision, Navigation, tutorial, or general unless explicitly stated",CONDITIONAL,RQ2/RQ3,yaw/pitch; head rotation; workload,DIRECTLY_EXPRESSED_PARTICIPANT_CONTENT,NO_DIRECT_QUOTATION,
SITE1/P03,INTERVIEW,SITE1/P03/interview/Q3,HYBRID_CONFIGURATION,T4_ADOPTION_EXPERIENCE,T4_ADOPTION_EXPERIENCE,Minimap,"POST_SESSION_INTERVIEW; task may be Precision, Navigation, tutorial, or general unless explicitly stated",CONDITIONAL,RQ1/RQ3,none directly,DIRECTLY_EXPRESSED_PARTICIPANT_CONTENT,NO_DIRECT_QUOTATION,
SITE1/P03,INTERVIEW,SITE1/P03/interview/Q3,TASK_CONTEXT_FIT,T1_SCALE_CONTEXT,T1_SCALE_CONTEXT,Minimap,"POST_SESSION_INTERVIEW; task may be Precision, Navigation, tutorial, or general unless explicitly stated",CONDITIONAL,RQ1/RQ3,route interaction; preference,DIRECTLY_EXPRESSED_PARTICIPANT_CONTENT,NO_DIRECT_QUOTATION,
SITE1/P03,INTERVIEW,SITE1/P03/interview/Q3,TASK_CONTEXT_FIT,T1_SCALE_CONTEXT,T1_SCALE_CONTEXT,Tsunami,"POST_SESSION_INTERVIEW; task may be Precision, Navigation, tutorial, or general unless explicitly stated",SUITABLE,RQ1/RQ3,route interaction; preference,DIRECTLY_EXPRESSED_PARTICIPANT_CONTENT,NO_DIRECT_QUOTATION,
SITE1/P03,INTERVIEW,SITE1/P03/interview/Q4,MAP_FRAME_ALIGNMENT,T2_SPATIAL_REPRESENTATION;T3_CONTROL_PRECISION_UI,T2_SPATIAL_REPRESENTATION;T3_CONTROL_PRECISION_UI,Minimap,APPLICATION_CONTEXT_OR_GENERAL,INCREASED,RQ2/RQ3,yaw/pitch; head rotation; workload,DIRECTLY_EXPRESSED_PARTICIPANT_CONTENT,NO_DIRECT_QUOTATION,
SITE1/P03,INTERVIEW,SITE1/P03/interview/Q4,COGNITIVE_AND_INTERACTION_WORKLOAD,T4_ADOPTION_EXPERIENCE,T4_ADOPTION_EXPERIENCE,Minimap,APPLICATION_CONTEXT_OR_GENERAL,INCREASED,RQ3,RAW-TLX,DIRECTLY_EXPRESSED_PARTICIPANT_CONTENT,NO_DIRECT_QUOTATION,
SITE1/P03,INTERVIEW,SITE1/P03/interview/Q5,MAP_FRAME_ALIGNMENT,T2_SPATIAL_REPRESENTATION;T3_CONTROL_PRECISION_UI,T2_SPATIAL_REPRESENTATION;T3_CONTROL_PRECISION_UI,Minimap,"POST_SESSION_INTERVIEW; task may be Precision, Navigation, tutorial, or general unless explicitly stated",CONDITIONAL,RQ2/RQ3,yaw/pitch; head rotation; workload,DIRECTLY_EXPRESSED_PARTICIPANT_CONTENT,NO_DIRECT_QUOTATION,
SITE1/P03,INTERVIEW,SITE1/P03/interview/Q5,VISUAL_UI_PRESENTATION,T3_CONTROL_PRECISION_UI,T3_CONTROL_PRECISION_UI,Minimap,"POST_SESSION_INTERVIEW; task may be Precision, Navigation, tutorial, or general unless explicitly stated",CONDITIONAL,RQ3,workload; usability,DIRECTLY_EXPRESSED_PARTICIPANT_CONTENT,NO_DIRECT_QUOTATION,
SITE1/P03,INTERVIEW,SITE1/P03/interview/Q5,PRIOR_FAMILIARITY,T4_ADOPTION_EXPERIENCE,T4_ADOPTION_EXPERIENCE,Minimap,"POST_SESSION_INTERVIEW; task may be Precision, Navigation, tutorial, or general unless explicitly stated",CONDITIONAL,RQ3,usability; preference,DIRECTLY_EXPRESSED_PARTICIPANT_CONTENT,NO_DIRECT_QUOTATION,
SITE1/P03,INTERVIEW,SITE1/P03/interview/Q5,DISTANCE_DEPENDENT_SUITABILITY,T1_SCALE_CONTEXT,T1_SCALE_CONTEXT,Minimap,"POST_SESSION_INTERVIEW; task may be Precision, Navigation, tutorial, or general unless explicitly stated",CONDITIONAL,RQ1,precision by distance; route interaction,DIRECTLY_EXPRESSED_PARTICIPANT_CONTENT,NO_DIRECT_QUOTATION,
SITE1/P03,QUESTIONNAIRE_FREE_TEXT,SITE1/P03/questionnaire/POST_CONDITION_COMMENT,LEARNING_AND_ACCLIMATIZATION,T4_ADOPTION_EXPERIENCE,T4_ADOPTION_EXPERIENCE,Baseline,POST_METHOD_BLOCK,REDUCED,RQ3,within-method latency and head-rotation trends,DIRECTLY_EXPRESSED_PARTICIPANT_CONTENT,NO_DIRECT_QUOTATION,
SITE1/P03,QUESTIONNAIRE_FREE_TEXT,SITE1/P03/questionnaire/POST_CONDITION_COMMENT,PERCEIVED_REALISM_AND_COHERENCE,T4_ADOPTION_EXPERIENCE,T4_ADOPTION_EXPERIENCE,Baseline,POST_METHOD_BLOCK,REDUCED,RQ3,usability; preference,DIRECTLY_EXPRESSED_PARTICIPANT_CONTENT,NO_DIRECT_QUOTATION,
SITE1/P03,QUESTIONNAIRE_FREE_TEXT,SITE1/P03/questionnaire/POST_CONDITION_COMMENT,MAP_FRAME_ALIGNMENT,T2_SPATIAL_REPRESENTATION;T3_CONTROL_PRECISION_UI,T2_SPATIAL_REPRESENTATION;T3_CONTROL_PRECISION_UI,Minimap,POST_METHOD_BLOCK,NOT_EXPLICITLY_CLASSIFIED,RQ2/RQ3,yaw/pitch; head rotation; workload,DIRECTLY_EXPRESSED_PARTICIPANT_CONTENT,NO_DIRECT_QUOTATION,
SITE1/P03,QUESTIONNAIRE_FREE_TEXT,SITE1/P03/questionnaire/POST_CONDITION_COMMENT,LEARNING_AND_ACCLIMATIZATION,T4_ADOPTION_EXPERIENCE,T4_ADOPTION_EXPERIENCE,Minimap,POST_METHOD_BLOCK,NOT_EXPLICITLY_CLASSIFIED,RQ3,within-method latency and head-rotation trends,DIRECTLY_EXPRESSED_PARTICIPANT_CONTENT,NO_DIRECT_QUOTATION,
SITE1/P03,QUESTIONNAIRE_FREE_TEXT,SITE1/P03/questionnaire/POST_CONDITION_COMMENT,LANDING_PRECISION,T3_CONTROL_PRECISION_UI,T3_CONTROL_PRECISION_UI,Tsunami,POST_METHOD_BLOCK,POSITIVE,RQ1/RQ3,direct-hit and sequential landing error,DIRECTLY_EXPRESSED_PARTICIPANT_CONTENT,NO_DIRECT_QUOTATION,
SITE1/P05,INTERVIEW,SITE1/P05/interview/Q1,PRIOR_FAMILIARITY,T4_ADOPTION_EXPERIENCE,T4_ADOPTION_EXPERIENCE,Baseline,"POST_SESSION_INTERVIEW; task may be Precision, Navigation, tutorial, or general unless explicitly stated",NOT_EXPLICITLY_CLASSIFIED,RQ3,usability; preference,DIRECTLY_EXPRESSED_PARTICIPANT_CONTENT,NO_DIRECT_QUOTATION,
SITE1/P05,INTERVIEW,SITE1/P05/interview/Q1,LEARNING_AND_ACCLIMATIZATION,T4_ADOPTION_EXPERIENCE,T4_ADOPTION_EXPERIENCE,Baseline,"POST_SESSION_INTERVIEW; task may be Precision, Navigation, tutorial, or general unless explicitly stated",NOT_EXPLICITLY_CLASSIFIED,RQ3,within-method latency and head-rotation trends,DIRECTLY_EXPRESSED_PARTICIPANT_CONTENT,NO_DIRECT_QUOTATION,
SITE1/P05,INTERVIEW,SITE1/P05/interview/Q1,SPATIAL_ORIENTATION_SUPPORTED,T2_SPATIAL_REPRESENTATION,T2_SPATIAL_REPRESENTATION,Tsunami,"POST_SESSION_INTERVIEW; task may be Precision, Navigation, tutorial, or general unless explicitly stated",POSITIVE,RQ2,spatial-awareness composite; continuity,DIRECTLY_EXPRESSED_PARTICIPANT_CONTENT,NO_DIRECT_QUOTATION,
SITE1/P05,INTERVIEW,SITE1/P05/interview/Q1,DESTINATION_AREA_PREVIEW,T2_SPATIAL_REPRESENTATION,T2_SPATIAL_REPRESENTATION,Tsunami,"POST_SESSION_INTERVIEW; task may be Precision, Navigation, tutorial, or general unless explicitly stated",POSITIVE,RQ2,spatial awareness; continuity,DIRECTLY_EXPRESSED_PARTICIPANT_CONTENT,NO_DIRECT_QUOTATION,
SITE1/P05,INTERVIEW,SITE1/P05/interview/Q1,ENJOYMENT_AND_AESTHETIC_APPEAL,T4_ADOPTION_EXPERIENCE,T4_ADOPTION_EXPERIENCE,Tsunami,"POST_SESSION_INTERVIEW; task may be Precision, Navigation, tutorial, or general unless explicitly stated",POSITIVE,RQ3,fun ranking; preference,DIRECTLY_EXPRESSED_PARTICIPANT_CONTENT,NO_DIRECT_QUOTATION,
SITE1/P05,INTERVIEW,SITE1/P05/interview/Q1,SPATIAL_ORIENTATION_DISRUPTED,T2_SPATIAL_REPRESENTATION,T2_SPATIAL_REPRESENTATION,Minimap,"POST_SESSION_INTERVIEW; task may be Precision, Navigation, tutorial, or general unless explicitly stated",NOT_EXPLICITLY_CLASSIFIED,RQ2,spatial-awareness composite; continuity,DIRECTLY_EXPRESSED_PARTICIPANT_CONTENT,NO_DIRECT_QUOTATION,
SITE1/P05,INTERVIEW,SITE1/P05/interview/Q1,REORIENTATION_AND_TURNING_COST,T2_SPATIAL_REPRESENTATION,T2_SPATIAL_REPRESENTATION,Minimap,"POST_SESSION_INTERVIEW; task may be Precision, Navigation, tutorial, or general unless explicitly stated",NOT_EXPLICITLY_CLASSIFIED,RQ2,latency; head rotation; yaw/pitch,DIRECTLY_EXPRESSED_PARTICIPANT_CONTENT,NO_DIRECT_QUOTATION,
SITE1/P05,INTERVIEW,SITE1/P05/interview/Q2,SPATIAL_ORIENTATION_SUPPORTED,T2_SPATIAL_REPRESENTATION,T2_SPATIAL_REPRESENTATION,Baseline,"POST_SESSION_INTERVIEW; task may be Precision, Navigation, tutorial, or general unless explicitly stated",NOT_EXPLICITLY_CLASSIFIED,RQ2,spatial-awareness composite; continuity,DIRECTLY_EXPRESSED_PARTICIPANT_CONTENT,NO_DIRECT_QUOTATION,
SITE1/P05,INTERVIEW,SITE1/P05/interview/Q2,SPATIAL_ORIENTATION_SUPPORTED,T2_SPATIAL_REPRESENTATION,T2_SPATIAL_REPRESENTATION,Tsunami,"POST_SESSION_INTERVIEW; task may be Precision, Navigation, tutorial, or general unless explicitly stated",NOT_EXPLICITLY_CLASSIFIED,RQ2,spatial-awareness composite; continuity,DIRECTLY_EXPRESSED_PARTICIPANT_CONTENT,NO_DIRECT_QUOTATION,
SITE1/P05,INTERVIEW,SITE1/P05/interview/Q2,DESTINATION_AREA_PREVIEW,T2_SPATIAL_REPRESENTATION,T2_SPATIAL_REPRESENTATION,Tsunami,"POST_SESSION_INTERVIEW; task may be Precision, Navigation, tutorial, or general unless explicitly stated",NOT_EXPLICITLY_CLASSIFIED,RQ2,spatial awareness; continuity,DIRECTLY_EXPRESSED_PARTICIPANT_CONTENT,NO_DIRECT_QUOTATION,
SITE1/P05,INTERVIEW,SITE1/P05/interview/Q3,SPATIAL_ORIENTATION_DISRUPTED,T2_SPATIAL_REPRESENTATION,T2_SPATIAL_REPRESENTATION,Minimap,"POST_SESSION_INTERVIEW; task may be Precision, Navigation, tutorial, or general unless explicitly stated",REDUCED,RQ2,spatial-awareness composite; continuity,DIRECTLY_EXPRESSED_PARTICIPANT_CONTENT,NO_DIRECT_QUOTATION,
SITE1/P05,INTERVIEW,SITE1/P05/interview/Q3,PERCEIVED_REALISM_AND_COHERENCE,T4_ADOPTION_EXPERIENCE,T4_ADOPTION_EXPERIENCE,Minimap,"POST_SESSION_INTERVIEW; task may be Precision, Navigation, tutorial, or general unless explicitly stated",REDUCED,RQ3,usability; preference,DIRECTLY_EXPRESSED_PARTICIPANT_CONTENT,NO_DIRECT_QUOTATION,
SITE1/P05,INTERVIEW,SITE1/P05/interview/Q4,TASK_CONTEXT_FIT,T1_SCALE_CONTEXT,T1_SCALE_CONTEXT,Minimap,APPLICATION_CONTEXT_OR_GENERAL,POSITIVE;SUITABLE,RQ1/RQ3,route interaction; preference,DIRECTLY_EXPRESSED_PARTICIPANT_CONTENT,NO_DIRECT_QUOTATION,
SITE1/P05,INTERVIEW,SITE1/P05/interview/Q4,DISTANCE_DEPENDENT_SUITABILITY,T1_SCALE_CONTEXT,T1_SCALE_CONTEXT,Minimap,APPLICATION_CONTEXT_OR_GENERAL,POSITIVE;SUITABLE,RQ1,precision by distance; route interaction,DIRECTLY_EXPRESSED_PARTICIPANT_CONTENT,NO_DIRECT_QUOTATION,
SITE1/P05,INTERVIEW,SITE1/P05/interview/Q4,TRAVERSAL_EFFICIENCY,T1_SCALE_CONTEXT,T1_SCALE_CONTEXT,Minimap,APPLICATION_CONTEXT_OR_GENERAL,POSITIVE;SUITABLE,RQ1,route time; teleport count; path efficiency,DIRECTLY_EXPRESSED_PARTICIPANT_CONTENT,NO_DIRECT_QUOTATION,
SITE1/P05,INTERVIEW,SITE1/P05/interview/Q4,TASK_CONTEXT_FIT,T1_SCALE_CONTEXT,T1_SCALE_CONTEXT,Baseline,APPLICATION_CONTEXT_OR_GENERAL,SUITABLE,RQ1/RQ3,route interaction; preference,DIRECTLY_EXPRESSED_PARTICIPANT_CONTENT,NO_DIRECT_QUOTATION,
SITE1/P05,INTERVIEW,SITE1/P05/interview/Q4,DISTANCE_DEPENDENT_SUITABILITY,T1_SCALE_CONTEXT,T1_SCALE_CONTEXT,Baseline,APPLICATION_CONTEXT_OR_GENERAL,SUITABLE,RQ1,precision by distance; route interaction,DIRECTLY_EXPRESSED_PARTICIPANT_CONTENT,NO_DIRECT_QUOTATION,
SITE1/P05,INTERVIEW,SITE1/P05/interview/Q4,TASK_CONTEXT_FIT,T1_SCALE_CONTEXT,T1_SCALE_CONTEXT,Tsunami,APPLICATION_CONTEXT_OR_GENERAL,SUITABLE,RQ1/RQ3,route interaction; preference,DIRECTLY_EXPRESSED_PARTICIPANT_CONTENT,NO_DIRECT_QUOTATION,
SITE1/P05,INTERVIEW,SITE1/P05/interview/Q4,DISTANCE_DEPENDENT_SUITABILITY,T1_SCALE_CONTEXT,T1_SCALE_CONTEXT,Tsunami,APPLICATION_CONTEXT_OR_GENERAL,SUITABLE,RQ1,precision by distance; route interaction,DIRECTLY_EXPRESSED_PARTICIPANT_CONTENT,NO_DIRECT_QUOTATION,
SITE1/P05,INTERVIEW,SITE1/P05/interview/Q4,SPATIAL_ORIENTATION_SUPPORTED,T2_SPATIAL_REPRESENTATION,T2_SPATIAL_REPRESENTATION,Tsunami,APPLICATION_CONTEXT_OR_GENERAL,SUITABLE,RQ2,spatial-awareness composite; continuity,DIRECTLY_EXPRESSED_PARTICIPANT_CONTENT,NO_DIRECT_QUOTATION,
SITE1/P05,INTERVIEW,SITE1/P05/interview/Q5,ENJOYMENT_AND_AESTHETIC_APPEAL,T4_ADOPTION_EXPERIENCE,T4_ADOPTION_EXPERIENCE,MULTIPLE,"POST_SESSION_INTERVIEW; task may be Precision, Navigation, tutorial, or general unless explicitly stated",POSITIVE,RQ3,fun ranking; preference,DIRECTLY_EXPRESSED_PARTICIPANT_CONTENT,NO_DIRECT_QUOTATION,
SITE1/P05,INTERVIEW,SITE1/P05/interview/Q5,PRIOR_FAMILIARITY,T4_ADOPTION_EXPERIENCE,T4_ADOPTION_EXPERIENCE,Baseline,"POST_SESSION_INTERVIEW; task may be Precision, Navigation, tutorial, or general unless explicitly stated",EXPERIENCED_MILD,RQ3,usability; preference,DIRECTLY_EXPRESSED_PARTICIPANT_CONTENT,NO_DIRECT_QUOTATION,
SITE1/P05,INTERVIEW,SITE1/P05/interview/Q5,CYBERSICKNESS_AND_BODILY_DISCOMFORT,T4_ADOPTION_EXPERIENCE,T4_ADOPTION_EXPERIENCE,Baseline,"POST_SESSION_INTERVIEW; task may be Precision, Navigation, tutorial, or general unless explicitly stated",EXPERIENCED_MILD,RQ3,CSQ-VR,DIRECTLY_EXPRESSED_PARTICIPANT_CONTENT,NO_DIRECT_QUOTATION,
SITE1/P05,INTERVIEW,SITE1/P05/interview/Q5,REPEATED_TELEPORT_COST,T1_SCALE_CONTEXT,T1_SCALE_CONTEXT,Baseline,"POST_SESSION_INTERVIEW; task may be Precision, Navigation, tutorial, or general unless explicitly stated",EXPERIENCED_MILD,RQ1,route time; teleport count,DIRECTLY_EXPRESSED_PARTICIPANT_CONTENT,NO_DIRECT_QUOTATION,
SITE1/P05,QUESTIONNAIRE_FREE_TEXT,SITE1/P05/questionnaire/POST_CONDITION_COMMENT,LEARNING_AND_ACCLIMATIZATION,T4_ADOPTION_EXPERIENCE,T4_ADOPTION_EXPERIENCE,Baseline,POST_METHOD_BLOCK,EXPERIENCED_MILD,RQ3,within-method latency and head-rotation trends,DIRECTLY_EXPRESSED_PARTICIPANT_CONTENT,NO_DIRECT_QUOTATION,
SITE1/P05,QUESTIONNAIRE_FREE_TEXT,SITE1/P05/questionnaire/POST_CONDITION_COMMENT,CYBERSICKNESS_AND_BODILY_DISCOMFORT,T4_ADOPTION_EXPERIENCE,T4_ADOPTION_EXPERIENCE,Baseline,POST_METHOD_BLOCK,EXPERIENCED_MILD,RQ3,CSQ-VR,DIRECTLY_EXPRESSED_PARTICIPANT_CONTENT,NO_DIRECT_QUOTATION,
SITE1/P05,QUESTIONNAIRE_FREE_TEXT,SITE1/P05/questionnaire/POST_CONDITION_COMMENT,LEARNING_AND_ACCLIMATIZATION,T4_ADOPTION_EXPERIENCE,T4_ADOPTION_EXPERIENCE,Minimap,POST_METHOD_BLOCK,POSITIVE,RQ3,within-method latency and head-rotation trends,DIRECTLY_EXPRESSED_PARTICIPANT_CONTENT,NO_DIRECT_QUOTATION,
SITE1/P05,QUESTIONNAIRE_FREE_TEXT,SITE1/P05/questionnaire/POST_CONDITION_COMMENT,ENJOYMENT_AND_AESTHETIC_APPEAL,T4_ADOPTION_EXPERIENCE,T4_ADOPTION_EXPERIENCE,Minimap,POST_METHOD_BLOCK,POSITIVE,RQ3,fun ranking; preference,DIRECTLY_EXPRESSED_PARTICIPANT_CONTENT,NO_DIRECT_QUOTATION,
SITE1/P05,QUESTIONNAIRE_FREE_TEXT,SITE1/P05/questionnaire/POST_CONDITION_COMMENT,SPATIAL_ORIENTATION_SUPPORTED,T2_SPATIAL_REPRESENTATION,T2_SPATIAL_REPRESENTATION,Tsunami,POST_METHOD_BLOCK,NOT_EXPLICITLY_CLASSIFIED,RQ2,spatial-awareness composite; continuity,DIRECTLY_EXPRESSED_PARTICIPANT_CONTENT,NO_DIRECT_QUOTATION,
SITE1/P06,INTERVIEW,SITE1/P06/interview/Q1,PHYSICAL_ERGONOMICS,T4_ADOPTION_EXPERIENCE,T4_ADOPTION_EXPERIENCE,Minimap,"POST_SESSION_INTERVIEW; task may be Precision, Navigation, tutorial, or general unless explicitly stated",NOT_EXPLICITLY_CLASSIFIED,RQ3,RAW-TLX,DIRECTLY_EXPRESSED_PARTICIPANT_CONTENT,NO_DIRECT_QUOTATION,
SITE1/P06,INTERVIEW,SITE1/P06/interview/Q1,MAP_FRAME_ALIGNMENT,T2_SPATIAL_REPRESENTATION;T3_CONTROL_PRECISION_UI,T2_SPATIAL_REPRESENTATION;T3_CONTROL_PRECISION_UI,Minimap,"POST_SESSION_INTERVIEW; task may be Precision, Navigation, tutorial, or general unless explicitly stated",NOT_EXPLICITLY_CLASSIFIED,RQ2/RQ3,yaw/pitch; head rotation; workload,DIRECTLY_EXPRESSED_PARTICIPANT_CONTENT,NO_DIRECT_QUOTATION,
SITE1/P06,INTERVIEW,SITE1/P06/interview/Q2,SPATIAL_ORIENTATION_SUPPORTED,T2_SPATIAL_REPRESENTATION,T2_SPATIAL_REPRESENTATION,Baseline,"POST_SESSION_INTERVIEW; task may be Precision, Navigation, tutorial, or general unless explicitly stated",NOT_EXPLICITLY_CLASSIFIED,RQ2,spatial-awareness composite; continuity,DIRECTLY_EXPRESSED_PARTICIPANT_CONTENT,NO_DIRECT_QUOTATION,
SITE1/P06,INTERVIEW,SITE1/P06/interview/Q2,WALKING_LIKE_INCREMENTAL_MOVEMENT,T2_SPATIAL_REPRESENTATION,T2_SPATIAL_REPRESENTATION,Baseline,"POST_SESSION_INTERVIEW; task may be Precision, Navigation, tutorial, or general unless explicitly stated",NOT_EXPLICITLY_CLASSIFIED,RQ2,route time; spatial awareness,DIRECTLY_EXPRESSED_PARTICIPANT_CONTENT,NO_DIRECT_QUOTATION,
SITE1/P06,INTERVIEW,SITE1/P06/interview/Q2,DISTANCE_DEPENDENT_SUITABILITY,T1_SCALE_CONTEXT,T1_SCALE_CONTEXT,Baseline,"POST_SESSION_INTERVIEW; task may be Precision, Navigation, tutorial, or general unless explicitly stated",NOT_EXPLICITLY_CLASSIFIED,RQ1,precision by distance; route interaction,DIRECTLY_EXPRESSED_PARTICIPANT_CONTENT,NO_DIRECT_QUOTATION,
SITE1/P06,INTERVIEW,SITE1/P06/interview/Q2,SPATIAL_ORIENTATION_SUPPORTED,T2_SPATIAL_REPRESENTATION,T2_SPATIAL_REPRESENTATION,Tsunami,"POST_SESSION_INTERVIEW; task may be Precision, Navigation, tutorial, or general unless explicitly stated",REDUCED,RQ2,spatial-awareness composite; continuity,DIRECTLY_EXPRESSED_PARTICIPANT_CONTENT,NO_DIRECT_QUOTATION,
SITE1/P06,INTERVIEW,SITE1/P06/interview/Q2,DESTINATION_AREA_PREVIEW,T2_SPATIAL_REPRESENTATION,T2_SPATIAL_REPRESENTATION,Tsunami,"POST_SESSION_INTERVIEW; task may be Precision, Navigation, tutorial, or general unless explicitly stated",REDUCED,RQ2,spatial awareness; continuity,DIRECTLY_EXPRESSED_PARTICIPANT_CONTENT,NO_DIRECT_QUOTATION,
SITE1/P06,INTERVIEW,SITE1/P06/interview/Q2,PERCEIVED_REALISM_AND_COHERENCE,T4_ADOPTION_EXPERIENCE,T4_ADOPTION_EXPERIENCE,Tsunami,"POST_SESSION_INTERVIEW; task may be Precision, Navigation, tutorial, or general unless explicitly stated",REDUCED,RQ3,usability; preference,DIRECTLY_EXPRESSED_PARTICIPANT_CONTENT,NO_DIRECT_QUOTATION,
SITE1/P06,INTERVIEW,SITE1/P06/interview/Q2,SPATIAL_ORIENTATION_DISRUPTED,T2_SPATIAL_REPRESENTATION,T2_SPATIAL_REPRESENTATION,Minimap,"POST_SESSION_INTERVIEW; task may be Precision, Navigation, tutorial, or general unless explicitly stated",NOT_EXPLICITLY_CLASSIFIED,RQ2,spatial-awareness composite; continuity,DIRECTLY_EXPRESSED_PARTICIPANT_CONTENT,NO_DIRECT_QUOTATION,
SITE1/P06,INTERVIEW,SITE1/P06/interview/Q3,NO_SUBSTANTIVE_CODE,AUDIT_ONLY_OR_SECONDARY,NONE,MULTI_OR_UNSPECIFIED,"POST_SESSION_INTERVIEW; task may be Precision, Navigation, tutorial, or general unless explicitly stated",NOT_EXPLICITLY_CLASSIFIED,NONE,NONE,EXPLICIT_NO_ADDITIONAL_COMMENT_OR_NONCONTENT,NO_DIRECT_QUOTATION,
SITE1/P06,INTERVIEW,SITE1/P06/interview/Q4,ENVIRONMENT_GEOMETRY_CONSTRAINT,T1_SCALE_CONTEXT,T1_SCALE_CONTEXT,Baseline,APPLICATION_CONTEXT_OR_GENERAL,SUITABLE,RQ1,method-by-route interaction,DIRECTLY_EXPRESSED_PARTICIPANT_CONTENT,NO_DIRECT_QUOTATION,
SITE1/P06,INTERVIEW,SITE1/P06/interview/Q4,REPEATED_TELEPORT_COST,T1_SCALE_CONTEXT,T1_SCALE_CONTEXT,Baseline,APPLICATION_CONTEXT_OR_GENERAL,SUITABLE,RQ1,route time; teleport count,DIRECTLY_EXPRESSED_PARTICIPANT_CONTENT,NO_DIRECT_QUOTATION,
SITE1/P06,INTERVIEW,SITE1/P06/interview/Q4,DISTANCE_DEPENDENT_SUITABILITY,T1_SCALE_CONTEXT,T1_SCALE_CONTEXT,Baseline,APPLICATION_CONTEXT_OR_GENERAL,SUITABLE,RQ1,precision by distance; route interaction,DIRECTLY_EXPRESSED_PARTICIPANT_CONTENT,NO_DIRECT_QUOTATION,
SITE1/P06,INTERVIEW,SITE1/P06/interview/Q4,TASK_CONTEXT_FIT,T1_SCALE_CONTEXT,T1_SCALE_CONTEXT,Baseline,APPLICATION_CONTEXT_OR_GENERAL,SUITABLE,RQ1/RQ3,route interaction; preference,DIRECTLY_EXPRESSED_PARTICIPANT_CONTENT,NO_DIRECT_QUOTATION,
SITE1/P06,INTERVIEW,SITE1/P06/interview/Q4,DISTANCE_DEPENDENT_SUITABILITY,T1_SCALE_CONTEXT,T1_SCALE_CONTEXT,Minimap,APPLICATION_CONTEXT_OR_GENERAL,CONDITIONAL,RQ1,precision by distance; route interaction,DIRECTLY_EXPRESSED_PARTICIPANT_CONTENT,NO_DIRECT_QUOTATION,
SITE1/P06,INTERVIEW,SITE1/P06/interview/Q4,TASK_CONTEXT_FIT,T1_SCALE_CONTEXT,T1_SCALE_CONTEXT,Minimap,APPLICATION_CONTEXT_OR_GENERAL,CONDITIONAL,RQ1/RQ3,route interaction; preference,DIRECTLY_EXPRESSED_PARTICIPANT_CONTENT,NO_DIRECT_QUOTATION,
SITE1/P06,INTERVIEW,SITE1/P06/interview/Q4,ENVIRONMENT_GEOMETRY_CONSTRAINT,T1_SCALE_CONTEXT,T1_SCALE_CONTEXT,Minimap,APPLICATION_CONTEXT_OR_GENERAL,CONDITIONAL,RQ1,method-by-route interaction,DIRECTLY_EXPRESSED_PARTICIPANT_CONTENT,NO_DIRECT_QUOTATION,
SITE1/P06,INTERVIEW,SITE1/P06/interview/Q4,DISTANCE_DEPENDENT_SUITABILITY,T1_SCALE_CONTEXT,T1_SCALE_CONTEXT,Tsunami,APPLICATION_CONTEXT_OR_GENERAL,SUITABLE,RQ1,precision by distance; route interaction,DIRECTLY_EXPRESSED_PARTICIPANT_CONTENT,NO_DIRECT_QUOTATION,
SITE1/P06,INTERVIEW,SITE1/P06/interview/Q4,TASK_CONTEXT_FIT,T1_SCALE_CONTEXT,T1_SCALE_CONTEXT,Tsunami,APPLICATION_CONTEXT_OR_GENERAL,SUITABLE,RQ1/RQ3,route interaction; preference,DIRECTLY_EXPRESSED_PARTICIPANT_CONTENT,NO_DIRECT_QUOTATION,
SITE1/P06,INTERVIEW,SITE1/P06/interview/Q4,ENVIRONMENT_GEOMETRY_CONSTRAINT,T1_SCALE_CONTEXT,T1_SCALE_CONTEXT,Tsunami,APPLICATION_CONTEXT_OR_GENERAL,SUITABLE,RQ1,method-by-route interaction,DIRECTLY_EXPRESSED_PARTICIPANT_CONTENT,NO_DIRECT_QUOTATION,
SITE1/P06,INTERVIEW,SITE1/P06/interview/Q5,REPEATED_TELEPORT_COST,T1_SCALE_CONTEXT,T1_SCALE_CONTEXT,MULTIPLE,"POST_SESSION_INTERVIEW; task may be Precision, Navigation, tutorial, or general unless explicitly stated",INCREASED,RQ1,route time; teleport count,DIRECTLY_EXPRESSED_PARTICIPANT_CONTENT,NO_DIRECT_QUOTATION,
SITE1/P06,INTERVIEW,SITE1/P06/interview/Q5,COGNITIVE_AND_INTERACTION_WORKLOAD,T4_ADOPTION_EXPERIENCE,T4_ADOPTION_EXPERIENCE,MULTIPLE,"POST_SESSION_INTERVIEW; task may be Precision, Navigation, tutorial, or general unless explicitly stated",INCREASED,RQ3,RAW-TLX,DIRECTLY_EXPRESSED_PARTICIPANT_CONTENT,NO_DIRECT_QUOTATION,
SITE1/P06,INTERVIEW,SITE1/P06/interview/Q5,LANDING_PRECISION,T3_CONTROL_PRECISION_UI,T3_CONTROL_PRECISION_UI,Baseline,"POST_SESSION_INTERVIEW; task may be Precision, Navigation, tutorial, or general unless explicitly stated",NEGATIVE,RQ1/RQ3,direct-hit and sequential landing error,DIRECTLY_EXPRESSED_PARTICIPANT_CONTENT,NO_DIRECT_QUOTATION,
SITE1/P06,INTERVIEW,SITE1/P06/interview/Q5,DISTANCE_DEPENDENT_SUITABILITY,T1_SCALE_CONTEXT,T1_SCALE_CONTEXT,Baseline,"POST_SESSION_INTERVIEW; task may be Precision, Navigation, tutorial, or general unless explicitly stated",NEGATIVE,RQ1,precision by distance; route interaction,DIRECTLY_EXPRESSED_PARTICIPANT_CONTENT,NO_DIRECT_QUOTATION,
SITE1/P06,QUESTIONNAIRE_FREE_TEXT,SITE1/P06/questionnaire/POST_CONDITION_COMMENT,MAP_FRAME_ALIGNMENT,T2_SPATIAL_REPRESENTATION;T3_CONTROL_PRECISION_UI,T2_SPATIAL_REPRESENTATION;T3_CONTROL_PRECISION_UI,Minimap,POST_METHOD_BLOCK,NEGATIVE,RQ2/RQ3,yaw/pitch; head rotation; workload,DIRECTLY_EXPRESSED_PARTICIPANT_CONTENT,NO_DIRECT_QUOTATION,
SITE1/P06,QUESTIONNAIRE_FREE_TEXT,SITE1/P06/questionnaire/POST_CONDITION_COMMENT,LANDING_PRECISION,T3_CONTROL_PRECISION_UI,T3_CONTROL_PRECISION_UI,Minimap,POST_METHOD_BLOCK,NEGATIVE,RQ1/RQ3,direct-hit and sequential landing error,DIRECTLY_EXPRESSED_PARTICIPANT_CONTENT,NO_DIRECT_QUOTATION,
SITE1/P06,QUESTIONNAIRE_FREE_TEXT,SITE1/P06/questionnaire/POST_CONDITION_COMMENT,PERCEIVED_REALISM_AND_COHERENCE,T4_ADOPTION_EXPERIENCE,T4_ADOPTION_EXPERIENCE,Tsunami,POST_METHOD_BLOCK,ENHANCED,RQ3,usability; preference,DIRECTLY_EXPRESSED_PARTICIPANT_CONTENT,NO_DIRECT_QUOTATION,
SITE1/P06,QUESTIONNAIRE_FREE_TEXT,SITE1/P06/questionnaire/POST_CONDITION_COMMENT,ENVIRONMENT_GEOMETRY_CONSTRAINT,T1_SCALE_CONTEXT,T1_SCALE_CONTEXT,Tsunami,POST_METHOD_BLOCK,ENHANCED,RQ1,method-by-route interaction,DIRECTLY_EXPRESSED_PARTICIPANT_CONTENT,NO_DIRECT_QUOTATION,
SITE1/P07,INTERVIEW,SITE1/P07/interview/Q1,SPATIAL_ORIENTATION_SUPPORTED,T2_SPATIAL_REPRESENTATION,T2_SPATIAL_REPRESENTATION,Tsunami,"POST_SESSION_INTERVIEW; task may be Precision, Navigation, tutorial, or general unless explicitly stated",NOT_EXPLICITLY_CLASSIFIED,RQ2,spatial-awareness composite; continuity,DIRECTLY_EXPRESSED_PARTICIPANT_CONTENT,NO_DIRECT_QUOTATION,
SITE1/P07,INTERVIEW,SITE1/P07/interview/Q2,SPATIAL_ORIENTATION_SUPPORTED,T2_SPATIAL_REPRESENTATION,T2_SPATIAL_REPRESENTATION,Tsunami,"POST_SESSION_INTERVIEW; task may be Precision, Navigation, tutorial, or general unless explicitly stated",NOT_EXPLICITLY_CLASSIFIED,RQ2,spatial-awareness composite; continuity,DIRECTLY_EXPRESSED_PARTICIPANT_CONTENT,NO_DIRECT_QUOTATION,
SITE1/P07,INTERVIEW,SITE1/P07/interview/Q3,REORIENTATION_AND_TURNING_COST,T2_SPATIAL_REPRESENTATION,T2_SPATIAL_REPRESENTATION,Minimap,"POST_SESSION_INTERVIEW; task may be Precision, Navigation, tutorial, or general unless explicitly stated",NOT_EXPLICITLY_CLASSIFIED,RQ2,latency; head rotation; yaw/pitch,DIRECTLY_EXPRESSED_PARTICIPANT_CONTENT,NO_DIRECT_QUOTATION,
SITE1/P07,INTERVIEW,SITE1/P07/interview/Q3,SPATIAL_ORIENTATION_DISRUPTED,T2_SPATIAL_REPRESENTATION,T2_SPATIAL_REPRESENTATION,Minimap,"POST_SESSION_INTERVIEW; task may be Precision, Navigation, tutorial, or general unless explicitly stated",NOT_EXPLICITLY_CLASSIFIED,RQ2,spatial-awareness composite; continuity,DIRECTLY_EXPRESSED_PARTICIPANT_CONTENT,NO_DIRECT_QUOTATION,
SITE1/P07,INTERVIEW,SITE1/P07/interview/Q4,DESTINATION_AREA_PREVIEW,T2_SPATIAL_REPRESENTATION,T2_SPATIAL_REPRESENTATION,Minimap,APPLICATION_CONTEXT_OR_GENERAL,SUITABLE,RQ2,spatial awareness; continuity,DIRECTLY_EXPRESSED_PARTICIPANT_CONTENT,NO_DIRECT_QUOTATION,
SITE1/P07,INTERVIEW,SITE1/P07/interview/Q4,TASK_CONTEXT_FIT,T1_SCALE_CONTEXT,T1_SCALE_CONTEXT,Minimap,APPLICATION_CONTEXT_OR_GENERAL,SUITABLE,RQ1/RQ3,route interaction; preference,DIRECTLY_EXPRESSED_PARTICIPANT_CONTENT,NO_DIRECT_QUOTATION,
SITE1/P07,INTERVIEW,SITE1/P07/interview/Q4,LANDING_PRECISION,T3_CONTROL_PRECISION_UI,T3_CONTROL_PRECISION_UI,Baseline,APPLICATION_CONTEXT_OR_GENERAL,POSITIVE;SUITABLE,RQ1/RQ3,direct-hit and sequential landing error,DIRECTLY_EXPRESSED_PARTICIPANT_CONTENT,NO_DIRECT_QUOTATION,
SITE1/P07,INTERVIEW,SITE1/P07/interview/Q4,TASK_CONTEXT_FIT,T1_SCALE_CONTEXT,T1_SCALE_CONTEXT,Baseline,APPLICATION_CONTEXT_OR_GENERAL,POSITIVE;SUITABLE,RQ1/RQ3,route interaction; preference,DIRECTLY_EXPRESSED_PARTICIPANT_CONTENT,NO_DIRECT_QUOTATION,
SITE1/P07,INTERVIEW,SITE1/P07/interview/Q4,DISTANCE_DEPENDENT_SUITABILITY,T1_SCALE_CONTEXT,T1_SCALE_CONTEXT,Tsunami,APPLICATION_CONTEXT_OR_GENERAL,SUITABLE,RQ1,precision by distance; route interaction,DIRECTLY_EXPRESSED_PARTICIPANT_CONTENT,NO_DIRECT_QUOTATION,
SITE1/P07,INTERVIEW,SITE1/P07/interview/Q4,TASK_CONTEXT_FIT,T1_SCALE_CONTEXT,T1_SCALE_CONTEXT,Tsunami,APPLICATION_CONTEXT_OR_GENERAL,SUITABLE,RQ1/RQ3,route interaction; preference,DIRECTLY_EXPRESSED_PARTICIPANT_CONTENT,NO_DIRECT_QUOTATION,
SITE1/P07,INTERVIEW,SITE1/P07/interview/Q5,NO_SUBSTANTIVE_CODE,AUDIT_ONLY_OR_SECONDARY,NONE,MULTI_OR_UNSPECIFIED,"POST_SESSION_INTERVIEW; task may be Precision, Navigation, tutorial, or general unless explicitly stated",NOT_EXPLICITLY_CLASSIFIED,NONE,NONE,EXPLICIT_NO_ADDITIONAL_COMMENT_OR_NONCONTENT,NO_DIRECT_QUOTATION,
SITE1/P07,QUESTIONNAIRE_FREE_TEXT,SITE1/P07/questionnaire/POST_CONDITION_COMMENT,REORIENTATION_AND_TURNING_COST,T2_SPATIAL_REPRESENTATION,T2_SPATIAL_REPRESENTATION,Minimap,POST_METHOD_BLOCK,INCREASED,RQ2,latency; head rotation; yaw/pitch,DIRECTLY_EXPRESSED_PARTICIPANT_CONTENT,NO_DIRECT_QUOTATION,
SITE1/P07,QUESTIONNAIRE_FREE_TEXT,SITE1/P07/questionnaire/POST_CONDITION_COMMENT,SPATIAL_ORIENTATION_DISRUPTED,T2_SPATIAL_REPRESENTATION,T2_SPATIAL_REPRESENTATION,Minimap,POST_METHOD_BLOCK,INCREASED,RQ2,spatial-awareness composite; continuity,DIRECTLY_EXPRESSED_PARTICIPANT_CONTENT,NO_DIRECT_QUOTATION,
SITE1/P07,QUESTIONNAIRE_FREE_TEXT,SITE1/P07/questionnaire/POST_CONDITION_COMMENT,COGNITIVE_AND_INTERACTION_WORKLOAD,T4_ADOPTION_EXPERIENCE,T4_ADOPTION_EXPERIENCE,Minimap,POST_METHOD_BLOCK,INCREASED,RQ3,RAW-TLX,DIRECTLY_EXPRESSED_PARTICIPANT_CONTENT,NO_DIRECT_QUOTATION,
SITE1/P08,INTERVIEW,SITE1/P08/interview/Q1,DISTANCE_ESTIMATION,T3_CONTROL_PRECISION_UI,T3_CONTROL_PRECISION_UI,Tsunami,"POST_SESSION_INTERVIEW; task may be Precision, Navigation, tutorial, or general unless explicitly stated",NOT_EXPLICITLY_CLASSIFIED,RQ2,distance-awareness composite,DIRECTLY_EXPRESSED_PARTICIPANT_CONTENT,NO_DIRECT_QUOTATION,
SITE1/P08,INTERVIEW,SITE1/P08/interview/Q1,DESTINATION_AREA_PREVIEW,T2_SPATIAL_REPRESENTATION,T2_SPATIAL_REPRESENTATION,Tsunami,"POST_SESSION_INTERVIEW; task may be Precision, Navigation, tutorial, or general unless explicitly stated",NOT_EXPLICITLY_CLASSIFIED,RQ2,spatial awareness; continuity,DIRECTLY_EXPRESSED_PARTICIPANT_CONTENT,NO_DIRECT_QUOTATION,
SITE1/P08,INTERVIEW,SITE1/P08/interview/Q1,SPATIAL_ORIENTATION_SUPPORTED,T2_SPATIAL_REPRESENTATION,T2_SPATIAL_REPRESENTATION,Tsunami,"POST_SESSION_INTERVIEW; task may be Precision, Navigation, tutorial, or general unless explicitly stated",NOT_EXPLICITLY_CLASSIFIED,RQ2,spatial-awareness composite; continuity,DIRECTLY_EXPRESSED_PARTICIPANT_CONTENT,NO_DIRECT_QUOTATION,
SITE1/P08,INTERVIEW,SITE1/P08/interview/Q1,ENVIRONMENT_GEOMETRY_CONSTRAINT,T1_SCALE_CONTEXT,T1_SCALE_CONTEXT,Tsunami,"POST_SESSION_INTERVIEW; task may be Precision, Navigation, tutorial, or general unless explicitly stated",NOT_EXPLICITLY_CLASSIFIED,RQ1,method-by-route interaction,DIRECTLY_EXPRESSED_PARTICIPANT_CONTENT,NO_DIRECT_QUOTATION,
SITE1/P08,INTERVIEW,SITE1/P08/interview/Q2,SPATIAL_ORIENTATION_SUPPORTED,T2_SPATIAL_REPRESENTATION,T2_SPATIAL_REPRESENTATION,MULTIPLE,"POST_SESSION_INTERVIEW; task may be Precision, Navigation, tutorial, or general unless explicitly stated",NOT_EXPLICITLY_CLASSIFIED,RQ2,spatial-awareness composite; continuity,DIRECTLY_EXPRESSED_PARTICIPANT_CONTENT,NO_DIRECT_QUOTATION,
SITE1/P08,INTERVIEW,SITE1/P08/interview/Q3,MAP_FRAME_ALIGNMENT,T2_SPATIAL_REPRESENTATION;T3_CONTROL_PRECISION_UI,T2_SPATIAL_REPRESENTATION;T3_CONTROL_PRECISION_UI,Minimap,"POST_SESSION_INTERVIEW; task may be Precision, Navigation, tutorial, or general unless explicitly stated",INCREASED,RQ2/RQ3,yaw/pitch; head rotation; workload,DIRECTLY_EXPRESSED_PARTICIPANT_CONTENT,NO_DIRECT_QUOTATION,
SITE1/P08,INTERVIEW,SITE1/P08/interview/Q3,COGNITIVE_AND_INTERACTION_WORKLOAD,T4_ADOPTION_EXPERIENCE,T4_ADOPTION_EXPERIENCE,Minimap,"POST_SESSION_INTERVIEW; task may be Precision, Navigation, tutorial, or general unless explicitly stated",INCREASED,RQ3,RAW-TLX,DIRECTLY_EXPRESSED_PARTICIPANT_CONTENT,NO_DIRECT_QUOTATION,
SITE1/P08,INTERVIEW,SITE1/P08/interview/Q4,TASK_CONTEXT_FIT,T1_SCALE_CONTEXT,T1_SCALE_CONTEXT,Minimap,APPLICATION_CONTEXT_OR_GENERAL,CONDITIONAL,RQ1/RQ3,route interaction; preference,DIRECTLY_EXPRESSED_PARTICIPANT_CONTENT,NO_DIRECT_QUOTATION,
SITE1/P08,INTERVIEW,SITE1/P08/interview/Q4,DISTANCE_DEPENDENT_SUITABILITY,T1_SCALE_CONTEXT,T1_SCALE_CONTEXT,Minimap,APPLICATION_CONTEXT_OR_GENERAL,CONDITIONAL,RQ1,precision by distance; route interaction,DIRECTLY_EXPRESSED_PARTICIPANT_CONTENT,NO_DIRECT_QUOTATION,
SITE1/P08,INTERVIEW,SITE1/P08/interview/Q4,VISUAL_UI_PRESENTATION,T3_CONTROL_PRECISION_UI,T3_CONTROL_PRECISION_UI,Minimap,APPLICATION_CONTEXT_OR_GENERAL,CONDITIONAL,RQ3,workload; usability,DIRECTLY_EXPRESSED_PARTICIPANT_CONTENT,NO_DIRECT_QUOTATION,
SITE1/P08,INTERVIEW,SITE1/P08/interview/Q4,TASK_CONTEXT_FIT,T1_SCALE_CONTEXT,T1_SCALE_CONTEXT,Baseline,APPLICATION_CONTEXT_OR_GENERAL,SUITABLE,RQ1/RQ3,route interaction; preference,DIRECTLY_EXPRESSED_PARTICIPANT_CONTENT,NO_DIRECT_QUOTATION,
SITE1/P08,INTERVIEW,SITE1/P08/interview/Q4,DISTANCE_DEPENDENT_SUITABILITY,T1_SCALE_CONTEXT,T1_SCALE_CONTEXT,Baseline,APPLICATION_CONTEXT_OR_GENERAL,SUITABLE,RQ1,precision by distance; route interaction,DIRECTLY_EXPRESSED_PARTICIPANT_CONTENT,NO_DIRECT_QUOTATION,
SITE1/P08,INTERVIEW,SITE1/P08/interview/Q4,ENVIRONMENT_GEOMETRY_CONSTRAINT,T1_SCALE_CONTEXT,T1_SCALE_CONTEXT,Baseline,APPLICATION_CONTEXT_OR_GENERAL,SUITABLE,RQ1,method-by-route interaction,DIRECTLY_EXPRESSED_PARTICIPANT_CONTENT,NO_DIRECT_QUOTATION,
SITE1/P08,INTERVIEW,SITE1/P08/interview/Q4,TASK_CONTEXT_FIT,T1_SCALE_CONTEXT,T1_SCALE_CONTEXT,Tsunami,APPLICATION_CONTEXT_OR_GENERAL,SUITABLE;ENHANCED,RQ1/RQ3,route interaction; preference,DIRECTLY_EXPRESSED_PARTICIPANT_CONTENT,NO_DIRECT_QUOTATION,
SITE1/P08,INTERVIEW,SITE1/P08/interview/Q4,DISTANCE_DEPENDENT_SUITABILITY,T1_SCALE_CONTEXT,T1_SCALE_CONTEXT,Tsunami,APPLICATION_CONTEXT_OR_GENERAL,SUITABLE;ENHANCED,RQ1,precision by distance; route interaction,DIRECTLY_EXPRESSED_PARTICIPANT_CONTENT,NO_DIRECT_QUOTATION,
SITE1/P08,INTERVIEW,SITE1/P08/interview/Q4,DESTINATION_AREA_PREVIEW,T2_SPATIAL_REPRESENTATION,T2_SPATIAL_REPRESENTATION,Tsunami,APPLICATION_CONTEXT_OR_GENERAL,SUITABLE;ENHANCED,RQ2,spatial awareness; continuity,DIRECTLY_EXPRESSED_PARTICIPANT_CONTENT,NO_DIRECT_QUOTATION,
SITE1/P08,INTERVIEW,SITE1/P08/interview/Q4,IMMERSION_AND_PRESENCE,T4_ADOPTION_EXPERIENCE,T4_ADOPTION_EXPERIENCE,Tsunami,APPLICATION_CONTEXT_OR_GENERAL,SUITABLE;ENHANCED,RQ2/RQ3,environmental continuity,DIRECTLY_EXPRESSED_PARTICIPANT_CONTENT,NO_DIRECT_QUOTATION,
SITE1/P08,INTERVIEW,SITE1/P08/interview/Q5,NO_SUBSTANTIVE_CODE,AUDIT_ONLY_OR_SECONDARY,NONE,MULTI_OR_UNSPECIFIED,"POST_SESSION_INTERVIEW; task may be Precision, Navigation, tutorial, or general unless explicitly stated",NOT_EXPLICITLY_CLASSIFIED,NONE,NONE,EXPLICIT_NO_ADDITIONAL_COMMENT_OR_NONCONTENT,NO_DIRECT_QUOTATION,
SITE1/P08,QUESTIONNAIRE_FREE_TEXT,SITE1/P08/questionnaire/POST_CONDITION_COMMENT,LEARNING_AND_ACCLIMATIZATION,T4_ADOPTION_EXPERIENCE,T4_ADOPTION_EXPERIENCE,Baseline,POST_METHOD_BLOCK,NEGATIVE,RQ3,within-method latency and head-rotation trends,DIRECTLY_EXPRESSED_PARTICIPANT_CONTENT,NO_DIRECT_QUOTATION,
SITE1/P08,QUESTIONNAIRE_FREE_TEXT,SITE1/P08/questionnaire/POST_CONDITION_COMMENT,TRAVERSAL_EFFICIENCY,T1_SCALE_CONTEXT,T1_SCALE_CONTEXT,Baseline,POST_METHOD_BLOCK,NEGATIVE,RQ1,route time; teleport count; path efficiency,DIRECTLY_EXPRESSED_PARTICIPANT_CONTENT,NO_DIRECT_QUOTATION,
SITE1/P08,QUESTIONNAIRE_FREE_TEXT,SITE1/P08/questionnaire/POST_CONDITION_COMMENT,LANDING_PRECISION,T3_CONTROL_PRECISION_UI,T3_CONTROL_PRECISION_UI,Tsunami,POST_METHOD_BLOCK,NEGATIVE,RQ1/RQ3,direct-hit and sequential landing error,DIRECTLY_EXPRESSED_PARTICIPANT_CONTENT,NO_DIRECT_QUOTATION,
SITE1/P08,QUESTIONNAIRE_FREE_TEXT,SITE1/P08/questionnaire/POST_CONDITION_COMMENT,CONTROL_SENSITIVITY_AND_RELEASE,T3_CONTROL_PRECISION_UI,T3_CONTROL_PRECISION_UI,Tsunami,POST_METHOD_BLOCK,NEGATIVE,RQ1/RQ3,landing error; corrective teleports,DIRECTLY_EXPRESSED_PARTICIPANT_CONTENT,NO_DIRECT_QUOTATION,
SITE1/P10,INTERVIEW,SITE1/P10/interview/Q1,PERCEIVED_REALISM_AND_COHERENCE,T4_ADOPTION_EXPERIENCE,T4_ADOPTION_EXPERIENCE,Baseline,"POST_SESSION_INTERVIEW; task may be Precision, Navigation, tutorial, or general unless explicitly stated",ENHANCED,RQ3,usability; preference,DIRECTLY_EXPRESSED_PARTICIPANT_CONTENT,NO_DIRECT_QUOTATION,
SITE1/P10,INTERVIEW,SITE1/P10/interview/Q2,DESTINATION_AREA_PREVIEW,T2_SPATIAL_REPRESENTATION,T2_SPATIAL_REPRESENTATION,Tsunami,"POST_SESSION_INTERVIEW; task may be Precision, Navigation, tutorial, or general unless explicitly stated",NOT_EXPLICITLY_CLASSIFIED,RQ2,spatial awareness; continuity,DIRECTLY_EXPRESSED_PARTICIPANT_CONTENT,NO_DIRECT_QUOTATION,
SITE1/P10,INTERVIEW,SITE1/P10/interview/Q2,SPATIAL_ORIENTATION_SUPPORTED,T2_SPATIAL_REPRESENTATION,T2_SPATIAL_REPRESENTATION,Tsunami,"POST_SESSION_INTERVIEW; task may be Precision, Navigation, tutorial, or general unless explicitly stated",NOT_EXPLICITLY_CLASSIFIED,RQ2,spatial-awareness composite; continuity,DIRECTLY_EXPRESSED_PARTICIPANT_CONTENT,NO_DIRECT_QUOTATION,
SITE1/P10,INTERVIEW,SITE1/P10/interview/Q2,PRIOR_FAMILIARITY,T4_ADOPTION_EXPERIENCE,T4_ADOPTION_EXPERIENCE,Tsunami,"POST_SESSION_INTERVIEW; task may be Precision, Navigation, tutorial, or general unless explicitly stated",NOT_EXPLICITLY_CLASSIFIED,RQ3,usability; preference,DIRECTLY_EXPRESSED_PARTICIPANT_CONTENT,NO_DIRECT_QUOTATION,
SITE1/P10,INTERVIEW,SITE1/P10/interview/Q3,TRAVERSAL_EFFICIENCY,T1_SCALE_CONTEXT,T1_SCALE_CONTEXT,Minimap,"POST_SESSION_INTERVIEW; task may be Precision, Navigation, tutorial, or general unless explicitly stated",POSITIVE,RQ1,route time; teleport count; path efficiency,DIRECTLY_EXPRESSED_PARTICIPANT_CONTENT,NO_DIRECT_QUOTATION,
SITE1/P10,INTERVIEW,SITE1/P10/interview/Q3,SPATIAL_ORIENTATION_DISRUPTED,T2_SPATIAL_REPRESENTATION,T2_SPATIAL_REPRESENTATION,Minimap,"POST_SESSION_INTERVIEW; task may be Precision, Navigation, tutorial, or general unless explicitly stated",POSITIVE,RQ2,spatial-awareness composite; continuity,DIRECTLY_EXPRESSED_PARTICIPANT_CONTENT,NO_DIRECT_QUOTATION,
SITE1/P10,INTERVIEW,SITE1/P10/interview/Q4,DISTANCE_DEPENDENT_SUITABILITY,T1_SCALE_CONTEXT,T1_SCALE_CONTEXT,Baseline,APPLICATION_CONTEXT_OR_GENERAL,SUITABLE,RQ1,precision by distance; route interaction,DIRECTLY_EXPRESSED_PARTICIPANT_CONTENT,NO_DIRECT_QUOTATION,
SITE1/P10,INTERVIEW,SITE1/P10/interview/Q4,TASK_CONTEXT_FIT,T1_SCALE_CONTEXT,T1_SCALE_CONTEXT,Baseline,APPLICATION_CONTEXT_OR_GENERAL,SUITABLE,RQ1/RQ3,route interaction; preference,DIRECTLY_EXPRESSED_PARTICIPANT_CONTENT,NO_DIRECT_QUOTATION,
SITE1/P10,INTERVIEW,SITE1/P10/interview/Q4,DISTANCE_DEPENDENT_SUITABILITY,T1_SCALE_CONTEXT,T1_SCALE_CONTEXT,Tsunami,APPLICATION_CONTEXT_OR_GENERAL,POSITIVE,RQ1,precision by distance; route interaction,DIRECTLY_EXPRESSED_PARTICIPANT_CONTENT,YES_AS_QUOTATION,Q-T1-02
SITE1/P10,INTERVIEW,SITE1/P10/interview/Q4,TRAVERSAL_EFFICIENCY,T1_SCALE_CONTEXT,T1_SCALE_CONTEXT,Tsunami,APPLICATION_CONTEXT_OR_GENERAL,POSITIVE,RQ1,route time; teleport count; path efficiency,DIRECTLY_EXPRESSED_PARTICIPANT_CONTENT,YES_AS_QUOTATION,Q-T1-02
SITE1/P10,INTERVIEW,SITE1/P10/interview/Q4,LANDING_PRECISION,T3_CONTROL_PRECISION_UI,T3_CONTROL_PRECISION_UI,Tsunami,APPLICATION_CONTEXT_OR_GENERAL,POSITIVE,RQ1/RQ3,direct-hit and sequential landing error,DIRECTLY_EXPRESSED_PARTICIPANT_CONTENT,YES_AS_QUOTATION,Q-T1-02
SITE1/P10,INTERVIEW,SITE1/P10/interview/Q4,DISTANCE_DEPENDENT_SUITABILITY,T1_SCALE_CONTEXT,T1_SCALE_CONTEXT,Minimap,APPLICATION_CONTEXT_OR_GENERAL,CONDITIONAL,RQ1,precision by distance; route interaction,DIRECTLY_EXPRESSED_PARTICIPANT_CONTENT,NO_DIRECT_QUOTATION,
SITE1/P10,INTERVIEW,SITE1/P10/interview/Q4,TASK_CONTEXT_FIT,T1_SCALE_CONTEXT,T1_SCALE_CONTEXT,Minimap,APPLICATION_CONTEXT_OR_GENERAL,CONDITIONAL,RQ1/RQ3,route interaction; preference,DIRECTLY_EXPRESSED_PARTICIPANT_CONTENT,NO_DIRECT_QUOTATION,
SITE1/P10,INTERVIEW,SITE1/P10/interview/Q4,VISUAL_UI_PRESENTATION,T3_CONTROL_PRECISION_UI,T3_CONTROL_PRECISION_UI,Minimap,APPLICATION_CONTEXT_OR_GENERAL,CONDITIONAL,RQ3,workload; usability,DIRECTLY_EXPRESSED_PARTICIPANT_CONTENT,NO_DIRECT_QUOTATION,
SITE1/P10,INTERVIEW,SITE1/P10/interview/Q4,SPATIAL_ORIENTATION_DISRUPTED,T2_SPATIAL_REPRESENTATION,T2_SPATIAL_REPRESENTATION,Minimap,APPLICATION_CONTEXT_OR_GENERAL,CONDITIONAL,RQ2,spatial-awareness composite; continuity,DIRECTLY_EXPRESSED_PARTICIPANT_CONTENT,NO_DIRECT_QUOTATION,
SITE1/P10,INTERVIEW,SITE1/P10/interview/Q5,CONTROL_SENSITIVITY_AND_RELEASE,T3_CONTROL_PRECISION_UI,T3_CONTROL_PRECISION_UI,Tsunami,"POST_SESSION_INTERVIEW; task may be Precision, Navigation, tutorial, or general unless explicitly stated",NEGATIVE,RQ1/RQ3,landing error; corrective teleports,DIRECTLY_EXPRESSED_PARTICIPANT_CONTENT,YES_AS_QUOTATION,Q-T3-02
SITE1/P10,INTERVIEW,SITE1/P10/interview/Q5,LANDING_PRECISION,T3_CONTROL_PRECISION_UI,T3_CONTROL_PRECISION_UI,Tsunami,"POST_SESSION_INTERVIEW; task may be Precision, Navigation, tutorial, or general unless explicitly stated",NEGATIVE,RQ1/RQ3,direct-hit and sequential landing error,DIRECTLY_EXPRESSED_PARTICIPANT_CONTENT,YES_AS_QUOTATION,Q-T3-02
SITE1/P10,INTERVIEW,SITE1/P10/interview/Q5,MAP_FRAME_ALIGNMENT,T2_SPATIAL_REPRESENTATION;T3_CONTROL_PRECISION_UI,T2_SPATIAL_REPRESENTATION;T3_CONTROL_PRECISION_UI,Minimap,"POST_SESSION_INTERVIEW; task may be Precision, Navigation, tutorial, or general unless explicitly stated",NEGATIVE,RQ2/RQ3,yaw/pitch; head rotation; workload,DIRECTLY_EXPRESSED_PARTICIPANT_CONTENT,NO_DIRECT_QUOTATION,
SITE1/P10,INTERVIEW,SITE1/P10/interview/Q5,VISUAL_UI_PRESENTATION,T3_CONTROL_PRECISION_UI,T3_CONTROL_PRECISION_UI,Minimap,"POST_SESSION_INTERVIEW; task may be Precision, Navigation, tutorial, or general unless explicitly stated",NEGATIVE,RQ3,workload; usability,DIRECTLY_EXPRESSED_PARTICIPANT_CONTENT,NO_DIRECT_QUOTATION,
SITE1/P10,INTERVIEW,SITE1/P10/interview/Q5,PHYSICAL_ERGONOMICS,T4_ADOPTION_EXPERIENCE,T4_ADOPTION_EXPERIENCE,Minimap,"POST_SESSION_INTERVIEW; task may be Precision, Navigation, tutorial, or general unless explicitly stated",NEGATIVE,RQ3,RAW-TLX,DIRECTLY_EXPRESSED_PARTICIPANT_CONTENT,NO_DIRECT_QUOTATION,
SITE1/P10,QUESTIONNAIRE_FREE_TEXT,SITE1/P10/questionnaire/POST_CONDITION_COMMENT,CONTROL_SENSITIVITY_AND_RELEASE,T3_CONTROL_PRECISION_UI,T3_CONTROL_PRECISION_UI,Tsunami,POST_METHOD_BLOCK,NOT_EXPLICITLY_CLASSIFIED,RQ1/RQ3,landing error; corrective teleports,DIRECTLY_EXPRESSED_PARTICIPANT_CONTENT,NO_DIRECT_QUOTATION,
SITE1/P11,INTERVIEW,SITE1/P11/interview/Q1,PRIOR_FAMILIARITY,T4_ADOPTION_EXPERIENCE,T4_ADOPTION_EXPERIENCE,Baseline,"POST_SESSION_INTERVIEW; task may be Precision, Navigation, tutorial, or general unless explicitly stated",NOT_EXPLICITLY_CLASSIFIED,RQ3,usability; preference,DIRECTLY_EXPRESSED_PARTICIPANT_CONTENT,NO_DIRECT_QUOTATION,
SITE1/P11,INTERVIEW,SITE1/P11/interview/Q2,SPATIAL_ORIENTATION_SUPPORTED,T2_SPATIAL_REPRESENTATION,T2_SPATIAL_REPRESENTATION,Baseline,"POST_SESSION_INTERVIEW; task may be Precision, Navigation, tutorial, or general unless explicitly stated",ENHANCED,RQ2,spatial-awareness composite; continuity,DIRECTLY_EXPRESSED_PARTICIPANT_CONTENT,NO_DIRECT_QUOTATION,
SITE1/P11,INTERVIEW,SITE1/P11/interview/Q2,PERCEIVED_REALISM_AND_COHERENCE,T4_ADOPTION_EXPERIENCE,T4_ADOPTION_EXPERIENCE,Baseline,"POST_SESSION_INTERVIEW; task may be Precision, Navigation, tutorial, or general unless explicitly stated",ENHANCED,RQ3,usability; preference,DIRECTLY_EXPRESSED_PARTICIPANT_CONTENT,NO_DIRECT_QUOTATION,
SITE1/P11,INTERVIEW,SITE1/P11/interview/Q2,SPATIAL_ORIENTATION_DISRUPTED,T2_SPATIAL_REPRESENTATION,T2_SPATIAL_REPRESENTATION,Minimap,"POST_SESSION_INTERVIEW; task may be Precision, Navigation, tutorial, or general unless explicitly stated",INCREASED,RQ2,spatial-awareness composite; continuity,DIRECTLY_EXPRESSED_PARTICIPANT_CONTENT,NO_DIRECT_QUOTATION,
SITE1/P11,INTERVIEW,SITE1/P11/interview/Q2,COGNITIVE_AND_INTERACTION_WORKLOAD,T4_ADOPTION_EXPERIENCE,T4_ADOPTION_EXPERIENCE,Minimap,"POST_SESSION_INTERVIEW; task may be Precision, Navigation, tutorial, or general unless explicitly stated",INCREASED,RQ3,RAW-TLX,DIRECTLY_EXPRESSED_PARTICIPANT_CONTENT,NO_DIRECT_QUOTATION,
SITE1/P11,INTERVIEW,SITE1/P11/interview/Q2,DISTANCE_ESTIMATION,T3_CONTROL_PRECISION_UI,T3_CONTROL_PRECISION_UI,Tsunami,"POST_SESSION_INTERVIEW; task may be Precision, Navigation, tutorial, or general unless explicitly stated",REDUCED,RQ2,distance-awareness composite,DIRECTLY_EXPRESSED_PARTICIPANT_CONTENT,NO_DIRECT_QUOTATION,
SITE1/P11,INTERVIEW,SITE1/P11/interview/Q2,SPATIAL_ORIENTATION_DISRUPTED,T2_SPATIAL_REPRESENTATION,T2_SPATIAL_REPRESENTATION,Tsunami,"POST_SESSION_INTERVIEW; task may be Precision, Navigation, tutorial, or general unless explicitly stated",REDUCED,RQ2,spatial-awareness composite; continuity,DIRECTLY_EXPRESSED_PARTICIPANT_CONTENT,NO_DIRECT_QUOTATION,
SITE1/P11,INTERVIEW,SITE1/P11/interview/Q2,PERCEIVED_REALISM_AND_COHERENCE,T4_ADOPTION_EXPERIENCE,T4_ADOPTION_EXPERIENCE,Tsunami,"POST_SESSION_INTERVIEW; task may be Precision, Navigation, tutorial, or general unless explicitly stated",REDUCED,RQ3,usability; preference,DIRECTLY_EXPRESSED_PARTICIPANT_CONTENT,NO_DIRECT_QUOTATION,
SITE1/P11,INTERVIEW,SITE1/P11/interview/Q3,NO_SUBSTANTIVE_CODE,AUDIT_ONLY_OR_SECONDARY,NONE,MULTI_OR_UNSPECIFIED,"POST_SESSION_INTERVIEW; task may be Precision, Navigation, tutorial, or general unless explicitly stated",NOT_EXPLICITLY_CLASSIFIED,NONE,NONE,EXPLICIT_NO_ADDITIONAL_COMMENT_OR_NONCONTENT,NO_DIRECT_QUOTATION,
SITE1/P11,INTERVIEW,SITE1/P11/interview/Q4,DISTANCE_DEPENDENT_SUITABILITY,T1_SCALE_CONTEXT,T1_SCALE_CONTEXT,Tsunami,APPLICATION_CONTEXT_OR_GENERAL,CONDITIONAL;INCREASED,RQ1,precision by distance; route interaction,DIRECTLY_EXPRESSED_PARTICIPANT_CONTENT,NO_DIRECT_QUOTATION,
SITE1/P11,INTERVIEW,SITE1/P11/interview/Q4,TASK_CONTEXT_FIT,T1_SCALE_CONTEXT,T1_SCALE_CONTEXT,Tsunami,APPLICATION_CONTEXT_OR_GENERAL,CONDITIONAL;INCREASED,RQ1/RQ3,route interaction; preference,DIRECTLY_EXPRESSED_PARTICIPANT_CONTENT,NO_DIRECT_QUOTATION,
SITE1/P11,INTERVIEW,SITE1/P11/interview/Q4,COGNITIVE_AND_INTERACTION_WORKLOAD,T4_ADOPTION_EXPERIENCE,T4_ADOPTION_EXPERIENCE,Tsunami,APPLICATION_CONTEXT_OR_GENERAL,CONDITIONAL;INCREASED,RQ3,RAW-TLX,DIRECTLY_EXPRESSED_PARTICIPANT_CONTENT,NO_DIRECT_QUOTATION,
SITE1/P11,INTERVIEW,SITE1/P11/interview/Q4,DESTINATION_AREA_PREVIEW,T2_SPATIAL_REPRESENTATION,T2_SPATIAL_REPRESENTATION,Minimap,APPLICATION_CONTEXT_OR_GENERAL,POSITIVE;SUITABLE,RQ2,spatial awareness; continuity,DIRECTLY_EXPRESSED_PARTICIPANT_CONTENT,NO_DIRECT_QUOTATION,
SITE1/P11,INTERVIEW,SITE1/P11/interview/Q4,TRAVERSAL_EFFICIENCY,T1_SCALE_CONTEXT,T1_SCALE_CONTEXT,Minimap,APPLICATION_CONTEXT_OR_GENERAL,POSITIVE;SUITABLE,RQ1,route time; teleport count; path efficiency,DIRECTLY_EXPRESSED_PARTICIPANT_CONTENT,NO_DIRECT_QUOTATION,
SITE1/P11,INTERVIEW,SITE1/P11/interview/Q4,TASK_CONTEXT_FIT,T1_SCALE_CONTEXT,T1_SCALE_CONTEXT,Minimap,APPLICATION_CONTEXT_OR_GENERAL,POSITIVE;SUITABLE,RQ1/RQ3,route interaction; preference,DIRECTLY_EXPRESSED_PARTICIPANT_CONTENT,NO_DIRECT_QUOTATION,
SITE1/P11,INTERVIEW,SITE1/P11/interview/Q4,ENVIRONMENTAL_ATTENTION_REDUCED,T2_SPATIAL_REPRESENTATION,T2_SPATIAL_REPRESENTATION,Minimap,APPLICATION_CONTEXT_OR_GENERAL,POSITIVE;SUITABLE,RQ2,head rotation; latency; spatial awareness,DIRECTLY_EXPRESSED_PARTICIPANT_CONTENT,NO_DIRECT_QUOTATION,
SITE1/P11,INTERVIEW,SITE1/P11/interview/Q5,REORIENTATION_AND_TURNING_COST,T2_SPATIAL_REPRESENTATION,T2_SPATIAL_REPRESENTATION,SHARED_UI,"POST_SESSION_INTERVIEW; task may be Precision, Navigation, tutorial, or general unless explicitly stated",NOT_EXPLICITLY_CLASSIFIED,RQ2,latency; head rotation; yaw/pitch,DIRECTLY_EXPRESSED_PARTICIPANT_CONTENT,NO_DIRECT_QUOTATION,
SITE1/P11,INTERVIEW,SITE1/P11/interview/Q5,VISUAL_UI_PRESENTATION,T3_CONTROL_PRECISION_UI,T3_CONTROL_PRECISION_UI,Tsunami,"POST_SESSION_INTERVIEW; task may be Precision, Navigation, tutorial, or general unless explicitly stated",NEGATIVE;CONDITIONAL,RQ3,workload; usability,DIRECTLY_EXPRESSED_PARTICIPANT_CONTENT,NO_DIRECT_QUOTATION,
SITE1/P11,INTERVIEW,SITE1/P11/interview/Q5,LANDING_PRECISION,T3_CONTROL_PRECISION_UI,T3_CONTROL_PRECISION_UI,Tsunami,"POST_SESSION_INTERVIEW; task may be Precision, Navigation, tutorial, or general unless explicitly stated",NEGATIVE;CONDITIONAL,RQ1/RQ3,direct-hit and sequential landing error,DIRECTLY_EXPRESSED_PARTICIPANT_CONTENT,NO_DIRECT_QUOTATION,
SITE1/P11,INTERVIEW,SITE1/P11/interview/Q5,DISTANCE_DEPENDENT_SUITABILITY,T1_SCALE_CONTEXT,T1_SCALE_CONTEXT,Tsunami,"POST_SESSION_INTERVIEW; task may be Precision, Navigation, tutorial, or general unless explicitly stated",NEGATIVE;CONDITIONAL,RQ1,precision by distance; route interaction,DIRECTLY_EXPRESSED_PARTICIPANT_CONTENT,NO_DIRECT_QUOTATION,
SITE1/P11,QUESTIONNAIRE_FREE_TEXT,SITE1/P11/questionnaire/POST_CONDITION_COMMENT,LANDING_PRECISION,T3_CONTROL_PRECISION_UI,T3_CONTROL_PRECISION_UI,Baseline,POST_METHOD_BLOCK,NEGATIVE,RQ1/RQ3,direct-hit and sequential landing error,DIRECTLY_EXPRESSED_PARTICIPANT_CONTENT,NO_DIRECT_QUOTATION,
SITE1/P11,QUESTIONNAIRE_FREE_TEXT,SITE1/P11/questionnaire/POST_CONDITION_COMMENT,DISTANCE_DEPENDENT_SUITABILITY,T1_SCALE_CONTEXT,T1_SCALE_CONTEXT,Baseline,POST_METHOD_BLOCK,NEGATIVE,RQ1,precision by distance; route interaction,DIRECTLY_EXPRESSED_PARTICIPANT_CONTENT,NO_DIRECT_QUOTATION,
SITE1/P11,QUESTIONNAIRE_FREE_TEXT,SITE1/P11/questionnaire/POST_CONDITION_COMMENT,DISTANCE_ESTIMATION_DIFFICULTY,T3_CONTROL_PRECISION_UI,T3_CONTROL_PRECISION_UI,Tsunami,POST_METHOD_BLOCK,NOT_EXPLICITLY_CLASSIFIED,RQ2/RQ3,distance-awareness composite; workload,DIRECTLY_EXPRESSED_PARTICIPANT_CONTENT,NO_DIRECT_QUOTATION,
SITE1/P13,INTERVIEW,SITE1/P13/interview/Q1,PERCEIVED_REALISM_AND_COHERENCE,T4_ADOPTION_EXPERIENCE,T4_ADOPTION_EXPERIENCE,Baseline,"POST_SESSION_INTERVIEW; task may be Precision, Navigation, tutorial, or general unless explicitly stated",ENHANCED,RQ3,usability; preference,DIRECTLY_EXPRESSED_PARTICIPANT_CONTENT,NO_DIRECT_QUOTATION,
SITE1/P13,INTERVIEW,SITE1/P13/interview/Q1,LANDING_PRECISION,T3_CONTROL_PRECISION_UI,T3_CONTROL_PRECISION_UI,Tsunami,"POST_SESSION_INTERVIEW; task may be Precision, Navigation, tutorial, or general unless explicitly stated",NEGATIVE,RQ1/RQ3,direct-hit and sequential landing error,DIRECTLY_EXPRESSED_PARTICIPANT_CONTENT,NO_DIRECT_QUOTATION,
SITE1/P13,INTERVIEW,SITE1/P13/interview/Q1,REORIENTATION_AND_TURNING_COST,T2_SPATIAL_REPRESENTATION,T2_SPATIAL_REPRESENTATION,Tsunami,"POST_SESSION_INTERVIEW; task may be Precision, Navigation, tutorial, or general unless explicitly stated",NEGATIVE,RQ2,latency; head rotation; yaw/pitch,DIRECTLY_EXPRESSED_PARTICIPANT_CONTENT,NO_DIRECT_QUOTATION,
SITE1/P13,INTERVIEW,SITE1/P13/interview/Q2,WALKING_LIKE_INCREMENTAL_MOVEMENT,T2_SPATIAL_REPRESENTATION,T2_SPATIAL_REPRESENTATION,Baseline,"POST_SESSION_INTERVIEW; task may be Precision, Navigation, tutorial, or general unless explicitly stated",NOT_EXPLICITLY_CLASSIFIED,RQ2,route time; spatial awareness,DIRECTLY_EXPRESSED_PARTICIPANT_CONTENT,NO_DIRECT_QUOTATION,
SITE1/P13,INTERVIEW,SITE1/P13/interview/Q2,SPATIAL_ORIENTATION_SUPPORTED,T2_SPATIAL_REPRESENTATION,T2_SPATIAL_REPRESENTATION,Baseline,"POST_SESSION_INTERVIEW; task may be Precision, Navigation, tutorial, or general unless explicitly stated",NOT_EXPLICITLY_CLASSIFIED,RQ2,spatial-awareness composite; continuity,DIRECTLY_EXPRESSED_PARTICIPANT_CONTENT,NO_DIRECT_QUOTATION,
SITE1/P13,INTERVIEW,SITE1/P13/interview/Q2,LANDING_PRECISION,T3_CONTROL_PRECISION_UI,T3_CONTROL_PRECISION_UI,MULTIPLE,"POST_SESSION_INTERVIEW; task may be Precision, Navigation, tutorial, or general unless explicitly stated",NEGATIVE,RQ1/RQ3,direct-hit and sequential landing error,DIRECTLY_EXPRESSED_PARTICIPANT_CONTENT,NO_DIRECT_QUOTATION,
SITE1/P13,INTERVIEW,SITE1/P13/interview/Q2,REORIENTATION_AND_TURNING_COST,T2_SPATIAL_REPRESENTATION,T2_SPATIAL_REPRESENTATION,MULTIPLE,"POST_SESSION_INTERVIEW; task may be Precision, Navigation, tutorial, or general unless explicitly stated",NEGATIVE,RQ2,latency; head rotation; yaw/pitch,DIRECTLY_EXPRESSED_PARTICIPANT_CONTENT,NO_DIRECT_QUOTATION,
SITE1/P13,INTERVIEW,SITE1/P13/interview/Q3,LEARNING_AND_ACCLIMATIZATION,T4_ADOPTION_EXPERIENCE,T4_ADOPTION_EXPERIENCE,MULTIPLE,"POST_SESSION_INTERVIEW; task may be Precision, Navigation, tutorial, or general unless explicitly stated",NOT_EXPLICITLY_CLASSIFIED,RQ3,within-method latency and head-rotation trends,DIRECTLY_EXPRESSED_PARTICIPANT_CONTENT,NO_DIRECT_QUOTATION,
SITE1/P13,INTERVIEW,SITE1/P13/interview/Q4,TASK_CONTEXT_FIT,T1_SCALE_CONTEXT,T1_SCALE_CONTEXT,Minimap,APPLICATION_CONTEXT_OR_GENERAL,SUITABLE,RQ1/RQ3,route interaction; preference,DIRECTLY_EXPRESSED_PARTICIPANT_CONTENT,NO_DIRECT_QUOTATION,
SITE1/P13,INTERVIEW,SITE1/P13/interview/Q4,ROUTE_LEARNING_AND_MEMORY,T2_SPATIAL_REPRESENTATION,T2_SPATIAL_REPRESENTATION,Baseline,APPLICATION_CONTEXT_OR_GENERAL,SUITABLE,RQ2,not directly measured,DIRECTLY_EXPRESSED_PARTICIPANT_CONTENT,NO_DIRECT_QUOTATION,
SITE1/P13,INTERVIEW,SITE1/P13/interview/Q4,WALKING_LIKE_INCREMENTAL_MOVEMENT,T2_SPATIAL_REPRESENTATION,T2_SPATIAL_REPRESENTATION,Baseline,APPLICATION_CONTEXT_OR_GENERAL,SUITABLE,RQ2,route time; spatial awareness,DIRECTLY_EXPRESSED_PARTICIPANT_CONTENT,NO_DIRECT_QUOTATION,
SITE1/P13,INTERVIEW,SITE1/P13/interview/Q4,TASK_CONTEXT_FIT,T1_SCALE_CONTEXT,T1_SCALE_CONTEXT,Baseline,APPLICATION_CONTEXT_OR_GENERAL,SUITABLE,RQ1/RQ3,route interaction; preference,DIRECTLY_EXPRESSED_PARTICIPANT_CONTENT,NO_DIRECT_QUOTATION,
SITE1/P13,INTERVIEW,SITE1/P13/interview/Q4,ENJOYMENT_AND_AESTHETIC_APPEAL,T4_ADOPTION_EXPERIENCE,T4_ADOPTION_EXPERIENCE,Tsunami,APPLICATION_CONTEXT_OR_GENERAL,SUITABLE;POSITIVE,RQ3,fun ranking; preference,DIRECTLY_EXPRESSED_PARTICIPANT_CONTENT,NO_DIRECT_QUOTATION,
SITE1/P13,INTERVIEW,SITE1/P13/interview/Q4,DESTINATION_AREA_PREVIEW,T2_SPATIAL_REPRESENTATION,T2_SPATIAL_REPRESENTATION,Tsunami,APPLICATION_CONTEXT_OR_GENERAL,SUITABLE;POSITIVE,RQ2,spatial awareness; continuity,DIRECTLY_EXPRESSED_PARTICIPANT_CONTENT,NO_DIRECT_QUOTATION,
SITE1/P13,INTERVIEW,SITE1/P13/interview/Q4,TASK_CONTEXT_FIT,T1_SCALE_CONTEXT,T1_SCALE_CONTEXT,Tsunami,APPLICATION_CONTEXT_OR_GENERAL,SUITABLE;POSITIVE,RQ1/RQ3,route interaction; preference,DIRECTLY_EXPRESSED_PARTICIPANT_CONTENT,NO_DIRECT_QUOTATION,
SITE1/P13,INTERVIEW,SITE1/P13/interview/Q5,LANDING_PRECISION,T3_CONTROL_PRECISION_UI,T3_CONTROL_PRECISION_UI,MULTI_OR_UNSPECIFIED,"POST_SESSION_INTERVIEW; task may be Precision, Navigation, tutorial, or general unless explicitly stated",NEGATIVE,RQ1/RQ3,direct-hit and sequential landing error,DIRECTLY_EXPRESSED_PARTICIPANT_CONTENT,NO_DIRECT_QUOTATION,
SITE1/P13,INTERVIEW,SITE1/P13/interview/Q5,REORIENTATION_AND_TURNING_COST,T2_SPATIAL_REPRESENTATION,T2_SPATIAL_REPRESENTATION,MULTI_OR_UNSPECIFIED,"POST_SESSION_INTERVIEW; task may be Precision, Navigation, tutorial, or general unless explicitly stated",NEGATIVE,RQ2,latency; head rotation; yaw/pitch,DIRECTLY_EXPRESSED_PARTICIPANT_CONTENT,NO_DIRECT_QUOTATION,
SITE1/P13,INTERVIEW,SITE1/P13/interview/Q5,VISUAL_UI_PRESENTATION,T3_CONTROL_PRECISION_UI,T3_CONTROL_PRECISION_UI,SHARED_UI,"POST_SESSION_INTERVIEW; task may be Precision, Navigation, tutorial, or general unless explicitly stated",NEGATIVE,RQ3,workload; usability,DIRECTLY_EXPRESSED_PARTICIPANT_CONTENT,NO_DIRECT_QUOTATION,
SITE1/P13,QUESTIONNAIRE_FREE_TEXT,SITE1/P13/questionnaire/POST_CONDITION_COMMENT,LEARNING_AND_ACCLIMATIZATION,T4_ADOPTION_EXPERIENCE,T4_ADOPTION_EXPERIENCE,Minimap,POST_METHOD_BLOCK,NOT_EXPLICITLY_CLASSIFIED,RQ3,within-method latency and head-rotation trends,DIRECTLY_EXPRESSED_PARTICIPANT_CONTENT,NO_DIRECT_QUOTATION,
SITE1/P14,INTERVIEW,SITE1/P14/interview/Q1,DISTANCE_DEPENDENT_SUITABILITY,T1_SCALE_CONTEXT,T1_SCALE_CONTEXT,Baseline,"POST_SESSION_INTERVIEW; task may be Precision, Navigation, tutorial, or general unless explicitly stated",ENHANCED,RQ1,precision by distance; route interaction,DIRECTLY_EXPRESSED_PARTICIPANT_CONTENT,NO_DIRECT_QUOTATION,
SITE1/P14,INTERVIEW,SITE1/P14/interview/Q1,PERCEIVED_REALISM_AND_COHERENCE,T4_ADOPTION_EXPERIENCE,T4_ADOPTION_EXPERIENCE,Baseline,"POST_SESSION_INTERVIEW; task may be Precision, Navigation, tutorial, or general unless explicitly stated",ENHANCED,RQ3,usability; preference,DIRECTLY_EXPRESSED_PARTICIPANT_CONTENT,NO_DIRECT_QUOTATION,
SITE1/P14,INTERVIEW,SITE1/P14/interview/Q2,MAP_FRAME_ALIGNMENT,T2_SPATIAL_REPRESENTATION;T3_CONTROL_PRECISION_UI,T2_SPATIAL_REPRESENTATION;T3_CONTROL_PRECISION_UI,Minimap,"POST_SESSION_INTERVIEW; task may be Precision, Navigation, tutorial, or general unless explicitly stated",NOT_EXPLICITLY_CLASSIFIED,RQ2/RQ3,yaw/pitch; head rotation; workload,DIRECTLY_EXPRESSED_PARTICIPANT_CONTENT,NO_DIRECT_QUOTATION,
SITE1/P14,INTERVIEW,SITE1/P14/interview/Q2,SPATIAL_ORIENTATION_DISRUPTED,T2_SPATIAL_REPRESENTATION,T2_SPATIAL_REPRESENTATION,Minimap,"POST_SESSION_INTERVIEW; task may be Precision, Navigation, tutorial, or general unless explicitly stated",NOT_EXPLICITLY_CLASSIFIED,RQ2,spatial-awareness composite; continuity,DIRECTLY_EXPRESSED_PARTICIPANT_CONTENT,NO_DIRECT_QUOTATION,
SITE1/P14,INTERVIEW,SITE1/P14/interview/Q2,REORIENTATION_AND_TURNING_COST,T2_SPATIAL_REPRESENTATION,T2_SPATIAL_REPRESENTATION,Minimap,"POST_SESSION_INTERVIEW; task may be Precision, Navigation, tutorial, or general unless explicitly stated",NOT_EXPLICITLY_CLASSIFIED,RQ2,latency; head rotation; yaw/pitch,DIRECTLY_EXPRESSED_PARTICIPANT_CONTENT,NO_DIRECT_QUOTATION,
SITE1/P14,INTERVIEW,SITE1/P14/interview/Q2,DISTANCE_DEPENDENT_SUITABILITY,T1_SCALE_CONTEXT,T1_SCALE_CONTEXT,MULTIPLE,"POST_SESSION_INTERVIEW; task may be Precision, Navigation, tutorial, or general unless explicitly stated",NOT_EXPLICITLY_CLASSIFIED,RQ1,precision by distance; route interaction,DIRECTLY_EXPRESSED_PARTICIPANT_CONTENT,NO_DIRECT_QUOTATION,
SITE1/P14,INTERVIEW,SITE1/P14/interview/Q2,SPATIAL_ORIENTATION_SUPPORTED,T2_SPATIAL_REPRESENTATION,T2_SPATIAL_REPRESENTATION,MULTIPLE,"POST_SESSION_INTERVIEW; task may be Precision, Navigation, tutorial, or general unless explicitly stated",NOT_EXPLICITLY_CLASSIFIED,RQ2,spatial-awareness composite; continuity,DIRECTLY_EXPRESSED_PARTICIPANT_CONTENT,NO_DIRECT_QUOTATION,
SITE1/P14,INTERVIEW,SITE1/P14/interview/Q2,SPATIAL_ORIENTATION_DISRUPTED,T2_SPATIAL_REPRESENTATION,T2_SPATIAL_REPRESENTATION,MULTIPLE,"POST_SESSION_INTERVIEW; task may be Precision, Navigation, tutorial, or general unless explicitly stated",NOT_EXPLICITLY_CLASSIFIED,RQ2,spatial-awareness composite; continuity,DIRECTLY_EXPRESSED_PARTICIPANT_CONTENT,NO_DIRECT_QUOTATION,
SITE1/P14,INTERVIEW,SITE1/P14/interview/Q3,TRAVERSAL_EFFICIENCY,T1_SCALE_CONTEXT,T1_SCALE_CONTEXT,Minimap,"POST_SESSION_INTERVIEW; task may be Precision, Navigation, tutorial, or general unless explicitly stated",NEGATIVE,RQ1,route time; teleport count; path efficiency,DIRECTLY_EXPRESSED_PARTICIPANT_CONTENT,NO_DIRECT_QUOTATION,
SITE1/P14,INTERVIEW,SITE1/P14/interview/Q3,LANDING_PRECISION,T3_CONTROL_PRECISION_UI,T3_CONTROL_PRECISION_UI,Minimap,"POST_SESSION_INTERVIEW; task may be Precision, Navigation, tutorial, or general unless explicitly stated",NEGATIVE,RQ1/RQ3,direct-hit and sequential landing error,DIRECTLY_EXPRESSED_PARTICIPANT_CONTENT,NO_DIRECT_QUOTATION,
SITE1/P14,INTERVIEW,SITE1/P14/interview/Q3,DISTANCE_DEPENDENT_SUITABILITY,T1_SCALE_CONTEXT,T1_SCALE_CONTEXT,Minimap,"POST_SESSION_INTERVIEW; task may be Precision, Navigation, tutorial, or general unless explicitly stated",NEGATIVE,RQ1,precision by distance; route interaction,DIRECTLY_EXPRESSED_PARTICIPANT_CONTENT,NO_DIRECT_QUOTATION,
SITE1/P14,INTERVIEW,SITE1/P14/interview/Q4,DISTANCE_DEPENDENT_SUITABILITY,T1_SCALE_CONTEXT,T1_SCALE_CONTEXT,Baseline,APPLICATION_CONTEXT_OR_GENERAL,SUITABLE,RQ1,precision by distance; route interaction,DIRECTLY_EXPRESSED_PARTICIPANT_CONTENT,NO_DIRECT_QUOTATION,
SITE1/P14,INTERVIEW,SITE1/P14/interview/Q4,TASK_CONTEXT_FIT,T1_SCALE_CONTEXT,T1_SCALE_CONTEXT,Baseline,APPLICATION_CONTEXT_OR_GENERAL,SUITABLE,RQ1/RQ3,route interaction; preference,DIRECTLY_EXPRESSED_PARTICIPANT_CONTENT,NO_DIRECT_QUOTATION,
SITE1/P14,INTERVIEW,SITE1/P14/interview/Q4,TELEPORT_PATH_VISIBILITY,T3_CONTROL_PRECISION_UI,T3_CONTROL_PRECISION_UI,Baseline,APPLICATION_CONTEXT_OR_GENERAL,SUITABLE,RQ1/RQ2,landing precision,DIRECTLY_EXPRESSED_PARTICIPANT_CONTENT,NO_DIRECT_QUOTATION,
SITE1/P14,INTERVIEW,SITE1/P14/interview/Q4,DESTINATION_OCCLUSION,T1_SCALE_CONTEXT,T1_SCALE_CONTEXT,Baseline,APPLICATION_CONTEXT_OR_GENERAL,SUITABLE,RQ1/RQ2,landing precision; route interaction,DIRECTLY_EXPRESSED_PARTICIPANT_CONTENT,NO_DIRECT_QUOTATION,
SITE1/P14,INTERVIEW,SITE1/P14/interview/Q4,DISTANCE_DEPENDENT_SUITABILITY,T1_SCALE_CONTEXT,T1_SCALE_CONTEXT,Tsunami,APPLICATION_CONTEXT_OR_GENERAL,SUITABLE,RQ1,precision by distance; route interaction,DIRECTLY_EXPRESSED_PARTICIPANT_CONTENT,NO_DIRECT_QUOTATION,
SITE1/P14,INTERVIEW,SITE1/P14/interview/Q4,DESTINATION_AREA_PREVIEW,T2_SPATIAL_REPRESENTATION,T2_SPATIAL_REPRESENTATION,Tsunami,APPLICATION_CONTEXT_OR_GENERAL,SUITABLE,RQ2,spatial awareness; continuity,DIRECTLY_EXPRESSED_PARTICIPANT_CONTENT,NO_DIRECT_QUOTATION,
SITE1/P14,INTERVIEW,SITE1/P14/interview/Q4,TASK_CONTEXT_FIT,T1_SCALE_CONTEXT,T1_SCALE_CONTEXT,Tsunami,APPLICATION_CONTEXT_OR_GENERAL,SUITABLE,RQ1/RQ3,route interaction; preference,DIRECTLY_EXPRESSED_PARTICIPANT_CONTENT,NO_DIRECT_QUOTATION,
SITE1/P14,INTERVIEW,SITE1/P14/interview/Q4,ENVIRONMENT_GEOMETRY_CONSTRAINT,T1_SCALE_CONTEXT,T1_SCALE_CONTEXT,Tsunami,APPLICATION_CONTEXT_OR_GENERAL,CONDITIONAL,RQ1,method-by-route interaction,DIRECTLY_EXPRESSED_PARTICIPANT_CONTENT,NO_DIRECT_QUOTATION,
SITE1/P14,INTERVIEW,SITE1/P14/interview/Q4,TELEPORT_PATH_VISIBILITY,T3_CONTROL_PRECISION_UI,T3_CONTROL_PRECISION_UI,Tsunami,APPLICATION_CONTEXT_OR_GENERAL,CONDITIONAL,RQ1/RQ2,landing precision,DIRECTLY_EXPRESSED_PARTICIPANT_CONTENT,NO_DIRECT_QUOTATION,
SITE1/P14,INTERVIEW,SITE1/P14/interview/Q4,TASK_CONTEXT_FIT,T1_SCALE_CONTEXT,T1_SCALE_CONTEXT,Tsunami,APPLICATION_CONTEXT_OR_GENERAL,CONDITIONAL,RQ1/RQ3,route interaction; preference,DIRECTLY_EXPRESSED_PARTICIPANT_CONTENT,NO_DIRECT_QUOTATION,
SITE1/P14,INTERVIEW,SITE1/P14/interview/Q4,DISTANCE_DEPENDENT_SUITABILITY,T1_SCALE_CONTEXT,T1_SCALE_CONTEXT,Minimap,APPLICATION_CONTEXT_OR_GENERAL,SUITABLE;CONDITIONAL,RQ1,precision by distance; route interaction,DIRECTLY_EXPRESSED_PARTICIPANT_CONTENT,NO_DIRECT_QUOTATION,
SITE1/P14,INTERVIEW,SITE1/P14/interview/Q4,VISUAL_UI_PRESENTATION,T3_CONTROL_PRECISION_UI,T3_CONTROL_PRECISION_UI,Minimap,APPLICATION_CONTEXT_OR_GENERAL,SUITABLE;CONDITIONAL,RQ3,workload; usability,DIRECTLY_EXPRESSED_PARTICIPANT_CONTENT,NO_DIRECT_QUOTATION,
SITE1/P14,INTERVIEW,SITE1/P14/interview/Q4,TASK_CONTEXT_FIT,T1_SCALE_CONTEXT,T1_SCALE_CONTEXT,Minimap,APPLICATION_CONTEXT_OR_GENERAL,SUITABLE;CONDITIONAL,RQ1/RQ3,route interaction; preference,DIRECTLY_EXPRESSED_PARTICIPANT_CONTENT,NO_DIRECT_QUOTATION,
SITE1/P14,INTERVIEW,SITE1/P14/interview/Q5,NO_SUBSTANTIVE_CODE,AUDIT_ONLY_OR_SECONDARY,NONE,MULTI_OR_UNSPECIFIED,"POST_SESSION_INTERVIEW; task may be Precision, Navigation, tutorial, or general unless explicitly stated",NOT_EXPLICITLY_CLASSIFIED,NONE,NONE,EXPLICIT_NO_ADDITIONAL_COMMENT_OR_NONCONTENT,NO_DIRECT_QUOTATION,
SITE1/P14,QUESTIONNAIRE_FREE_TEXT,SITE1/P14/questionnaire/POST_CONDITION_COMMENT,TRAVERSAL_EFFICIENCY,T1_SCALE_CONTEXT,T1_SCALE_CONTEXT,Baseline,POST_METHOD_BLOCK,POSITIVE,RQ1,route time; teleport count; path efficiency,DIRECTLY_EXPRESSED_PARTICIPANT_CONTENT,NO_DIRECT_QUOTATION,
SITE1/P14,QUESTIONNAIRE_FREE_TEXT,SITE1/P14/questionnaire/POST_CONDITION_COMMENT,DESTINATION_OCCLUSION,T1_SCALE_CONTEXT,T1_SCALE_CONTEXT,Baseline,POST_METHOD_BLOCK,NOT_EXPLICITLY_CLASSIFIED,RQ1/RQ2,landing precision; route interaction,DIRECTLY_EXPRESSED_PARTICIPANT_CONTENT,NO_DIRECT_QUOTATION,
SITE1/P14,QUESTIONNAIRE_FREE_TEXT,SITE1/P14/questionnaire/POST_CONDITION_COMMENT,TRAVERSAL_EFFICIENCY,T1_SCALE_CONTEXT,T1_SCALE_CONTEXT,Baseline,POST_METHOD_BLOCK,NEGATIVE,RQ1,route time; teleport count; path efficiency,DIRECTLY_EXPRESSED_PARTICIPANT_CONTENT,NO_DIRECT_QUOTATION,
SITE1/P14,QUESTIONNAIRE_FREE_TEXT,SITE1/P14/questionnaire/POST_CONDITION_COMMENT,LANDING_PRECISION,T3_CONTROL_PRECISION_UI,T3_CONTROL_PRECISION_UI,Baseline,POST_METHOD_BLOCK,NEGATIVE,RQ1/RQ3,direct-hit and sequential landing error,DIRECTLY_EXPRESSED_PARTICIPANT_CONTENT,NO_DIRECT_QUOTATION,
SITE1/P14,QUESTIONNAIRE_FREE_TEXT,SITE1/P14/questionnaire/POST_CONDITION_COMMENT,DISTANCE_DEPENDENT_SUITABILITY,T1_SCALE_CONTEXT,T1_SCALE_CONTEXT,Baseline,POST_METHOD_BLOCK,NEGATIVE,RQ1,precision by distance; route interaction,DIRECTLY_EXPRESSED_PARTICIPANT_CONTENT,NO_DIRECT_QUOTATION,
SITE1/P14,QUESTIONNAIRE_FREE_TEXT,SITE1/P14/questionnaire/POST_CONDITION_COMMENT,LANDING_PRECISION,T3_CONTROL_PRECISION_UI,T3_CONTROL_PRECISION_UI,Minimap,POST_METHOD_BLOCK,NEGATIVE;INCREASED,RQ1/RQ3,direct-hit and sequential landing error,DIRECTLY_EXPRESSED_PARTICIPANT_CONTENT,NO_DIRECT_QUOTATION,
SITE1/P14,QUESTIONNAIRE_FREE_TEXT,SITE1/P14/questionnaire/POST_CONDITION_COMMENT,CONTROL_SENSITIVITY_AND_RELEASE,T3_CONTROL_PRECISION_UI,T3_CONTROL_PRECISION_UI,Minimap,POST_METHOD_BLOCK,NEGATIVE;INCREASED,RQ1/RQ3,landing error; corrective teleports,DIRECTLY_EXPRESSED_PARTICIPANT_CONTENT,NO_DIRECT_QUOTATION,
SITE1/P14,QUESTIONNAIRE_FREE_TEXT,SITE1/P14/questionnaire/POST_CONDITION_COMMENT,MAP_FRAME_ALIGNMENT,T2_SPATIAL_REPRESENTATION;T3_CONTROL_PRECISION_UI,T2_SPATIAL_REPRESENTATION;T3_CONTROL_PRECISION_UI,Minimap,POST_METHOD_BLOCK,NEGATIVE;INCREASED,RQ2/RQ3,yaw/pitch; head rotation; workload,DIRECTLY_EXPRESSED_PARTICIPANT_CONTENT,NO_DIRECT_QUOTATION,
SITE1/P14,QUESTIONNAIRE_FREE_TEXT,SITE1/P14/questionnaire/POST_CONDITION_COMMENT,COGNITIVE_AND_INTERACTION_WORKLOAD,T4_ADOPTION_EXPERIENCE,T4_ADOPTION_EXPERIENCE,Minimap,POST_METHOD_BLOCK,NEGATIVE;INCREASED,RQ3,RAW-TLX,DIRECTLY_EXPRESSED_PARTICIPANT_CONTENT,NO_DIRECT_QUOTATION,
SITE1/P14,QUESTIONNAIRE_FREE_TEXT,SITE1/P14/questionnaire/POST_CONDITION_COMMENT,TELEPORT_PATH_VISIBILITY,T3_CONTROL_PRECISION_UI,T3_CONTROL_PRECISION_UI,Tsunami,POST_METHOD_BLOCK,NOT_EXPLICITLY_CLASSIFIED,RQ1/RQ2,landing precision,DIRECTLY_EXPRESSED_PARTICIPANT_CONTENT,NO_DIRECT_QUOTATION,
SITE1/P14,QUESTIONNAIRE_FREE_TEXT,SITE1/P14/questionnaire/POST_CONDITION_COMMENT,ENVIRONMENT_GEOMETRY_CONSTRAINT,T1_SCALE_CONTEXT,T1_SCALE_CONTEXT,Tsunami,POST_METHOD_BLOCK,NOT_EXPLICITLY_CLASSIFIED,RQ1,method-by-route interaction,DIRECTLY_EXPRESSED_PARTICIPANT_CONTENT,NO_DIRECT_QUOTATION,
SITE1/P14,QUESTIONNAIRE_FREE_TEXT,SITE1/P14/questionnaire/POST_CONDITION_COMMENT,DESTINATION_OCCLUSION,T1_SCALE_CONTEXT,T1_SCALE_CONTEXT,Tsunami,POST_METHOD_BLOCK,NOT_EXPLICITLY_CLASSIFIED,RQ1/RQ2,landing precision; route interaction,DIRECTLY_EXPRESSED_PARTICIPANT_CONTENT,NO_DIRECT_QUOTATION,
SITE1/P14,QUESTIONNAIRE_FREE_TEXT,SITE1/P14/questionnaire/POST_CONDITION_COMMENT,SPATIAL_ORIENTATION_DISRUPTED,T2_SPATIAL_REPRESENTATION,T2_SPATIAL_REPRESENTATION,Tsunami,POST_METHOD_BLOCK,NOT_EXPLICITLY_CLASSIFIED,RQ2,spatial-awareness composite; continuity,DIRECTLY_EXPRESSED_PARTICIPANT_CONTENT,NO_DIRECT_QUOTATION,
SITE1/P15,INTERVIEW,SITE1/P15/interview/Q1,TRAVERSAL_EFFICIENCY,T1_SCALE_CONTEXT,T1_SCALE_CONTEXT,Tsunami,"POST_SESSION_INTERVIEW; task may be Precision, Navigation, tutorial, or general unless explicitly stated",POSITIVE,RQ1,route time; teleport count; path efficiency,DIRECTLY_EXPRESSED_PARTICIPANT_CONTENT,NO_DIRECT_QUOTATION,
SITE1/P15,INTERVIEW,SITE1/P15/interview/Q1,ENJOYMENT_AND_AESTHETIC_APPEAL,T4_ADOPTION_EXPERIENCE,T4_ADOPTION_EXPERIENCE,Tsunami,"POST_SESSION_INTERVIEW; task may be Precision, Navigation, tutorial, or general unless explicitly stated",POSITIVE,RQ3,fun ranking; preference,DIRECTLY_EXPRESSED_PARTICIPANT_CONTENT,NO_DIRECT_QUOTATION,
SITE1/P15,INTERVIEW,SITE1/P15/interview/Q2,DESTINATION_AREA_PREVIEW,T2_SPATIAL_REPRESENTATION,T2_SPATIAL_REPRESENTATION,Minimap,"POST_SESSION_INTERVIEW; task may be Precision, Navigation, tutorial, or general unless explicitly stated",NOT_EXPLICITLY_CLASSIFIED,RQ2,spatial awareness; continuity,DIRECTLY_EXPRESSED_PARTICIPANT_CONTENT,NO_DIRECT_QUOTATION,
SITE1/P15,INTERVIEW,SITE1/P15/interview/Q2,SPATIAL_ORIENTATION_SUPPORTED,T2_SPATIAL_REPRESENTATION,T2_SPATIAL_REPRESENTATION,Minimap,"POST_SESSION_INTERVIEW; task may be Precision, Navigation, tutorial, or general unless explicitly stated",NOT_EXPLICITLY_CLASSIFIED,RQ2,spatial-awareness composite; continuity,DIRECTLY_EXPRESSED_PARTICIPANT_CONTENT,NO_DIRECT_QUOTATION,
SITE1/P15,INTERVIEW,SITE1/P15/interview/Q2,VISUAL_UI_PRESENTATION,T3_CONTROL_PRECISION_UI,T3_CONTROL_PRECISION_UI,Minimap,"POST_SESSION_INTERVIEW; task may be Precision, Navigation, tutorial, or general unless explicitly stated",CONDITIONAL,RQ3,workload; usability,DIRECTLY_EXPRESSED_PARTICIPANT_CONTENT,NO_DIRECT_QUOTATION,
SITE1/P15,INTERVIEW,SITE1/P15/interview/Q3,NO_SUBSTANTIVE_CODE,AUDIT_ONLY_OR_SECONDARY,NONE,MULTI_OR_UNSPECIFIED,"POST_SESSION_INTERVIEW; task may be Precision, Navigation, tutorial, or general unless explicitly stated",NOT_EXPLICITLY_CLASSIFIED,NONE,NONE,EXPLICIT_NO_ADDITIONAL_COMMENT_OR_NONCONTENT,NO_DIRECT_QUOTATION,
SITE1/P15,INTERVIEW,SITE1/P15/interview/Q4,TASK_CONTEXT_FIT,T1_SCALE_CONTEXT,T1_SCALE_CONTEXT,Tsunami,APPLICATION_CONTEXT_OR_GENERAL,SUITABLE,RQ1/RQ3,route interaction; preference,DIRECTLY_EXPRESSED_PARTICIPANT_CONTENT,NO_DIRECT_QUOTATION,
SITE1/P15,INTERVIEW,SITE1/P15/interview/Q4,TASK_CONTEXT_FIT,T1_SCALE_CONTEXT,T1_SCALE_CONTEXT,Minimap,APPLICATION_CONTEXT_OR_GENERAL,SUITABLE,RQ1/RQ3,route interaction; preference,DIRECTLY_EXPRESSED_PARTICIPANT_CONTENT,NO_DIRECT_QUOTATION,
SITE1/P15,INTERVIEW,SITE1/P15/interview/Q4,DESTINATION_AREA_PREVIEW,T2_SPATIAL_REPRESENTATION,T2_SPATIAL_REPRESENTATION,Minimap,APPLICATION_CONTEXT_OR_GENERAL,SUITABLE,RQ2,spatial awareness; continuity,DIRECTLY_EXPRESSED_PARTICIPANT_CONTENT,NO_DIRECT_QUOTATION,
SITE1/P15,INTERVIEW,SITE1/P15/interview/Q4,DISTANCE_ESTIMATION,T3_CONTROL_PRECISION_UI,T3_CONTROL_PRECISION_UI,Minimap,APPLICATION_CONTEXT_OR_GENERAL,SUITABLE,RQ2,distance-awareness composite,DIRECTLY_EXPRESSED_PARTICIPANT_CONTENT,NO_DIRECT_QUOTATION,
SITE1/P15,INTERVIEW,SITE1/P15/interview/Q4,TASK_CONTEXT_FIT,T1_SCALE_CONTEXT,T1_SCALE_CONTEXT,Baseline,APPLICATION_CONTEXT_OR_GENERAL,SUITABLE,RQ1/RQ3,route interaction; preference,DIRECTLY_EXPRESSED_PARTICIPANT_CONTENT,NO_DIRECT_QUOTATION,
SITE1/P15,INTERVIEW,SITE1/P15/interview/Q5,VISUAL_UI_PRESENTATION,T3_CONTROL_PRECISION_UI,T3_CONTROL_PRECISION_UI,Minimap,"POST_SESSION_INTERVIEW; task may be Precision, Navigation, tutorial, or general unless explicitly stated",NEGATIVE,RQ3,workload; usability,DIRECTLY_EXPRESSED_PARTICIPANT_CONTENT,NO_DIRECT_QUOTATION,
SITE1/P15,INTERVIEW,SITE1/P15/interview/Q5,LANDING_PRECISION,T3_CONTROL_PRECISION_UI,T3_CONTROL_PRECISION_UI,Minimap,"POST_SESSION_INTERVIEW; task may be Precision, Navigation, tutorial, or general unless explicitly stated",NEGATIVE,RQ1/RQ3,direct-hit and sequential landing error,DIRECTLY_EXPRESSED_PARTICIPANT_CONTENT,NO_DIRECT_QUOTATION,
SITE1/P15,INTERVIEW,SITE1/P15/interview/Q5,CYBERSICKNESS_AND_BODILY_DISCOMFORT,T4_ADOPTION_EXPERIENCE,T4_ADOPTION_EXPERIENCE,Tsunami,"POST_SESSION_INTERVIEW; task may be Precision, Navigation, tutorial, or general unless explicitly stated",POSITIVE;ANTICIPATED_NOT_EXPERIENCED,RQ3,CSQ-VR,DIRECTLY_EXPRESSED_PARTICIPANT_CONTENT,NO_DIRECT_QUOTATION,
SITE1/P15,INTERVIEW,SITE1/P15/interview/Q5,ENJOYMENT_AND_AESTHETIC_APPEAL,T4_ADOPTION_EXPERIENCE,T4_ADOPTION_EXPERIENCE,Tsunami,"POST_SESSION_INTERVIEW; task may be Precision, Navigation, tutorial, or general unless explicitly stated",POSITIVE;ANTICIPATED_NOT_EXPERIENCED,RQ3,fun ranking; preference,DIRECTLY_EXPRESSED_PARTICIPANT_CONTENT,NO_DIRECT_QUOTATION,
SITE1/P15,INTERVIEW,SITE1/P15/interview/Q5,DISTANCE_ESTIMATION,T3_CONTROL_PRECISION_UI,T3_CONTROL_PRECISION_UI,Tsunami,"POST_SESSION_INTERVIEW; task may be Precision, Navigation, tutorial, or general unless explicitly stated",POSITIVE,RQ2,distance-awareness composite,DIRECTLY_EXPRESSED_PARTICIPANT_CONTENT,NO_DIRECT_QUOTATION,
SITE1/P15,INTERVIEW,SITE1/P15/interview/Q5,LANDING_PRECISION,T3_CONTROL_PRECISION_UI,T3_CONTROL_PRECISION_UI,Tsunami,"POST_SESSION_INTERVIEW; task may be Precision, Navigation, tutorial, or general unless explicitly stated",POSITIVE,RQ1/RQ3,direct-hit and sequential landing error,DIRECTLY_EXPRESSED_PARTICIPANT_CONTENT,NO_DIRECT_QUOTATION,
SITE1/P15,INTERVIEW,SITE1/P15/interview/Q5,DESTINATION_AREA_PREVIEW,T2_SPATIAL_REPRESENTATION,T2_SPATIAL_REPRESENTATION,Tsunami,"POST_SESSION_INTERVIEW; task may be Precision, Navigation, tutorial, or general unless explicitly stated",POSITIVE,RQ2,spatial awareness; continuity,DIRECTLY_EXPRESSED_PARTICIPANT_CONTENT,NO_DIRECT_QUOTATION,
SITE1/P15,INTERVIEW,SITE1/P15/interview/Q5,TRAVERSAL_EFFICIENCY,T1_SCALE_CONTEXT,T1_SCALE_CONTEXT,Tsunami,"POST_SESSION_INTERVIEW; task may be Precision, Navigation, tutorial, or general unless explicitly stated",POSITIVE,RQ1,route time; teleport count; path efficiency,DIRECTLY_EXPRESSED_PARTICIPANT_CONTENT,NO_DIRECT_QUOTATION,
SITE1/P15,QUESTIONNAIRE_FREE_TEXT,SITE1/P15/questionnaire/POST_CONDITION_COMMENT,VISUAL_UI_PRESENTATION,T3_CONTROL_PRECISION_UI,T3_CONTROL_PRECISION_UI,SHARED_UI,POST_METHOD_BLOCK,NEGATIVE,RQ3,workload; usability,DIRECTLY_EXPRESSED_PARTICIPANT_CONTENT,NO_DIRECT_QUOTATION,
SITE1/P16,INTERVIEW,SITE1/P16/interview/Q1,PRIOR_FAMILIARITY,T4_ADOPTION_EXPERIENCE,T4_ADOPTION_EXPERIENCE,Baseline,"POST_SESSION_INTERVIEW; task may be Precision, Navigation, tutorial, or general unless explicitly stated",NOT_EXPLICITLY_CLASSIFIED,RQ3,usability; preference,DIRECTLY_EXPRESSED_PARTICIPANT_CONTENT,NO_DIRECT_QUOTATION,
SITE1/P16,INTERVIEW,SITE1/P16/interview/Q2,TRAVERSAL_EFFICIENCY,T1_SCALE_CONTEXT,T1_SCALE_CONTEXT,Tsunami,"POST_SESSION_INTERVIEW; task may be Precision, Navigation, tutorial, or general unless explicitly stated",POSITIVE,RQ1,route time; teleport count; path efficiency,DIRECTLY_EXPRESSED_PARTICIPANT_CONTENT,NO_DIRECT_QUOTATION,
SITE1/P16,INTERVIEW,SITE1/P16/interview/Q2,SPATIAL_ORIENTATION_SUPPORTED,T2_SPATIAL_REPRESENTATION,T2_SPATIAL_REPRESENTATION,Tsunami,"POST_SESSION_INTERVIEW; task may be Precision, Navigation, tutorial, or general unless explicitly stated",POSITIVE,RQ2,spatial-awareness composite; continuity,DIRECTLY_EXPRESSED_PARTICIPANT_CONTENT,NO_DIRECT_QUOTATION,
SITE1/P16,INTERVIEW,SITE1/P16/interview/Q3,ENVIRONMENTAL_ATTENTION_REDUCED,T2_SPATIAL_REPRESENTATION,T2_SPATIAL_REPRESENTATION,Minimap,"POST_SESSION_INTERVIEW; task may be Precision, Navigation, tutorial, or general unless explicitly stated",NOT_EXPLICITLY_CLASSIFIED,RQ2,head rotation; latency; spatial awareness,DIRECTLY_EXPRESSED_PARTICIPANT_CONTENT,NO_DIRECT_QUOTATION,
SITE1/P16,INTERVIEW,SITE1/P16/interview/Q3,SPATIAL_ORIENTATION_DISRUPTED,T2_SPATIAL_REPRESENTATION,T2_SPATIAL_REPRESENTATION,Minimap,"POST_SESSION_INTERVIEW; task may be Precision, Navigation, tutorial, or general unless explicitly stated",NOT_EXPLICITLY_CLASSIFIED,RQ2,spatial-awareness composite; continuity,DIRECTLY_EXPRESSED_PARTICIPANT_CONTENT,NO_DIRECT_QUOTATION,
SITE1/P16,INTERVIEW,SITE1/P16/interview/Q4,TASK_CONTEXT_FIT,T1_SCALE_CONTEXT,T1_SCALE_CONTEXT,MULTIPLE,APPLICATION_CONTEXT_OR_GENERAL,SUITABLE;ENHANCED,RQ1/RQ3,route interaction; preference,DIRECTLY_EXPRESSED_PARTICIPANT_CONTENT,NO_DIRECT_QUOTATION,
SITE1/P16,INTERVIEW,SITE1/P16/interview/Q4,IMMERSION_AND_PRESENCE,T4_ADOPTION_EXPERIENCE,T4_ADOPTION_EXPERIENCE,MULTIPLE,APPLICATION_CONTEXT_OR_GENERAL,SUITABLE;ENHANCED,RQ2/RQ3,environmental continuity,DIRECTLY_EXPRESSED_PARTICIPANT_CONTENT,NO_DIRECT_QUOTATION,
SITE1/P16,INTERVIEW,SITE1/P16/interview/Q4,TASK_CONTEXT_FIT,T1_SCALE_CONTEXT,T1_SCALE_CONTEXT,Minimap,APPLICATION_CONTEXT_OR_GENERAL,SUITABLE;POSITIVE;INCREASED,RQ1/RQ3,route interaction; preference,DIRECTLY_EXPRESSED_PARTICIPANT_CONTENT,NO_DIRECT_QUOTATION,
SITE1/P16,INTERVIEW,SITE1/P16/interview/Q4,COGNITIVE_AND_INTERACTION_WORKLOAD,T4_ADOPTION_EXPERIENCE,T4_ADOPTION_EXPERIENCE,Minimap,APPLICATION_CONTEXT_OR_GENERAL,SUITABLE;POSITIVE;INCREASED,RQ3,RAW-TLX,DIRECTLY_EXPRESSED_PARTICIPANT_CONTENT,NO_DIRECT_QUOTATION,
SITE1/P16,INTERVIEW,SITE1/P16/interview/Q4,ENJOYMENT_AND_AESTHETIC_APPEAL,T4_ADOPTION_EXPERIENCE,T4_ADOPTION_EXPERIENCE,Minimap,APPLICATION_CONTEXT_OR_GENERAL,SUITABLE;POSITIVE;INCREASED,RQ3,fun ranking; preference,DIRECTLY_EXPRESSED_PARTICIPANT_CONTENT,NO_DIRECT_QUOTATION,
SITE1/P16,INTERVIEW,SITE1/P16/interview/Q5,VISUAL_UI_PRESENTATION,T3_CONTROL_PRECISION_UI,T3_CONTROL_PRECISION_UI,SHARED_UI,"POST_SESSION_INTERVIEW; task may be Precision, Navigation, tutorial, or general unless explicitly stated",NEGATIVE,RQ3,workload; usability,DIRECTLY_EXPRESSED_PARTICIPANT_CONTENT,NO_DIRECT_QUOTATION,
SITE1/P16,QUESTIONNAIRE_FREE_TEXT,SITE1/P16/questionnaire/POST_CONDITION_COMMENT,ENJOYMENT_AND_AESTHETIC_APPEAL,T4_ADOPTION_EXPERIENCE,T4_ADOPTION_EXPERIENCE,Baseline,POST_METHOD_BLOCK,POSITIVE,RQ3,fun ranking; preference,DIRECTLY_EXPRESSED_PARTICIPANT_CONTENT,NO_DIRECT_QUOTATION,
SITE1/P16,QUESTIONNAIRE_FREE_TEXT,SITE1/P16/questionnaire/POST_CONDITION_COMMENT,VISUAL_UI_PRESENTATION,T3_CONTROL_PRECISION_UI,T3_CONTROL_PRECISION_UI,Minimap,POST_METHOD_BLOCK,INCREASED,RQ3,workload; usability,DIRECTLY_EXPRESSED_PARTICIPANT_CONTENT,NO_DIRECT_QUOTATION,
SITE1/P16,QUESTIONNAIRE_FREE_TEXT,SITE1/P16/questionnaire/POST_CONDITION_COMMENT,COGNITIVE_AND_INTERACTION_WORKLOAD,T4_ADOPTION_EXPERIENCE,T4_ADOPTION_EXPERIENCE,Minimap,POST_METHOD_BLOCK,INCREASED,RQ3,RAW-TLX,DIRECTLY_EXPRESSED_PARTICIPANT_CONTENT,NO_DIRECT_QUOTATION,
SITE1/P16,QUESTIONNAIRE_FREE_TEXT,SITE1/P16/questionnaire/POST_CONDITION_COMMENT,MAP_FRAME_ALIGNMENT,T2_SPATIAL_REPRESENTATION;T3_CONTROL_PRECISION_UI,T2_SPATIAL_REPRESENTATION;T3_CONTROL_PRECISION_UI,Minimap,POST_METHOD_BLOCK,INCREASED,RQ2/RQ3,yaw/pitch; head rotation; workload,DIRECTLY_EXPRESSED_PARTICIPANT_CONTENT,NO_DIRECT_QUOTATION,
SITE1/P16,QUESTIONNAIRE_FREE_TEXT,SITE1/P16/questionnaire/POST_CONDITION_COMMENT,VISUAL_UI_PRESENTATION,T3_CONTROL_PRECISION_UI,T3_CONTROL_PRECISION_UI,Tsunami,POST_METHOD_BLOCK,NEGATIVE,RQ3,workload; usability,DIRECTLY_EXPRESSED_PARTICIPANT_CONTENT,NO_DIRECT_QUOTATION,
SITE1/P17,INTERVIEW,SITE1/P17/interview/Q1,TELEPORT_PATH_VISIBILITY,T3_CONTROL_PRECISION_UI,T3_CONTROL_PRECISION_UI,Tsunami,"POST_SESSION_INTERVIEW; task may be Precision, Navigation, tutorial, or general unless explicitly stated",NOT_EXPLICITLY_CLASSIFIED,RQ1/RQ2,landing precision,DIRECTLY_EXPRESSED_PARTICIPANT_CONTENT,NO_DIRECT_QUOTATION,
SITE1/P17,INTERVIEW,SITE1/P17/interview/Q1,SPATIAL_ORIENTATION_SUPPORTED,T2_SPATIAL_REPRESENTATION,T2_SPATIAL_REPRESENTATION,Tsunami,"POST_SESSION_INTERVIEW; task may be Precision, Navigation, tutorial, or general unless explicitly stated",NOT_EXPLICITLY_CLASSIFIED,RQ2,spatial-awareness composite; continuity,DIRECTLY_EXPRESSED_PARTICIPANT_CONTENT,NO_DIRECT_QUOTATION,
SITE1/P17,INTERVIEW,SITE1/P17/interview/Q1,DESTINATION_OCCLUSION,T1_SCALE_CONTEXT,T1_SCALE_CONTEXT,Baseline,"POST_SESSION_INTERVIEW; task may be Precision, Navigation, tutorial, or general unless explicitly stated",NOT_EXPLICITLY_CLASSIFIED,RQ1/RQ2,landing precision; route interaction,DIRECTLY_EXPRESSED_PARTICIPANT_CONTENT,NO_DIRECT_QUOTATION,
SITE1/P17,INTERVIEW,SITE1/P17/interview/Q1,ENVIRONMENTAL_ATTENTION_REDUCED,T2_SPATIAL_REPRESENTATION,T2_SPATIAL_REPRESENTATION,Minimap,"POST_SESSION_INTERVIEW; task may be Precision, Navigation, tutorial, or general unless explicitly stated",REDUCED,RQ2,head rotation; latency; spatial awareness,DIRECTLY_EXPRESSED_PARTICIPANT_CONTENT,NO_DIRECT_QUOTATION,
SITE1/P17,INTERVIEW,SITE1/P17/interview/Q1,IMMERSION_AND_PRESENCE,T4_ADOPTION_EXPERIENCE,T4_ADOPTION_EXPERIENCE,Minimap,"POST_SESSION_INTERVIEW; task may be Precision, Navigation, tutorial, or general unless explicitly stated",REDUCED,RQ2/RQ3,environmental continuity,DIRECTLY_EXPRESSED_PARTICIPANT_CONTENT,NO_DIRECT_QUOTATION,
SITE1/P17,INTERVIEW,SITE1/P17/interview/Q2,SPATIAL_ORIENTATION_DISRUPTED,T2_SPATIAL_REPRESENTATION,T2_SPATIAL_REPRESENTATION,Minimap,"POST_SESSION_INTERVIEW; task may be Precision, Navigation, tutorial, or general unless explicitly stated",NOT_EXPLICITLY_CLASSIFIED,RQ2,spatial-awareness composite; continuity,DIRECTLY_EXPRESSED_PARTICIPANT_CONTENT,NO_DIRECT_QUOTATION,
SITE1/P17,INTERVIEW,SITE1/P17/interview/Q2,TELEPORT_PATH_VISIBILITY,T3_CONTROL_PRECISION_UI,T3_CONTROL_PRECISION_UI,Baseline,"POST_SESSION_INTERVIEW; task may be Precision, Navigation, tutorial, or general unless explicitly stated",NOT_EXPLICITLY_CLASSIFIED,RQ1/RQ2,landing precision,DIRECTLY_EXPRESSED_PARTICIPANT_CONTENT,NO_DIRECT_QUOTATION,
SITE1/P17,INTERVIEW,SITE1/P17/interview/Q2,SPATIAL_ORIENTATION_SUPPORTED,T2_SPATIAL_REPRESENTATION,T2_SPATIAL_REPRESENTATION,Baseline,"POST_SESSION_INTERVIEW; task may be Precision, Navigation, tutorial, or general unless explicitly stated",NOT_EXPLICITLY_CLASSIFIED,RQ2,spatial-awareness composite; continuity,DIRECTLY_EXPRESSED_PARTICIPANT_CONTENT,NO_DIRECT_QUOTATION,
SITE1/P17,INTERVIEW,SITE1/P17/interview/Q2,TELEPORT_PATH_VISIBILITY,T3_CONTROL_PRECISION_UI,T3_CONTROL_PRECISION_UI,Tsunami,"POST_SESSION_INTERVIEW; task may be Precision, Navigation, tutorial, or general unless explicitly stated",NOT_EXPLICITLY_CLASSIFIED,RQ1/RQ2,landing precision,DIRECTLY_EXPRESSED_PARTICIPANT_CONTENT,NO_DIRECT_QUOTATION,
SITE1/P17,INTERVIEW,SITE1/P17/interview/Q2,SPATIAL_ORIENTATION_DISRUPTED,T2_SPATIAL_REPRESENTATION,T2_SPATIAL_REPRESENTATION,Tsunami,"POST_SESSION_INTERVIEW; task may be Precision, Navigation, tutorial, or general unless explicitly stated",NOT_EXPLICITLY_CLASSIFIED,RQ2,spatial-awareness composite; continuity,DIRECTLY_EXPRESSED_PARTICIPANT_CONTENT,NO_DIRECT_QUOTATION,
SITE1/P17,INTERVIEW,SITE1/P17/interview/Q3,ENVIRONMENTAL_ATTENTION_REDUCED,T2_SPATIAL_REPRESENTATION,T2_SPATIAL_REPRESENTATION,Minimap,"POST_SESSION_INTERVIEW; task may be Precision, Navigation, tutorial, or general unless explicitly stated",NOT_EXPLICITLY_CLASSIFIED,RQ2,head rotation; latency; spatial awareness,DIRECTLY_EXPRESSED_PARTICIPANT_CONTENT,NO_DIRECT_QUOTATION,
SITE1/P17,INTERVIEW,SITE1/P17/interview/Q3,SPATIAL_ORIENTATION_DISRUPTED,T2_SPATIAL_REPRESENTATION,T2_SPATIAL_REPRESENTATION,Minimap,"POST_SESSION_INTERVIEW; task may be Precision, Navigation, tutorial, or general unless explicitly stated",NOT_EXPLICITLY_CLASSIFIED,RQ2,spatial-awareness composite; continuity,DIRECTLY_EXPRESSED_PARTICIPANT_CONTENT,NO_DIRECT_QUOTATION,
SITE1/P17,INTERVIEW,SITE1/P17/interview/Q4,DISTANCE_DEPENDENT_SUITABILITY,T1_SCALE_CONTEXT,T1_SCALE_CONTEXT,Minimap,APPLICATION_CONTEXT_OR_GENERAL,SUITABLE,RQ1,precision by distance; route interaction,DIRECTLY_EXPRESSED_PARTICIPANT_CONTENT,NO_DIRECT_QUOTATION,
SITE1/P17,INTERVIEW,SITE1/P17/interview/Q4,TASK_CONTEXT_FIT,T1_SCALE_CONTEXT,T1_SCALE_CONTEXT,Minimap,APPLICATION_CONTEXT_OR_GENERAL,SUITABLE,RQ1/RQ3,route interaction; preference,DIRECTLY_EXPRESSED_PARTICIPANT_CONTENT,NO_DIRECT_QUOTATION,
SITE1/P17,INTERVIEW,SITE1/P17/interview/Q4,TRAVERSAL_EFFICIENCY,T1_SCALE_CONTEXT,T1_SCALE_CONTEXT,Baseline,APPLICATION_CONTEXT_OR_GENERAL,POSITIVE;SUITABLE,RQ1,route time; teleport count; path efficiency,DIRECTLY_EXPRESSED_PARTICIPANT_CONTENT,NO_DIRECT_QUOTATION,
SITE1/P17,INTERVIEW,SITE1/P17/interview/Q4,TASK_CONTEXT_FIT,T1_SCALE_CONTEXT,T1_SCALE_CONTEXT,Baseline,APPLICATION_CONTEXT_OR_GENERAL,POSITIVE;SUITABLE,RQ1/RQ3,route interaction; preference,DIRECTLY_EXPRESSED_PARTICIPANT_CONTENT,NO_DIRECT_QUOTATION,
SITE1/P17,INTERVIEW,SITE1/P17/interview/Q4,TASK_CONTEXT_FIT,T1_SCALE_CONTEXT,T1_SCALE_CONTEXT,Tsunami,APPLICATION_CONTEXT_OR_GENERAL,SUITABLE;ENHANCED,RQ1/RQ3,route interaction; preference,DIRECTLY_EXPRESSED_PARTICIPANT_CONTENT,NO_DIRECT_QUOTATION,
SITE1/P17,INTERVIEW,SITE1/P17/interview/Q4,IMMERSION_AND_PRESENCE,T4_ADOPTION_EXPERIENCE,T4_ADOPTION_EXPERIENCE,Tsunami,APPLICATION_CONTEXT_OR_GENERAL,SUITABLE;ENHANCED,RQ2/RQ3,environmental continuity,DIRECTLY_EXPRESSED_PARTICIPANT_CONTENT,NO_DIRECT_QUOTATION,
SITE1/P17,INTERVIEW,SITE1/P17/interview/Q4,SPATIAL_ORIENTATION_SUPPORTED,T2_SPATIAL_REPRESENTATION,T2_SPATIAL_REPRESENTATION,Tsunami,APPLICATION_CONTEXT_OR_GENERAL,SUITABLE;ENHANCED,RQ2,spatial-awareness composite; continuity,DIRECTLY_EXPRESSED_PARTICIPANT_CONTENT,NO_DIRECT_QUOTATION,
SITE1/P17,INTERVIEW,SITE1/P17/interview/Q5,SPATIAL_ORIENTATION_DISRUPTED,T2_SPATIAL_REPRESENTATION,T2_SPATIAL_REPRESENTATION,Minimap,"POST_SESSION_INTERVIEW; task may be Precision, Navigation, tutorial, or general unless explicitly stated",NOT_EXPLICITLY_CLASSIFIED,RQ2,spatial-awareness composite; continuity,DIRECTLY_EXPRESSED_PARTICIPANT_CONTENT,NO_DIRECT_QUOTATION,
SITE1/P17,QUESTIONNAIRE_FREE_TEXT,SITE1/P17/questionnaire/POST_CONDITION_COMMENT,LANDING_PRECISION,T3_CONTROL_PRECISION_UI,T3_CONTROL_PRECISION_UI,Baseline,POST_METHOD_BLOCK,NEGATIVE,RQ1/RQ3,direct-hit and sequential landing error,DIRECTLY_EXPRESSED_PARTICIPANT_CONTENT,NO_DIRECT_QUOTATION,
SITE1/P17,QUESTIONNAIRE_FREE_TEXT,SITE1/P17/questionnaire/POST_CONDITION_COMMENT,DESTINATION_OCCLUSION,T1_SCALE_CONTEXT,T1_SCALE_CONTEXT,Baseline,POST_METHOD_BLOCK,POSITIVE,RQ1/RQ2,landing precision; route interaction,DIRECTLY_EXPRESSED_PARTICIPANT_CONTENT,NO_DIRECT_QUOTATION,
SITE1/P17,QUESTIONNAIRE_FREE_TEXT,SITE1/P17/questionnaire/POST_CONDITION_COMMENT,ENVIRONMENT_GEOMETRY_CONSTRAINT,T1_SCALE_CONTEXT,T1_SCALE_CONTEXT,Baseline,POST_METHOD_BLOCK,POSITIVE,RQ1,method-by-route interaction,DIRECTLY_EXPRESSED_PARTICIPANT_CONTENT,NO_DIRECT_QUOTATION,
SITE1/P17,QUESTIONNAIRE_FREE_TEXT,SITE1/P17/questionnaire/POST_CONDITION_COMMENT,ENJOYMENT_AND_AESTHETIC_APPEAL,T4_ADOPTION_EXPERIENCE,T4_ADOPTION_EXPERIENCE,Baseline,POST_METHOD_BLOCK,POSITIVE,RQ3,fun ranking; preference,DIRECTLY_EXPRESSED_PARTICIPANT_CONTENT,NO_DIRECT_QUOTATION,
SITE1/P17,QUESTIONNAIRE_FREE_TEXT,SITE1/P17/questionnaire/POST_CONDITION_COMMENT,ENVIRONMENTAL_ATTENTION_REDUCED,T2_SPATIAL_REPRESENTATION,T2_SPATIAL_REPRESENTATION,Minimap,POST_METHOD_BLOCK,NOT_EXPLICITLY_CLASSIFIED,RQ2,head rotation; latency; spatial awareness,DIRECTLY_EXPRESSED_PARTICIPANT_CONTENT,NO_DIRECT_QUOTATION,
SITE1/P17,QUESTIONNAIRE_FREE_TEXT,SITE1/P17/questionnaire/POST_CONDITION_COMMENT,SPATIAL_ORIENTATION_DISRUPTED,T2_SPATIAL_REPRESENTATION,T2_SPATIAL_REPRESENTATION,Minimap,POST_METHOD_BLOCK,NOT_EXPLICITLY_CLASSIFIED,RQ2,spatial-awareness composite; continuity,DIRECTLY_EXPRESSED_PARTICIPANT_CONTENT,NO_DIRECT_QUOTATION,
SITE1/P19,INTERVIEW,SITE1/P19/interview/Q1,PRIOR_FAMILIARITY,T4_ADOPTION_EXPERIENCE,T4_ADOPTION_EXPERIENCE,Minimap,"POST_SESSION_INTERVIEW; task may be Precision, Navigation, tutorial, or general unless explicitly stated",SUITABLE,RQ3,usability; preference,DIRECTLY_EXPRESSED_PARTICIPANT_CONTENT,NO_DIRECT_QUOTATION,
SITE1/P19,INTERVIEW,SITE1/P19/interview/Q1,TASK_CONTEXT_FIT,T1_SCALE_CONTEXT,T1_SCALE_CONTEXT,Minimap,"POST_SESSION_INTERVIEW; task may be Precision, Navigation, tutorial, or general unless explicitly stated",SUITABLE,RQ1/RQ3,route interaction; preference,DIRECTLY_EXPRESSED_PARTICIPANT_CONTENT,NO_DIRECT_QUOTATION,
SITE1/P19,INTERVIEW,SITE1/P19/interview/Q1,DESTINATION_AREA_PREVIEW,T2_SPATIAL_REPRESENTATION,T2_SPATIAL_REPRESENTATION,Tsunami,"POST_SESSION_INTERVIEW; task may be Precision, Navigation, tutorial, or general unless explicitly stated",SUITABLE;POSITIVE,RQ2,spatial awareness; continuity,DIRECTLY_EXPRESSED_PARTICIPANT_CONTENT,NO_DIRECT_QUOTATION,
SITE1/P19,INTERVIEW,SITE1/P19/interview/Q1,ENJOYMENT_AND_AESTHETIC_APPEAL,T4_ADOPTION_EXPERIENCE,T4_ADOPTION_EXPERIENCE,Tsunami,"POST_SESSION_INTERVIEW; task may be Precision, Navigation, tutorial, or general unless explicitly stated",SUITABLE;POSITIVE,RQ3,fun ranking; preference,DIRECTLY_EXPRESSED_PARTICIPANT_CONTENT,NO_DIRECT_QUOTATION,
SITE1/P19,INTERVIEW,SITE1/P19/interview/Q1,TASK_CONTEXT_FIT,T1_SCALE_CONTEXT,T1_SCALE_CONTEXT,Tsunami,"POST_SESSION_INTERVIEW; task may be Precision, Navigation, tutorial, or general unless explicitly stated",SUITABLE;POSITIVE,RQ1/RQ3,route interaction; preference,DIRECTLY_EXPRESSED_PARTICIPANT_CONTENT,NO_DIRECT_QUOTATION,
SITE1/P19,INTERVIEW,SITE1/P19/interview/Q1,REORIENTATION_AND_TURNING_COST,T2_SPATIAL_REPRESENTATION,T2_SPATIAL_REPRESENTATION,Tsunami,"POST_SESSION_INTERVIEW; task may be Precision, Navigation, tutorial, or general unless explicitly stated",SUITABLE;POSITIVE,RQ2,latency; head rotation; yaw/pitch,DIRECTLY_EXPRESSED_PARTICIPANT_CONTENT,NO_DIRECT_QUOTATION,
SITE1/P19,INTERVIEW,SITE1/P19/interview/Q2,SPATIAL_ORIENTATION_SUPPORTED,T2_SPATIAL_REPRESENTATION,T2_SPATIAL_REPRESENTATION,Tsunami,"POST_SESSION_INTERVIEW; task may be Precision, Navigation, tutorial, or general unless explicitly stated",NOT_EXPLICITLY_CLASSIFIED,RQ2,spatial-awareness composite; continuity,DIRECTLY_EXPRESSED_PARTICIPANT_CONTENT,NO_DIRECT_QUOTATION,
SITE1/P19,INTERVIEW,SITE1/P19/interview/Q2,DESTINATION_AREA_PREVIEW,T2_SPATIAL_REPRESENTATION,T2_SPATIAL_REPRESENTATION,Tsunami,"POST_SESSION_INTERVIEW; task may be Precision, Navigation, tutorial, or general unless explicitly stated",NOT_EXPLICITLY_CLASSIFIED,RQ2,spatial awareness; continuity,DIRECTLY_EXPRESSED_PARTICIPANT_CONTENT,NO_DIRECT_QUOTATION,
SITE1/P19,INTERVIEW,SITE1/P19/interview/Q2,WALKING_LIKE_INCREMENTAL_MOVEMENT,T2_SPATIAL_REPRESENTATION,T2_SPATIAL_REPRESENTATION,Baseline,"POST_SESSION_INTERVIEW; task may be Precision, Navigation, tutorial, or general unless explicitly stated",NOT_EXPLICITLY_CLASSIFIED,RQ2,route time; spatial awareness,DIRECTLY_EXPRESSED_PARTICIPANT_CONTENT,NO_DIRECT_QUOTATION,
SITE1/P19,INTERVIEW,SITE1/P19/interview/Q2,SPATIAL_ORIENTATION_SUPPORTED,T2_SPATIAL_REPRESENTATION,T2_SPATIAL_REPRESENTATION,Baseline,"POST_SESSION_INTERVIEW; task may be Precision, Navigation, tutorial, or general unless explicitly stated",NOT_EXPLICITLY_CLASSIFIED,RQ2,spatial-awareness composite; continuity,DIRECTLY_EXPRESSED_PARTICIPANT_CONTENT,NO_DIRECT_QUOTATION,
SITE1/P19,INTERVIEW,SITE1/P19/interview/Q2,ENVIRONMENTAL_ATTENTION_REDUCED,T2_SPATIAL_REPRESENTATION,T2_SPATIAL_REPRESENTATION,Minimap,"POST_SESSION_INTERVIEW; task may be Precision, Navigation, tutorial, or general unless explicitly stated",REDUCED,RQ2,head rotation; latency; spatial awareness,DIRECTLY_EXPRESSED_PARTICIPANT_CONTENT,NO_DIRECT_QUOTATION,
SITE1/P19,INTERVIEW,SITE1/P19/interview/Q2,SPATIAL_ORIENTATION_DISRUPTED,T2_SPATIAL_REPRESENTATION,T2_SPATIAL_REPRESENTATION,Minimap,"POST_SESSION_INTERVIEW; task may be Precision, Navigation, tutorial, or general unless explicitly stated",REDUCED,RQ2,spatial-awareness composite; continuity,DIRECTLY_EXPRESSED_PARTICIPANT_CONTENT,NO_DIRECT_QUOTATION,
SITE1/P19,INTERVIEW,SITE1/P19/interview/Q2,IMMERSION_AND_PRESENCE,T4_ADOPTION_EXPERIENCE,T4_ADOPTION_EXPERIENCE,Minimap,"POST_SESSION_INTERVIEW; task may be Precision, Navigation, tutorial, or general unless explicitly stated",REDUCED,RQ2/RQ3,environmental continuity,DIRECTLY_EXPRESSED_PARTICIPANT_CONTENT,NO_DIRECT_QUOTATION,
SITE1/P19,INTERVIEW,SITE1/P19/interview/Q3,LANDING_PRECISION,T3_CONTROL_PRECISION_UI,T3_CONTROL_PRECISION_UI,Minimap,"POST_SESSION_INTERVIEW; task may be Precision, Navigation, tutorial, or general unless explicitly stated",NEGATIVE,RQ1/RQ3,direct-hit and sequential landing error,DIRECTLY_EXPRESSED_PARTICIPANT_CONTENT,NO_DIRECT_QUOTATION,
SITE1/P19,INTERVIEW,SITE1/P19/interview/Q3,REORIENTATION_AND_TURNING_COST,T2_SPATIAL_REPRESENTATION,T2_SPATIAL_REPRESENTATION,Minimap,"POST_SESSION_INTERVIEW; task may be Precision, Navigation, tutorial, or general unless explicitly stated",NEGATIVE,RQ2,latency; head rotation; yaw/pitch,DIRECTLY_EXPRESSED_PARTICIPANT_CONTENT,NO_DIRECT_QUOTATION,
SITE1/P19,INTERVIEW,SITE1/P19/interview/Q3,SPATIAL_ORIENTATION_DISRUPTED,T2_SPATIAL_REPRESENTATION,T2_SPATIAL_REPRESENTATION,Minimap,"POST_SESSION_INTERVIEW; task may be Precision, Navigation, tutorial, or general unless explicitly stated",NEGATIVE,RQ2,spatial-awareness composite; continuity,DIRECTLY_EXPRESSED_PARTICIPANT_CONTENT,NO_DIRECT_QUOTATION,
SITE1/P19,INTERVIEW,SITE1/P19/interview/Q4,DISTANCE_DEPENDENT_SUITABILITY,T1_SCALE_CONTEXT,T1_SCALE_CONTEXT,Baseline,APPLICATION_CONTEXT_OR_GENERAL,SUITABLE,RQ1,precision by distance; route interaction,DIRECTLY_EXPRESSED_PARTICIPANT_CONTENT,NO_DIRECT_QUOTATION,
SITE1/P19,INTERVIEW,SITE1/P19/interview/Q4,TASK_CONTEXT_FIT,T1_SCALE_CONTEXT,T1_SCALE_CONTEXT,Baseline,APPLICATION_CONTEXT_OR_GENERAL,SUITABLE,RQ1/RQ3,route interaction; preference,DIRECTLY_EXPRESSED_PARTICIPANT_CONTENT,NO_DIRECT_QUOTATION,
SITE1/P19,INTERVIEW,SITE1/P19/interview/Q4,DISTANCE_DEPENDENT_SUITABILITY,T1_SCALE_CONTEXT,T1_SCALE_CONTEXT,Minimap,APPLICATION_CONTEXT_OR_GENERAL,SUITABLE,RQ1,precision by distance; route interaction,DIRECTLY_EXPRESSED_PARTICIPANT_CONTENT,NO_DIRECT_QUOTATION,
SITE1/P19,INTERVIEW,SITE1/P19/interview/Q4,TASK_CONTEXT_FIT,T1_SCALE_CONTEXT,T1_SCALE_CONTEXT,Minimap,APPLICATION_CONTEXT_OR_GENERAL,SUITABLE,RQ1/RQ3,route interaction; preference,DIRECTLY_EXPRESSED_PARTICIPANT_CONTENT,NO_DIRECT_QUOTATION,
SITE1/P19,INTERVIEW,SITE1/P19/interview/Q4,DISTANCE_DEPENDENT_SUITABILITY,T1_SCALE_CONTEXT,T1_SCALE_CONTEXT,Tsunami,APPLICATION_CONTEXT_OR_GENERAL,SUITABLE,RQ1,precision by distance; route interaction,DIRECTLY_EXPRESSED_PARTICIPANT_CONTENT,NO_DIRECT_QUOTATION,
SITE1/P19,INTERVIEW,SITE1/P19/interview/Q4,TASK_CONTEXT_FIT,T1_SCALE_CONTEXT,T1_SCALE_CONTEXT,Tsunami,APPLICATION_CONTEXT_OR_GENERAL,SUITABLE,RQ1/RQ3,route interaction; preference,DIRECTLY_EXPRESSED_PARTICIPANT_CONTENT,NO_DIRECT_QUOTATION,
SITE1/P19,INTERVIEW,SITE1/P19/interview/Q5,VISUAL_UI_PRESENTATION,T3_CONTROL_PRECISION_UI,T3_CONTROL_PRECISION_UI,SHARED_UI,"POST_SESSION_INTERVIEW; task may be Precision, Navigation, tutorial, or general unless explicitly stated",NEGATIVE,RQ3,workload; usability,DIRECTLY_EXPRESSED_PARTICIPANT_CONTENT,NO_DIRECT_QUOTATION,
SITE1/P19,INTERVIEW,SITE1/P19/interview/Q5,ENJOYMENT_AND_AESTHETIC_APPEAL,T4_ADOPTION_EXPERIENCE,T4_ADOPTION_EXPERIENCE,MULTIPLE,"POST_SESSION_INTERVIEW; task may be Precision, Navigation, tutorial, or general unless explicitly stated",POSITIVE,RQ3,fun ranking; preference,DIRECTLY_EXPRESSED_PARTICIPANT_CONTENT,NO_DIRECT_QUOTATION,
SITE1/P19,QUESTIONNAIRE_FREE_TEXT,SITE1/P19/questionnaire/POST_CONDITION_COMMENT,VISUAL_UI_PRESENTATION,T3_CONTROL_PRECISION_UI,T3_CONTROL_PRECISION_UI,Baseline,POST_METHOD_BLOCK,NOT_EXPLICITLY_CLASSIFIED,RQ3,workload; usability,DIRECTLY_EXPRESSED_PARTICIPANT_CONTENT,NO_DIRECT_QUOTATION,
SITE1/P19,QUESTIONNAIRE_FREE_TEXT,SITE1/P19/questionnaire/POST_CONDITION_COMMENT,DISTANCE_DEPENDENT_SUITABILITY,T1_SCALE_CONTEXT,T1_SCALE_CONTEXT,Baseline,POST_METHOD_BLOCK,NOT_EXPLICITLY_CLASSIFIED,RQ1,precision by distance; route interaction,DIRECTLY_EXPRESSED_PARTICIPANT_CONTENT,NO_DIRECT_QUOTATION,
SITE1/P19,QUESTIONNAIRE_FREE_TEXT,SITE1/P19/questionnaire/POST_CONDITION_COMMENT,VISUAL_UI_PRESENTATION,T3_CONTROL_PRECISION_UI,T3_CONTROL_PRECISION_UI,Minimap,POST_METHOD_BLOCK,NEGATIVE,RQ3,workload; usability,DIRECTLY_EXPRESSED_PARTICIPANT_CONTENT,NO_DIRECT_QUOTATION,
SITE1/P19,QUESTIONNAIRE_FREE_TEXT,SITE1/P19/questionnaire/POST_CONDITION_COMMENT,PHYSICAL_ERGONOMICS,T4_ADOPTION_EXPERIENCE,T4_ADOPTION_EXPERIENCE,Minimap,POST_METHOD_BLOCK,NEGATIVE,RQ3,RAW-TLX,DIRECTLY_EXPRESSED_PARTICIPANT_CONTENT,NO_DIRECT_QUOTATION,
SITE1/P19,QUESTIONNAIRE_FREE_TEXT,SITE1/P19/questionnaire/POST_CONDITION_COMMENT,VISUAL_UI_PRESENTATION,T3_CONTROL_PRECISION_UI,T3_CONTROL_PRECISION_UI,Tsunami,POST_METHOD_BLOCK,NEGATIVE,RQ3,workload; usability,DIRECTLY_EXPRESSED_PARTICIPANT_CONTENT,NO_DIRECT_QUOTATION,
SITE1/P20,INTERVIEW,SITE1/P20/interview/Q1,PERCEIVED_REALISM_AND_COHERENCE,T4_ADOPTION_EXPERIENCE,T4_ADOPTION_EXPERIENCE,Minimap,"POST_SESSION_INTERVIEW; task may be Precision, Navigation, tutorial, or general unless explicitly stated",ENHANCED,RQ3,usability; preference,DIRECTLY_EXPRESSED_PARTICIPANT_CONTENT,NO_DIRECT_QUOTATION,
SITE1/P20,INTERVIEW,SITE1/P20/interview/Q1,LEARNING_AND_ACCLIMATIZATION,T4_ADOPTION_EXPERIENCE,T4_ADOPTION_EXPERIENCE,Tsunami,"POST_SESSION_INTERVIEW; task may be Precision, Navigation, tutorial, or general unless explicitly stated",NOT_EXPLICITLY_CLASSIFIED,RQ3,within-method latency and head-rotation trends,DIRECTLY_EXPRESSED_PARTICIPANT_CONTENT,NO_DIRECT_QUOTATION,
SITE1/P20,INTERVIEW,SITE1/P20/interview/Q2,COGNITIVE_AND_INTERACTION_WORKLOAD,T4_ADOPTION_EXPERIENCE,T4_ADOPTION_EXPERIENCE,Minimap,"POST_SESSION_INTERVIEW; task may be Precision, Navigation, tutorial, or general unless explicitly stated",INCREASED,RQ3,RAW-TLX,DIRECTLY_EXPRESSED_PARTICIPANT_CONTENT,NO_DIRECT_QUOTATION,
SITE1/P20,INTERVIEW,SITE1/P20/interview/Q2,DESTINATION_OCCLUSION,T1_SCALE_CONTEXT,T1_SCALE_CONTEXT,Baseline,"POST_SESSION_INTERVIEW; task may be Precision, Navigation, tutorial, or general unless explicitly stated",NOT_EXPLICITLY_CLASSIFIED,RQ1/RQ2,landing precision; route interaction,DIRECTLY_EXPRESSED_PARTICIPANT_CONTENT,NO_DIRECT_QUOTATION,
SITE1/P20,INTERVIEW,SITE1/P20/interview/Q2,SPATIAL_ORIENTATION_DISRUPTED,T2_SPATIAL_REPRESENTATION,T2_SPATIAL_REPRESENTATION,Baseline,"POST_SESSION_INTERVIEW; task may be Precision, Navigation, tutorial, or general unless explicitly stated",NOT_EXPLICITLY_CLASSIFIED,RQ2,spatial-awareness composite; continuity,DIRECTLY_EXPRESSED_PARTICIPANT_CONTENT,NO_DIRECT_QUOTATION,
SITE1/P20,INTERVIEW,SITE1/P20/interview/Q2,SPATIAL_ORIENTATION_SUPPORTED,T2_SPATIAL_REPRESENTATION,T2_SPATIAL_REPRESENTATION,Tsunami,"POST_SESSION_INTERVIEW; task may be Precision, Navigation, tutorial, or general unless explicitly stated",NOT_EXPLICITLY_CLASSIFIED,RQ2,spatial-awareness composite; continuity,DIRECTLY_EXPRESSED_PARTICIPANT_CONTENT,NO_DIRECT_QUOTATION,
SITE1/P20,INTERVIEW,SITE1/P20/interview/Q3,NO_SUBSTANTIVE_CODE,AUDIT_ONLY_OR_SECONDARY,NONE,MULTI_OR_UNSPECIFIED,"POST_SESSION_INTERVIEW; task may be Precision, Navigation, tutorial, or general unless explicitly stated",NOT_EXPLICITLY_CLASSIFIED,NONE,NONE,EXPLICIT_NO_ADDITIONAL_COMMENT_OR_NONCONTENT,NO_DIRECT_QUOTATION,
SITE1/P20,INTERVIEW,SITE1/P20/interview/Q4,DISTANCE_DEPENDENT_SUITABILITY,T1_SCALE_CONTEXT,T1_SCALE_CONTEXT,Minimap,APPLICATION_CONTEXT_OR_GENERAL,CONDITIONAL,RQ1,precision by distance; route interaction,DIRECTLY_EXPRESSED_PARTICIPANT_CONTENT,NO_DIRECT_QUOTATION,
SITE1/P20,INTERVIEW,SITE1/P20/interview/Q4,VISUAL_UI_PRESENTATION,T3_CONTROL_PRECISION_UI,T3_CONTROL_PRECISION_UI,Minimap,APPLICATION_CONTEXT_OR_GENERAL,CONDITIONAL,RQ3,workload; usability,DIRECTLY_EXPRESSED_PARTICIPANT_CONTENT,NO_DIRECT_QUOTATION,
SITE1/P20,INTERVIEW,SITE1/P20/interview/Q4,TASK_CONTEXT_FIT,T1_SCALE_CONTEXT,T1_SCALE_CONTEXT,Minimap,APPLICATION_CONTEXT_OR_GENERAL,CONDITIONAL,RQ1/RQ3,route interaction; preference,DIRECTLY_EXPRESSED_PARTICIPANT_CONTENT,NO_DIRECT_QUOTATION,
SITE1/P20,INTERVIEW,SITE1/P20/interview/Q5,NO_SUBSTANTIVE_CODE,AUDIT_ONLY_OR_SECONDARY,NONE,MULTI_OR_UNSPECIFIED,"POST_SESSION_INTERVIEW; task may be Precision, Navigation, tutorial, or general unless explicitly stated",NOT_EXPLICITLY_CLASSIFIED,NONE,NONE,EXPLICIT_NO_ADDITIONAL_COMMENT_OR_NONCONTENT,NO_DIRECT_QUOTATION,
SITE1/P20,QUESTIONNAIRE_FREE_TEXT,SITE1/P20/questionnaire/POST_CONDITION_COMMENT,SPATIAL_ORIENTATION_DISRUPTED,T2_SPATIAL_REPRESENTATION,T2_SPATIAL_REPRESENTATION,Minimap,POST_METHOD_BLOCK,REDUCED,RQ2,spatial-awareness composite; continuity,DIRECTLY_EXPRESSED_PARTICIPANT_CONTENT,NO_DIRECT_QUOTATION,
SITE1/P20,QUESTIONNAIRE_FREE_TEXT,SITE1/P20/questionnaire/POST_CONDITION_COMMENT,ENVIRONMENTAL_ATTENTION_REDUCED,T2_SPATIAL_REPRESENTATION,T2_SPATIAL_REPRESENTATION,Minimap,POST_METHOD_BLOCK,REDUCED,RQ2,head rotation; latency; spatial awareness,DIRECTLY_EXPRESSED_PARTICIPANT_CONTENT,NO_DIRECT_QUOTATION,
SITE1/P20,QUESTIONNAIRE_FREE_TEXT,SITE1/P20/questionnaire/POST_CONDITION_COMMENT,COGNITIVE_AND_INTERACTION_WORKLOAD,T4_ADOPTION_EXPERIENCE,T4_ADOPTION_EXPERIENCE,Minimap,POST_METHOD_BLOCK,REDUCED,RQ3,RAW-TLX,DIRECTLY_EXPRESSED_PARTICIPANT_CONTENT,NO_DIRECT_QUOTATION,
SITE1/P20,QUESTIONNAIRE_FREE_TEXT,SITE1/P20/questionnaire/POST_CONDITION_COMMENT,CONTROL_SENSITIVITY_AND_RELEASE,T3_CONTROL_PRECISION_UI,T3_CONTROL_PRECISION_UI,Tsunami,POST_METHOD_BLOCK,NOT_EXPLICITLY_CLASSIFIED,RQ1/RQ3,landing error; corrective teleports,DIRECTLY_EXPRESSED_PARTICIPANT_CONTENT,NO_DIRECT_QUOTATION,
SITE1/P20,QUESTIONNAIRE_FREE_TEXT,SITE1/P20/questionnaire/POST_CONDITION_COMMENT,TRAVERSAL_EFFICIENCY,T1_SCALE_CONTEXT,T1_SCALE_CONTEXT,Tsunami,POST_METHOD_BLOCK,NEGATIVE,RQ1,route time; teleport count; path efficiency,DIRECTLY_EXPRESSED_PARTICIPANT_CONTENT,NO_DIRECT_QUOTATION,
SITE1/P20,QUESTIONNAIRE_FREE_TEXT,SITE1/P20/questionnaire/POST_CONDITION_COMMENT,PHYSICAL_DEMAND,T4_ADOPTION_EXPERIENCE,T4_ADOPTION_EXPERIENCE,Tsunami,POST_METHOD_BLOCK,NOT_EXPLICITLY_CLASSIFIED,RQ3,RAW-TLX,DIRECTLY_EXPRESSED_PARTICIPANT_CONTENT,NO_DIRECT_QUOTATION,
SITE1/P21,INTERVIEW,SITE1/P21/interview/Q1,WALKING_LIKE_INCREMENTAL_MOVEMENT,T2_SPATIAL_REPRESENTATION,T2_SPATIAL_REPRESENTATION,Baseline,"POST_SESSION_INTERVIEW; task may be Precision, Navigation, tutorial, or general unless explicitly stated",NOT_EXPLICITLY_CLASSIFIED,RQ2,route time; spatial awareness,DIRECTLY_EXPRESSED_PARTICIPANT_CONTENT,NO_DIRECT_QUOTATION,
SITE1/P21,INTERVIEW,SITE1/P21/interview/Q1,TRAVERSAL_EFFICIENCY,T1_SCALE_CONTEXT,T1_SCALE_CONTEXT,Baseline,"POST_SESSION_INTERVIEW; task may be Precision, Navigation, tutorial, or general unless explicitly stated",NOT_EXPLICITLY_CLASSIFIED,RQ1,route time; teleport count; path efficiency,DIRECTLY_EXPRESSED_PARTICIPANT_CONTENT,NO_DIRECT_QUOTATION,
SITE1/P21,INTERVIEW,SITE1/P21/interview/Q2,DESTINATION_AREA_PREVIEW,T2_SPATIAL_REPRESENTATION,T2_SPATIAL_REPRESENTATION,Tsunami,"POST_SESSION_INTERVIEW; task may be Precision, Navigation, tutorial, or general unless explicitly stated",NOT_EXPLICITLY_CLASSIFIED,RQ2,spatial awareness; continuity,DIRECTLY_EXPRESSED_PARTICIPANT_CONTENT,NO_DIRECT_QUOTATION,
SITE1/P21,INTERVIEW,SITE1/P21/interview/Q2,SPATIAL_ORIENTATION_SUPPORTED,T2_SPATIAL_REPRESENTATION,T2_SPATIAL_REPRESENTATION,Tsunami,"POST_SESSION_INTERVIEW; task may be Precision, Navigation, tutorial, or general unless explicitly stated",NOT_EXPLICITLY_CLASSIFIED,RQ2,spatial-awareness composite; continuity,DIRECTLY_EXPRESSED_PARTICIPANT_CONTENT,NO_DIRECT_QUOTATION,
SITE1/P21,INTERVIEW,SITE1/P21/interview/Q3,ENVIRONMENTAL_ATTENTION_REDUCED,T2_SPATIAL_REPRESENTATION,T2_SPATIAL_REPRESENTATION,Minimap,"POST_SESSION_INTERVIEW; task may be Precision, Navigation, tutorial, or general unless explicitly stated",NOT_EXPLICITLY_CLASSIFIED,RQ2,head rotation; latency; spatial awareness,DIRECTLY_EXPRESSED_PARTICIPANT_CONTENT,NO_DIRECT_QUOTATION,
SITE1/P21,INTERVIEW,SITE1/P21/interview/Q3,SPATIAL_ORIENTATION_DISRUPTED,T2_SPATIAL_REPRESENTATION,T2_SPATIAL_REPRESENTATION,Minimap,"POST_SESSION_INTERVIEW; task may be Precision, Navigation, tutorial, or general unless explicitly stated",NOT_EXPLICITLY_CLASSIFIED,RQ2,spatial-awareness composite; continuity,DIRECTLY_EXPRESSED_PARTICIPANT_CONTENT,NO_DIRECT_QUOTATION,
SITE1/P21,INTERVIEW,SITE1/P21/interview/Q4,DESTINATION_AREA_PREVIEW,T2_SPATIAL_REPRESENTATION,T2_SPATIAL_REPRESENTATION,Tsunami,APPLICATION_CONTEXT_OR_GENERAL,POSITIVE;ENHANCED,RQ2,spatial awareness; continuity,DIRECTLY_EXPRESSED_PARTICIPANT_CONTENT,NO_DIRECT_QUOTATION,
SITE1/P21,INTERVIEW,SITE1/P21/interview/Q4,LEARNING_AND_ACCLIMATIZATION,T4_ADOPTION_EXPERIENCE,T4_ADOPTION_EXPERIENCE,Tsunami,APPLICATION_CONTEXT_OR_GENERAL,POSITIVE;ENHANCED,RQ3,within-method latency and head-rotation trends,DIRECTLY_EXPRESSED_PARTICIPANT_CONTENT,NO_DIRECT_QUOTATION,
SITE1/P21,INTERVIEW,SITE1/P21/interview/Q4,PERCEIVED_REALISM_AND_COHERENCE,T4_ADOPTION_EXPERIENCE,T4_ADOPTION_EXPERIENCE,Tsunami,APPLICATION_CONTEXT_OR_GENERAL,POSITIVE;ENHANCED,RQ3,usability; preference,DIRECTLY_EXPRESSED_PARTICIPANT_CONTENT,NO_DIRECT_QUOTATION,
SITE1/P21,INTERVIEW,SITE1/P21/interview/Q4,TRAVERSAL_EFFICIENCY,T1_SCALE_CONTEXT,T1_SCALE_CONTEXT,Tsunami,APPLICATION_CONTEXT_OR_GENERAL,POSITIVE;ENHANCED,RQ1,route time; teleport count; path efficiency,DIRECTLY_EXPRESSED_PARTICIPANT_CONTENT,NO_DIRECT_QUOTATION,
SITE1/P21,INTERVIEW,SITE1/P21/interview/Q5,NO_SUBSTANTIVE_CODE,AUDIT_ONLY_OR_SECONDARY,NONE,MULTI_OR_UNSPECIFIED,"POST_SESSION_INTERVIEW; task may be Precision, Navigation, tutorial, or general unless explicitly stated",NOT_EXPLICITLY_CLASSIFIED,NONE,NONE,EXPLICIT_NO_ADDITIONAL_COMMENT_OR_NONCONTENT,NO_DIRECT_QUOTATION,
SITE1/P22,INTERVIEW,SITE1/P22/interview/Q1,WALKING_LIKE_INCREMENTAL_MOVEMENT,T2_SPATIAL_REPRESENTATION,T2_SPATIAL_REPRESENTATION,Baseline,"POST_SESSION_INTERVIEW; task may be Precision, Navigation, tutorial, or general unless explicitly stated",NOT_EXPLICITLY_CLASSIFIED,RQ2,route time; spatial awareness,DIRECTLY_EXPRESSED_PARTICIPANT_CONTENT,NO_DIRECT_QUOTATION,
SITE1/P22,INTERVIEW,SITE1/P22/interview/Q1,TELEPORT_PATH_VISIBILITY,T3_CONTROL_PRECISION_UI,T3_CONTROL_PRECISION_UI,Baseline,"POST_SESSION_INTERVIEW; task may be Precision, Navigation, tutorial, or general unless explicitly stated",NOT_EXPLICITLY_CLASSIFIED,RQ1/RQ2,landing precision,DIRECTLY_EXPRESSED_PARTICIPANT_CONTENT,NO_DIRECT_QUOTATION,
SITE1/P22,INTERVIEW,SITE1/P22/interview/Q1,DISTANCE_DEPENDENT_SUITABILITY,T1_SCALE_CONTEXT,T1_SCALE_CONTEXT,Baseline,"POST_SESSION_INTERVIEW; task may be Precision, Navigation, tutorial, or general unless explicitly stated",NOT_EXPLICITLY_CLASSIFIED,RQ1,precision by distance; route interaction,DIRECTLY_EXPRESSED_PARTICIPANT_CONTENT,NO_DIRECT_QUOTATION,
SITE1/P22,INTERVIEW,SITE1/P22/interview/Q1,DESTINATION_OCCLUSION,T1_SCALE_CONTEXT,T1_SCALE_CONTEXT,Baseline,"POST_SESSION_INTERVIEW; task may be Precision, Navigation, tutorial, or general unless explicitly stated",NOT_EXPLICITLY_CLASSIFIED,RQ1/RQ2,landing precision; route interaction,DIRECTLY_EXPRESSED_PARTICIPANT_CONTENT,NO_DIRECT_QUOTATION,
SITE1/P22,INTERVIEW,SITE1/P22/interview/Q1,ENVIRONMENT_GEOMETRY_CONSTRAINT,T1_SCALE_CONTEXT,T1_SCALE_CONTEXT,Baseline,"POST_SESSION_INTERVIEW; task may be Precision, Navigation, tutorial, or general unless explicitly stated",NOT_EXPLICITLY_CLASSIFIED,RQ1,method-by-route interaction,DIRECTLY_EXPRESSED_PARTICIPANT_CONTENT,NO_DIRECT_QUOTATION,
SITE1/P22,INTERVIEW,SITE1/P22/interview/Q2,DESTINATION_AREA_PREVIEW,T2_SPATIAL_REPRESENTATION,T2_SPATIAL_REPRESENTATION,Tsunami,"POST_SESSION_INTERVIEW; task may be Precision, Navigation, tutorial, or general unless explicitly stated",NOT_EXPLICITLY_CLASSIFIED,RQ2,spatial awareness; continuity,DIRECTLY_EXPRESSED_PARTICIPANT_CONTENT,NO_DIRECT_QUOTATION,
SITE1/P22,INTERVIEW,SITE1/P22/interview/Q2,SPATIAL_ORIENTATION_SUPPORTED,T2_SPATIAL_REPRESENTATION,T2_SPATIAL_REPRESENTATION,Tsunami,"POST_SESSION_INTERVIEW; task may be Precision, Navigation, tutorial, or general unless explicitly stated",NOT_EXPLICITLY_CLASSIFIED,RQ2,spatial-awareness composite; continuity,DIRECTLY_EXPRESSED_PARTICIPANT_CONTENT,NO_DIRECT_QUOTATION,
SITE1/P22,INTERVIEW,SITE1/P22/interview/Q3,LEARNING_AND_ACCLIMATIZATION,T4_ADOPTION_EXPERIENCE,T4_ADOPTION_EXPERIENCE,Minimap,"POST_SESSION_INTERVIEW; task may be Precision, Navigation, tutorial, or general unless explicitly stated",INCREASED,RQ3,within-method latency and head-rotation trends,DIRECTLY_EXPRESSED_PARTICIPANT_CONTENT,NO_DIRECT_QUOTATION,
SITE1/P22,INTERVIEW,SITE1/P22/interview/Q3,MAP_FRAME_ALIGNMENT,T2_SPATIAL_REPRESENTATION;T3_CONTROL_PRECISION_UI,T2_SPATIAL_REPRESENTATION;T3_CONTROL_PRECISION_UI,Minimap,"POST_SESSION_INTERVIEW; task may be Precision, Navigation, tutorial, or general unless explicitly stated",INCREASED,RQ2/RQ3,yaw/pitch; head rotation; workload,DIRECTLY_EXPRESSED_PARTICIPANT_CONTENT,NO_DIRECT_QUOTATION,
SITE1/P22,INTERVIEW,SITE1/P22/interview/Q3,COGNITIVE_AND_INTERACTION_WORKLOAD,T4_ADOPTION_EXPERIENCE,T4_ADOPTION_EXPERIENCE,Minimap,"POST_SESSION_INTERVIEW; task may be Precision, Navigation, tutorial, or general unless explicitly stated",INCREASED,RQ3,RAW-TLX,DIRECTLY_EXPRESSED_PARTICIPANT_CONTENT,NO_DIRECT_QUOTATION,
SITE1/P22,INTERVIEW,SITE1/P22/interview/Q3,TRAVERSAL_EFFICIENCY,T1_SCALE_CONTEXT,T1_SCALE_CONTEXT,Minimap,"POST_SESSION_INTERVIEW; task may be Precision, Navigation, tutorial, or general unless explicitly stated",NOT_EXPLICITLY_CLASSIFIED,RQ1,route time; teleport count; path efficiency,DIRECTLY_EXPRESSED_PARTICIPANT_CONTENT,NO_DIRECT_QUOTATION,
SITE1/P22,INTERVIEW,SITE1/P22/interview/Q3,DISTANCE_DEPENDENT_SUITABILITY,T1_SCALE_CONTEXT,T1_SCALE_CONTEXT,Minimap,"POST_SESSION_INTERVIEW; task may be Precision, Navigation, tutorial, or general unless explicitly stated",NOT_EXPLICITLY_CLASSIFIED,RQ1,precision by distance; route interaction,DIRECTLY_EXPRESSED_PARTICIPANT_CONTENT,NO_DIRECT_QUOTATION,
SITE1/P22,INTERVIEW,SITE1/P22/interview/Q4,TASK_CONTEXT_FIT,T1_SCALE_CONTEXT,T1_SCALE_CONTEXT,Baseline,APPLICATION_CONTEXT_OR_GENERAL,SUITABLE,RQ1/RQ3,route interaction; preference,DIRECTLY_EXPRESSED_PARTICIPANT_CONTENT,NO_DIRECT_QUOTATION,
SITE1/P22,INTERVIEW,SITE1/P22/interview/Q4,WALKING_LIKE_INCREMENTAL_MOVEMENT,T2_SPATIAL_REPRESENTATION,T2_SPATIAL_REPRESENTATION,Baseline,APPLICATION_CONTEXT_OR_GENERAL,SUITABLE,RQ2,route time; spatial awareness,DIRECTLY_EXPRESSED_PARTICIPANT_CONTENT,NO_DIRECT_QUOTATION,
SITE1/P22,INTERVIEW,SITE1/P22/interview/Q4,TASK_CONTEXT_FIT,T1_SCALE_CONTEXT,T1_SCALE_CONTEXT,Minimap,APPLICATION_CONTEXT_OR_GENERAL,SUITABLE,RQ1/RQ3,route interaction; preference,DIRECTLY_EXPRESSED_PARTICIPANT_CONTENT,NO_DIRECT_QUOTATION,
SITE1/P22,INTERVIEW,SITE1/P22/interview/Q4,TASK_CONTEXT_FIT,T1_SCALE_CONTEXT,T1_SCALE_CONTEXT,Tsunami,APPLICATION_CONTEXT_OR_GENERAL,UNSUITABLE,RQ1/RQ3,route interaction; preference,DIRECTLY_EXPRESSED_PARTICIPANT_CONTENT,NO_DIRECT_QUOTATION,
SITE1/P22,INTERVIEW,SITE1/P22/interview/Q4,TASK_CONTEXT_FIT,T1_SCALE_CONTEXT,T1_SCALE_CONTEXT,Tsunami,APPLICATION_CONTEXT_OR_GENERAL,SUITABLE,RQ1/RQ3,route interaction; preference,DIRECTLY_EXPRESSED_PARTICIPANT_CONTENT,NO_DIRECT_QUOTATION,
SITE1/P22,INTERVIEW,SITE1/P22/interview/Q5,DESTINATION_AREA_PREVIEW,T2_SPATIAL_REPRESENTATION,T2_SPATIAL_REPRESENTATION,Tsunami,"POST_SESSION_INTERVIEW; task may be Precision, Navigation, tutorial, or general unless explicitly stated",NOT_EXPLICITLY_CLASSIFIED,RQ2,spatial awareness; continuity,DIRECTLY_EXPRESSED_PARTICIPANT_CONTENT,NO_DIRECT_QUOTATION,
SITE1/P22,INTERVIEW,SITE1/P22/interview/Q5,SPATIAL_ORIENTATION_SUPPORTED,T2_SPATIAL_REPRESENTATION,T2_SPATIAL_REPRESENTATION,Tsunami,"POST_SESSION_INTERVIEW; task may be Precision, Navigation, tutorial, or general unless explicitly stated",NOT_EXPLICITLY_CLASSIFIED,RQ2,spatial-awareness composite; continuity,DIRECTLY_EXPRESSED_PARTICIPANT_CONTENT,NO_DIRECT_QUOTATION,
SITE1/P22,INTERVIEW,SITE1/P22/interview/Q5,TRAVERSAL_EFFICIENCY,T1_SCALE_CONTEXT,T1_SCALE_CONTEXT,Tsunami,"POST_SESSION_INTERVIEW; task may be Precision, Navigation, tutorial, or general unless explicitly stated",NOT_EXPLICITLY_CLASSIFIED,RQ1,route time; teleport count; path efficiency,DIRECTLY_EXPRESSED_PARTICIPANT_CONTENT,NO_DIRECT_QUOTATION,
SITE1/P22,INTERVIEW,SITE1/P22/interview/Q5,DISTANCE_DEPENDENT_SUITABILITY,T1_SCALE_CONTEXT,T1_SCALE_CONTEXT,Tsunami,"POST_SESSION_INTERVIEW; task may be Precision, Navigation, tutorial, or general unless explicitly stated",NOT_EXPLICITLY_CLASSIFIED,RQ1,precision by distance; route interaction,DIRECTLY_EXPRESSED_PARTICIPANT_CONTENT,NO_DIRECT_QUOTATION,
SITE1/P22,INTERVIEW,SITE1/P22/interview/Q5,WALKING_LIKE_INCREMENTAL_MOVEMENT,T2_SPATIAL_REPRESENTATION,T2_SPATIAL_REPRESENTATION,Baseline,"POST_SESSION_INTERVIEW; task may be Precision, Navigation, tutorial, or general unless explicitly stated",NOT_EXPLICITLY_CLASSIFIED,RQ2,route time; spatial awareness,DIRECTLY_EXPRESSED_PARTICIPANT_CONTENT,NO_DIRECT_QUOTATION,
SITE1/P22,INTERVIEW,SITE1/P22/interview/Q5,COGNITIVE_AND_INTERACTION_WORKLOAD,T4_ADOPTION_EXPERIENCE,T4_ADOPTION_EXPERIENCE,Minimap,"POST_SESSION_INTERVIEW; task may be Precision, Navigation, tutorial, or general unless explicitly stated",NEGATIVE;INCREASED,RQ3,RAW-TLX,DIRECTLY_EXPRESSED_PARTICIPANT_CONTENT,NO_DIRECT_QUOTATION,
SITE1/P22,INTERVIEW,SITE1/P22/interview/Q5,ENJOYMENT_AND_AESTHETIC_APPEAL,T4_ADOPTION_EXPERIENCE,T4_ADOPTION_EXPERIENCE,Minimap,"POST_SESSION_INTERVIEW; task may be Precision, Navigation, tutorial, or general unless explicitly stated",NEGATIVE;INCREASED,RQ3,fun ranking; preference,DIRECTLY_EXPRESSED_PARTICIPANT_CONTENT,NO_DIRECT_QUOTATION,
SITE1/P23,INTERVIEW,SITE1/P23/interview/Q1,LEARNING_AND_ACCLIMATIZATION,T4_ADOPTION_EXPERIENCE,T4_ADOPTION_EXPERIENCE,Baseline,"POST_SESSION_INTERVIEW; task may be Precision, Navigation, tutorial, or general unless explicitly stated",REDUCED,RQ3,within-method latency and head-rotation trends,DIRECTLY_EXPRESSED_PARTICIPANT_CONTENT,NO_DIRECT_QUOTATION,
SITE1/P23,INTERVIEW,SITE1/P23/interview/Q1,COGNITIVE_AND_INTERACTION_WORKLOAD,T4_ADOPTION_EXPERIENCE,T4_ADOPTION_EXPERIENCE,Baseline,"POST_SESSION_INTERVIEW; task may be Precision, Navigation, tutorial, or general unless explicitly stated",REDUCED,RQ3,RAW-TLX,DIRECTLY_EXPRESSED_PARTICIPANT_CONTENT,NO_DIRECT_QUOTATION,
SITE1/P23,INTERVIEW,SITE1/P23/interview/Q1,COGNITIVE_AND_INTERACTION_WORKLOAD,T4_ADOPTION_EXPERIENCE,T4_ADOPTION_EXPERIENCE,Tsunami,"POST_SESSION_INTERVIEW; task may be Precision, Navigation, tutorial, or general unless explicitly stated",POSITIVE;INCREASED,RQ3,RAW-TLX,DIRECTLY_EXPRESSED_PARTICIPANT_CONTENT,NO_DIRECT_QUOTATION,
SITE1/P23,INTERVIEW,SITE1/P23/interview/Q1,ENJOYMENT_AND_AESTHETIC_APPEAL,T4_ADOPTION_EXPERIENCE,T4_ADOPTION_EXPERIENCE,Tsunami,"POST_SESSION_INTERVIEW; task may be Precision, Navigation, tutorial, or general unless explicitly stated",POSITIVE;INCREASED,RQ3,fun ranking; preference,DIRECTLY_EXPRESSED_PARTICIPANT_CONTENT,NO_DIRECT_QUOTATION,
SITE1/P23,INTERVIEW,SITE1/P23/interview/Q2,SPATIAL_ORIENTATION_SUPPORTED,T2_SPATIAL_REPRESENTATION,T2_SPATIAL_REPRESENTATION,Minimap,"POST_SESSION_INTERVIEW; task may be Precision, Navigation, tutorial, or general unless explicitly stated",NOT_EXPLICITLY_CLASSIFIED,RQ2,spatial-awareness composite; continuity,DIRECTLY_EXPRESSED_PARTICIPANT_CONTENT,NO_DIRECT_QUOTATION,
SITE1/P23,INTERVIEW,SITE1/P23/interview/Q2,SPATIAL_ORIENTATION_DISRUPTED,T2_SPATIAL_REPRESENTATION,T2_SPATIAL_REPRESENTATION,MULTIPLE,"POST_SESSION_INTERVIEW; task may be Precision, Navigation, tutorial, or general unless explicitly stated",NOT_EXPLICITLY_CLASSIFIED,RQ2,spatial-awareness composite; continuity,DIRECTLY_EXPRESSED_PARTICIPANT_CONTENT,NO_DIRECT_QUOTATION,
SITE1/P23,INTERVIEW,SITE1/P23/interview/Q2,REORIENTATION_AND_TURNING_COST,T2_SPATIAL_REPRESENTATION,T2_SPATIAL_REPRESENTATION,MULTIPLE,"POST_SESSION_INTERVIEW; task may be Precision, Navigation, tutorial, or general unless explicitly stated",NOT_EXPLICITLY_CLASSIFIED,RQ2,latency; head rotation; yaw/pitch,DIRECTLY_EXPRESSED_PARTICIPANT_CONTENT,NO_DIRECT_QUOTATION,
SITE1/P23,INTERVIEW,SITE1/P23/interview/Q3,COGNITIVE_AND_INTERACTION_WORKLOAD,T4_ADOPTION_EXPERIENCE,T4_ADOPTION_EXPERIENCE,SHARED_UI,"POST_SESSION_INTERVIEW; task may be Precision, Navigation, tutorial, or general unless explicitly stated",INCREASED,RQ3,RAW-TLX,DIRECTLY_EXPRESSED_PARTICIPANT_CONTENT,NO_DIRECT_QUOTATION,
SITE1/P23,INTERVIEW,SITE1/P23/interview/Q4,TASK_CONTEXT_FIT,T1_SCALE_CONTEXT,T1_SCALE_CONTEXT,Baseline,APPLICATION_CONTEXT_OR_GENERAL,SUITABLE,RQ1/RQ3,route interaction; preference,DIRECTLY_EXPRESSED_PARTICIPANT_CONTENT,NO_DIRECT_QUOTATION,
SITE1/P23,INTERVIEW,SITE1/P23/interview/Q4,LEARNING_AND_ACCLIMATIZATION,T4_ADOPTION_EXPERIENCE,T4_ADOPTION_EXPERIENCE,Baseline,APPLICATION_CONTEXT_OR_GENERAL,SUITABLE,RQ3,within-method latency and head-rotation trends,DIRECTLY_EXPRESSED_PARTICIPANT_CONTENT,NO_DIRECT_QUOTATION,
SITE1/P23,INTERVIEW,SITE1/P23/interview/Q4,TASK_CONTEXT_FIT,T1_SCALE_CONTEXT,T1_SCALE_CONTEXT,Minimap,APPLICATION_CONTEXT_OR_GENERAL,SUITABLE,RQ1/RQ3,route interaction; preference,DIRECTLY_EXPRESSED_PARTICIPANT_CONTENT,NO_DIRECT_QUOTATION,
SITE1/P23,INTERVIEW,SITE1/P23/interview/Q4,SPATIAL_ORIENTATION_SUPPORTED,T2_SPATIAL_REPRESENTATION,T2_SPATIAL_REPRESENTATION,Minimap,APPLICATION_CONTEXT_OR_GENERAL,SUITABLE,RQ2,spatial-awareness composite; continuity,DIRECTLY_EXPRESSED_PARTICIPANT_CONTENT,NO_DIRECT_QUOTATION,
SITE1/P23,INTERVIEW,SITE1/P23/interview/Q4,DISTANCE_ESTIMATION,T3_CONTROL_PRECISION_UI,T3_CONTROL_PRECISION_UI,Minimap,APPLICATION_CONTEXT_OR_GENERAL,SUITABLE,RQ2,distance-awareness composite,DIRECTLY_EXPRESSED_PARTICIPANT_CONTENT,NO_DIRECT_QUOTATION,
SITE1/P23,INTERVIEW,SITE1/P23/interview/Q4,TASK_CONTEXT_FIT,T1_SCALE_CONTEXT,T1_SCALE_CONTEXT,Tsunami,APPLICATION_CONTEXT_OR_GENERAL,CONDITIONAL,RQ1/RQ3,route interaction; preference,DIRECTLY_EXPRESSED_PARTICIPANT_CONTENT,NO_DIRECT_QUOTATION,
SITE1/P23,INTERVIEW,SITE1/P23/interview/Q5,HYBRID_CONFIGURATION,T4_ADOPTION_EXPERIENCE,T4_ADOPTION_EXPERIENCE,MULTIPLE,"POST_SESSION_INTERVIEW; task may be Precision, Navigation, tutorial, or general unless explicitly stated",NOT_EXPLICITLY_CLASSIFIED,RQ1/RQ3,none directly,DIRECTLY_EXPRESSED_PARTICIPANT_CONTENT,NO_DIRECT_QUOTATION,
SITE1/P23,INTERVIEW,SITE1/P23/interview/Q5,LEARNING_AND_ACCLIMATIZATION,T4_ADOPTION_EXPERIENCE,T4_ADOPTION_EXPERIENCE,MULTIPLE,"POST_SESSION_INTERVIEW; task may be Precision, Navigation, tutorial, or general unless explicitly stated",NOT_EXPLICITLY_CLASSIFIED,RQ3,within-method latency and head-rotation trends,DIRECTLY_EXPRESSED_PARTICIPANT_CONTENT,NO_DIRECT_QUOTATION,
SITE1/P23,INTERVIEW,SITE1/P23/interview/Q5,IMMERSION_AND_PRESENCE,T4_ADOPTION_EXPERIENCE,T4_ADOPTION_EXPERIENCE,MULTIPLE,"POST_SESSION_INTERVIEW; task may be Precision, Navigation, tutorial, or general unless explicitly stated",ENHANCED;POSITIVE,RQ2/RQ3,environmental continuity,DIRECTLY_EXPRESSED_PARTICIPANT_CONTENT,NO_DIRECT_QUOTATION,
SITE1/P23,INTERVIEW,SITE1/P23/interview/Q5,ENJOYMENT_AND_AESTHETIC_APPEAL,T4_ADOPTION_EXPERIENCE,T4_ADOPTION_EXPERIENCE,MULTIPLE,"POST_SESSION_INTERVIEW; task may be Precision, Navigation, tutorial, or general unless explicitly stated",ENHANCED;POSITIVE,RQ3,fun ranking; preference,DIRECTLY_EXPRESSED_PARTICIPANT_CONTENT,NO_DIRECT_QUOTATION,
SITE1/P23,QUESTIONNAIRE_FREE_TEXT,SITE1/P23/questionnaire/POST_CONDITION_COMMENT,LEARNING_AND_ACCLIMATIZATION,T4_ADOPTION_EXPERIENCE,T4_ADOPTION_EXPERIENCE,Baseline,POST_METHOD_BLOCK,NOT_EXPLICITLY_CLASSIFIED,RQ3,within-method latency and head-rotation trends,DIRECTLY_EXPRESSED_PARTICIPANT_CONTENT,NO_DIRECT_QUOTATION,
SITE1/P23,QUESTIONNAIRE_FREE_TEXT,SITE1/P23/questionnaire/POST_CONDITION_COMMENT,DISTANCE_ESTIMATION,T3_CONTROL_PRECISION_UI,T3_CONTROL_PRECISION_UI,Baseline,POST_METHOD_BLOCK,NOT_EXPLICITLY_CLASSIFIED,RQ2,distance-awareness composite,DIRECTLY_EXPRESSED_PARTICIPANT_CONTENT,NO_DIRECT_QUOTATION,
SITE1/P23,QUESTIONNAIRE_FREE_TEXT,SITE1/P23/questionnaire/POST_CONDITION_COMMENT,COGNITIVE_AND_INTERACTION_WORKLOAD,T4_ADOPTION_EXPERIENCE,T4_ADOPTION_EXPERIENCE,Baseline,POST_METHOD_BLOCK,ENHANCED;REDUCED,RQ3,RAW-TLX,DIRECTLY_EXPRESSED_PARTICIPANT_CONTENT,NO_DIRECT_QUOTATION,
SITE1/P23,QUESTIONNAIRE_FREE_TEXT,SITE1/P23/questionnaire/POST_CONDITION_COMMENT,PERCEIVED_REALISM_AND_COHERENCE,T4_ADOPTION_EXPERIENCE,T4_ADOPTION_EXPERIENCE,Baseline,POST_METHOD_BLOCK,ENHANCED;REDUCED,RQ3,usability; preference,DIRECTLY_EXPRESSED_PARTICIPANT_CONTENT,NO_DIRECT_QUOTATION,
SITE1/P23,QUESTIONNAIRE_FREE_TEXT,SITE1/P23/questionnaire/POST_CONDITION_COMMENT,ENJOYMENT_AND_AESTHETIC_APPEAL,T4_ADOPTION_EXPERIENCE,T4_ADOPTION_EXPERIENCE,Baseline,POST_METHOD_BLOCK,POSITIVE,RQ3,fun ranking; preference,DIRECTLY_EXPRESSED_PARTICIPANT_CONTENT,NO_DIRECT_QUOTATION,
SITE1/P23,QUESTIONNAIRE_FREE_TEXT,SITE1/P23/questionnaire/POST_CONDITION_COMMENT,IMMERSION_AND_PRESENCE,T4_ADOPTION_EXPERIENCE,T4_ADOPTION_EXPERIENCE,Tsunami,POST_METHOD_BLOCK,ENHANCED,RQ2/RQ3,environmental continuity,DIRECTLY_EXPRESSED_PARTICIPANT_CONTENT,NO_DIRECT_QUOTATION,
SITE1/P23,QUESTIONNAIRE_FREE_TEXT,SITE1/P23/questionnaire/POST_CONDITION_COMMENT,LEARNING_AND_ACCLIMATIZATION,T4_ADOPTION_EXPERIENCE,T4_ADOPTION_EXPERIENCE,Minimap,POST_METHOD_BLOCK,POSITIVE,RQ3,within-method latency and head-rotation trends,DIRECTLY_EXPRESSED_PARTICIPANT_CONTENT,NO_DIRECT_QUOTATION,
SITE1/P23,QUESTIONNAIRE_FREE_TEXT,SITE1/P23/questionnaire/POST_CONDITION_COMMENT,ENJOYMENT_AND_AESTHETIC_APPEAL,T4_ADOPTION_EXPERIENCE,T4_ADOPTION_EXPERIENCE,Minimap,POST_METHOD_BLOCK,POSITIVE,RQ3,fun ranking; preference,DIRECTLY_EXPRESSED_PARTICIPANT_CONTENT,NO_DIRECT_QUOTATION,
SITE1/P23,QUESTIONNAIRE_FREE_TEXT,SITE1/P23/questionnaire/POST_CONDITION_COMMENT,COGNITIVE_AND_INTERACTION_WORKLOAD,T4_ADOPTION_EXPERIENCE,T4_ADOPTION_EXPERIENCE,SHARED_UI,POST_METHOD_BLOCK,INCREASED,RQ3,RAW-TLX,DIRECTLY_EXPRESSED_PARTICIPANT_CONTENT,NO_DIRECT_QUOTATION,
SITE1/P24,INTERVIEW,SITE1/P24/interview/Q1,PERCEIVED_REALISM_AND_COHERENCE,T4_ADOPTION_EXPERIENCE,T4_ADOPTION_EXPERIENCE,Baseline,"POST_SESSION_INTERVIEW; task may be Precision, Navigation, tutorial, or general unless explicitly stated",ENHANCED,RQ3,usability; preference,DIRECTLY_EXPRESSED_PARTICIPANT_CONTENT,NO_DIRECT_QUOTATION,
SITE1/P24,INTERVIEW,SITE1/P24/interview/Q2,DESTINATION_AREA_PREVIEW,T2_SPATIAL_REPRESENTATION,T2_SPATIAL_REPRESENTATION,Tsunami,"POST_SESSION_INTERVIEW; task may be Precision, Navigation, tutorial, or general unless explicitly stated",NOT_EXPLICITLY_CLASSIFIED,RQ2,spatial awareness; continuity,DIRECTLY_EXPRESSED_PARTICIPANT_CONTENT,NO_DIRECT_QUOTATION,
SITE1/P24,INTERVIEW,SITE1/P24/interview/Q2,SPATIAL_ORIENTATION_SUPPORTED,T2_SPATIAL_REPRESENTATION,T2_SPATIAL_REPRESENTATION,Tsunami,"POST_SESSION_INTERVIEW; task may be Precision, Navigation, tutorial, or general unless explicitly stated",NOT_EXPLICITLY_CLASSIFIED,RQ2,spatial-awareness composite; continuity,DIRECTLY_EXPRESSED_PARTICIPANT_CONTENT,NO_DIRECT_QUOTATION,
SITE1/P24,INTERVIEW,SITE1/P24/interview/Q2,ENVIRONMENTAL_ATTENTION_REDUCED,T2_SPATIAL_REPRESENTATION,T2_SPATIAL_REPRESENTATION,Minimap,"POST_SESSION_INTERVIEW; task may be Precision, Navigation, tutorial, or general unless explicitly stated",NOT_EXPLICITLY_CLASSIFIED,RQ2,head rotation; latency; spatial awareness,DIRECTLY_EXPRESSED_PARTICIPANT_CONTENT,NO_DIRECT_QUOTATION,
SITE1/P24,INTERVIEW,SITE1/P24/interview/Q2,SPATIAL_ORIENTATION_DISRUPTED,T2_SPATIAL_REPRESENTATION,T2_SPATIAL_REPRESENTATION,Baseline,"POST_SESSION_INTERVIEW; task may be Precision, Navigation, tutorial, or general unless explicitly stated",NOT_EXPLICITLY_CLASSIFIED,RQ2,spatial-awareness composite; continuity,DIRECTLY_EXPRESSED_PARTICIPANT_CONTENT,NO_DIRECT_QUOTATION,
SITE1/P24,INTERVIEW,SITE1/P24/interview/Q3,NO_SUBSTANTIVE_CODE,AUDIT_ONLY_OR_SECONDARY,NONE,MULTI_OR_UNSPECIFIED,"POST_SESSION_INTERVIEW; task may be Precision, Navigation, tutorial, or general unless explicitly stated",NOT_EXPLICITLY_CLASSIFIED,NONE,NONE,EXPLICIT_NO_ADDITIONAL_COMMENT_OR_NONCONTENT,NO_DIRECT_QUOTATION,
SITE1/P24,INTERVIEW,SITE1/P24/interview/Q4,DISTANCE_DEPENDENT_SUITABILITY,T1_SCALE_CONTEXT,T1_SCALE_CONTEXT,Baseline,APPLICATION_CONTEXT_OR_GENERAL,SUITABLE,RQ1,precision by distance; route interaction,DIRECTLY_EXPRESSED_PARTICIPANT_CONTENT,NO_DIRECT_QUOTATION,
SITE1/P24,INTERVIEW,SITE1/P24/interview/Q4,TASK_CONTEXT_FIT,T1_SCALE_CONTEXT,T1_SCALE_CONTEXT,Baseline,APPLICATION_CONTEXT_OR_GENERAL,SUITABLE,RQ1/RQ3,route interaction; preference,DIRECTLY_EXPRESSED_PARTICIPANT_CONTENT,NO_DIRECT_QUOTATION,
SITE1/P24,INTERVIEW,SITE1/P24/interview/Q4,DISTANCE_DEPENDENT_SUITABILITY,T1_SCALE_CONTEXT,T1_SCALE_CONTEXT,Minimap,APPLICATION_CONTEXT_OR_GENERAL,SUITABLE;ENHANCED,RQ1,precision by distance; route interaction,DIRECTLY_EXPRESSED_PARTICIPANT_CONTENT,NO_DIRECT_QUOTATION,
SITE1/P24,INTERVIEW,SITE1/P24/interview/Q4,TASK_CONTEXT_FIT,T1_SCALE_CONTEXT,T1_SCALE_CONTEXT,Minimap,APPLICATION_CONTEXT_OR_GENERAL,SUITABLE;ENHANCED,RQ1/RQ3,route interaction; preference,DIRECTLY_EXPRESSED_PARTICIPANT_CONTENT,NO_DIRECT_QUOTATION,
SITE1/P24,INTERVIEW,SITE1/P24/interview/Q4,ENVIRONMENTAL_ATTENTION_REDUCED,T2_SPATIAL_REPRESENTATION,T2_SPATIAL_REPRESENTATION,Minimap,APPLICATION_CONTEXT_OR_GENERAL,SUITABLE;ENHANCED,RQ2,head rotation; latency; spatial awareness,DIRECTLY_EXPRESSED_PARTICIPANT_CONTENT,NO_DIRECT_QUOTATION,
SITE1/P24,INTERVIEW,SITE1/P24/interview/Q4,PERCEIVED_REALISM_AND_COHERENCE,T4_ADOPTION_EXPERIENCE,T4_ADOPTION_EXPERIENCE,Minimap,APPLICATION_CONTEXT_OR_GENERAL,SUITABLE;ENHANCED,RQ3,usability; preference,DIRECTLY_EXPRESSED_PARTICIPANT_CONTENT,NO_DIRECT_QUOTATION,
SITE1/P24,INTERVIEW,SITE1/P24/interview/Q4,DISTANCE_DEPENDENT_SUITABILITY,T1_SCALE_CONTEXT,T1_SCALE_CONTEXT,Tsunami,APPLICATION_CONTEXT_OR_GENERAL,SUITABLE,RQ1,precision by distance; route interaction,DIRECTLY_EXPRESSED_PARTICIPANT_CONTENT,NO_DIRECT_QUOTATION,
SITE1/P24,INTERVIEW,SITE1/P24/interview/Q4,TASK_CONTEXT_FIT,T1_SCALE_CONTEXT,T1_SCALE_CONTEXT,Tsunami,APPLICATION_CONTEXT_OR_GENERAL,SUITABLE,RQ1/RQ3,route interaction; preference,DIRECTLY_EXPRESSED_PARTICIPANT_CONTENT,NO_DIRECT_QUOTATION,
SITE1/P24,INTERVIEW,SITE1/P24/interview/Q4,SPATIAL_ORIENTATION_SUPPORTED,T2_SPATIAL_REPRESENTATION,T2_SPATIAL_REPRESENTATION,Tsunami,APPLICATION_CONTEXT_OR_GENERAL,SUITABLE,RQ2,spatial-awareness composite; continuity,DIRECTLY_EXPRESSED_PARTICIPANT_CONTENT,NO_DIRECT_QUOTATION,
SITE1/P24,INTERVIEW,SITE1/P24/interview/Q5,DESTINATION_AREA_PREVIEW,T2_SPATIAL_REPRESENTATION,T2_SPATIAL_REPRESENTATION,Tsunami,"POST_SESSION_INTERVIEW; task may be Precision, Navigation, tutorial, or general unless explicitly stated",NOT_EXPLICITLY_CLASSIFIED,RQ2,spatial awareness; continuity,DIRECTLY_EXPRESSED_PARTICIPANT_CONTENT,NO_DIRECT_QUOTATION,
SITE1/P24,INTERVIEW,SITE1/P24/interview/Q5,SPATIAL_ORIENTATION_SUPPORTED,T2_SPATIAL_REPRESENTATION,T2_SPATIAL_REPRESENTATION,Tsunami,"POST_SESSION_INTERVIEW; task may be Precision, Navigation, tutorial, or general unless explicitly stated",NOT_EXPLICITLY_CLASSIFIED,RQ2,spatial-awareness composite; continuity,DIRECTLY_EXPRESSED_PARTICIPANT_CONTENT,NO_DIRECT_QUOTATION,
SITE1/P24,QUESTIONNAIRE_FREE_TEXT,SITE1/P24/questionnaire/POST_CONDITION_COMMENT,NO_SUBSTANTIVE_CODE,AUDIT_ONLY_OR_SECONDARY,NONE,Baseline,POST_METHOD_BLOCK,NOT_EXPLICITLY_CLASSIFIED,NONE,NONE,EXPLICIT_NO_ADDITIONAL_COMMENT_OR_NONCONTENT,NO_DIRECT_QUOTATION,
SITE1/P24,QUESTIONNAIRE_FREE_TEXT,SITE1/P24/questionnaire/POST_CONDITION_COMMENT,NO_SUBSTANTIVE_CODE,AUDIT_ONLY_OR_SECONDARY,NONE,Minimap,POST_METHOD_BLOCK,NOT_EXPLICITLY_CLASSIFIED,NONE,NONE,EXPLICIT_NO_ADDITIONAL_COMMENT_OR_NONCONTENT,NO_DIRECT_QUOTATION,
SITE1/P24,QUESTIONNAIRE_FREE_TEXT,SITE1/P24/questionnaire/POST_CONDITION_COMMENT,NO_SUBSTANTIVE_CODE,AUDIT_ONLY_OR_SECONDARY,NONE,Tsunami,POST_METHOD_BLOCK,NOT_EXPLICITLY_CLASSIFIED,NONE,NONE,EXPLICIT_NO_ADDITIONAL_COMMENT_OR_NONCONTENT,NO_DIRECT_QUOTATION,
