ParticipantUID,ParticipantID,Location,Method,Route,MethodOrder,Run,SourceFile,TeleportSourceRow,AppearSourceRow,ProgressBannerSourceRow,TeleportTimestamp,AppearTimestamp,ProgressBannerTimestamp,StartPos_x,StartPos_y,StartPos_z,TargetPos_x,TargetPos_y,TargetPos_z,LandingPos_x,LandingPos_y,LandingPos_z,LandingOffset_x,LandingOffset_y,LandingOffset_z,TargetDistance2D,TargetDistance3D,ActualDisplacement2D,ActualDisplacement3D,LandingError2D,LandingError3D,DistanceBand100m,DistanceBandBalanced
SITE1_P01,P01,SITE1,map,A,2,7,P01_race_map_A_7.csv,4,5,6,10:11:21.058,10:11:21.058,10:11:23.159,1364.400000,-136.900000,-2182.400000,1036.100000,-125.400000,-1926.600000,1033.800000,-123.700000,-1927.500000,-2.300000,1.700000,-0.900000,416.190497,416.349349,417.457028,417.665668,2.469818,2.998333,400-500,351-500
SITE1_P01,P01,SITE1,map,A,2,7,P01_race_map_A_7.csv,8,9,10,10:11:28.669,10:11:28.669,10:11:30.342,1033.700000,-123.800000,-1927.500000,660.800000,-122.800000,-2101.300000,658.000000,-121.100000,-2102.300000,-2.800000,1.700000,-1.000000,411.413235,411.414450,414.373660,414.382456,2.973214,3.424909,400-500,351-500
SITE1_P01,P01,SITE1,map,A,2,7,P01_race_map_A_7.csv,12,13,14,10:11:34.736,10:11:34.736,10:11:39.444,658.000000,-121.100000,-2102.300000,193.000000,-120.500000,-2075.600000,193.200000,-118.700000,-2076.200000,0.200000,1.800000,-0.600000,465.765918,465.766304,465.532222,465.538409,0.632456,1.907878,400-500,351-500
SITE1_P01,P01,SITE1,map,A,2,7,P01_race_map_A_7.csv,16,17,18,10:11:47.670,10:11:47.670,10:11:49.507,193.200000,-118.800000,-2076.100000,207.800000,-130.500000,-1742.200000,206.200000,-128.800000,-1742.300000,-1.600000,1.700000,-0.100000,334.219045,334.423773,334.053050,334.202693,1.603122,2.336664,300-400,200-350
SITE1_P01,P01,SITE1,map,A,2,7,P01_race_map_A_7.csv,20,21,22,10:11:56.658,10:11:56.658,10:11:57.965,206.100000,-128.900000,-1742.300000,-221.000000,-110.700000,-1770.000000,-223.400000,-109.000000,-1769.600000,-2.400000,1.700000,0.400000,427.997313,428.384103,430.366751,430.826589,2.433105,2.968164,400-500,351-500
SITE1_P01,P01,SITE1,map,A,2,7,P01_race_map_A_7.csv,24,25,26,10:12:01.383,10:12:01.383,10:12:03.405,-223.300000,-109.100000,-1769.500000,-640.700000,-108.700000,-1512.100000,-640.500000,-107.000000,-1515.100000,0.200000,1.700000,-3.000000,490.385073,490.385236,488.646293,488.650806,3.006659,3.453983,400-500,351-500
SITE1_P01,P01,SITE1,map,B,2,5,P01_race_map_B_5.csv,4,5,6,10:09:14.236,10:09:14.236,10:09:18.779,-1587.600000,-148.200000,1834.300000,-1824.000000,-155.900000,2254.000000,-1823.400000,-154.200000,2251.600000,0.600000,1.700000,-2.400000,481.698090,481.759629,479.312977,479.350529,2.473863,3.001666,400-500,351-500
SITE1_P01,P01,SITE1,map,B,2,5,P01_race_map_B_5.csv,8,9,10,10:09:25.840,10:09:25.840,10:09:29.040,-1823.600000,-154.200000,2251.400000,-2183.500000,-156.800000,1969.600000,-2183.900000,-155.000000,1970.500000,-0.400000,1.800000,0.900000,457.098731,457.106126,456.859825,456.860526,0.984886,2.051828,400-500,351-500
SITE1_P01,P01,SITE1,map,B,2,5,P01_race_map_B_5.csv,12,13,14,10:09:34.008,10:09:34.008,10:09:35.357,-2183.900000,-155.100000,1970.600000,-2489.500000,-157.100000,2081.700000,-2491.700000,-155.300000,2084.500000,-2.200000,1.800000,2.800000,325.168526,325.174676,328.198187,328.198248,3.560899,3.989987,300-400,200-350
SITE1_P01,P01,SITE1,map,B,2,5,P01_race_map_B_5.csv,16,17,18,10:09:40.085,10:09:40.085,10:09:42.179,-2491.600000,-155.300000,2084.600000,-2630.000000,-156.100000,2448.000000,-2628.100000,-154.400000,2448.700000,1.900000,1.700000,0.700000,388.862598,388.863421,388.845805,388.846846,2.024846,2.643861,300-400,351-500
SITE1_P01,P01,SITE1,map,B,2,5,P01_race_map_B_5.csv,20,21,22,10:09:47.223,10:09:47.223,10:09:48.619,-2628.100000,-154.400000,2448.700000,-2978.700000,-155.900000,2306.500000,-2980.600000,-154.200000,2302.600000,-1.900000,1.700000,-3.900000,378.340059,378.343032,381.577594,381.577646,4.338202,4.659399,300-400,351-500
SITE1_P01,P01,SITE1,map,B,2,5,P01_race_map_B_5.csv,24,25,26,10:09:54.803,10:09:54.803,10:09:57.078,-2980.700000,-154.200000,2302.400000,-2999.000000,-156.000000,1931.000000,-3002.500000,-154.200000,1929.200000,-3.500000,1.800000,-1.800000,371.850575,371.854931,373.836167,373.836167,3.935734,4.327817,300-400,351-500
SITE1_P01,P01,SITE1,map,C,2,6,P01_race_map_C_6.csv,4,5,6,10:10:18.783,10:10:18.783,10:10:20.292,-2003.500000,-141.900000,179.400000,-2299.700000,-147.700000,56.800000,-2296.800000,-146.300000,52.500000,2.900000,1.400000,-4.300000,320.570117,320.622582,319.575500,319.605788,5.186521,5.372150,300-400,200-350
SITE1_P01,P01,SITE1,map,C,2,6,P01_race_map_C_6.csv,8,9,10,10:10:26.112,10:10:26.112,10:10:29.270,-2296.900000,-146.400000,52.400000,-2303.900000,-147.000000,-387.200000,-2306.400000,-145.300000,-388.900000,-2.500000,1.700000,-1.700000,439.655729,439.656138,441.402243,441.403613,3.023243,3.468429,400-500,351-500
SITE1_P01,P01,SITE1,map,C,2,6,P01_race_map_C_6.csv,12,13,14,10:10:35.294,10:10:35.294,10:10:38.226,-2306.200000,-145.400000,-388.800000,-1943.900000,-143.600000,-367.100000,-1944.500000,-142.000000,-368.600000,-0.600000,1.600000,-1.500000,362.949280,362.953744,362.263619,362.279574,1.615549,2.273763,300-400,351-500
SITE1_P01,P01,SITE1,map,C,2,6,P01_race_map_C_6.csv,16,17,18,10:10:44.804,10:10:44.804,10:10:47.032,-1944.300000,-142.100000,-368.800000,-2025.000000,-148.600000,-798.000000,-2026.300000,-146.900000,-799.100000,-1.300000,1.700000,-1.100000,436.720883,436.769253,438.043480,438.069778,1.702939,2.406242,400-500,351-500
SITE1_P01,P01,SITE1,map,C,2,6,P01_race_map_C_6.csv,20,21,22,10:10:51.398,10:10:51.398,10:10:53.982,-2026.200000,-147.000000,-799.300000,-1819.400000,-140.800000,-1190.000000,-1823.200000,-139.200000,-1188.500000,-3.800000,1.600000,1.500000,442.055121,442.098598,438.959725,439.029020,4.085340,4.387482,400-500,351-500
SITE1_P01,P01,SITE1,map,C,2,6,P01_race_map_C_6.csv,24,25,26,10:11:00.781,10:11:00.781,10:11:04.341,-1823.200000,-139.300000,-1188.400000,-1375.200000,-127.000000,-1014.300000,-1373.300000,-125.300000,-1015.000000,1.900000,1.700000,-0.700000,480.640000,480.797359,482.159279,482.362488,2.024846,2.643861,400-500,351-500
SITE1_P01,P01,SITE1,tsunami,A,3,10,P01_race_tsunami_A_10.csv,4,5,6,10:18:16.062,10:18:16.062,10:18:17.505,1364.300000,-136.900000,-2182.300000,1036.100000,-125.400000,-1926.600000,1039.600000,-123.800000,-1928.800000,3.500000,1.600000,-2.200000,416.050153,416.209058,411.937301,412.145545,4.134005,4.432832,400-500,351-500
SITE1_P01,P01,SITE1,tsunami,A,3,10,P01_race_tsunami_A_10.csv,15,16,17,10:18:26.706,10:18:26.706,10:18:28.457,663.400000,-121.000000,-2103.400000,193.000000,-120.500000,-2075.600000,198.700000,-118.700000,-2081.500000,5.700000,1.800000,-5.900000,471.220755,471.221020,465.215756,465.221442,8.203658,8.398809,400-500,351-500
SITE1_P01,P01,SITE1,tsunami,C,3,9,P01_race_tsunami_C_9.csv,11,12,13,10:17:26.367,10:17:26.367,10:17:28.102,-2301.300000,-145.900000,54.600000,-2303.900000,-147.000000,-387.200000,-2303.900000,-145.300000,-388.200000,0.000000,1.700000,-1.000000,441.807650,441.809020,442.807633,442.808040,1.000000,1.972308,400-500,351-500
SITE1_P01,P01,SITE1,tsunami,C,3,9,P01_race_tsunami_C_9.csv,32,33,34,10:17:48.733,10:17:48.733,10:17:50.513,-1964.700000,-142.700000,-920.600000,-1819.400000,-140.800000,-1190.000000,-1821.100000,-139.200000,-1187.700000,-1.700000,1.600000,2.300000,306.085691,306.091588,303.254629,303.274826,2.860070,3.277194,300-400,200-350
SITE1_P02,P02,SITE1,map,A,2,6,P02_race_map_A_6.csv,4,5,6,10:16:41.380,10:16:41.380,10:16:44.058,1364.300000,-136.900000,-2182.400000,1036.100000,-125.400000,-1926.600000,1037.500000,-123.900000,-1928.500000,1.400000,1.500000,-1.900000,416.111620,416.270501,413.839884,414.044019,2.360085,2.796426,400-500,351-500
SITE1_P02,P02,SITE1,map,A,2,6,P02_race_map_A_6.csv,8,9,10,10:16:50.164,10:16:50.164,10:16:51.954,1037.600000,-124.000000,-1928.500000,660.800000,-122.800000,-2101.300000,664.000000,-121.200000,-2102.800000,3.200000,1.600000,-1.500000,414.533569,414.535306,412.258960,412.268468,3.534119,3.879433,400-500,351-500
SITE1_P02,P02,SITE1,map,A,2,6,P02_race_map_A_6.csv,12,13,14,10:16:57.341,10:16:57.342,10:16:58.901,663.800000,-121.300000,-2102.900000,193.000000,-120.500000,-2075.600000,194.900000,-119.100000,-2075.300000,1.900000,1.400000,0.300000,471.590850,471.591529,469.711582,469.716734,1.923538,2.379075,400-500,351-500
SITE1_P02,P02,SITE1,map,A,2,6,P02_race_map_A_6.csv,16,17,18,10:17:03.722,10:17:03.722,10:17:05.457,194.900000,-119.100000,-2075.200000,207.800000,-130.500000,-1742.200000,209.500000,-129.100000,-1742.700000,1.700000,1.400000,-0.500000,333.249771,333.444703,332.820387,332.970584,1.772005,2.258318,300-400,200-350
SITE1_P02,P02,SITE1,map,A,2,6,P02_race_map_A_6.csv,20,21,22,10:17:12.392,10:17:12.392,10:17:16.146,209.600000,-129.100000,-1742.800000,-221.000000,-110.700000,-1770.000000,-217.900000,-109.300000,-1770.000000,3.100000,1.400000,0.000000,431.458225,431.850391,428.364436,428.821793,3.100000,3.401470,400-500,351-500
SITE1_P02,P02,SITE1,map,A,2,6,P02_race_map_A_6.csv,24,25,26,10:17:21.270,10:17:21.270,10:17:22.567,-218.000000,-109.400000,-1770.000000,-640.700000,-108.700000,-1512.100000,-639.500000,-107.200000,-1514.900000,1.200000,1.500000,-2.800000,495.164316,495.164811,492.684747,492.689659,3.046309,3.395585,400-500,351-500
SITE1_P02,P02,SITE1,map,B,2,7,P02_race_map_B_7.csv,4,5,6,10:17:42.864,10:17:42.864,10:17:45.067,-1587.600000,-148.200000,1834.300000,-1824.000000,-155.900000,2254.000000,-1822.600000,-154.500000,2255.300000,1.400000,1.400000,1.300000,481.698090,481.759629,482.147280,482.188438,1.910497,2.368544,400-500,351-500
SITE1_P02,P02,SITE1,map,B,2,7,P02_race_map_B_7.csv,8,9,10,10:17:51.838,10:17:51.838,10:17:53.378,-1822.600000,-154.500000,2255.300000,-2183.500000,-156.800000,1969.600000,-2182.200000,-155.300000,1967.200000,1.300000,1.500000,-2.400000,460.296969,460.302716,460.775184,460.775878,2.729469,3.114482,400-500,351-500
SITE1_P02,P02,SITE1,map,B,2,7,P02_race_map_B_7.csv,12,13,14,10:17:57.926,10:17:57.926,10:17:59.361,-2182.300000,-155.300000,1967.200000,-2489.500000,-157.100000,2081.700000,-2489.700000,-155.600000,2081.600000,-0.200000,1.500000,-0.100000,327.844613,327.849554,327.997134,327.997271,0.223607,1.516575,300-400,200-350
SITE1_P02,P02,SITE1,map,B,2,7,P02_race_map_B_7.csv,16,17,18,10:18:03.269,10:18:03.269,10:18:04.842,-2489.600000,-155.600000,2081.700000,-2630.000000,-156.100000,2448.000000,-2629.000000,-154.600000,2446.500000,1.000000,1.500000,-1.500000,392.285419,392.285738,390.527080,390.528360,1.802776,2.345208,300-400,351-500
SITE1_P02,P02,SITE1,map,B,2,7,P02_race_map_B_7.csv,20,21,22,10:18:09.938,10:18:09.938,10:18:11.198,-2629.000000,-154.700000,2446.400000,-2978.700000,-155.900000,2306.500000,-2976.100000,-154.400000,2308.100000,2.600000,1.500000,1.600000,376.645855,376.647766,373.637926,373.638047,3.052868,3.401470,300-400,351-500
SITE1_P02,P02,SITE1,map,B,2,7,P02_race_map_B_7.csv,24,25,26,10:18:16.677,10:18:16.677,10:18:18.200,-2976.000000,-154.500000,2308.000000,-2999.000000,-156.000000,1931.000000,-2999.700000,-154.300000,1928.200000,-0.700000,1.700000,-2.800000,377.700940,377.703918,380.538737,380.538789,2.886174,3.349627,300-400,351-500
SITE1_P02,P02,SITE1,map,C,2,5,P02_race_map_C_5.csv,4,5,6,10:15:26.757,10:15:26.757,10:15:29.930,-2003.100000,-141.900000,179.600000,-2299.700000,-147.700000,56.800000,-2297.000000,-146.300000,57.100000,2.700000,1.400000,0.300000,321.016199,321.068591,318.407695,318.438094,2.716616,3.056141,300-400,200-350
SITE1_P02,P02,SITE1,map,C,2,5,P02_race_map_C_5.csv,11,12,13,10:15:41.475,10:15:41.475,10:15:43.336,-2251.300000,-145.000000,-190.400000,-2303.900000,-147.000000,-387.200000,-2304.400000,-145.500000,-390.100000,-0.500000,1.500000,-2.900000,203.708125,203.717942,206.639057,206.639662,2.942788,3.303029,200-300,200-350
SITE1_P02,P02,SITE1,map,C,2,5,P02_race_map_C_5.csv,15,16,17,10:15:48.356,10:15:48.356,10:15:50.203,-2304.400000,-145.600000,-390.100000,-1943.900000,-143.600000,-367.100000,-1942.800000,-142.100000,-368.700000,1.100000,1.500000,-1.600000,361.232958,361.238495,362.232688,362.249596,1.941649,2.453569,300-400,351-500
SITE1_P02,P02,SITE1,map,C,2,5,P02_race_map_C_5.csv,19,20,21,10:15:55.574,10:15:55.575,10:15:57.328,-1942.800000,-142.300000,-368.900000,-2025.000000,-148.600000,-798.000000,-2025.100000,-147.100000,-799.300000,-0.100000,1.500000,-1.300000,436.902335,436.947754,438.197958,438.224246,1.303840,1.987461,400-500,351-500
SITE1_P02,P02,SITE1,map,C,2,5,P02_race_map_C_5.csv,23,24,25,10:16:02.925,10:16:02.925,10:16:05.067,-2025.200000,-147.200000,-799.300000,-1819.400000,-140.800000,-1190.000000,-1817.900000,-139.300000,-1192.400000,1.500000,1.500000,-2.400000,441.588191,441.634566,444.410733,444.480944,2.830194,3.203123,400-500,351-500
SITE1_P02,P02,SITE1,map,C,2,5,P02_race_map_C_5.csv,27,28,29,10:16:11.975,10:16:11.975,10:16:15.690,-1817.900000,-139.400000,-1192.300000,-1375.200000,-127.000000,-1014.300000,-1374.700000,-125.500000,-1013.600000,0.500000,1.500000,0.700000,477.144936,477.306034,477.870202,478.072317,0.860233,1.729162,400-500,351-500
SITE1_P02,P02,SITE1,tsunami,A,3,9,P02_race_tsunami_A_9.csv,4,5,6,10:23:40.001,10:23:40.002,10:23:42.627,1364.500000,-136.900000,-2182.500000,1036.100000,-125.400000,-1926.600000,1038.100000,-123.900000,-1922.500000,2.000000,1.500000,4.100000,416.330842,416.489640,417.297208,417.499653,4.561798,4.802083,400-500,351-500
SITE1_P02,P02,SITE1,tsunami,A,3,9,P02_race_tsunami_A_9.csv,27,28,29,10:24:15.057,10:24:15.058,10:24:16.917,192.000000,-119.000000,-2075.300000,207.800000,-130.500000,-1742.200000,209.400000,-129.100000,-1736.400000,1.600000,1.400000,5.800000,333.474512,333.672744,339.346386,339.496657,6.016644,6.177378,300-400,200-350
SITE1_P02,P02,SITE1,tsunami,A,3,9,P02_race_tsunami_A_9.csv,31,32,33,10:24:20.888,10:24:20.889,10:24:22.343,209.300000,-129.100000,-1736.600000,-221.000000,-110.700000,-1770.000000,-223.000000,-109.100000,-1772.600000,-2.000000,1.600000,-2.600000,431.594312,431.986354,433.796369,434.257170,3.280244,3.649658,400-500,351-500
SITE1_P02,P02,SITE1,tsunami,A,3,9,P02_race_tsunami_A_9.csv,35,36,37,10:24:25.464,10:24:25.464,10:24:26.807,-223.000000,-109.100000,-1772.600000,-640.700000,-108.700000,-1512.100000,-634.000000,-107.200000,-1516.700000,6.700000,1.500000,-4.600000,492.273847,492.274009,484.154738,484.158466,8.127115,8.264381,400-500,351-500
SITE1_P02,P02,SITE1,tsunami,B,3,10,P02_race_tsunami_B_10.csv,11,12,13,10:24:50.770,10:24:50.770,10:24:52.280,-1822.200000,-154.400000,2251.300000,-2183.500000,-156.800000,1969.600000,-2184.800000,-155.300000,1968.800000,-1.300000,1.500000,-0.800000,458.140350,458.146636,459.657492,459.658373,1.526434,2.140093,400-500,351-500
SITE1_P02,P02,SITE1,tsunami,B,3,10,P02_race_tsunami_B_10.csv,15,16,17,10:24:58.452,10:24:58.452,10:24:59.502,-2184.600000,-155.300000,1968.700000,-2489.500000,-157.100000,2081.700000,-2486.300000,-155.600000,2080.700000,3.200000,1.500000,-1.000000,325.166127,325.171109,321.818101,321.818241,3.352611,3.672874,300-400,200-350
SITE1_P02,P02,SITE1,tsunami,B,3,10,P02_race_tsunami_B_10.csv,19,20,21,10:25:04.732,10:25:04.733,10:25:05.803,-2485.900000,-155.600000,2081.000000,-2630.000000,-156.100000,2448.000000,-2626.500000,-154.600000,2446.300000,3.500000,1.500000,-1.700000,394.276312,394.276629,391.423620,391.424897,3.891015,4.170132,300-400,351-500
SITE1_P02,P02,SITE1,tsunami,C,3,11,P02_race_tsunami_C_11.csv,45,46,47,10:26:18.310,10:26:18.310,10:26:21.232,-1819.500000,-139.400000,-1189.600000,-1375.200000,-127.000000,-1014.300000,-1377.400000,-125.600000,-1008.000000,-2.200000,1.400000,6.300000,477.632264,477.793198,477.944526,478.143713,6.673080,6.818358,400-500,351-500
SITE1_P03,P03,SITE1,map,A,2,5,P03_race_map_A_5.csv,4,5,6,13:00:38.659,13:00:38.659,13:00:44.155,1364.600000,-137.000000,-2182.300000,1036.100000,-125.400000,-1926.600000,1041.200000,-123.800000,-1926.700000,5.100000,1.600000,-0.100000,416.286848,416.448436,412.212227,412.423520,5.100980,5.346027,400-500,351-500
SITE1_P03,P03,SITE1,map,A,2,5,P03_race_map_A_5.csv,8,9,10,13:00:53.963,13:00:53.963,13:01:03.645,1041.100000,-123.800000,-1926.800000,660.800000,-122.800000,-2101.300000,660.300000,-121.100000,-2102.200000,-0.500000,1.700000,-0.900000,418.423637,418.424832,419.253861,419.262555,1.029563,1.987461,400-500,351-500
SITE1_P03,P03,SITE1,map,A,2,5,P03_race_map_A_5.csv,12,13,14,13:01:10.950,13:01:10.950,13:01:15.301,660.300000,-121.100000,-2102.400000,193.000000,-120.500000,-2075.600000,196.700000,-118.900000,-2074.400000,3.700000,1.600000,1.200000,468.067869,468.068254,464.444787,464.449997,3.889730,4.205948,400-500,351-500
SITE1_P03,P03,SITE1,map,A,2,5,P03_race_map_A_5.csv,16,17,18,13:01:19.042,13:01:19.042,13:01:21.727,196.500000,-119.000000,-2074.300000,207.800000,-130.500000,-1742.200000,208.800000,-128.800000,-1741.300000,1.000000,1.700000,0.900000,332.292191,332.491128,333.227085,333.371160,1.345362,2.167948,300-400,200-350
SITE1_P03,P03,SITE1,map,A,2,5,P03_race_map_A_5.csv,20,21,22,13:01:25.028,13:01:25.028,13:01:28.506,208.800000,-128.900000,-1741.400000,-221.000000,-110.700000,-1770.000000,-221.900000,-109.000000,-1773.100000,-0.900000,1.700000,-3.100000,430.750508,431.134828,431.865002,432.323247,3.228002,3.648287,400-500,351-500
SITE1_P03,P03,SITE1,map,A,2,5,P03_race_map_A_5.csv,24,25,26,13:01:31.501,13:01:31.501,13:01:36.277,-222.000000,-109.000000,-1773.200000,-640.700000,-108.700000,-1512.100000,-637.800000,-107.000000,-1514.700000,2.900000,1.700000,-2.600000,493.439865,493.439956,489.603809,489.607894,3.894868,4.249706,400-500,351-500
SITE1_P03,P03,SITE1,map,B,2,6,P03_race_map_B_6.csv,4,5,6,13:03:58.693,13:03:58.693,13:04:02.627,-1587.700000,-148.200000,1834.100000,-1824.000000,-155.900000,2254.000000,-1823.100000,-154.200000,2251.700000,0.900000,1.700000,-2.300000,481.823308,481.884831,479.377638,479.415185,2.469818,2.998333,400-500,351-500
SITE1_P03,P03,SITE1,map,B,2,6,P03_race_map_B_6.csv,8,9,10,13:04:07.293,13:04:07.293,13:04:09.842,-1823.100000,-154.300000,2251.700000,-2183.500000,-156.800000,1969.600000,-2182.700000,-155.100000,1969.600000,0.800000,1.700000,0.000000,457.677365,457.684192,457.047667,457.048367,0.800000,1.878829,400-500,351-500
SITE1_P03,P03,SITE1,map,B,2,6,P03_race_map_B_6.csv,12,13,14,13:04:13.587,13:04:13.587,13:04:15.935,-2182.800000,-155.100000,1969.400000,-2489.500000,-157.100000,2081.700000,-2487.600000,-155.300000,2085.500000,1.900000,1.800000,3.800000,326.613196,326.619320,326.162919,326.162981,4.248529,4.614109,300-400,200-350
SITE1_P03,P03,SITE1,map,B,2,6,P03_race_map_B_6.csv,16,17,18,13:04:20.461,13:04:20.461,13:04:22.295,-2487.700000,-155.300000,2085.700000,-2630.000000,-156.100000,2448.000000,-2627.500000,-154.400000,2444.500000,2.500000,1.700000,-3.500000,389.243600,389.244422,385.073344,385.074395,4.301163,4.624932,300-400,351-500
SITE1_P03,P03,SITE1,map,B,2,6,P03_race_map_B_6.csv,20,21,22,13:04:27.609,13:04:27.609,13:04:30.202,-2627.400000,-154.500000,2444.400000,-2978.700000,-155.900000,2306.500000,-2982.400000,-154.300000,2309.200000,-3.700000,1.600000,2.700000,377.396476,377.399073,379.873716,379.873769,4.580393,4.851804,300-400,351-500
SITE1_P03,P03,SITE1,map,C,2,7,P03_race_map_C_7.csv,5,6,7,13:05:14.029,13:05:14.029,13:05:16.116,-2294.800000,-146.400000,57.800000,-2303.900000,-147.000000,-387.200000,-2303.500000,-145.300000,-385.700000,0.400000,1.700000,1.500000,445.093035,445.093440,443.585324,443.586688,1.552417,2.302173,400-500,351-500
SITE1_P03,P03,SITE1,map,C,2,7,P03_race_map_C_7.csv,9,10,11,13:05:20.565,13:05:20.565,13:05:24.484,-2303.600000,-145.400000,-385.700000,-1943.900000,-143.600000,-367.100000,-1945.300000,-142.100000,-370.000000,-1.400000,1.500000,-2.900000,360.180580,360.185077,358.643807,358.658988,3.220248,3.552464,300-400,351-500
SITE1_P03,P03,SITE1,map,C,2,7,P03_race_map_C_7.csv,13,14,15,13:05:29.858,13:05:29.858,13:05:32.557,-1952.500000,-143.200000,-393.900000,-2025.000000,-148.600000,-798.000000,-2029.200000,-146.900000,-798.300000,-4.200000,1.700000,-0.300000,410.552140,410.587652,411.609341,411.625971,4.210701,4.540925,400-500,351-500
SITE1_P03,P03,SITE1,map,C,2,7,P03_race_map_C_7.csv,17,18,19,13:05:36.700,13:05:36.701,13:05:40.541,-2029.100000,-147.000000,-798.400000,-1819.400000,-140.800000,-1190.000000,-1822.600000,-139.200000,-1189.700000,-3.200000,1.600000,0.300000,444.212393,444.255658,442.445409,442.514158,3.214032,3.590265,400-500,351-500
SITE1_P03,P03,SITE1,map,C,2,7,P03_race_map_C_7.csv,22,23,24,13:05:49.425,13:05:49.425,13:05:55.884,-1822.300000,-139.200000,-1189.800000,-1375.200000,-127.000000,-1014.300000,-1372.700000,-125.300000,-1012.300000,2.500000,1.700000,2.000000,480.311003,480.465920,483.369848,483.569664,3.201562,3.624914,400-500,351-500
SITE1_P03,P03,SITE1,tsunami,C,3,10,P03_race_tsunami_C_10.csv,21,22,23,13:14:48.956,13:14:48.956,13:14:51.059,-2306.000000,-145.200000,-382.600000,-1943.900000,-143.600000,-367.100000,-1947.100000,-142.200000,-372.600000,-3.200000,1.400000,-5.500000,362.431594,362.435125,359.039288,359.051821,6.363175,6.515366,300-400,351-500
SITE1_P04,P04,SITE1,map,A,1,1,P04_race_map_A_1.csv,7,8,9,14:09:33.158,14:09:33.158,14:09:40.858,1365.900000,-137.700000,-2172.200000,1036.100000,-125.400000,-1926.600000,1037.700000,-123.800000,-1927.800000,1.600000,1.600000,-1.200000,411.202383,411.386303,409.202395,409.438408,2.000000,2.561250,400-500,351-500
SITE1_P04,P04,SITE1,map,A,1,1,P04_race_map_A_1.csv,11,12,13,14:09:45.600,14:09:45.600,14:09:50.792,1037.900000,-123.800000,-1927.700000,660.800000,-122.800000,-2101.300000,663.800000,-121.100000,-2100.200000,3.000000,1.700000,1.100000,415.140181,415.141386,411.955167,411.964015,3.195309,3.619392,400-500,351-500
SITE1_P04,P04,SITE1,map,A,1,1,P04_race_map_A_1.csv,15,16,17,14:09:55.713,14:09:55.714,14:09:59.869,663.800000,-121.100000,-2100.200000,193.000000,-120.500000,-2075.600000,196.700000,-118.900000,-2075.900000,3.700000,1.600000,-0.300000,471.442255,471.442637,467.731654,467.736828,3.712142,4.042277,400-500,351-500
SITE1_P04,P04,SITE1,map,A,1,1,P04_race_map_A_1.csv,20,21,22,14:10:04.231,14:10:04.231,14:10:09.033,196.600000,-118.900000,-2075.900000,207.800000,-130.500000,-1742.200000,210.000000,-128.900000,-1742.700000,2.200000,1.600000,-0.500000,333.887900,334.089344,333.469339,333.619244,2.256103,2.765863,300-400,200-350
SITE1_P04,P04,SITE1,map,A,1,1,P04_race_map_A_1.csv,24,25,26,14:10:12.595,14:10:12.595,14:10:16.012,210.000000,-128.900000,-1742.800000,-221.000000,-110.700000,-1770.000000,-219.400000,-109.100000,-1772.000000,1.600000,1.600000,-2.000000,431.857430,432.240766,430.391682,430.846887,2.561250,3.019934,400-500,351-500
SITE1_P04,P04,SITE1,map,A,1,1,P04_race_map_A_1.csv,28,29,30,14:10:18.981,14:10:18.981,14:10:20.917,-219.300000,-109.100000,-1772.000000,-640.700000,-108.700000,-1512.100000,-636.900000,-107.100000,-1511.700000,3.800000,1.600000,0.400000,495.101979,495.102141,492.083174,492.087238,3.820995,4.142463,400-500,351-500
SITE1_P04,P04,SITE1,map,B,1,2,P04_race_map_B_2.csv,4,5,6,14:11:01.688,14:11:01.688,14:11:04.185,-1587.600000,-148.200000,1834.000000,-1824.000000,-155.900000,2254.000000,-1822.800000,-154.400000,2256.700000,1.200000,1.500000,2.700000,481.959500,482.021006,483.729604,483.769336,2.954657,3.313608,400-500,351-500
SITE1_P04,P04,SITE1,map,B,1,2,P04_race_map_B_2.csv,8,9,10,14:11:07.552,14:11:07.552,14:11:09.711,-1822.800000,-154.400000,2256.700000,-2183.500000,-156.800000,1969.600000,-2183.000000,-155.100000,1970.100000,0.500000,1.700000,0.500000,461.010737,461.016985,460.308158,460.308690,0.707107,1.841195,400-500,351-500
SITE1_P04,P04,SITE1,map,B,1,2,P04_race_map_B_2.csv,12,13,14,14:11:12.494,14:11:12.494,14:11:15.517,-2183.000000,-155.100000,1969.900000,-2489.500000,-157.100000,2081.700000,-2493.200000,-155.500000,2078.700000,-3.700000,1.600000,-3.000000,326.253720,326.259850,328.727060,328.727303,4.763402,5.024938,300-400,200-350
SITE1_P04,P04,SITE1,map,B,1,2,P04_race_map_B_2.csv,16,17,18,14:11:18.834,14:11:18.834,14:11:20.622,-2493.200000,-155.500000,2078.800000,-2630.000000,-156.100000,2448.000000,-2627.900000,-154.500000,2446.300000,2.100000,1.600000,-1.700000,393.729450,393.729907,391.408150,391.409428,2.701851,3.140064,300-400,351-500
SITE1_P04,P04,SITE1,map,B,1,2,P04_race_map_B_2.csv,20,21,22,14:11:23.601,14:11:23.601,14:11:25.328,-2628.100000,-154.500000,2446.100000,-2978.700000,-155.900000,2306.500000,-2976.100000,-154.200000,2307.000000,2.600000,1.700000,0.500000,377.370534,377.373131,374.770343,374.770463,2.647640,3.146427,300-400,351-500
SITE1_P04,P04,SITE1,map,B,1,2,P04_race_map_B_2.csv,24,25,26,14:11:29.074,14:11:29.075,14:11:31.037,-2976.200000,-154.200000,2306.900000,-2999.000000,-156.000000,1931.000000,-2994.200000,-154.500000,1928.200000,4.800000,1.500000,-2.800000,376.590826,376.595127,379.127538,379.127657,5.556978,5.755867,300-400,351-500
SITE1_P04,P04,SITE1,map,C,1,3,P04_race_map_C_3.csv,4,5,6,14:12:36.334,14:12:36.334,14:12:39.288,-2003.100000,-141.900000,179.600000,-2299.700000,-147.700000,56.800000,-2296.500000,-146.100000,59.200000,3.200000,1.600000,2.400000,321.016199,321.068591,317.143059,317.170869,4.000000,4.308132,300-400,200-350
SITE1_P04,P04,SITE1,map,C,1,3,P04_race_map_C_3.csv,8,9,10,14:12:44.902,14:12:44.902,14:12:50.104,-2296.500000,-146.200000,59.200000,-2303.900000,-147.000000,-387.200000,-2303.400000,-145.400000,-390.100000,0.500000,1.600000,-2.900000,446.461331,446.462048,449.352979,449.353691,2.942788,3.349627,400-500,351-500
SITE1_P04,P04,SITE1,map,C,1,3,P04_race_map_C_3.csv,12,13,14,14:12:57.057,14:12:57.058,14:13:05.995,-2303.400000,-145.400000,-390.400000,-1943.900000,-143.600000,-367.100000,-1944.000000,-142.100000,-371.000000,-0.100000,1.500000,-3.900000,360.254271,360.258768,359.923214,359.938342,3.901282,4.179713,300-400,351-500
SITE1_P04,P04,SITE1,map,C,1,3,P04_race_map_C_3.csv,16,17,18,14:13:08.984,14:13:08.984,14:13:11.649,-1944.200000,-142.100000,-370.800000,-2025.000000,-148.600000,-798.000000,-2024.600000,-146.900000,-800.900000,0.400000,1.700000,-2.900000,434.774056,434.822642,437.550191,437.576519,2.927456,3.385262,400-500,351-500
SITE1_P04,P04,SITE1,map,C,1,3,P04_race_map_C_3.csv,20,21,22,14:13:14.923,14:13:14.923,14:13:17.099,-2024.600000,-146.900000,-800.900000,-1819.400000,-140.800000,-1190.000000,-1814.900000,-138.900000,-1192.300000,4.500000,1.900000,-2.300000,439.892998,439.935291,444.036091,444.108151,5.053712,5.399074,400-500,351-500
SITE1_P04,P04,SITE1,map,C,1,3,P04_race_map_C_3.csv,24,25,26,14:13:23.517,14:13:23.517,14:13:25.497,-1814.900000,-138.900000,-1192.300000,-1375.200000,-127.000000,-1014.300000,-1371.000000,-125.400000,-1017.400000,4.200000,1.600000,-3.100000,474.362825,474.512065,477.113425,477.304379,5.220153,5.459853,400-500,351-500
SITE1_P04,P04,SITE1,tsunami,A,2,7,P04_race_tsunami_A_7.csv,40,41,42,14:26:39.914,14:26:39.914,14:26:41.154,-219.800000,-109.200000,-1770.300000,-640.700000,-108.700000,-1512.100000,-647.300000,-107.100000,-1510.200000,-6.600000,1.600000,1.900000,493.785429,493.785682,500.408093,500.412500,6.868042,7.051950,400-500,351-500
SITE1_P04,P04,SITE1,tsunami,B,2,5,P04_race_tsunami_B_5.csv,4,5,6,14:23:31.328,14:23:31.328,14:23:33.052,-1587.400000,-148.100000,1834.200000,-1824.000000,-155.900000,2254.000000,-1825.200000,-154.300000,2256.900000,-1.200000,1.600000,2.900000,481.883388,481.946512,484.999103,485.038730,3.138471,3.522783,400-500,351-500
SITE1_P04,P04,SITE1,tsunami,B,2,5,P04_race_tsunami_B_5.csv,40,41,42,14:24:28.663,14:24:28.663,14:24:31.143,-2981.100000,-154.300000,2305.400000,-2999.000000,-156.000000,1931.000000,-3000.300000,-154.300000,1928.700000,-1.300000,1.700000,-2.300000,374.827654,374.831509,377.188984,377.188984,2.641969,3.141656,300-400,351-500
SITE1_P05,P05,SITE1,map,A,1,3,P05_race_map_A_3.csv,4,5,6,10:03:01.136,10:03:01.136,10:03:02.712,1364.500000,-136.900000,-2182.300000,1036.100000,-125.400000,-1926.600000,1040.900000,-124.000000,-1929.500000,4.800000,1.400000,-2.900000,416.207941,416.366785,410.639501,410.842074,5.608030,5.780138,400-500,351-500
SITE1_P05,P05,SITE1,map,A,1,3,P05_race_map_A_3.csv,8,9,10,10:03:05.294,10:03:05.294,10:03:07.523,1040.900000,-124.100000,-1929.500000,660.800000,-122.800000,-2101.300000,663.100000,-121.300000,-2104.800000,2.300000,1.500000,-3.500000,417.122584,417.124610,416.488811,416.498223,4.188078,4.448595,400-500,351-500
SITE1_P05,P05,SITE1,map,A,1,3,P05_race_map_A_3.csv,12,13,14,10:03:10.125,10:03:10.125,10:03:16.822,663.100000,-121.300000,-2104.800000,193.000000,-120.500000,-2075.600000,192.500000,-119.400000,-2070.500000,-0.500000,1.100000,5.100000,471.005998,471.006677,471.848334,471.852159,5.124451,5.241183,400-500,351-500
SITE1_P05,P05,SITE1,map,A,1,3,P05_race_map_A_3.csv,16,17,18,10:03:19.657,10:03:19.657,10:03:22.321,192.600000,-119.400000,-2070.500000,207.800000,-130.500000,-1742.200000,208.100000,-129.200000,-1739.100000,0.300000,1.300000,3.100000,328.651685,328.839079,331.762279,331.906990,3.114482,3.374907,300-400,200-350
SITE1_P05,P05,SITE1,map,A,1,3,P05_race_map_A_3.csv,20,21,22,10:03:25.137,10:03:25.137,10:03:27.100,208.100000,-129.200000,-1739.100000,-221.000000,-110.700000,-1770.000000,-218.700000,-109.500000,-1765.700000,2.300000,1.200000,4.300000,430.211134,430.608720,427.628109,428.081639,4.876474,5.021952,400-500,351-500
SITE1_P05,P05,SITE1,map,A,1,3,P05_race_map_A_3.csv,24,25,26,10:03:30.304,10:03:30.305,10:03:40.447,-218.700000,-109.500000,-1765.800000,-640.700000,-108.700000,-1512.100000,-642.600000,-107.200000,-1514.800000,-1.900000,1.500000,-2.700000,492.389774,492.390424,492.638011,492.643380,3.301515,3.626293,400-500,351-500
SITE1_P05,P05,SITE1,map,B,1,1,P05_race_map_B_1.csv,4,5,6,10:01:03.295,10:01:03.295,10:01:08.063,-1587.500000,-148.200000,1834.200000,-1824.000000,-155.900000,2254.000000,-1821.600000,-154.600000,2254.100000,2.400000,1.300000,0.100000,481.834297,481.895819,480.748188,480.790786,2.402082,2.731300,400-500,351-500
SITE1_P05,P05,SITE1,map,B,1,1,P05_race_map_B_1.csv,8,9,10,10:01:13.094,10:01:13.094,10:01:20.466,-1821.700000,-154.700000,2254.100000,-2183.500000,-156.800000,1969.600000,-2185.400000,-155.400000,1969.200000,-1.900000,1.400000,-0.400000,460.260242,460.265032,462.001840,462.002370,1.941649,2.393742,400-500,351-500
SITE1_P05,P05,SITE1,map,B,1,1,P05_race_map_B_1.csv,12,13,14,10:01:25.804,10:01:25.804,10:01:27.475,-2185.400000,-155.400000,1969.200000,-2489.500000,-157.100000,2081.700000,-2491.700000,-155.700000,2081.300000,-2.200000,1.400000,-0.400000,324.242286,324.246742,326.168821,326.168959,2.236068,2.638181,300-400,200-350
SITE1_P05,P05,SITE1,map,B,1,1,P05_race_map_B_1.csv,16,17,18,10:01:31.669,10:01:31.669,10:01:35.008,-2491.700000,-155.700000,2081.300000,-2630.000000,-156.100000,2448.000000,-2628.400000,-154.700000,2446.900000,1.600000,1.400000,-1.100000,391.912975,391.913179,390.320701,390.321982,1.941649,2.393742,300-400,351-500
SITE1_P05,P05,SITE1,map,B,1,1,P05_race_map_B_1.csv,25,26,27,10:01:49.115,10:01:49.115,10:01:52.792,-2981.700000,-154.600000,2306.900000,-2999.000000,-156.000000,1931.000000,-3001.900000,-154.400000,1927.200000,-2.900000,1.600000,-3.800000,376.297887,376.300492,380.236939,380.236992,4.780167,5.040833,300-400,351-500
SITE1_P05,P05,SITE1,map,C,1,2,P05_race_map_C_2.csv,4,5,6,10:02:12.093,10:02:12.093,10:02:13.400,-2003.300000,-141.900000,179.600000,-2299.700000,-147.700000,56.800000,-2296.700000,-146.400000,56.800000,3.000000,1.300000,0.000000,320.831420,320.883842,318.061944,318.093775,3.000000,3.269557,300-400,200-350
SITE1_P05,P05,SITE1,map,C,1,2,P05_race_map_C_2.csv,8,9,10,10:02:16.277,10:02:16.278,10:02:20.051,-2296.700000,-146.500000,56.800000,-2303.900000,-147.000000,-387.200000,-2304.400000,-145.600000,-391.400000,-0.500000,1.400000,-4.200000,444.058375,444.058656,448.266137,448.267041,4.229657,4.455334,400-500,351-500
SITE1_P05,P05,SITE1,map,C,1,2,P05_race_map_C_2.csv,12,13,14,10:02:23.685,10:02:23.685,10:02:25.945,-2304.400000,-145.600000,-391.300000,-1943.900000,-143.600000,-367.100000,-1943.100000,-142.100000,-364.900000,0.800000,1.500000,2.200000,361.311348,361.316883,362.263233,362.280140,2.340940,2.780288,300-400,351-500
SITE1_P05,P05,SITE1,map,C,1,2,P05_race_map_C_2.csv,16,17,18,10:02:28.262,10:02:28.262,10:02:30.765,-1943.200000,-142.200000,-365.000000,-2025.000000,-148.600000,-798.000000,-2023.800000,-147.200000,-800.800000,1.200000,1.400000,-2.800000,440.658870,440.705344,443.190704,443.218908,3.046309,3.352611,400-500,351-500
SITE1_P05,P05,SITE1,map,C,1,2,P05_race_map_C_2.csv,20,21,22,10:02:34.736,10:02:34.736,10:02:40.402,-2023.800000,-147.200000,-800.700000,-1819.400000,-140.800000,-1190.000000,-1817.200000,-139.200000,-1189.200000,2.200000,1.600000,0.800000,439.697453,439.744028,440.017966,440.090684,2.340940,2.835489,400-500,351-500
SITE1_P05,P05,SITE1,map,C,1,2,P05_race_map_C_2.csv,24,25,26,10:02:44.230,10:02:44.230,10:02:47.102,-1817.200000,-139.200000,-1189.100000,-1375.200000,-127.000000,-1014.300000,-1376.100000,-125.600000,-1016.300000,-0.900000,1.400000,-2.000000,475.309415,475.465961,473.739433,473.934605,2.193171,2.601922,400-500,351-500
SITE1_P05,P05,SITE1,tsunami,C,2,5,P05_race_tsunami_C_5.csv,28,29,30,10:09:48.530,10:09:48.530,10:09:49.955,-1941.500000,-142.000000,-366.300000,-2025.000000,-148.600000,-798.000000,-2021.100000,-147.100000,-796.400000,3.900000,1.500000,1.600000,439.701194,439.750725,437.403898,437.433629,4.215448,4.474371,400-500,351-500
SITE1_P06,P06,SITE1,map,A,1,2,P06_race_map_A_2.csv,4,5,6,11:23:15.784,11:23:15.784,11:23:20.058,1364.500000,-137.000000,-2182.300000,1036.100000,-125.400000,-1926.600000,1037.700000,-123.700000,-1929.200000,1.600000,1.700000,-2.600000,416.207941,416.369559,413.349549,413.563466,3.052868,3.494281,400-500,351-500
SITE1_P06,P06,SITE1,map,A,1,2,P06_race_map_A_2.csv,8,9,10,11:23:24.362,11:23:24.362,11:23:27.153,1037.600000,-123.800000,-1929.000000,660.800000,-122.800000,-2101.300000,659.200000,-121.100000,-2099.200000,-1.600000,1.700000,2.100000,414.325391,414.326598,414.915172,414.923957,2.640076,3.140064,400-500,351-500
SITE1_P06,P06,SITE1,map,A,1,2,P06_race_map_A_2.csv,12,13,14,11:23:30.749,11:23:30.749,11:23:33.199,659.200000,-121.200000,-2099.100000,193.000000,-120.500000,-2075.600000,194.900000,-118.900000,-2073.400000,1.900000,1.600000,2.200000,466.791913,466.792438,465.010731,465.016419,2.906888,3.318132,400-500,351-500
SITE1_P06,P06,SITE1,map,A,1,2,P06_race_map_A_2.csv,16,17,18,11:23:36.350,11:23:36.350,11:23:38.421,195.000000,-119.000000,-2073.300000,207.800000,-130.500000,-1742.200000,206.500000,-128.800000,-1740.600000,-1.300000,1.700000,1.600000,331.347325,331.546829,332.898693,333.042910,2.061553,2.672078,300-400,200-350
SITE1_P06,P06,SITE1,map,A,1,2,P06_race_map_A_2.csv,20,21,22,11:23:41.434,11:23:41.434,11:23:44.422,206.400000,-128.900000,-1740.500000,-221.000000,-110.700000,-1770.000000,-218.400000,-109.100000,-1769.300000,2.600000,1.600000,0.700000,428.416865,428.803277,425.775152,426.235287,2.692582,3.132092,400-500,351-500
SITE1_P06,P06,SITE1,map,A,1,2,P06_race_map_A_2.csv,24,25,26,11:23:47.319,11:23:47.319,11:23:49.775,-218.400000,-109.200000,-1769.300000,-640.700000,-108.700000,-1512.100000,-637.200000,-107.000000,-1509.700000,3.500000,1.700000,2.400000,494.458421,494.458674,492.732788,492.737699,4.243819,4.571652,400-500,351-500
SITE1_P06,P06,SITE1,map,B,1,3,P06_race_map_B_3.csv,4,5,6,11:24:09.277,11:24:09.277,11:24:12.068,-1587.500000,-148.200000,1834.300000,-1824.000000,-155.900000,2254.000000,-1821.900000,-154.200000,2250.500000,2.100000,1.700000,-3.500000,481.747174,481.808707,477.667039,477.704721,4.081666,4.421538,400-500,351-500
SITE1_P06,P06,SITE1,map,B,1,3,P06_race_map_B_3.csv,8,9,10,11:24:15.530,11:24:15.530,11:24:18.540,-1822.000000,-154.300000,2250.600000,-2183.500000,-156.800000,1969.600000,-2183.100000,-155.100000,1970.800000,0.400000,1.700000,1.200000,457.868158,457.874983,456.816429,456.817130,1.264911,2.118962,400-500,351-500
SITE1_P06,P06,SITE1,map,B,1,3,P06_race_map_B_3.csv,12,13,14,11:24:21.388,11:24:21.388,11:24:25.649,-2183.100000,-155.100000,1970.800000,-2489.500000,-157.100000,2081.700000,-2486.800000,-155.400000,2078.600000,2.700000,1.700000,-3.100000,325.852375,325.858512,322.264689,322.264829,4.110961,4.448595,300-400,200-350
SITE1_P06,P06,SITE1,map,B,1,3,P06_race_map_B_3.csv,16,17,18,11:24:28.606,11:24:28.607,11:24:35.727,-2486.800000,-155.500000,2078.700000,-2630.000000,-156.100000,2448.000000,-2627.500000,-154.400000,2445.400000,2.500000,1.700000,-2.600000,396.091820,396.092275,392.766317,392.767858,3.606938,3.987480,300-400,351-500
SITE1_P06,P06,SITE1,map,B,1,3,P06_race_map_B_3.csv,20,21,22,11:24:40.129,11:24:40.129,11:24:43.890,-2627.400000,-154.400000,2445.500000,-2978.700000,-155.900000,2306.500000,-2975.900000,-154.100000,2305.300000,2.800000,1.800000,-1.200000,377.799801,377.802779,375.643834,375.643954,3.046309,3.538361,300-400,351-500
SITE1_P06,P06,SITE1,map,B,1,3,P06_race_map_B_3.csv,24,25,26,11:24:47.742,11:24:47.742,11:24:50.740,-2975.800000,-154.200000,2305.300000,-2999.000000,-156.000000,1931.000000,-2999.100000,-154.200000,1930.500000,-0.100000,1.800000,-0.500000,375.018306,375.022626,375.523541,375.523541,0.509902,1.870829,300-400,351-500
SITE1_P06,P06,SITE1,map,C,1,1,P06_race_map_C_1.csv,7,8,9,11:21:38.994,11:21:38.994,11:21:43.596,-2007.200000,-142.400000,171.700000,-2299.700000,-147.700000,56.800000,-2300.900000,-145.800000,57.900000,-1.200000,1.900000,1.100000,314.258270,314.302959,314.976396,314.994746,1.627882,2.501999,300-400,200-350
SITE1_P06,P06,SITE1,map,C,1,1,P06_race_map_C_1.csv,11,12,13,11:21:54.012,11:21:54.012,11:21:58.531,-2300.900000,-146.000000,57.800000,-2303.900000,-147.000000,-387.200000,-2302.900000,-145.300000,-386.700000,1.000000,1.700000,0.500000,445.010112,445.011236,444.504499,444.505051,1.118034,2.034699,400-500,351-500
SITE1_P06,P06,SITE1,map,C,1,1,P06_race_map_C_1.csv,15,16,17,11:22:03.951,11:22:03.951,11:22:07.312,-2302.900000,-145.400000,-386.700000,-1943.900000,-143.600000,-367.100000,-1945.400000,-142.100000,-371.000000,-1.500000,1.500000,-3.900000,359.534644,359.539149,357.844575,357.859791,4.178516,4.439595,300-400,351-500
SITE1_P06,P06,SITE1,map,C,1,1,P06_race_map_C_1.csv,19,20,21,11:22:12.463,11:22:12.463,11:22:18.611,-1945.200000,-142.200000,-371.000000,-2025.000000,-148.600000,-798.000000,-2026.600000,-146.800000,-800.300000,-1.600000,1.800000,-2.300000,434.392726,434.439869,436.949024,436.973237,2.801785,3.330165,400-500,351-500
SITE1_P06,P06,SITE1,map,C,1,1,P06_race_map_C_1.csv,23,24,25,11:22:22.517,11:22:22.517,11:22:31.940,-2026.600000,-146.900000,-800.400000,-1819.400000,-140.800000,-1190.000000,-1821.100000,-139.200000,-1192.000000,-1.700000,1.600000,-2.000000,441.270892,441.313052,442.245192,442.312220,2.624881,3.074085,400-500,351-500
SITE1_P06,P06,SITE1,map,C,1,1,P06_race_map_C_1.csv,28,29,30,11:22:41.156,11:22:41.156,11:22:44.616,-1821.000000,-139.300000,-1192.100000,-1375.200000,-127.000000,-1014.300000,-1378.400000,-125.300000,-1012.900000,-3.200000,1.700000,1.400000,479.948414,480.105999,477.501204,477.706395,3.492850,3.884585,400-500,351-500
SITE1_P06,P06,SITE1,tsunami,A,2,5,P06_race_tsunami_A_5.csv,25,26,27,11:33:20.606,11:33:20.606,11:33:22.650,198.600000,-118.900000,-2074.700000,207.800000,-130.500000,-1742.200000,206.100000,-128.800000,-1740.200000,-1.700000,1.700000,2.000000,332.627254,332.829461,334.584070,334.730504,2.624881,3.127299,300-400,200-350
SITE1_P06,P06,SITE1,tsunami,A,2,5,P06_race_tsunami_A_5.csv,36,37,38,11:33:35.681,11:33:35.681,11:33:37.558,-222.300000,-109.000000,-1769.000000,-640.700000,-108.700000,-1512.100000,-646.200000,-106.900000,-1511.700000,-5.500000,1.800000,0.400000,490.974714,490.974806,495.877505,495.881952,5.514526,5.800862,400-500,351-500
SITE1_P06,P06,SITE1,tsunami,B,2,6,P06_race_tsunami_B_6.csv,11,12,13,11:34:06.973,11:34:06.974,11:34:08.522,-1827.100000,-154.100000,2255.300000,-2183.500000,-156.800000,1969.600000,-2182.500000,-155.000000,1973.700000,1.000000,1.800000,4.100000,456.777243,456.785223,453.439875,453.440768,4.220190,4.588028,400-500,351-500
SITE1_P06,P06,SITE1,tsunami,B,2,6,P06_race_tsunami_B_6.csv,15,16,17,11:34:11.402,11:34:11.402,11:34:13.404,-2182.500000,-155.000000,1973.800000,-2489.500000,-157.100000,2081.700000,-2485.100000,-155.400000,2078.600000,4.400000,1.700000,-3.100000,325.409603,325.416379,320.233977,320.234227,5.382379,5.644466,300-400,200-350
SITE1_P06,P06,SITE1,tsunami,B,2,6,P06_race_tsunami_B_6.csv,33,34,35,11:34:28.496,11:34:28.497,11:34:29.770,-2975.700000,-154.100000,2307.800000,-2999.000000,-156.000000,1931.000000,-3001.000000,-154.200000,1933.000000,-2.000000,1.800000,2.000000,377.519708,377.524489,375.652938,375.652952,2.828427,3.352611,300-400,351-500
SITE1_P07,P07,SITE1,map,A,3,10,P07_race_map_A_10.csv,4,5,6,13:28:52.845,13:28:52.846,13:28:54.913,1364.300000,-137.000000,-2182.400000,1036.100000,-125.400000,-1926.600000,1033.800000,-123.800000,-1926.100000,-2.300000,1.600000,0.500000,416.111620,416.273276,418.234312,418.442565,2.353720,2.846050,400-500,351-500
SITE1_P07,P07,SITE1,map,A,3,10,P07_race_map_A_10.csv,8,9,10,13:29:00.348,13:29:00.348,13:29:02.855,1033.800000,-123.900000,-1926.300000,660.800000,-122.800000,-2101.300000,659.300000,-121.200000,-2105.200000,-1.500000,1.600000,-3.900000,412.012136,412.013604,415.036697,415.045479,4.178516,4.474371,400-500,351-500
SITE1_P07,P07,SITE1,map,A,3,10,P07_race_map_A_10.csv,12,13,14,13:29:06.450,13:29:06.450,13:29:09.139,659.300000,-121.300000,-2105.200000,193.000000,-120.500000,-2075.600000,193.200000,-118.800000,-2076.700000,0.200000,1.700000,-1.100000,467.238537,467.239221,466.970513,466.977205,1.118034,2.034699,400-500,351-500
SITE1_P07,P07,SITE1,map,A,3,10,P07_race_map_A_10.csv,16,17,18,13:29:13.242,13:29:13.243,13:29:19.200,193.400000,-118.800000,-2076.500000,207.800000,-130.500000,-1742.200000,207.600000,-128.900000,-1744.600000,-0.200000,1.600000,-2.400000,334.609997,334.814486,332.203627,332.357127,2.408319,2.891366,300-400,200-350
SITE1_P07,P07,SITE1,map,A,3,10,P07_race_map_A_10.csv,20,21,22,13:29:23.821,13:29:23.821,13:29:25.899,207.500000,-129.000000,-1744.800000,-221.000000,-110.700000,-1770.000000,-222.000000,-109.100000,-1768.100000,-1.000000,1.600000,1.900000,429.240364,429.630283,430.131538,430.591628,2.147091,2.677686,400-500,351-500
SITE1_P07,P07,SITE1,map,A,3,10,P07_race_map_A_10.csv,24,25,26,13:29:30.041,13:29:30.041,13:29:31.921,-222.000000,-109.200000,-1768.100000,-640.700000,-108.700000,-1512.100000,-641.700000,-107.100000,-1511.800000,-1.000000,1.600000,0.300000,490.760318,490.760573,491.770048,491.774532,1.044031,1.910497,400-500,351-500
SITE1_P07,P07,SITE1,map,B,3,11,P07_race_map_B_11.csv,4,5,6,13:29:49.028,13:29:49.028,13:29:50.789,-1587.400000,-148.200000,1834.300000,-1824.000000,-155.900000,2254.000000,-1824.000000,-154.400000,2257.700000,0.000000,1.500000,3.700000,481.796274,481.857801,485.022804,485.062429,3.700000,3.992493,400-500,351-500
SITE1_P07,P07,SITE1,map,B,3,11,P07_race_map_B_11.csv,8,9,10,13:29:57.516,13:29:57.516,13:30:02.251,-1825.800000,-154.500000,2259.200000,-2183.500000,-156.800000,1969.600000,-2186.100000,-155.200000,1971.900000,-2.600000,1.600000,2.300000,460.236298,460.242045,460.822504,460.823035,3.471311,3.822303,400-500,351-500
SITE1_P07,P07,SITE1,map,B,3,11,P07_race_map_B_11.csv,12,13,14,13:30:06.820,13:30:06.820,13:30:08.830,-2186.100000,-155.300000,1972.100000,-2489.500000,-157.100000,2081.700000,-2490.700000,-155.600000,2082.900000,-1.200000,1.500000,1.200000,322.589088,322.594110,324.126210,324.126349,1.697056,2.264950,300-400,200-350
SITE1_P07,P07,SITE1,map,B,3,11,P07_race_map_B_11.csv,16,17,18,13:30:12.705,13:30:12.706,13:30:14.363,-2490.700000,-155.600000,2083.000000,-2630.000000,-156.100000,2448.000000,-2632.600000,-154.600000,2452.800000,-2.600000,1.500000,4.800000,390.678244,390.678564,396.090457,396.091719,5.458938,5.661272,300-400,351-500
SITE1_P07,P07,SITE1,map,B,3,11,P07_race_map_B_11.csv,20,21,22,13:30:18.655,13:30:18.656,13:30:20.763,-2632.700000,-154.700000,2452.600000,-2978.700000,-155.900000,2306.500000,-2982.000000,-154.400000,2304.000000,-3.300000,1.500000,-2.500000,375.581163,375.583080,379.595113,379.595232,4.140048,4.403408,300-400,351-500
SITE1_P07,P07,SITE1,map,B,3,11,P07_race_map_B_11.csv,24,25,26,13:30:26.447,13:30:26.447,13:30:28.793,-2982.000000,-154.500000,2304.000000,-2999.000000,-156.000000,1931.000000,-3000.000000,-154.300000,1932.600000,-1.000000,1.700000,1.600000,373.387198,373.390211,371.835932,371.835985,1.886796,2.539685,300-400,351-500
SITE1_P07,P07,SITE1,map,C,3,9,P07_race_map_C_9.csv,8,9,10,13:27:56.130,13:27:56.130,13:27:59.514,-2301.500000,-146.200000,60.200000,-2303.900000,-147.000000,-387.200000,-2300.400000,-145.500000,-387.800000,3.500000,1.500000,-0.600000,447.406437,447.407152,448.001350,448.001897,3.551056,3.854867,400-500,351-500
SITE1_P07,P07,SITE1,map,C,3,9,P07_race_map_C_9.csv,12,13,14,13:28:06.496,13:28:06.496,13:28:08.298,-2300.400000,-145.600000,-387.900000,-1943.900000,-143.600000,-367.100000,-1942.900000,-142.000000,-364.400000,1.000000,1.600000,2.700000,357.106273,357.111873,358.271545,358.289631,2.879236,3.293934,300-400,351-500
SITE1_P07,P07,SITE1,map,C,3,9,P07_race_map_C_9.csv,16,17,18,13:28:13.061,13:28:13.061,13:28:15.621,-1942.900000,-142.100000,-364.400000,-2025.000000,-148.600000,-798.000000,-2024.600000,-147.000000,-797.300000,0.400000,1.600000,0.700000,441.304169,441.352036,440.542052,440.569302,0.806226,1.791647,400-500,351-500
SITE1_P07,P07,SITE1,map,C,3,9,P07_race_map_C_9.csv,20,21,22,13:28:20.227,13:28:20.227,13:28:22.584,-2024.600000,-147.100000,-797.400000,-1819.400000,-140.800000,-1190.000000,-1819.000000,-139.300000,-1192.100000,0.400000,1.500000,-2.100000,442.991874,443.036669,445.038706,445.107055,2.137756,2.611513,400-500,351-500
SITE1_P07,P07,SITE1,map,C,3,9,P07_race_map_C_9.csv,24,25,26,13:28:30.258,13:28:30.258,13:28:32.120,-1819.100000,-139.300000,-1192.100000,-1375.200000,-127.000000,-1014.300000,-1380.200000,-125.600000,-1011.200000,-5.000000,1.400000,3.100000,478.184117,478.342283,474.718885,474.916530,5.883026,6.047313,400-500,351-500
SITE1_P07,P07,SITE1,tsunami,A,1,1,P07_race_tsunami_A_1.csv,26,27,28,13:00:52.490,13:00:52.490,13:00:56.643,195.700000,-119.000000,-2074.200000,207.800000,-130.500000,-1742.200000,212.300000,-128.900000,-1736.700000,4.500000,1.600000,5.500000,332.220424,332.419404,337.907990,338.052984,7.106335,7.284230,300-400,200-350
SITE1_P07,P07,SITE1,tsunami,A,1,1,P07_race_tsunami_A_1.csv,30,31,32,13:01:00.847,13:01:00.847,13:01:03.018,212.100000,-128.900000,-1736.600000,-221.000000,-110.700000,-1770.000000,-221.100000,-109.300000,-1765.600000,-0.100000,1.400000,4.400000,434.385969,434.767076,434.169598,434.611781,4.401136,4.618441,400-500,351-500
SITE1_P07,P07,SITE1,tsunami,B,1,2,P07_race_tsunami_B_2.csv,11,12,13,13:01:54.890,13:01:54.890,13:01:56.620,-1824.000000,-154.300000,2252.500000,-2183.500000,-156.800000,1969.600000,-2186.500000,-155.200000,1969.800000,-3.000000,1.600000,0.200000,457.463288,457.470119,459.701577,459.702458,3.006659,3.405877,400-500,351-500
SITE1_P07,P07,SITE1,tsunami,B,1,2,P07_race_tsunami_B_2.csv,15,16,17,13:01:59.483,13:01:59.483,13:02:01.164,-2186.500000,-155.200000,1969.800000,-2489.500000,-157.100000,2081.700000,-2485.400000,-155.600000,2077.700000,4.100000,1.500000,-4.000000,323.002492,323.008080,317.779200,317.779452,5.728001,5.921149,300-400,200-350
SITE1_P07,P07,SITE1,tsunami,B,1,2,P07_race_tsunami_B_2.csv,19,20,21,13:02:04.227,13:02:04.227,13:02:05.656,-2485.300000,-155.600000,2077.800000,-2630.000000,-156.100000,2448.000000,-2627.800000,-154.500000,2443.600000,2.200000,1.600000,-4.400000,397.474691,397.475006,392.575967,392.577508,4.919350,5.173007,300-400,351-500
SITE1_P07,P07,SITE1,tsunami,C,1,3,P07_race_tsunami_C_3.csv,18,19,20,13:02:59.769,13:02:59.769,13:03:02.700,-2305.000000,-145.500000,-388.700000,-1943.900000,-143.600000,-367.100000,-1944.400000,-142.100000,-369.600000,-0.500000,1.500000,-2.500000,361.745449,361.750439,361.105483,361.121489,2.549510,2.958040,300-400,351-500
SITE1_P07,P07,SITE1,tsunami,C,1,3,P07_race_tsunami_C_3.csv,32,33,34,13:03:15.359,13:03:15.359,13:03:17.831,-1972.000000,-141.600000,-1042.900000,-1819.400000,-140.800000,-1190.000000,-1819.900000,-139.200000,-1187.300000,-0.500000,1.600000,2.700000,211.955585,211.957095,209.727847,209.741579,2.745906,3.178050,200-300,200-350
SITE1_P08,P08,SITE1,map,A,3,9,P08_race_map_A_9.csv,4,5,6,17:14:18.820,17:14:18.820,17:14:21.505,1364.500000,-136.900000,-2182.400000,1036.100000,-125.400000,-1926.600000,1037.000000,-123.700000,-1923.300000,0.900000,1.700000,3.300000,416.269384,416.428205,417.599162,417.807731,3.420526,3.819686,400-500,351-500
SITE1_P08,P08,SITE1,map,A,3,9,P08_race_map_A_9.csv,8,9,10,17:14:25.852,17:14:25.852,17:14:29.349,1037.100000,-123.800000,-1923.400000,660.800000,-122.800000,-2101.300000,661.300000,-121.100000,-2101.300000,0.500000,1.700000,0.000000,416.233228,416.234429,415.781253,415.790019,0.500000,1.772005,400-500,351-500
SITE1_P08,P08,SITE1,map,A,3,9,P08_race_map_A_9.csv,12,13,14,17:14:32.222,17:14:32.222,17:14:34.768,661.300000,-121.100000,-2101.500000,193.000000,-120.500000,-2075.600000,193.600000,-119.000000,-2073.900000,0.600000,1.500000,1.700000,469.015671,469.016055,468.513660,468.518367,1.802776,2.345208,400-500,351-500
SITE1_P08,P08,SITE1,map,A,3,9,P08_race_map_A_9.csv,16,17,18,17:14:37.397,17:14:37.397,17:14:41.775,193.500000,-119.000000,-2073.800000,207.800000,-130.500000,-1742.200000,208.500000,-128.800000,-1744.200000,0.700000,1.700000,-2.000000,331.908195,332.107362,329.941146,330.086655,2.118962,2.716616,300-400,200-350
SITE1_P08,P08,SITE1,map,A,3,9,P08_race_map_A_9.csv,20,21,22,17:14:46.675,17:14:46.675,17:14:48.334,208.600000,-128.900000,-1744.300000,-221.000000,-110.700000,-1770.000000,-222.900000,-109.100000,-1767.200000,-1.900000,1.600000,2.800000,430.368040,430.752702,432.107232,432.560632,3.383785,3.742993,400-500,351-500
SITE1_P08,P08,SITE1,map,A,3,9,P08_race_map_A_9.csv,24,25,26,17:14:52.330,17:14:52.330,17:14:55.792,-222.900000,-109.100000,-1767.200000,-640.700000,-108.700000,-1512.100000,-638.500000,-107.000000,-1514.900000,2.200000,1.700000,-2.800000,489.523084,489.523248,486.187875,486.192410,3.560899,3.945884,400-500,351-500
SITE1_P08,P08,SITE1,map,B,3,10,P08_race_map_B_10.csv,4,5,6,17:15:14.337,17:15:14.338,17:15:19.096,-1592.700000,-148.500000,1837.800000,-1824.000000,-155.900000,2254.000000,-1825.700000,-154.200000,2255.600000,-1.700000,1.700000,1.600000,476.153473,476.210972,478.378344,478.412301,2.334524,2.887906,400-500,351-500
SITE1_P08,P08,SITE1,map,B,3,10,P08_race_map_B_10.csv,8,9,10,17:15:24.881,17:15:24.881,17:15:29.477,-1825.400000,-154.300000,2255.500000,-2183.500000,-156.800000,1969.600000,-2183.100000,-155.100000,1969.700000,0.400000,1.700000,0.100000,458.229659,458.236478,457.854704,457.855403,0.412311,1.749286,400-500,351-500
SITE1_P08,P08,SITE1,map,B,3,10,P08_race_map_B_10.csv,12,13,14,17:15:33.333,17:15:33.333,17:15:35.838,-2183.100000,-155.100000,1969.700000,-2489.500000,-157.100000,2081.700000,-2487.900000,-155.500000,2079.200000,1.600000,1.600000,-2.500000,326.228386,326.234517,323.872336,323.872583,2.968164,3.371943,300-400,200-350
SITE1_P08,P08,SITE1,map,B,3,10,P08_race_map_B_10.csv,16,17,18,17:15:38.370,17:15:38.371,17:15:41.387,-2488.200000,-155.500000,2079.200000,-2630.000000,-156.100000,2448.000000,-2629.300000,-154.500000,2446.500000,0.700000,1.600000,-1.500000,395.121095,395.121551,393.469821,393.471092,1.655295,2.302173,300-400,351-500
SITE1_P08,P08,SITE1,map,B,3,10,P08_race_map_B_10.csv,20,21,22,17:15:44.509,17:15:44.509,17:15:45.985,-2629.300000,-154.500000,2446.600000,-2978.700000,-155.900000,2306.500000,-2974.200000,-154.200000,2304.100000,4.500000,1.700000,-2.400000,376.441722,376.444325,373.178590,373.178711,5.100000,5.375872,300-400,351-500
SITE1_P08,P08,SITE1,map,B,3,10,P08_race_map_B_10.csv,24,25,26,17:15:50.479,17:15:50.479,17:15:52.719,-2974.200000,-154.300000,2304.000000,-2999.000000,-156.000000,1931.000000,-2995.600000,-154.400000,1927.700000,3.400000,1.600000,-3.300000,373.823541,373.827407,376.908013,376.908026,4.738143,5.001000,300-400,351-500
SITE1_P08,P08,SITE1,map,C,3,11,P08_race_map_C_11.csv,4,5,6,17:16:07.342,17:16:07.342,17:16:10.251,-2003.300000,-141.900000,179.500000,-2299.700000,-147.700000,56.800000,-2297.700000,-146.100000,57.900000,2.000000,1.600000,1.100000,320.793158,320.845586,318.524599,318.552288,2.282542,2.787472,300-400,200-350
SITE1_P08,P08,SITE1,map,C,3,11,P08_race_map_C_11.csv,8,9,10,17:16:13.507,17:16:13.507,17:16:15.229,-2297.600000,-146.200000,57.800000,-2303.900000,-147.000000,-387.200000,-2304.100000,-145.300000,-386.200000,-0.200000,1.700000,1.000000,445.044593,445.045312,444.047576,444.048488,1.019804,1.982423,400-500,351-500
SITE1_P08,P08,SITE1,map,C,3,11,P08_race_map_C_11.csv,17,18,19,17:16:26.878,17:16:26.878,17:16:29.736,-1942.900000,-142.100000,-370.200000,-2025.000000,-148.600000,-798.000000,-2023.000000,-146.800000,-800.400000,2.000000,1.800000,-2.400000,435.606761,435.655254,437.593476,437.618715,3.124100,3.605551,400-500,351-500
SITE1_P08,P08,SITE1,map,C,3,11,P08_race_map_C_11.csv,21,22,23,17:16:33.477,17:16:33.477,17:16:35.254,-2022.900000,-146.900000,-800.600000,-1819.400000,-140.800000,-1190.000000,-1817.700000,-139.100000,-1189.600000,1.700000,1.700000,0.400000,439.368422,439.410765,439.804547,439.873709,1.746425,2.437212,400-500,351-500
SITE1_P08,P08,SITE1,map,C,3,11,P08_race_map_C_11.csv,25,26,27,17:16:38.384,17:16:38.384,17:16:45.411,-1817.500000,-139.100000,-1189.600000,-1375.200000,-127.000000,-1014.300000,-1378.600000,-125.400000,-1013.700000,-3.400000,1.600000,0.600000,475.772404,475.926244,472.836145,473.034576,3.452535,3.805260,400-500,351-500
SITE1_P08,P08,SITE1,tsunami,A,1,3,P08_race_tsunami_A_3.csv,31,32,33,16:50:50.382,16:50:50.382,16:50:51.296,188.700000,-118.800000,-2073.200000,207.800000,-130.500000,-1742.200000,212.200000,-128.800000,-1739.100000,4.400000,1.700000,3.100000,331.550615,331.756989,334.925454,335.074708,5.382379,5.644466,300-400,200-350
SITE1_P08,P08,SITE1,tsunami,B,1,1,P08_race_tsunami_B_1.csv,11,12,13,16:48:02.468,16:48:02.468,16:48:03.874,-1824.600000,-154.200000,2255.100000,-2183.500000,-156.800000,1969.600000,-2187.200000,-155.100000,1972.500000,-3.700000,1.700000,2.900000,458.605996,458.613367,459.718958,459.719839,4.701064,4.999000,400-500,351-500
SITE1_P08,P08,SITE1,tsunami,C,1,2,P08_race_tsunami_C_2.csv,28,29,30,16:49:34.930,16:49:34.931,16:49:36.003,-1940.900000,-141.800000,-366.500000,-2025.000000,-148.600000,-798.000000,-2020.500000,-146.900000,-796.000000,4.500000,1.700000,2.000000,439.619222,439.671809,436.813931,436.843702,4.924429,5.209607,400-500,351-500
SITE1_P09,P09,SITE1,map,A,3,11,P09_race_map_A_11.csv,4,5,6,18:28:10.468,18:28:10.468,18:28:12.226,1364.600000,-137.000000,-2182.400000,1036.100000,-125.400000,-1926.600000,1038.900000,-123.700000,-1922.300000,2.800000,1.700000,4.300000,416.348280,416.509844,416.812308,417.024448,5.131277,5.405553,400-500,351-500
SITE1_P09,P09,SITE1,map,A,3,11,P09_race_map_A_11.csv,15,16,17,18:28:24.374,18:28:24.374,18:28:26.125,659.400000,-121.100000,-2100.300000,193.000000,-120.500000,-2075.600000,195.000000,-118.800000,-2073.800000,2.000000,1.700000,1.800000,467.053584,467.053969,465.155469,465.161155,2.690725,3.182766,400-500,351-500
SITE1_P09,P09,SITE1,map,A,3,11,P09_race_map_A_11.csv,19,20,21,18:28:29.132,18:28:29.132,18:28:30.499,195.100000,-118.800000,-2073.800000,207.800000,-130.500000,-1742.200000,208.900000,-128.800000,-1739.000000,1.100000,1.700000,3.200000,331.843111,332.049304,335.084288,335.233471,3.383785,3.786819,300-400,200-350
SITE1_P09,P09,SITE1,map,A,3,11,P09_race_map_A_11.csv,23,24,25,18:28:33.639,18:28:33.639,18:28:35.537,208.900000,-128.900000,-1738.900000,-221.000000,-110.700000,-1770.000000,-217.400000,-109.100000,-1768.500000,3.600000,1.600000,1.500000,431.023456,431.407534,427.326397,427.784864,3.900000,4.215448,400-500,351-500
SITE1_P09,P09,SITE1,map,A,3,11,P09_race_map_A_11.csv,27,28,29,18:28:38.112,18:28:38.112,18:28:40.200,-217.400000,-109.100000,-1768.600000,-640.700000,-108.700000,-1512.100000,-637.100000,-106.900000,-1514.500000,3.600000,1.800000,-2.400000,494.949634,494.949795,490.627048,490.631980,4.326662,4.686150,400-500,351-500
SITE1_P09,P09,SITE1,map,B,3,9,P09_race_map_B_9.csv,4,5,6,18:25:58.092,18:25:58.092,18:26:00.641,-1587.500000,-148.200000,1834.200000,-1824.000000,-155.900000,2254.000000,-1824.800000,-154.200000,2256.600000,-0.800000,1.700000,2.600000,481.834297,481.895819,484.492570,484.529720,2.720294,3.207803,400-500,351-500
SITE1_P09,P09,SITE1,map,B,3,9,P09_race_map_B_9.csv,8,9,10,18:26:07.905,18:26:07.905,18:26:10.614,-1824.700000,-154.200000,2256.400000,-2183.500000,-156.800000,1969.600000,-2183.600000,-155.000000,1971.600000,-0.100000,1.800000,2.000000,459.338307,459.345665,458.170547,458.171245,2.002498,2.692582,400-500,351-500
SITE1_P09,P09,SITE1,map,B,3,9,P09_race_map_B_9.csv,12,13,14,18:26:15.836,18:26:15.836,18:26:18.207,-2183.600000,-155.100000,1971.600000,-2489.500000,-157.100000,2081.700000,-2488.700000,-155.400000,2081.700000,0.800000,1.700000,0.000000,325.110474,325.116625,324.357858,324.357997,0.800000,1.878829,300-400,200-350
SITE1_P09,P09,SITE1,map,B,3,9,P09_race_map_B_9.csv,16,17,18,18:26:24.414,18:26:24.414,18:26:26.236,-2488.800000,-155.400000,2081.800000,-2630.000000,-156.100000,2448.000000,-2630.200000,-154.400000,2446.800000,-0.200000,1.700000,-1.200000,392.479146,392.479770,391.431935,391.433213,1.216553,2.090454,300-400,351-500
SITE1_P09,P09,SITE1,map,B,3,9,P09_race_map_B_9.csv,20,21,22,18:26:29.505,18:26:29.507,18:26:31.217,-2630.200000,-154.400000,2446.700000,-2978.700000,-155.900000,2306.500000,-2979.900000,-154.100000,2305.700000,-1.200000,1.800000,-0.800000,375.643834,375.646829,377.055818,377.055937,1.442221,2.306513,300-400,351-500
SITE1_P09,P09,SITE1,map,B,3,9,P09_race_map_B_9.csv,24,25,26,18:26:34.053,18:26:34.053,18:26:36.786,-2979.900000,-154.200000,2305.600000,-2999.000000,-156.000000,1931.000000,-2998.900000,-154.200000,1931.200000,0.100000,1.800000,0.200000,375.086617,375.090936,374.881795,374.881795,0.223607,1.813836,300-400,351-500
SITE1_P09,P09,SITE1,map,C,3,10,P09_race_map_C_10.csv,5,6,7,18:27:15.916,18:27:15.917,18:27:18.214,-2298.400000,-146.100000,57.600000,-2303.900000,-147.000000,-387.200000,-2302.900000,-145.200000,-383.000000,1.000000,1.800000,4.200000,444.834003,444.834913,440.622979,440.623899,4.317407,4.677606,400-500,351-500
SITE1_P09,P09,SITE1,map,C,3,10,P09_race_map_C_10.csv,10,11,12,18:27:32.440,18:27:32.440,18:27:35.095,-1939.300000,-141.800000,-366.600000,-2025.000000,-148.600000,-798.000000,-2025.000000,-146.900000,-794.500000,0.000000,1.700000,3.500000,439.830024,439.882587,436.397640,436.427440,3.500000,3.891015,400-500,351-500
SITE1_P09,P09,SITE1,map,C,3,10,P09_race_map_C_10.csv,14,15,16,18:27:40.460,18:27:40.460,18:27:43.268,-2024.900000,-147.000000,-794.500000,-1819.400000,-140.800000,-1190.000000,-1819.700000,-139.000000,-1186.700000,-0.300000,1.800000,3.300000,445.702255,445.745376,442.637414,442.709702,3.313608,3.770942,400-500,351-500
SITE1_P09,P09,SITE1,map,C,3,10,P09_race_map_C_10.csv,18,19,20,18:27:48.290,18:27:48.290,18:27:50.248,-1819.700000,-139.100000,-1186.600000,-1375.200000,-127.000000,-1014.300000,-1373.000000,-125.200000,-1012.300000,2.200000,1.800000,2.000000,476.725854,476.879387,479.501178,479.702606,2.973214,3.475629,400-500,351-500
SITE1_P09,P09,SITE1,tsunami,A,1,2,P09_race_tsunami_A_2.csv,29,30,31,18:01:49.171,18:01:49.171,18:01:53.748,194.900000,-118.800000,-2074.200000,207.800000,-130.500000,-1742.200000,210.500000,-128.800000,-1739.300000,2.700000,1.700000,2.900000,332.250523,332.456463,335.263135,335.412239,3.962323,4.311612,300-400,200-350
SITE1_P09,P09,SITE1,tsunami,A,1,2,P09_race_tsunami_A_2.csv,33,34,35,18:01:57.339,18:01:57.339,18:01:58.995,210.600000,-128.800000,-1739.400000,-221.000000,-110.700000,-1770.000000,-216.800000,-109.100000,-1770.600000,4.200000,1.600000,-0.600000,432.683395,433.061809,428.537280,428.989848,4.242641,4.534314,400-500,351-500
SITE1_P09,P09,SITE1,tsunami,B,1,3,P09_race_tsunami_B_3.csv,4,5,6,18:02:50.661,18:02:50.661,18:02:51.706,-1587.700000,-148.100000,1834.200000,-1824.000000,-155.900000,2254.000000,-1818.200000,-154.300000,2252.000000,5.800000,1.600000,-2.000000,481.736162,481.799305,477.165684,477.205962,6.135145,6.340347,400-500,351-500
SITE1_P09,P09,SITE1,tsunami,B,1,3,P09_race_tsunami_B_3.csv,36,37,38,18:03:30.878,18:03:30.878,18:03:32.428,-2978.100000,-154.100000,2306.900000,-2999.000000,-156.000000,1931.000000,-2997.700000,-154.200000,1937.400000,1.300000,1.800000,6.400000,376.480571,376.485365,370.019472,370.019486,6.530697,6.774216,300-400,351-500
SITE1_P09,P09,SITE1,tsunami,C,1,1,P09_race_tsunami_C_1.csv,11,12,13,17:59:55.317,17:59:55.318,17:59:58.034,-2297.700000,-145.900000,58.100000,-2303.900000,-147.000000,-387.200000,-2303.700000,-145.200000,-382.100000,0.200000,1.800000,5.100000,445.343160,445.344518,440.240889,440.241445,5.103920,5.412024,400-500,351-500
SITE1_P09,P09,SITE1,tsunami,C,1,1,P09_race_tsunami_C_1.csv,15,16,17,18:00:02.877,18:00:02.877,18:00:04.724,-2303.700000,-145.200000,-382.000000,-1943.900000,-143.600000,-367.100000,-1946.600000,-142.100000,-367.700000,-2.700000,1.500000,-0.600000,360.108386,360.111941,357.386206,357.399650,2.765863,3.146427,300-400,351-500
SITE1_P09,P09,SITE1,tsunami,C,1,1,P09_race_tsunami_C_1.csv,19,20,21,18:00:08.733,18:00:08.733,18:00:10.481,-1946.700000,-142.100000,-367.700000,-2025.000000,-148.600000,-798.000000,-2024.100000,-146.800000,-797.500000,0.900000,1.800000,0.500000,437.365957,437.414254,436.713636,436.738927,1.029563,2.073644,400-500,351-500
SITE1_P10,P10,SITE1,map,A,3,10,P10_race_map_A_10.csv,4,5,6,09:23:23.268,09:23:23.268,09:23:28.515,1364.400000,-137.000000,-2182.200000,1036.100000,-125.400000,-1926.600000,1035.600000,-124.000000,-1927.800000,-0.500000,1.400000,-1.200000,416.067603,416.229276,415.726833,415.930042,1.300000,1.910497,400-500,351-500
SITE1_P10,P10,SITE1,map,A,3,10,P10_race_map_A_10.csv,8,9,10,09:23:35.530,09:23:35.530,09:23:40.569,1035.600000,-124.100000,-1927.800000,660.800000,-122.800000,-2101.300000,659.000000,-121.400000,-2101.600000,-1.800000,1.400000,-0.300000,413.010036,413.012082,414.769816,414.778604,1.824829,2.300000,400-500,351-500
SITE1_P10,P10,SITE1,map,A,3,10,P10_race_map_A_10.csv,12,13,14,09:23:48.583,09:23:48.583,09:23:54.084,659.100000,-121.400000,-2101.600000,193.000000,-120.500000,-2075.600000,194.000000,-119.200000,-2073.800000,1.000000,1.300000,1.800000,466.824603,466.825471,465.930091,465.935285,2.059126,2.435159,400-500,351-500
SITE1_P10,P10,SITE1,map,A,3,10,P10_race_map_A_10.csv,16,17,18,09:23:58.868,09:23:58.868,09:24:03.818,194.000000,-119.300000,-2073.800000,207.800000,-130.500000,-1742.200000,207.000000,-129.200000,-1742.800000,-0.800000,1.300000,-0.600000,331.887029,332.075955,331.255189,331.403093,1.000000,1.640122,300-400,200-350
SITE1_P10,P10,SITE1,map,A,3,10,P10_race_map_A_10.csv,20,21,22,09:24:11.349,09:24:11.350,09:24:16.485,207.000000,-129.200000,-1742.800000,-221.000000,-110.700000,-1770.000000,-220.200000,-109.300000,-1771.400000,0.800000,1.400000,-1.400000,428.863428,429.262262,428.156280,428.618490,1.612452,2.135416,400-500,351-500
SITE1_P10,P10,SITE1,map,A,3,10,P10_race_map_A_10.csv,24,25,26,09:24:21.632,09:24:21.632,09:24:27.043,-220.200000,-109.400000,-1771.400000,-640.700000,-108.700000,-1512.100000,-640.800000,-107.300000,-1512.300000,-0.100000,1.400000,-0.200000,494.020991,494.021487,494.001184,494.005648,0.223607,1.417745,400-500,351-500
SITE1_P10,P10,SITE1,map,B,3,11,P10_race_map_B_11.csv,4,5,6,09:24:51.618,09:24:51.619,09:24:56.467,-1587.500000,-148.200000,1834.200000,-1824.000000,-155.900000,2254.000000,-1823.200000,-154.500000,2252.200000,0.800000,1.400000,-1.800000,481.834297,481.895819,479.873410,479.914763,1.969772,2.416609,400-500,351-500
SITE1_P10,P10,SITE1,map,B,3,11,P10_race_map_B_11.csv,8,9,10,09:25:01.980,09:25:01.980,09:25:04.380,-1823.200000,-154.600000,2252.200000,-2183.500000,-156.800000,1969.600000,-2180.400000,-155.300000,1971.400000,3.100000,1.500000,1.800000,457.907032,457.912317,454.357216,454.357756,3.584690,3.885872,400-500,351-500
SITE1_P10,P10,SITE1,map,B,3,11,P10_race_map_B_11.csv,12,13,14,09:25:09.625,09:25:09.625,09:25:13.444,-2180.500000,-155.400000,1971.400000,-2489.500000,-157.100000,2081.700000,-2487.500000,-155.700000,2080.000000,2.000000,1.400000,-1.700000,328.096160,328.100564,325.642381,325.642519,2.624881,2.974895,300-400,200-350
SITE1_P10,P10,SITE1,map,B,3,11,P10_race_map_B_11.csv,16,17,18,09:25:17.865,09:25:17.865,09:25:20.171,-2487.500000,-155.700000,2080.100000,-2630.000000,-156.100000,2448.000000,-2629.600000,-154.800000,2450.100000,0.400000,1.300000,2.100000,394.533471,394.533674,396.348849,396.349871,2.137756,2.501999,300-400,351-500
SITE1_P10,P10,SITE1,map,B,3,11,P10_race_map_B_11.csv,20,21,22,09:25:25.710,09:25:25.710,09:25:28.419,-2629.500000,-154.800000,2450.100000,-2978.700000,-155.900000,2306.500000,-2975.500000,-154.300000,2303.300000,3.200000,1.600000,-3.200000,377.573304,377.574906,375.854014,375.854347,4.525483,4.800000,300-400,351-500
SITE1_P10,P10,SITE1,map,B,3,11,P10_race_map_B_11.csv,24,25,26,09:25:33.746,09:25:33.746,09:25:38.241,-2975.500000,-154.400000,2303.300000,-2999.000000,-156.000000,1931.000000,-2999.900000,-154.500000,1931.200000,-0.900000,1.500000,0.200000,373.040936,373.044367,372.899142,372.899155,0.921954,1.760682,300-400,351-500
SITE1_P10,P10,SITE1,map,C,3,9,P10_race_map_C_9.csv,4,5,6,09:21:50.247,09:21:50.247,09:21:53.971,-2003.400000,-141.900000,179.600000,-2299.700000,-147.700000,56.800000,-2302.000000,-146.200000,58.500000,-2.300000,1.500000,1.700000,320.739037,320.791474,322.222237,322.250927,2.860070,3.229551,300-400,200-350
SITE1_P10,P10,SITE1,map,C,3,9,P10_race_map_C_9.csv,8,9,10,09:21:59.997,09:21:59.997,09:22:02.752,-2302.100000,-146.300000,58.400000,-2303.900000,-147.000000,-387.200000,-2304.700000,-145.600000,-385.300000,-0.800000,1.400000,1.900000,445.603636,445.604185,443.707618,443.708170,2.061553,2.491987,400-500,351-500
SITE1_P10,P10,SITE1,map,C,3,9,P10_race_map_C_9.csv,12,13,14,09:22:09.388,09:22:09.388,09:22:16.052,-2304.700000,-145.700000,-385.400000,-1943.900000,-143.600000,-367.100000,-1946.300000,-142.300000,-366.500000,-2.400000,1.300000,0.600000,361.263796,361.269899,358.897994,358.914098,2.473863,2.794638,300-400,351-500
SITE1_P10,P10,SITE1,map,C,3,9,P10_race_map_C_9.csv,16,17,18,09:22:22.254,09:22:22.254,09:22:30.120,-1946.300000,-142.400000,-366.600000,-2025.000000,-148.600000,-798.000000,-2027.400000,-147.200000,-798.800000,-2.400000,1.400000,-0.800000,438.519840,438.563667,439.743164,439.769360,2.529822,2.891366,400-500,351-500
SITE1_P10,P10,SITE1,map,C,3,9,P10_race_map_C_9.csv,20,21,22,09:22:37.640,09:22:37.640,09:22:42.263,-2027.500000,-147.300000,-799.000000,-1819.400000,-140.800000,-1190.000000,-1820.400000,-139.400000,-1187.900000,-1.000000,1.400000,2.100000,442.929577,442.977268,440.605969,440.676786,2.325941,2.714774,400-500,351-500
SITE1_P10,P10,SITE1,map,C,3,9,P10_race_map_C_9.csv,24,25,26,09:22:47.839,09:22:47.840,09:22:52.690,-1820.300000,-139.400000,-1188.000000,-1375.200000,-127.000000,-1014.300000,-1377.100000,-125.700000,-1014.400000,-1.900000,1.300000,-0.100000,477.792528,477.953408,475.986554,476.183673,1.902630,2.304344,400-500,351-500
SITE1_P10,P10,SITE1,tsunami,A,2,7,P10_race_tsunami_A_7.csv,40,41,42,09:13:14.653,09:13:14.653,09:13:16.703,-217.700000,-109.400000,-1769.300000,-640.700000,-108.700000,-1512.100000,-641.100000,-107.300000,-1508.700000,-0.400000,1.400000,3.400000,495.056401,495.056896,497.171922,497.176357,3.423449,3.698648,400-500,351-500
SITE1_P10,P10,SITE1,tsunami,B,2,5,P10_race_tsunami_B_5.csv,18,19,20,09:10:22.048,09:10:22.048,09:10:24.606,-2181.800000,-155.300000,1972.000000,-2489.500000,-157.100000,2081.700000,-2494.300000,-155.700000,2085.600000,-4.800000,1.400000,3.900000,326.670139,326.675099,332.507459,332.507699,6.184658,6.341136,300-400,200-350
SITE1_P11,P11,SITE1,map,A,3,9,P11_race_map_A_9.csv,14,15,16,14:00:15.799,14:00:15.799,14:00:33.944,1035.500000,-123.900000,-1928.400000,660.800000,-122.800000,-2101.300000,661.600000,-121.300000,-2098.000000,0.800000,1.500000,3.300000,412.667542,412.669008,410.567132,410.575365,3.395585,3.712142,400-500,351-500
SITE1_P11,P11,SITE1,map,A,3,9,P11_race_map_A_9.csv,25,26,27,14:00:46.820,14:00:46.820,14:00:48.104,197.400000,-118.900000,-2080.700000,207.800000,-130.500000,-1742.200000,203.700000,-129.100000,-1739.700000,-4.100000,1.400000,2.500000,338.659726,338.858333,341.058192,341.210683,4.802083,5.002000,300-400,200-350
SITE1_P11,P11,SITE1,map,A,3,9,P11_race_map_A_9.csv,29,30,31,14:00:51.235,14:00:51.235,14:00:52.558,203.700000,-129.100000,-1739.800000,-221.000000,-110.700000,-1770.000000,-216.300000,-109.400000,-1771.000000,4.700000,1.300000,-1.000000,425.772392,426.169790,421.157263,421.617753,4.805206,4.977951,400-500,351-500
SITE1_P11,P11,SITE1,map,A,3,9,P11_race_map_A_9.csv,33,34,35,14:00:55.496,14:00:55.496,14:00:57.184,-216.300000,-109.400000,-1771.000000,-640.700000,-108.700000,-1512.100000,-642.000000,-107.100000,-1515.600000,-1.300000,1.600000,-3.500000,497.136370,497.136862,496.436955,496.442283,3.733631,4.062019,400-500,351-500
SITE1_P11,P11,SITE1,map,B,3,10,P11_race_map_B_10.csv,4,5,6,14:01:14.260,14:01:14.260,14:01:15.600,-1587.500000,-148.200000,1834.200000,-1824.000000,-155.900000,2254.000000,-1821.000000,-154.500000,2254.700000,3.000000,1.400000,0.700000,481.834297,481.895819,480.980769,481.022027,3.080584,3.383785,400-500,351-500
SITE1_P11,P11,SITE1,map,B,3,10,P11_race_map_B_10.csv,8,9,10,14:01:19.259,14:01:19.259,14:01:22.000,-1821.100000,-154.600000,2254.600000,-2183.500000,-156.800000,1969.600000,-2184.200000,-155.200000,1971.100000,-0.700000,1.600000,1.500000,461.040953,461.046202,460.666756,460.667147,1.655295,2.302173,400-500,351-500
SITE1_P11,P11,SITE1,map,B,3,10,P11_race_map_B_10.csv,12,13,14,14:01:24.312,14:01:24.312,14:01:25.676,-2184.300000,-155.200000,1971.000000,-2489.500000,-157.100000,2081.700000,-2491.600000,-155.500000,2080.300000,-2.100000,1.600000,-1.400000,324.656018,324.661578,326.159133,326.159271,2.523886,2.988311,300-400,200-350
SITE1_P11,P11,SITE1,map,B,3,10,P11_race_map_B_10.csv,16,17,18,14:01:28.763,14:01:28.763,14:01:29.987,-2491.600000,-155.500000,2080.300000,-2630.000000,-156.100000,2448.000000,-2628.800000,-154.600000,2446.400000,1.200000,1.500000,-1.600000,392.884016,392.884474,390.964257,390.965293,2.000000,2.500000,300-400,351-500
SITE1_P11,P11,SITE1,map,B,3,10,P11_race_map_B_10.csv,20,21,22,14:01:33.257,14:01:33.257,14:01:35.209,-2628.800000,-154.600000,2446.400000,-2978.700000,-155.900000,2306.500000,-2979.300000,-154.400000,2306.500000,-0.600000,1.500000,0.000000,376.831554,376.833796,377.388739,377.388792,0.600000,1.615549,300-400,351-500
SITE1_P11,P11,SITE1,map,B,3,10,P11_race_map_B_10.csv,24,25,26,14:01:39.346,14:01:39.346,14:01:41.090,-2979.300000,-154.500000,2306.600000,-2999.000000,-156.000000,1931.000000,-2998.800000,-154.500000,1928.500000,0.200000,1.500000,-2.500000,376.116272,376.119263,378.602509,378.602509,2.507987,2.922328,300-400,351-500
SITE1_P11,P11,SITE1,map,C,3,11,P11_race_map_C_11.csv,4,5,6,14:01:53.606,14:01:53.607,14:01:56.994,-2003.400000,-141.900000,179.600000,-2299.700000,-147.700000,56.800000,-2302.200000,-146.100000,53.400000,-2.500000,1.600000,-3.400000,320.739037,320.791474,324.357642,324.384833,4.220190,4.513314,300-400,200-350
SITE1_P11,P11,SITE1,map,C,3,11,P11_race_map_C_11.csv,8,9,10,14:02:00.885,14:02:00.885,14:02:02.452,-2302.200000,-146.200000,53.500000,-2303.900000,-147.000000,-387.200000,-2307.600000,-145.500000,-390.700000,-3.700000,1.500000,-3.500000,440.703279,440.704005,444.232822,444.233373,5.093133,5.309426,400-500,351-500
SITE1_P11,P11,SITE1,map,C,3,11,P11_race_map_C_11.csv,12,13,14,14:02:06.204,14:02:06.204,14:02:08.364,-2307.500000,-145.500000,-390.700000,-1943.900000,-143.600000,-367.100000,-1943.700000,-142.000000,-367.400000,0.200000,1.600000,-0.300000,364.365092,364.370045,364.545374,364.562176,0.360555,1.640122,300-400,351-500
SITE1_P11,P11,SITE1,map,C,3,11,P11_race_map_C_11.csv,16,17,18,14:02:10.993,14:02:10.993,14:02:13.246,-1943.700000,-142.100000,-367.400000,-2025.000000,-148.600000,-798.000000,-2028.500000,-147.200000,-793.300000,-3.500000,1.400000,4.700000,438.207770,438.255975,434.260118,434.290064,5.860034,6.024948,400-500,351-500
SITE1_P11,P11,SITE1,map,C,3,11,P11_race_map_C_11.csv,20,21,22,14:02:17.420,14:02:17.420,14:02:19.630,-2028.400000,-147.300000,-793.300000,-1819.400000,-140.800000,-1190.000000,-1820.400000,-139.200000,-1190.200000,-1.000000,1.600000,-0.200000,448.388102,448.435213,448.100000,448.173203,1.019804,1.897367,400-500,351-500
SITE1_P11,P11,SITE1,map,C,3,11,P11_race_map_C_11.csv,24,25,26,14:02:22.610,14:02:22.610,14:02:24.024,-1820.400000,-139.200000,-1190.200000,-1375.200000,-127.000000,-1014.300000,-1373.100000,-125.500000,-1016.400000,2.100000,1.500000,-2.100000,478.689722,478.845163,479.878870,480.074390,2.969848,3.327161,400-500,351-500
SITE1_P11,P11,SITE1,tsunami,A,2,6,P11_race_tsunami_A_6.csv,4,5,6,13:52:32.723,13:52:32.724,13:52:33.893,1364.400000,-136.900000,-2182.400000,1036.100000,-125.400000,-1926.600000,1042.200000,-123.900000,-1933.800000,6.100000,1.500000,-7.200000,416.190497,416.349349,406.957983,407.165568,9.436631,9.555103,400-500,351-500
SITE1_P11,P11,SITE1,tsunami,B,2,7,P11_race_tsunami_B_7.csv,11,12,13,13:53:34.172,13:53:34.172,13:53:35.385,-1821.800000,-154.400000,2247.700000,-2183.500000,-156.800000,1969.600000,-2186.500000,-155.200000,1969.400000,-3.000000,1.600000,-0.200000,456.252671,456.258983,458.755905,458.756602,3.006659,3.405877,400-500,351-500
SITE1_P11,P11,SITE1,tsunami,C,2,5,P11_race_tsunami_C_5.csv,25,26,27,13:51:49.007,13:51:49.007,13:51:51.007,-1946.300000,-142.200000,-370.000000,-2025.000000,-148.600000,-798.000000,-2031.100000,-147.200000,-798.300000,-6.100000,1.400000,-0.300000,435.175470,435.222529,436.614166,436.642795,6.107373,6.265780,400-500,351-500
SITE1_P12,P12,SITE1,map,A,3,11,P12_race_map_A_11.csv,4,5,6,15:49:29.804,15:49:29.804,15:49:31.284,1364.600000,-136.900000,-2182.400000,1036.100000,-125.400000,-1926.600000,1033.500000,-123.800000,-1930.300000,-2.600000,1.600000,-3.700000,416.348280,416.507071,416.150958,416.357094,4.522168,4.796874,400-500,351-500
SITE1_P12,P12,SITE1,map,A,3,11,P12_race_map_A_11.csv,8,9,10,15:49:35.060,15:49:35.060,15:49:36.720,1033.600000,-123.900000,-1930.300000,660.800000,-122.800000,-2101.300000,656.100000,-121.100000,-2103.900000,-4.700000,1.700000,-2.600000,410.147339,410.148814,415.503562,415.512996,5.371220,5.633826,400-500,351-500
SITE1_P12,P12,SITE1,map,A,3,11,P12_race_map_A_11.csv,12,13,14,15:49:40.124,15:49:40.124,15:49:41.733,656.100000,-121.200000,-2103.800000,193.000000,-120.500000,-2075.600000,193.500000,-118.600000,-2080.500000,0.500000,1.900000,-4.900000,463.957811,463.958339,463.186410,463.193707,4.925444,5.279204,400-500,351-500
SITE1_P12,P12,SITE1,map,A,3,11,P12_race_map_A_11.csv,16,17,18,15:49:44.109,15:49:44.109,15:49:45.671,193.400000,-118.700000,-2080.500000,207.800000,-130.500000,-1742.200000,207.200000,-128.800000,-1746.400000,-0.600000,1.700000,-4.200000,338.606335,338.811880,334.384883,334.537382,4.242641,4.570558,300-400,200-350
SITE1_P12,P12,SITE1,map,A,3,11,P12_race_map_A_11.csv,20,21,22,15:49:48.909,15:49:48.909,15:49:50.506,207.200000,-128.800000,-1746.400000,-221.000000,-110.700000,-1770.000000,-223.500000,-109.000000,-1770.100000,-2.500000,1.700000,-0.100000,428.849857,429.231651,431.351574,431.805767,2.501999,3.024897,400-500,351-500
SITE1_P12,P12,SITE1,map,B,3,9,P12_race_map_B_9.csv,4,5,6,15:46:50.225,15:46:50.225,15:46:53.311,-1587.400000,-148.200000,1834.200000,-1824.000000,-155.900000,2254.000000,-1822.700000,-154.400000,2257.000000,1.300000,1.500000,3.000000,481.883388,481.944903,483.865612,483.905332,3.269557,3.597221,400-500,351-500
SITE1_P12,P12,SITE1,map,B,3,9,P12_race_map_B_9.csv,16,17,18,15:47:08.488,15:47:08.488,15:47:12.615,-2183.400000,-155.200000,1964.500000,-2489.500000,-157.100000,2081.700000,-2486.600000,-155.500000,2076.600000,2.900000,1.600000,-5.100000,327.769813,327.775319,323.259416,323.259555,5.866856,6.081118,300-400,200-350
SITE1_P12,P12,SITE1,map,B,3,9,P12_race_map_B_9.csv,29,30,31,15:47:27.466,15:47:27.466,15:47:30.222,-2823.700000,-153.800000,2280.600000,-2630.000000,-156.100000,2448.000000,-2631.400000,-154.500000,2448.500000,-1.400000,1.600000,0.500000,256.012597,256.022929,255.283568,255.284528,1.486607,2.184033,200-300,200-350
SITE1_P12,P12,SITE1,map,B,3,9,P12_race_map_B_9.csv,33,34,35,15:47:32.843,15:47:32.843,15:47:35.597,-2631.300000,-154.600000,2448.600000,-2978.700000,-155.900000,2306.500000,-2983.500000,-154.400000,2306.700000,-4.800000,1.500000,0.200000,375.338740,375.340992,379.711009,379.711061,4.804165,5.032892,300-400,351-500
SITE1_P12,P12,SITE1,map,B,3,9,P12_race_map_B_9.csv,37,38,39,15:47:39.786,15:47:39.786,15:47:42.737,-2983.600000,-154.500000,2306.600000,-2999.000000,-156.000000,1931.000000,-3001.900000,-154.200000,1933.100000,-2.900000,1.800000,2.100000,375.915576,375.918568,373.948045,373.948165,3.580503,4.007493,300-400,351-500
SITE1_P12,P12,SITE1,map,C,3,10,P12_race_map_C_10.csv,4,5,6,15:48:34.220,15:48:34.220,15:48:39.745,-2003.200000,-141.900000,179.600000,-2299.700000,-147.700000,56.800000,-2297.900000,-146.100000,58.600000,1.800000,1.600000,1.800000,320.923807,320.976214,318.573524,318.601208,2.545584,3.006659,300-400,200-350
SITE1_P12,P12,SITE1,map,C,3,10,P12_race_map_C_10.csv,8,9,10,15:48:43.287,15:48:43.287,15:48:46.392,-2297.800000,-146.300000,58.600000,-2303.900000,-147.000000,-387.200000,-2302.600000,-145.400000,-387.900000,1.300000,1.600000,-0.700000,445.841732,445.842282,446.525800,446.526707,1.476482,2.177154,400-500,351-500
SITE1_P12,P12,SITE1,map,C,3,10,P12_race_map_C_10.csv,12,13,14,15:48:50.746,15:48:50.746,15:48:56.790,-2302.600000,-145.500000,-387.900000,-1943.900000,-143.600000,-367.100000,-1943.900000,-142.000000,-367.600000,0.000000,1.600000,-0.500000,359.302561,359.307584,359.273962,359.291010,0.500000,1.676305,300-400,351-500
SITE1_P12,P12,SITE1,map,C,3,10,P12_race_map_C_10.csv,16,17,18,15:48:59.828,15:48:59.828,15:49:02.132,-1943.800000,-142.100000,-367.700000,-2025.000000,-148.600000,-798.000000,-2024.300000,-146.900000,-800.800000,0.700000,1.700000,-2.800000,437.894428,437.942667,440.517718,440.543868,2.886174,3.349627,400-500,351-500
SITE1_P12,P12,SITE1,map,C,3,10,P12_race_map_C_10.csv,20,21,22,15:49:06.841,15:49:06.841,15:49:08.766,-2024.300000,-147.000000,-800.800000,-1819.400000,-140.800000,-1190.000000,-1821.200000,-139.300000,-1191.500000,-1.800000,1.500000,-1.500000,439.841619,439.885315,440.336349,440.403667,2.343075,2.782086,400-500,351-500
SITE1_P12,P12,SITE1,map,C,3,10,P12_race_map_C_10.csv,24,25,26,15:49:13.830,15:49:13.830,15:49:15.611,-1821.300000,-139.400000,-1191.600000,-1375.200000,-127.000000,-1014.300000,-1375.400000,-125.400000,-1016.500000,-0.200000,1.600000,-2.200000,480.042186,480.202312,479.047826,479.252355,2.209072,2.727636,400-500,351-500
SITE1_P12,P12,SITE1,tsunami,A,2,5,P12_race_tsunami_A_5.csv,4,5,6,15:33:10.010,15:33:10.011,15:33:11.749,1364.500000,-136.900000,-2182.200000,1036.100000,-125.400000,-1926.600000,1040.300000,-123.800000,-1930.100000,4.200000,1.600000,-3.500000,416.146513,416.305381,410.682420,410.891299,5.467175,5.696490,400-500,351-500
SITE1_P12,P12,SITE1,tsunami,A,2,5,P12_race_tsunami_A_5.csv,18,19,20,15:33:31.412,15:33:31.412,15:33:33.994,432.000000,-121.500000,-2170.800000,193.000000,-120.500000,-2075.600000,196.200000,-118.800000,-2077.100000,3.200000,1.700000,-1.500000,257.262590,257.264533,253.734763,253.749128,3.534119,3.921734,200-300,200-350
SITE1_P12,P12,SITE1,tsunami,B,2,6,P12_race_tsunami_B_6.csv,4,5,6,15:34:27.644,15:34:27.644,15:34:29.043,-1587.600000,-148.100000,1834.200000,-1824.000000,-155.900000,2254.000000,-1821.600000,-154.400000,2255.300000,2.400000,1.500000,1.300000,481.785222,481.848358,481.748077,481.789269,2.729469,3.114482,400-500,351-500
SITE1_P12,P12,SITE1,tsunami,B,2,6,P12_race_tsunami_B_6.csv,16,17,18,15:34:46.514,15:34:46.514,15:34:48.651,-2183.800000,-155.100000,1972.300000,-2489.500000,-157.100000,2081.700000,-2495.300000,-155.500000,2086.600000,-5.800000,1.600000,4.900000,324.685771,324.691931,331.808288,331.808529,7.592760,7.759510,300-400,200-350
SITE1_P12,P12,SITE1,tsunami,C,2,7,P12_race_tsunami_C_7.csv,28,29,30,15:36:02.798,15:36:02.798,15:36:04.593,-1940.600000,-141.800000,-366.400000,-2025.000000,-148.600000,-798.000000,-2028.600000,-147.000000,-798.900000,-3.600000,1.600000,-0.900000,439.774851,439.827421,441.361813,441.392444,3.710795,4.041039,400-500,351-500
SITE1_P12,P12,SITE1,tsunami,C,2,7,P12_race_tsunami_C_7.csv,35,36,37,15:36:11.340,15:36:11.340,15:36:13.013,-2019.600000,-146.000000,-829.200000,-1819.400000,-140.800000,-1190.000000,-1820.500000,-139.100000,-1183.600000,-1.100000,1.700000,6.400000,412.621715,412.654480,406.497442,406.555999,6.493843,6.712675,400-500,351-500
SITE1_P13,P13,SITE1,map,A,1,1,P13_race_map_A_1.csv,4,5,6,16:49:24.637,16:49:24.637,16:49:31.817,1364.400000,-137.000000,-2182.400000,1036.100000,-125.400000,-1926.600000,1038.200000,-123.800000,-1928.200000,2.100000,1.600000,-1.600000,416.190497,416.352123,413.550577,413.761187,2.640076,3.087070,400-500,351-500
SITE1_P13,P13,SITE1,map,A,1,1,P13_race_map_A_1.csv,8,9,10,16:49:37.338,16:49:37.338,16:49:43.473,1038.300000,-123.900000,-1928.300000,660.800000,-122.800000,-2101.300000,659.000000,-121.200000,-2098.900000,-1.800000,1.600000,2.400000,415.253236,415.254693,415.900048,415.908812,3.000000,3.400000,400-500,351-500
SITE1_P13,P13,SITE1,map,A,1,1,P13_race_map_A_1.csv,12,13,14,16:49:50.414,16:49:50.414,16:49:56.824,659.100000,-121.200000,-2099.000000,193.000000,-120.500000,-2075.600000,195.500000,-118.800000,-2076.700000,2.500000,1.700000,-1.100000,466.687015,466.687540,464.136025,464.142230,2.731300,3.217142,400-500,351-500
SITE1_P13,P13,SITE1,map,A,1,1,P13_race_map_A_1.csv,16,17,18,16:50:01.070,16:50:01.070,16:50:05.349,195.500000,-118.900000,-2076.700000,207.800000,-130.500000,-1742.200000,206.700000,-128.900000,-1740.100000,-1.100000,1.600000,2.100000,334.726067,334.927007,336.786282,336.934712,2.370654,2.860070,300-400,200-350
SITE1_P13,P13,SITE1,map,A,1,1,P13_race_map_A_1.csv,20,21,22,16:50:10.035,16:50:10.035,16:50:16.192,206.800000,-129.000000,-1740.300000,-221.000000,-110.700000,-1770.000000,-216.800000,-109.200000,-1771.600000,4.200000,1.500000,-1.600000,428.829721,429.220014,424.754812,425.216051,4.494441,4.738143,400-500,351-500
SITE1_P13,P13,SITE1,map,A,1,1,P13_race_map_A_1.csv,24,25,26,16:50:20.726,16:50:20.726,16:50:26.933,-216.900000,-109.200000,-1771.700000,-640.700000,-108.700000,-1512.100000,-640.500000,-107.000000,-1513.400000,0.200000,1.700000,-1.300000,496.989537,496.989789,496.140958,496.145835,1.315295,2.149419,400-500,351-500
SITE1_P13,P13,SITE1,map,B,1,2,P13_race_map_B_2.csv,4,5,6,16:50:54.480,16:50:54.481,16:51:01.954,-1587.400000,-148.200000,1834.200000,-1824.000000,-155.900000,2254.000000,-1823.000000,-154.300000,2251.900000,1.000000,1.600000,-2.100000,481.883388,481.944903,479.562978,479.601772,2.325941,2.823119,400-500,351-500
SITE1_P13,P13,SITE1,map,B,1,2,P13_race_map_B_2.csv,8,9,10,16:51:07.188,16:51:07.188,16:51:12.138,-1823.000000,-154.400000,2251.800000,-2183.500000,-156.800000,1969.600000,-2181.800000,-155.100000,1971.000000,1.700000,1.700000,1.400000,457.817748,457.824038,455.616154,455.616692,2.202272,2.782086,400-500,351-500
SITE1_P13,P13,SITE1,map,B,1,2,P13_race_map_B_2.csv,12,13,14,16:51:16.271,16:51:16.271,16:51:22.857,-2181.700000,-155.100000,1971.000000,-2489.500000,-157.100000,2081.700000,-2488.000000,-155.500000,2080.100000,1.500000,1.600000,-1.600000,327.101406,327.107521,325.149965,325.150211,2.193171,2.714774,300-400,200-350
SITE1_P13,P13,SITE1,map,B,1,2,P13_race_map_B_2.csv,16,17,18,16:51:25.799,16:51:25.799,16:51:30.148,-2488.000000,-155.500000,2080.000000,-2630.000000,-156.100000,2448.000000,-2628.500000,-154.500000,2445.200000,1.500000,1.600000,-2.800000,394.446448,394.446904,391.294378,391.295655,3.176476,3.556684,300-400,351-500
SITE1_P13,P13,SITE1,map,B,1,2,P13_race_map_B_2.csv,20,21,22,16:51:35.164,16:51:35.164,16:51:39.995,-2628.500000,-154.500000,2445.200000,-2978.700000,-155.900000,2306.500000,-2976.600000,-154.200000,2306.200000,2.100000,1.700000,-0.300000,376.666603,376.669205,374.826106,374.826226,2.121320,2.718455,300-400,351-500
SITE1_P13,P13,SITE1,map,C,1,3,P13_race_map_C_3.csv,4,5,6,16:52:20.505,16:52:20.506,16:52:24.097,-2003.300000,-141.900000,179.600000,-2299.700000,-147.700000,56.800000,-2302.400000,-146.100000,60.500000,-2.700000,1.600000,3.700000,320.831420,320.883842,321.940398,321.967793,4.580393,4.851804,300-400,200-350
SITE1_P13,P13,SITE1,map,C,1,3,P13_race_map_C_3.csv,8,9,10,16:52:30.313,16:52:30.313,16:52:32.338,-2302.400000,-146.100000,60.500000,-2303.900000,-147.000000,-387.200000,-2303.300000,-145.300000,-385.600000,0.600000,1.700000,1.600000,447.702513,447.703417,446.100908,446.101625,1.708801,2.410394,400-500,351-500
SITE1_P13,P13,SITE1,map,C,1,3,P13_race_map_C_3.csv,12,13,14,16:52:39.389,16:52:39.390,16:52:45.864,-2303.400000,-145.400000,-385.600000,-1943.900000,-143.600000,-367.100000,-1946.800000,-142.100000,-367.900000,-2.900000,1.500000,-0.800000,359.975694,359.980194,357.039003,357.054254,3.008322,3.361547,300-400,351-500
SITE1_P13,P13,SITE1,map,C,1,3,P13_race_map_C_3.csv,16,17,18,16:52:50.784,16:52:50.785,16:52:52.537,-1946.600000,-142.200000,-368.200000,-2025.000000,-148.600000,-798.000000,-2021.700000,-147.000000,-794.900000,3.300000,1.600000,3.100000,436.891977,436.938852,433.258468,433.285056,4.527693,4.802083,400-500,351-500
SITE1_P13,P13,SITE1,map,C,1,3,P13_race_map_C_3.csv,26,27,28,16:53:11.214,16:53:11.214,16:53:12.953,-1817.700000,-139.100000,-1190.300000,-1375.200000,-127.000000,-1014.300000,-1376.800000,-125.400000,-1015.700000,-1.600000,1.600000,-1.400000,476.216600,476.370297,474.213001,474.410856,2.126029,2.660827,400-500,351-500
SITE1_P13,P13,SITE1,tsunami,C,3,9,P13_race_tsunami_C_9.csv,14,15,16,17:11:21.376,17:11:21.377,17:11:26.280,-2299.300000,-146.100000,58.300000,-2303.900000,-147.000000,-387.200000,-2311.500000,-145.300000,-385.800000,-7.600000,1.700000,1.400000,445.523748,445.524657,444.267543,444.268264,7.727872,7.912648,400-500,351-500
SITE1_P13,P13,SITE1,tsunami,C,3,9,P13_race_tsunami_C_9.csv,32,33,34,17:11:51.696,17:11:51.696,17:11:55.077,-2027.200000,-146.800000,-802.900000,-1819.400000,-140.800000,-1190.000000,-1816.600000,-138.900000,-1192.500000,2.800000,1.900000,-2.500000,439.348666,439.389633,442.877545,442.947999,3.753665,4.207137,400-500,351-500
SITE1_P14,P14,SITE1,map,A,1,3,P14_race_map_A_3.csv,18,19,20,11:28:21.658,11:28:21.658,11:28:25.836,656.600000,-121.200000,-2097.100000,193.000000,-120.500000,-2075.600000,195.200000,-118.900000,-2076.000000,2.200000,1.600000,-0.400000,464.098276,464.098804,461.882204,461.887930,2.236068,2.749545,400-500,351-500
SITE1_P14,P14,SITE1,map,A,1,3,P14_race_map_A_3.csv,22,23,24,11:28:28.226,11:28:28.227,11:28:32.875,195.300000,-118.900000,-2076.000000,207.800000,-130.500000,-1742.200000,209.200000,-128.900000,-1743.500000,1.400000,1.600000,-1.300000,334.033965,334.235321,332.790415,332.940625,1.910497,2.491987,300-400,200-350
SITE1_P14,P14,SITE1,map,A,1,3,P14_race_map_A_3.csv,26,27,28,11:28:35.536,11:28:35.537,11:28:38.104,209.100000,-128.900000,-1743.500000,-221.000000,-110.700000,-1770.000000,-223.700000,-109.000000,-1770.000000,-2.700000,1.700000,0.000000,430.915607,431.299780,433.610528,434.066930,2.700000,3.190611,400-500,351-500
SITE1_P14,P14,SITE1,map,A,1,3,P14_race_map_A_3.csv,31,32,33,11:28:42.401,11:28:42.401,11:28:47.662,-231.000000,-108.900000,-1766.500000,-640.700000,-108.700000,-1512.100000,-640.300000,-107.100000,-1511.900000,0.400000,1.600000,0.200000,482.258696,482.258738,482.024533,482.027893,0.447214,1.661325,400-500,351-500
SITE1_P14,P14,SITE1,map,B,1,1,P14_race_map_B_1.csv,4,5,6,11:25:22.888,11:25:22.888,11:25:30.509,-1587.700000,-148.200000,1834.200000,-1824.000000,-155.900000,2254.000000,-1826.300000,-154.300000,2256.300000,-2.300000,1.600000,2.300000,481.736162,481.797696,484.869436,484.907806,3.252691,3.624914,400-500,351-500
SITE1_P14,P14,SITE1,map,B,1,1,P14_race_map_B_1.csv,14,15,16,11:25:46.474,11:25:46.474,11:25:52.835,-2134.400000,-152.600000,2245.400000,-2183.500000,-156.800000,1969.600000,-2183.000000,-155.100000,1967.300000,0.500000,1.700000,-2.300000,280.136485,280.167967,282.314665,282.325734,2.353720,2.903446,200-300,200-350
SITE1_P14,P14,SITE1,map,B,1,1,P14_race_map_B_1.csv,18,19,20,11:25:56.193,11:25:56.193,11:26:01.561,-2183.200000,-155.200000,1967.200000,-2489.500000,-157.100000,2081.700000,-2490.300000,-155.500000,2080.200000,-0.800000,1.600000,-1.500000,327.001437,327.006957,327.229904,327.230041,1.700000,2.334524,300-400,200-350
SITE1_P14,P14,SITE1,map,B,1,1,P14_race_map_B_1.csv,22,23,24,11:26:05.205,11:26:05.205,11:26:11.794,-2490.300000,-155.500000,2080.200000,-2630.000000,-156.100000,2448.000000,-2631.500000,-154.500000,2448.900000,-1.500000,1.600000,0.900000,393.437327,393.437784,394.812778,394.814045,1.749286,2.370654,300-400,351-500
SITE1_P14,P14,SITE1,map,B,1,1,P14_race_map_B_1.csv,26,27,28,11:26:15.686,11:26:15.686,11:26:19.951,-2631.500000,-154.600000,2448.700000,-2978.700000,-155.900000,2306.500000,-2976.600000,-154.200000,2305.700000,2.100000,1.700000,-0.800000,375.191524,375.193777,373.554561,373.554775,2.247221,2.817801,300-400,351-500
SITE1_P14,P14,SITE1,map,B,1,1,P14_race_map_B_1.csv,30,31,32,11:26:23.233,11:26:23.233,11:26:27.405,-2976.500000,-154.300000,2305.600000,-2999.000000,-156.000000,1931.000000,-2997.800000,-154.400000,1930.300000,1.200000,1.600000,-0.700000,375.275112,375.278963,375.903950,375.903964,1.389244,2.118962,300-400,351-500
SITE1_P14,P14,SITE1,map,C,1,2,P14_race_map_C_2.csv,4,5,6,11:26:56.900,11:26:56.900,11:27:00.317,-2003.300000,-141.900000,179.500000,-2299.700000,-147.700000,56.800000,-2302.300000,-146.000000,54.800000,-2.600000,1.700000,-2.000000,320.793158,320.845586,323.961556,323.987500,3.280244,3.694591,300-400,200-350
SITE1_P14,P14,SITE1,map,C,1,2,P14_race_map_C_2.csv,8,9,10,11:27:03.717,11:27:03.717,11:27:08.834,-2302.400000,-146.100000,54.600000,-2303.900000,-147.000000,-387.200000,-2305.000000,-145.300000,-385.700000,-1.100000,1.700000,1.500000,441.802546,441.803463,440.307677,440.308403,1.860108,2.519921,400-500,351-500
SITE1_P14,P14,SITE1,map,C,1,2,P14_race_map_C_2.csv,12,13,14,11:27:12.084,11:27:12.084,11:27:16.200,-2304.900000,-145.400000,-385.700000,-1943.900000,-143.600000,-367.100000,-1943.300000,-142.000000,-368.500000,0.600000,1.600000,-1.400000,361.478851,361.483333,362.008840,362.024806,1.523155,2.209072,300-400,351-500
SITE1_P14,P14,SITE1,map,C,1,2,P14_race_map_C_2.csv,16,17,18,11:27:18.842,11:27:18.842,11:27:21.633,-1943.400000,-142.100000,-368.600000,-2025.000000,-148.600000,-798.000000,-2029.600000,-147.100000,-794.400000,-4.600000,1.500000,3.600000,437.084568,437.132897,434.437660,434.466431,5.841233,6.030755,400-500,351-500
SITE1_P14,P14,SITE1,map,C,1,2,P14_race_map_C_2.csv,20,21,22,11:27:23.895,11:27:23.895,11:27:28.456,-2029.600000,-147.200000,-794.400000,-1819.400000,-140.800000,-1190.000000,-1819.100000,-139.100000,-1186.000000,0.300000,1.700000,4.000000,447.977008,448.022723,444.590609,444.664390,4.011234,4.356604,400-500,351-500
SITE1_P14,P14,SITE1,map,C,1,2,P14_race_map_C_2.csv,24,25,26,11:27:31.668,11:27:31.668,11:27:37.547,-1819.100000,-139.100000,-1185.900000,-1375.200000,-127.000000,-1014.300000,-1376.600000,-125.400000,-1014.500000,-1.400000,1.600000,-0.200000,475.913616,476.067411,474.535784,474.733504,1.414214,2.135416,400-500,351-500
SITE1_P14,P14,SITE1,tsunami,A,3,9,P14_race_tsunami_A_9.csv,32,33,34,11:53:46.142,11:53:46.142,11:53:48.775,193.600000,-119.000000,-2073.300000,207.800000,-130.500000,-1742.200000,205.000000,-128.800000,-1744.000000,-2.800000,1.700000,-1.800000,331.404360,331.603830,329.497269,329.642974,3.328663,3.737646,300-400,200-350
SITE1_P14,P14,SITE1,tsunami,C,3,11,P14_race_tsunami_C_11.csv,35,36,37,11:56:13.397,11:56:13.397,11:56:14.470,-2003.800000,-144.900000,-847.100000,-1819.400000,-140.800000,-1190.000000,-1822.400000,-139.100000,-1184.400000,-3.000000,1.700000,5.600000,389.337604,389.359191,382.984660,383.028576,6.352952,6.576473,300-400,351-500
SITE1_P15,P15,SITE1,map,A,1,2,P15_race_map_A_2.csv,4,5,6,17:52:13.075,17:52:13.075,17:52:18.978,1364.400000,-136.900000,-2182.300000,1036.100000,-125.400000,-1926.600000,1036.700000,-123.900000,-1929.400000,0.600000,1.500000,-2.800000,416.129042,416.287917,413.939247,414.143333,2.863564,3.232646,400-500,351-500
SITE1_P15,P15,SITE1,map,A,1,2,P15_race_map_A_2.csv,8,9,10,17:52:29.274,17:52:29.274,17:52:34.548,1036.600000,-123.900000,-1929.500000,660.800000,-122.800000,-2101.300000,663.600000,-121.200000,-2100.500000,2.800000,1.600000,0.800000,413.208035,413.209499,410.329136,410.338019,2.912044,3.322650,400-500,351-500
SITE1_P15,P15,SITE1,map,A,1,2,P15_race_map_A_2.csv,12,13,14,17:52:44.791,17:52:44.791,17:52:47.107,663.600000,-121.300000,-2100.400000,193.000000,-120.500000,-2075.600000,197.700000,-119.200000,-2072.400000,4.700000,1.300000,3.200000,471.253011,471.253690,466.740624,466.745348,5.685948,5.832667,400-500,351-500
SITE1_P15,P15,SITE1,map,A,1,2,P15_race_map_A_2.csv,16,17,18,17:52:56.063,17:52:56.063,17:53:02.926,197.700000,-119.200000,-2072.300000,207.800000,-130.500000,-1742.200000,208.600000,-129.000000,-1743.200000,0.800000,1.500000,-1.000000,330.254478,330.447742,329.280458,329.426259,1.280625,1.972308,300-400,200-350
SITE1_P15,P15,SITE1,map,A,1,2,P15_race_map_A_2.csv,20,21,22,17:53:12.050,17:53:12.050,17:53:20.055,208.600000,-129.000000,-1743.100000,-221.000000,-110.700000,-1770.000000,-219.500000,-109.300000,-1769.400000,1.500000,1.400000,0.600000,430.441367,430.830199,428.907099,429.359278,1.615549,2.137756,400-500,351-500
SITE1_P15,P15,SITE1,map,A,1,2,P15_race_map_A_2.csv,24,25,26,17:53:29.258,17:53:29.260,17:53:36.668,-219.400000,-109.300000,-1769.400000,-640.700000,-108.700000,-1512.100000,-638.900000,-107.200000,-1512.100000,1.800000,1.500000,0.000000,493.656743,493.657108,492.121469,492.125949,1.800000,2.343075,400-500,351-500
SITE1_P15,P15,SITE1,map,B,1,3,P15_race_map_B_3.csv,4,5,6,17:54:02.095,17:54:02.095,17:54:09.429,-1587.500000,-148.200000,1834.200000,-1824.000000,-155.900000,2254.000000,-1821.300000,-154.500000,2252.700000,2.700000,1.400000,-1.300000,481.834297,481.895819,479.379484,479.420880,2.996665,3.307567,400-500,351-500
SITE1_P15,P15,SITE1,map,B,1,3,P15_race_map_B_3.csv,8,9,10,17:54:19.220,17:54:19.220,17:54:21.688,-1821.300000,-154.500000,2252.600000,-2183.500000,-156.800000,1969.600000,-2185.200000,-155.200000,1972.000000,-1.700000,1.600000,2.400000,459.649693,459.655447,459.521022,459.521556,2.941088,3.348134,400-500,351-500
SITE1_P15,P15,SITE1,map,B,1,3,P15_race_map_B_3.csv,12,13,14,17:54:29.151,17:54:29.152,17:54:31.137,-2185.200000,-155.300000,1972.000000,-2489.500000,-157.100000,2081.700000,-2487.800000,-155.500000,2082.600000,1.700000,1.600000,0.900000,323.469597,323.474605,322.178708,322.178770,1.923538,2.501999,300-400,200-350
SITE1_P15,P15,SITE1,map,B,1,3,P15_race_map_B_3.csv,16,17,18,17:54:38.446,17:54:38.446,17:54:40.458,-2487.700000,-155.600000,2082.600000,-2630.000000,-156.100000,2448.000000,-2628.400000,-154.600000,2443.000000,1.600000,1.500000,-5.000000,392.130654,392.130973,386.891005,386.892298,5.249762,5.459853,300-400,351-500
SITE1_P15,P15,SITE1,map,B,1,3,P15_race_map_B_3.csv,20,21,22,17:54:47.330,17:54:47.330,17:54:51.566,-2628.600000,-154.600000,2442.900000,-2978.700000,-155.900000,2306.500000,-2977.400000,-154.300000,2306.400000,1.300000,1.600000,-0.100000,375.732578,375.734827,374.557993,374.558113,1.303840,2.063977,300-400,351-500
SITE1_P15,P15,SITE1,map,B,1,3,P15_race_map_B_3.csv,24,25,26,17:55:02.875,17:55:02.875,17:55:06.212,-2977.300000,-154.400000,2306.300000,-2999.000000,-156.000000,1931.000000,-3003.800000,-154.300000,1931.700000,-4.800000,1.700000,0.700000,375.926828,375.930233,375.536163,375.536177,4.850773,5.140039,300-400,351-500
SITE1_P15,P15,SITE1,map,C,1,1,P15_race_map_C_1.csv,5,6,7,17:50:00.485,17:50:00.485,17:50:14.351,-2003.300000,-141.800000,179.500000,-2299.700000,-147.700000,56.800000,-2299.100000,-146.100000,58.800000,0.600000,1.600000,2.000000,320.793158,320.847409,319.477902,319.506839,2.088061,2.630589,300-400,200-350
SITE1_P15,P15,SITE1,map,C,1,1,P15_race_map_C_1.csv,9,10,11,17:50:29.523,17:50:29.525,17:50:31.783,-2299.100000,-146.200000,58.800000,-2303.900000,-147.000000,-387.200000,-2303.900000,-145.400000,-382.500000,0.000000,1.600000,4.700000,446.025829,446.026546,441.326104,441.326829,4.700000,4.964877,400-500,351-500
SITE1_P15,P15,SITE1,map,C,1,1,P15_race_map_C_1.csv,13,14,15,17:50:43.333,17:50:43.335,17:50:44.955,-2303.800000,-145.400000,-382.600000,-1943.900000,-143.600000,-367.100000,-1947.300000,-142.200000,-366.000000,-3.400000,1.400000,1.100000,360.233619,360.238116,356.886270,356.900616,3.573514,3.837968,300-400,351-500
SITE1_P15,P15,SITE1,map,C,1,1,P15_race_map_C_1.csv,17,18,19,17:50:54.045,17:50:54.047,17:50:56.549,-1947.200000,-142.200000,-366.100000,-2025.000000,-148.600000,-798.000000,-2023.800000,-147.100000,-795.700000,1.200000,1.500000,2.300000,438.851285,438.897949,436.375664,436.403174,2.594224,2.996665,400-500,351-500
SITE1_P15,P15,SITE1,map,C,1,1,P15_race_map_C_1.csv,21,22,23,17:51:09.721,17:51:09.721,17:51:13.187,-2023.900000,-147.100000,-795.600000,-1819.400000,-140.800000,-1190.000000,-1824.000000,-139.400000,-1189.800000,-4.600000,1.400000,0.200000,444.265247,444.309914,441.988292,442.055359,4.604346,4.812484,400-500,351-500
SITE1_P15,P15,SITE1,map,C,1,1,P15_race_map_C_1.csv,26,27,28,17:51:32.313,17:51:32.313,17:51:34.300,-1823.900000,-139.400000,-1189.800000,-1375.200000,-127.000000,-1014.300000,-1373.000000,-125.400000,-1012.800000,2.200000,1.600000,1.500000,481.800726,481.960268,484.396336,484.598607,2.662705,3.106445,400-500,351-500
SITE1_P15,P15,SITE1,tsunami,A,3,11,P15_race_tsunami_A_11.csv,28,29,30,18:23:19.980,18:23:19.980,18:23:22.220,194.600000,-119.000000,-2074.000000,207.800000,-130.500000,-1742.200000,209.400000,-129.000000,-1741.100000,1.600000,1.500000,1.100000,332.062464,332.261539,333.228825,333.378839,1.941649,2.453569,300-400,200-350
SITE1_P15,P15,SITE1,tsunami,B,3,9,P15_race_tsunami_B_9.csv,4,5,6,18:19:11.115,18:19:11.116,18:19:13.428,-1587.400000,-148.100000,1834.300000,-1824.000000,-155.900000,2254.000000,-1821.700000,-154.500000,2257.900000,2.300000,1.400000,3.900000,481.796274,481.859409,484.080004,484.122309,4.527693,4.739198,400-500,351-500
SITE1_P15,P15,SITE1,tsunami,C,3,10,P15_race_tsunami_C_10.csv,18,19,20,18:21:22.384,18:21:22.384,18:21:25.002,-2304.100000,-145.500000,-385.200000,-1943.900000,-143.600000,-367.100000,-1944.700000,-142.100000,-366.000000,-0.800000,1.500000,1.100000,360.654475,360.659479,359.912489,359.928548,1.360147,2.024846,300-400,351-500
SITE1_P15,P15,SITE1,tsunami,C,3,10,P15_race_tsunami_C_10.csv,22,23,24,18:21:31.529,18:21:31.529,18:21:34.158,-1944.900000,-142.200000,-366.000000,-2025.000000,-148.600000,-798.000000,-2029.300000,-147.100000,-797.400000,-4.300000,1.500000,0.600000,439.363187,439.409797,439.578571,439.605880,4.341659,4.593474,400-500,351-500
SITE1_P16,P16,SITE1,map,A,2,7,P16_race_map_A_7.csv,4,5,6,13:55:15.730,13:55:15.730,13:55:17.184,1364.600000,-137.000000,-2182.000000,1036.100000,-125.400000,-1926.600000,1035.200000,-123.700000,-1927.700000,-0.900000,1.700000,-1.100000,416.102644,416.264303,416.140421,416.352903,1.421267,2.215852,400-500,351-500
SITE1_P16,P16,SITE1,map,A,2,7,P16_race_map_A_7.csv,8,9,10,13:55:21.048,13:55:21.048,13:55:22.161,1035.100000,-123.800000,-1927.600000,660.800000,-122.800000,-2101.300000,658.200000,-121.100000,-2099.800000,-2.600000,1.700000,1.500000,412.640497,412.641709,414.374770,414.383566,3.001666,3.449638,400-500,351-500
SITE1_P16,P16,SITE1,map,A,2,7,P16_race_map_A_7.csv,12,13,14,13:55:25.560,13:55:25.561,13:55:27.172,658.200000,-121.100000,-2099.800000,193.000000,-120.500000,-2075.600000,191.000000,-118.700000,-2075.300000,-2.000000,1.800000,0.300000,465.829024,465.829411,467.841950,467.848106,2.022375,2.707397,400-500,351-500
SITE1_P16,P16,SITE1,map,A,2,7,P16_race_map_A_7.csv,16,17,18,13:55:29.735,13:55:29.735,13:55:32.175,191.000000,-118.700000,-2075.300000,207.800000,-130.500000,-1742.200000,211.200000,-128.800000,-1741.300000,3.400000,1.700000,0.900000,333.523387,333.732063,334.610281,334.762677,3.517101,3.906405,300-400,200-350
SITE1_P16,P16,SITE1,map,A,2,7,P16_race_map_A_7.csv,20,21,22,13:55:35.780,13:55:35.780,13:55:40.954,211.200000,-128.800000,-1741.300000,-221.000000,-110.700000,-1770.000000,-221.800000,-109.100000,-1766.600000,-0.800000,1.600000,3.400000,433.151856,433.529861,433.738504,434.185652,3.492850,3.841875,400-500,351-500
SITE1_P16,P16,SITE1,map,A,2,7,P16_race_map_A_7.csv,24,25,26,13:55:44.434,13:55:44.435,13:55:45.760,-221.800000,-109.100000,-1766.700000,-640.700000,-108.700000,-1512.100000,-639.000000,-107.000000,-1513.200000,1.700000,1.700000,-1.100000,490.202377,490.202540,488.178338,488.182855,2.024846,2.643861,400-500,351-500
SITE1_P16,P16,SITE1,map,B,2,5,P16_race_map_B_5.csv,18,19,20,13:53:07.453,13:53:07.454,13:53:09.100,-2183.900000,-155.100000,1966.600000,-2489.500000,-157.100000,2081.700000,-2491.000000,-155.300000,2084.300000,-1.500000,1.800000,2.600000,326.556840,326.562965,328.882502,328.882563,3.001666,3.500000,300-400,200-350
SITE1_P16,P16,SITE1,map,B,2,5,P16_race_map_B_5.csv,29,30,31,13:53:26.018,13:53:26.019,13:53:29.272,-2631.800000,-154.500000,2450.700000,-2978.700000,-155.900000,2306.500000,-2977.400000,-154.200000,2308.400000,1.300000,1.700000,1.900000,375.677055,375.679664,373.749448,373.749569,2.302173,2.861818,300-400,351-500
SITE1_P16,P16,SITE1,map,B,2,5,P16_race_map_B_5.csv,33,34,35,13:53:34.116,13:53:34.116,13:53:37.529,-2977.300000,-154.300000,2308.300000,-2999.000000,-156.000000,1931.000000,-3001.500000,-154.100000,1933.400000,-2.500000,1.900000,2.400000,377.923511,377.927334,375.680250,375.680303,3.465545,3.952215,300-400,351-500
SITE1_P16,P16,SITE1,map,C,2,6,P16_race_map_C_6.csv,5,6,7,13:54:16.344,13:54:16.344,13:54:18.902,-2001.200000,-142.100000,176.100000,-2299.700000,-147.700000,56.800000,-2301.500000,-146.000000,58.300000,-1.800000,1.700000,1.500000,321.457213,321.505988,322.578564,322.602139,2.343075,2.894823,300-400,200-350
SITE1_P16,P16,SITE1,map,C,2,6,P16_race_map_C_6.csv,10,11,12,13:54:26.284,13:54:26.285,13:54:28.398,-2299.900000,-146.100000,58.300000,-2303.900000,-147.000000,-387.200000,-2304.500000,-145.300000,-383.800000,-0.600000,1.700000,3.400000,445.517957,445.518866,442.123931,442.124654,3.452535,3.848376,400-500,351-500
SITE1_P16,P16,SITE1,map,C,2,6,P16_race_map_C_6.csv,15,16,17,13:54:35.211,13:54:35.212,13:54:37.016,-2303.600000,-145.400000,-387.000000,-1943.900000,-143.600000,-367.100000,-1948.000000,-142.100000,-369.000000,-4.100000,1.500000,-1.900000,360.250052,360.254549,356.055277,356.070569,4.518849,4.761302,300-400,351-500
SITE1_P16,P16,SITE1,map,C,2,6,P16_race_map_C_6.csv,19,20,21,13:54:44.683,13:54:44.687,13:54:46.365,-1947.900000,-142.200000,-369.000000,-2025.000000,-148.600000,-798.000000,-2023.000000,-146.900000,-795.500000,2.000000,1.700000,2.500000,435.873158,435.920142,433.061497,433.087000,3.201562,3.624914,400-500,351-500
SITE1_P16,P16,SITE1,map,C,2,6,P16_race_map_C_6.csv,24,25,26,13:54:52.033,13:54:52.033,13:54:53.449,-2022.100000,-147.000000,-796.400000,-1819.400000,-140.800000,-1190.000000,-1818.000000,-138.900000,-1190.800000,1.400000,1.900000,-0.800000,442.728190,442.771600,444.081265,444.155131,1.612452,2.491987,400-500,351-500
SITE1_P16,P16,SITE1,map,C,2,6,P16_race_map_C_6.csv,28,29,30,13:54:57.805,13:54:57.806,13:54:59.558,-1818.100000,-139.000000,-1190.800000,-1375.200000,-127.000000,-1014.300000,-1376.400000,-125.300000,-1012.000000,-1.200000,1.700000,2.300000,476.773175,476.924166,476.516873,476.713772,2.594224,3.101612,400-500,351-500
SITE1_P16,P16,SITE1,tsunami,A,1,1,P16_race_tsunami_A_1.csv,4,5,6,13:39:50.590,13:39:50.590,13:39:52.691,1364.600000,-136.800000,-2182.400000,1036.100000,-125.400000,-1926.600000,1039.300000,-123.700000,-1933.500000,3.200000,1.700000,-6.900000,416.348280,416.504322,409.598950,409.808382,7.605919,7.793587,400-500,351-500
SITE1_P16,P16,SITE1,tsunami,A,1,1,P16_race_tsunami_A_1.csv,28,29,30,13:40:17.550,13:40:17.553,13:40:19.265,192.200000,-118.700000,-2077.300000,207.800000,-130.500000,-1742.200000,209.900000,-128.800000,-1743.900000,2.100000,1.700000,-1.700000,335.462919,335.670389,333.869510,334.022245,2.701851,3.192178,300-400,200-350
SITE1_P16,P16,SITE1,tsunami,C,1,3,P16_race_tsunami_C_3.csv,4,5,6,13:41:57.897,13:41:57.897,13:41:58.980,-2003.500000,-141.900000,179.600000,-2299.700000,-147.700000,56.800000,-2307.300000,-145.900000,52.900000,-7.600000,1.800000,-3.900000,320.646659,320.699111,329.161556,329.185859,8.542248,8.729834,300-400,200-350
SITE1_P17,P17,SITE1,map,A,2,6,P17_race_map_A_6.csv,4,5,6,17:03:28.152,17:03:28.152,17:03:30.344,1364.400000,-136.900000,-2182.300000,1036.100000,-125.400000,-1926.600000,1032.400000,-123.700000,-1926.900000,-3.700000,1.700000,-0.300000,416.129042,416.287917,418.871293,419.079229,3.712142,4.082891,400-500,351-500
SITE1_P17,P17,SITE1,map,A,2,6,P17_race_map_A_6.csv,8,9,10,17:03:33.624,17:03:33.624,17:03:37.685,1032.300000,-123.700000,-1927.000000,660.800000,-122.800000,-2101.300000,663.700000,-121.200000,-2096.600000,2.900000,1.600000,4.700000,410.356845,410.357832,405.746374,405.754076,5.522681,5.749783,400-500,351-500
SITE1_P17,P17,SITE1,map,A,2,6,P17_race_map_A_6.csv,12,13,14,17:03:41.401,17:03:41.403,17:03:44.335,663.700000,-121.200000,-2096.600000,193.000000,-120.500000,-2075.600000,195.100000,-118.700000,-2079.200000,2.100000,1.800000,-3.600000,471.168218,471.168738,468.922936,468.929600,4.167733,4.539824,400-500,351-500
SITE1_P17,P17,SITE1,map,A,2,6,P17_race_map_A_6.csv,16,17,18,17:03:48.988,17:03:48.988,17:03:54.047,195.100000,-118.700000,-2079.200000,207.800000,-130.500000,-1742.200000,211.000000,-128.800000,-1739.800000,3.200000,1.700000,2.400000,337.239218,337.445596,339.772233,339.922315,4.000000,4.346263,300-400,200-350
SITE1_P17,P17,SITE1,map,A,2,6,P17_race_map_A_6.csv,20,21,22,17:03:59.348,17:03:59.348,17:04:07.427,211.100000,-128.800000,-1739.900000,-221.000000,-110.700000,-1770.000000,-219.300000,-109.100000,-1772.900000,1.700000,1.600000,-2.900000,433.147111,433.525120,431.663248,432.112543,3.361547,3.722902,400-500,351-500
SITE1_P17,P17,SITE1,map,A,2,6,P17_race_map_A_6.csv,24,25,26,17:04:11.709,17:04:11.710,17:04:18.263,-219.300000,-109.100000,-1772.900000,-640.700000,-108.700000,-1512.100000,-638.800000,-106.900000,-1515.000000,1.900000,1.800000,-2.900000,495.575020,495.575181,492.435437,492.440352,3.466987,3.906405,400-500,351-500
SITE1_P17,P17,SITE1,map,B,2,7,P17_race_map_B_7.csv,4,5,6,17:04:35.667,17:04:35.667,17:04:39.244,-1587.600000,-148.200000,1834.200000,-1824.000000,-155.900000,2254.000000,-1822.100000,-154.200000,2250.800000,1.900000,1.700000,-3.200000,481.785222,481.846749,478.064650,478.102301,3.721559,4.091455,400-500,351-500
SITE1_P17,P17,SITE1,map,B,2,7,P17_race_map_B_7.csv,8,9,10,17:04:43.271,17:04:43.271,17:04:48.312,-1822.100000,-154.300000,2250.700000,-2183.500000,-156.800000,1969.600000,-2180.100000,-155.000000,1970.100000,3.400000,1.800000,0.500000,457.850598,457.857423,454.863012,454.863551,3.436568,3.879433,400-500,351-500
SITE1_P17,P17,SITE1,map,B,2,7,P17_race_map_B_7.csv,12,13,14,17:04:51.264,17:04:51.264,17:04:55.667,-2180.100000,-155.000000,1970.100000,-2489.500000,-157.100000,2081.700000,-2486.300000,-155.400000,2079.700000,3.200000,1.700000,-2.000000,328.911721,328.918425,325.223923,325.224169,3.773592,4.138840,300-400,200-350
SITE1_P17,P17,SITE1,map,B,2,7,P17_race_map_B_7.csv,16,17,18,17:04:59.634,17:04:59.634,17:05:01.526,-2486.300000,-155.400000,2079.600000,-2630.000000,-156.100000,2448.000000,-2632.000000,-154.400000,2444.800000,-2.000000,1.700000,-3.200000,395.434255,395.434875,393.191467,393.192739,3.773592,4.138840,300-400,351-500
SITE1_P17,P17,SITE1,map,B,2,7,P17_race_map_B_7.csv,20,21,22,17:05:06.129,17:05:06.129,17:05:10.170,-2632.100000,-154.500000,2444.800000,-2978.700000,-155.900000,2306.500000,-2976.600000,-154.100000,2304.400000,2.100000,1.800000,-2.100000,373.173485,373.176111,372.011304,372.011519,2.969848,3.472751,300-400,351-500
SITE1_P17,P17,SITE1,map,B,2,7,P17_race_map_B_7.csv,24,25,26,17:05:13.705,17:05:13.705,17:05:16.933,-2976.600000,-154.200000,2304.400000,-2999.000000,-156.000000,1931.000000,-2995.800000,-154.400000,1929.800000,3.200000,1.600000,-1.200000,374.071277,374.075607,375.091722,375.091775,3.417601,3.773592,300-400,351-500
SITE1_P17,P17,SITE1,map,C,2,5,P17_race_map_C_5.csv,4,5,6,17:02:16.642,17:02:16.642,17:02:20.852,-2003.400000,-141.900000,179.500000,-2299.700000,-147.700000,56.800000,-2299.000000,-145.900000,56.500000,0.700000,1.800000,-0.300000,320.700764,320.753207,320.169268,320.194254,0.761577,1.954482,300-400,200-350
SITE1_P17,P17,SITE1,map,C,2,5,P17_race_map_C_5.csv,8,9,10,17:02:27.627,17:02:27.627,17:02:34.711,-2299.100000,-146.100000,56.400000,-2303.900000,-147.000000,-387.200000,-2307.700000,-145.300000,-392.400000,-3.800000,1.700000,-5.200000,443.625969,443.626882,448.882390,448.883103,6.440497,6.661081,400-500,351-500
SITE1_P17,P17,SITE1,map,C,2,5,P17_race_map_C_5.csv,12,13,14,17:02:39.611,17:02:39.611,17:02:43.950,-2307.600000,-145.300000,-392.400000,-1943.900000,-143.600000,-367.100000,-1945.200000,-142.000000,-370.200000,-1.300000,1.600000,-3.100000,364.578908,364.582871,363.079330,363.094327,3.361547,3.722902,300-400,351-500
SITE1_P17,P17,SITE1,map,C,2,5,P17_race_map_C_5.csv,16,17,18,17:02:48.095,17:02:48.095,17:02:53.764,-1945.300000,-142.100000,-370.200000,-2025.000000,-148.600000,-798.000000,-2024.400000,-146.800000,-801.600000,0.600000,1.800000,-3.600000,435.160809,435.209352,438.591803,438.616986,3.649658,4.069398,400-500,351-500
SITE1_P17,P17,SITE1,map,C,2,5,P17_race_map_C_5.csv,20,21,22,17:02:58.581,17:02:58.581,17:03:02.404,-2024.400000,-146.800000,-801.600000,-1819.400000,-140.800000,-1190.000000,-1821.100000,-139.200000,-1193.100000,-1.700000,1.600000,-3.100000,439.180555,439.221539,441.138459,441.203921,3.535534,3.880722,400-500,351-500
SITE1_P17,P17,SITE1,map,C,2,5,P17_race_map_C_5.csv,24,25,26,17:03:08.205,17:03:08.205,17:03:09.946,-1821.100000,-139.200000,-1193.100000,-1375.200000,-127.000000,-1014.300000,-1377.400000,-125.300000,-1018.700000,-2.200000,1.700000,-4.400000,480.412583,480.567467,476.744219,476.946810,4.919350,5.204805,400-500,351-500
SITE1_P17,P17,SITE1,tsunami,C,1,2,P17_race_tsunami_C_2.csv,21,22,23,16:49:48.047,16:49:48.047,16:49:50.063,-2304.300000,-145.300000,-391.200000,-1943.900000,-143.600000,-367.100000,-1949.200000,-142.200000,-368.600000,-5.300000,1.400000,-1.500000,361.204886,361.208887,355.818451,355.831955,5.508176,5.683309,300-400,351-500
SITE1_P18,P18,SITE1,map,A,2,5,P18_race_map_A_5.csv,4,5,6,14:06:02.819,14:06:02.819,14:06:09.039,1364.500000,-136.900000,-2182.400000,1036.100000,-125.400000,-1926.600000,1036.400000,-123.900000,-1927.600000,0.300000,1.500000,-1.000000,416.269384,416.428205,415.418644,415.622004,1.044031,1.827567,400-500,351-500
SITE1_P18,P18,SITE1,map,A,2,5,P18_race_map_A_5.csv,8,9,10,14:06:14.670,14:06:14.672,14:06:17.209,1036.500000,-123.900000,-1927.800000,660.800000,-122.800000,-2101.300000,659.200000,-121.300000,-2097.500000,-1.600000,1.500000,3.800000,413.826945,413.828406,413.706877,413.715047,4.123106,4.387482,400-500,351-500
SITE1_P18,P18,SITE1,map,A,2,5,P18_race_map_A_5.csv,12,13,14,14:06:22.459,14:06:22.460,14:06:26.390,659.100000,-121.300000,-2097.400000,193.000000,-120.500000,-2075.600000,195.700000,-118.900000,-2079.100000,2.700000,1.600000,-3.500000,466.609526,466.610212,463.761199,463.767409,4.420407,4.701064,400-500,351-500
SITE1_P18,P18,SITE1,map,A,2,5,P18_race_map_A_5.csv,16,17,18,14:06:33.675,14:06:33.676,14:06:36.562,195.600000,-118.900000,-2079.100000,207.800000,-130.500000,-1742.200000,209.500000,-129.000000,-1738.700000,1.700000,1.500000,3.500000,337.120824,337.320337,340.683680,340.833361,3.891015,4.170132,300-400,200-350
SITE1_P18,P18,SITE1,map,A,2,5,P18_race_map_A_5.csv,20,21,22,14:06:43.368,14:06:43.368,14:06:45.921,209.400000,-129.000000,-1738.700000,-221.000000,-110.700000,-1770.000000,-217.600000,-109.400000,-1767.500000,3.400000,1.300000,2.500000,431.536615,431.924461,427.970139,428.418720,4.220190,4.415880,400-500,351-500
SITE1_P18,P18,SITE1,map,A,2,5,P18_race_map_A_5.csv,24,25,26,14:06:49.586,14:06:49.586,14:06:51.411,-217.500000,-109.400000,-1767.400000,-640.700000,-108.700000,-1512.100000,-640.500000,-107.200000,-1509.600000,0.200000,1.500000,2.500000,494.243189,494.243685,495.368388,495.373273,2.507987,2.922328,400-500,351-500
SITE1_P18,P18,SITE1,map,B,2,6,P18_race_map_B_6.csv,4,5,6,14:07:20.431,14:07:20.431,14:07:23.996,-1587.600000,-148.200000,1834.200000,-1824.000000,-155.900000,2254.000000,-1822.500000,-154.500000,2254.400000,1.500000,1.400000,0.400000,481.785222,481.846749,481.400093,481.441315,1.552417,2.090454,400-500,351-500
SITE1_P18,P18,SITE1,map,B,2,6,P18_race_map_B_6.csv,8,9,10,14:07:29.890,14:07:29.890,14:07:32.566,-1822.400000,-154.500000,2254.400000,-2183.500000,-156.800000,1969.600000,-2181.700000,-155.200000,1970.200000,1.800000,1.600000,0.600000,459.895912,459.901663,458.111482,458.112017,1.897367,2.481935,400-500,351-500
SITE1_P18,P18,SITE1,map,B,2,6,P18_race_map_B_6.csv,12,13,14,14:07:36.134,14:07:36.135,14:07:37.917,-2181.700000,-155.200000,1970.300000,-2489.500000,-157.100000,2081.700000,-2494.300000,-155.600000,2079.800000,-4.800000,1.500000,-1.900000,327.338968,327.344482,331.223505,331.223746,5.162364,5.375872,300-400,200-350
SITE1_P18,P18,SITE1,map,B,2,6,P18_race_map_B_6.csv,16,17,18,14:07:43.238,14:07:43.239,14:07:45.245,-2494.200000,-155.600000,2079.800000,-2630.000000,-156.100000,2448.000000,-2633.000000,-154.600000,2444.700000,-3.000000,1.500000,-3.300000,392.444748,392.445066,390.406775,390.408056,4.459821,4.705316,300-400,351-500
SITE1_P18,P18,SITE1,map,B,2,6,P18_race_map_B_6.csv,20,21,22,14:07:50.156,14:07:50.156,14:07:52.351,-2633.000000,-154.600000,2444.700000,-2978.700000,-155.900000,2306.500000,-2981.200000,-154.400000,2306.300000,-2.500000,1.500000,-0.200000,372.300591,372.302861,374.696944,374.696998,2.507987,2.922328,300-400,351-500
SITE1_P18,P18,SITE1,map,B,2,6,P18_race_map_B_6.csv,24,25,26,14:07:58.671,14:07:58.671,14:08:01.167,-2981.300000,-154.400000,2306.300000,-2999.000000,-156.000000,1931.000000,-2999.500000,-154.500000,1932.200000,-0.500000,1.500000,1.200000,375.717154,375.720561,374.542454,374.542468,1.300000,1.984943,300-400,351-500
SITE1_P18,P18,SITE1,map,C,2,7,P18_race_map_C_7.csv,4,5,6,14:08:19.338,14:08:19.340,14:08:20.896,-2003.300000,-141.900000,179.600000,-2299.700000,-147.700000,56.800000,-2301.800000,-146.100000,57.300000,-2.100000,1.600000,0.500000,320.831420,320.883842,322.582610,322.609950,2.158703,2.687006,300-400,200-350
SITE1_P18,P18,SITE1,map,C,2,7,P18_race_map_C_7.csv,8,9,10,14:08:25.219,14:08:25.219,14:08:33.389,-2301.800000,-146.100000,57.300000,-2303.900000,-147.000000,-387.200000,-2303.300000,-145.500000,-386.600000,0.600000,1.500000,0.600000,444.504961,444.505872,443.902534,443.902940,0.848528,1.723369,400-500,351-500
SITE1_P18,P18,SITE1,map,C,2,7,P18_race_map_C_7.csv,12,13,14,14:08:39.669,14:08:39.670,14:08:42.348,-2303.300000,-145.500000,-386.400000,-1943.900000,-143.600000,-367.100000,-1942.700000,-142.000000,-369.900000,1.200000,1.600000,-2.800000,359.917838,359.922853,360.977298,360.994266,3.046309,3.440930,300-400,351-500
SITE1_P18,P18,SITE1,map,C,2,7,P18_race_map_C_7.csv,16,17,18,14:08:47.534,14:08:47.534,14:08:51.684,-1942.700000,-142.100000,-369.900000,-2025.000000,-148.600000,-798.000000,-2024.500000,-147.000000,-800.600000,0.500000,1.600000,-2.600000,435.939101,435.987557,438.399053,438.426436,2.647640,3.093542,400-500,351-500
SITE1_P18,P18,SITE1,map,C,2,7,P18_race_map_C_7.csv,20,21,22,14:08:56.299,14:08:56.301,14:09:00.192,-2024.500000,-147.000000,-800.500000,-1819.400000,-140.800000,-1190.000000,-1821.000000,-139.400000,-1192.800000,-1.600000,1.400000,-2.800000,440.200250,440.243910,441.940652,442.005995,3.224903,3.515679,400-500,351-500
SITE1_P18,P18,SITE1,map,C,2,7,P18_race_map_C_7.csv,24,25,26,14:09:06.421,14:09:06.422,14:09:09.748,-1821.000000,-139.500000,-1192.800000,-1375.200000,-127.000000,-1014.300000,-1371.700000,-125.500000,-1015.400000,3.500000,1.500000,-1.100000,480.208174,480.370836,483.054086,483.256919,3.668787,3.963584,400-500,351-500
SITE1_P19,P19,SITE1,map,A,2,5,P19_race_map_A_5.csv,4,5,6,16:09:14.675,16:09:14.675,16:09:18.817,1364.500000,-136.900000,-2182.400000,1036.100000,-125.400000,-1926.600000,1037.100000,-123.900000,-1926.700000,1.000000,1.500000,-0.100000,416.269384,416.428205,415.419366,415.622726,1.004988,1.805547,400-500,351-500
SITE1_P19,P19,SITE1,map,A,2,5,P19_race_map_A_5.csv,13,14,15,16:09:31.686,16:09:31.686,16:09:35.240,663.700000,-121.200000,-2100.600000,193.000000,-120.500000,-2075.600000,194.800000,-118.900000,-2076.900000,1.800000,1.600000,-1.300000,471.363437,471.363957,469.498562,469.504196,2.220360,2.736786,400-500,351-500
SITE1_P19,P19,SITE1,map,A,2,5,P19_race_map_A_5.csv,17,18,19,16:09:38.259,16:09:38.259,16:09:41.393,194.800000,-119.000000,-2076.800000,207.800000,-130.500000,-1742.200000,207.800000,-129.000000,-1741.400000,0.000000,1.500000,0.800000,334.852445,335.049862,335.651843,335.800774,0.800000,1.700000,300-400,200-350
SITE1_P19,P19,SITE1,map,A,2,5,P19_race_map_A_5.csv,21,22,23,16:09:44.021,16:09:44.021,16:09:49.029,207.800000,-129.000000,-1741.500000,-221.000000,-110.700000,-1770.000000,-217.900000,-109.300000,-1769.000000,3.100000,1.400000,1.000000,429.746076,430.135537,426.587318,427.041953,3.257299,3.545420,400-500,351-500
SITE1_P19,P19,SITE1,map,A,2,5,P19_race_map_A_5.csv,25,26,27,16:09:52.380,16:09:52.380,16:09:57.007,-217.900000,-109.300000,-1769.000000,-640.700000,-108.700000,-1512.100000,-637.300000,-107.100000,-1513.300000,3.400000,1.600000,-1.200000,494.729674,494.730037,491.201435,491.206362,3.605551,3.944617,400-500,351-500
SITE1_P19,P19,SITE1,map,B,2,6,P19_race_map_B_6.csv,4,5,6,16:10:22.645,16:10:22.646,16:10:24.976,-1587.500000,-148.200000,1834.200000,-1824.000000,-155.900000,2254.000000,-1824.900000,-154.400000,2253.200000,-0.900000,1.500000,-0.800000,481.834297,481.895819,481.580481,481.620390,1.204159,1.923538,400-500,351-500
SITE1_P19,P19,SITE1,map,B,2,6,P19_race_map_B_6.csv,8,9,10,16:10:27.907,16:10:27.907,16:10:32.713,-1824.900000,-154.400000,2253.100000,-2183.500000,-156.800000,1969.600000,-2184.000000,-155.200000,1969.800000,-0.500000,1.600000,0.200000,457.128221,457.134521,457.396655,457.397355,0.538516,1.688194,400-500,351-500
SITE1_P19,P19,SITE1,map,B,2,6,P19_race_map_B_6.csv,12,13,14,16:10:35.908,16:10:35.908,16:10:40.863,-2184.000000,-155.200000,1969.800000,-2489.500000,-157.100000,2081.700000,-2490.800000,-155.500000,2081.600000,-1.300000,1.600000,-0.100000,325.348828,325.354376,326.535572,326.535710,1.303840,2.063977,300-400,200-350
SITE1_P19,P19,SITE1,map,B,2,6,P19_race_map_B_6.csv,16,17,18,16:10:44.445,16:10:44.445,16:10:46.359,-2490.900000,-155.600000,2081.600000,-2630.000000,-156.100000,2448.000000,-2627.000000,-154.500000,2451.700000,3.000000,1.600000,3.700000,391.915514,391.915833,394.331358,394.332892,4.763402,5.024938,300-400,351-500
SITE1_P19,P19,SITE1,map,B,2,6,P19_race_map_B_6.csv,20,21,22,16:10:50.292,16:10:50.294,16:10:52.290,-2626.900000,-154.600000,2451.700000,-2978.700000,-155.900000,2306.500000,-2978.800000,-154.200000,2304.800000,-0.100000,1.700000,-1.700000,380.586758,380.588978,381.330854,381.331064,1.702939,2.406242,300-400,351-500
SITE1_P19,P19,SITE1,map,B,2,6,P19_race_map_B_6.csv,24,25,26,16:10:55.981,16:10:55.981,16:10:57.936,-2978.700000,-154.300000,2304.800000,-2999.000000,-156.000000,1931.000000,-3002.100000,-154.300000,1931.700000,-3.100000,1.700000,0.700000,374.350811,374.354671,373.833078,373.833078,3.178050,3.604164,300-400,351-500
SITE1_P19,P19,SITE1,map,C,2,7,P19_race_map_C_7.csv,4,5,6,16:11:19.460,16:11:19.460,16:11:23.252,-2005.500000,-142.500000,167.400000,-2299.700000,-147.700000,56.800000,-2301.200000,-146.200000,53.900000,-1.500000,1.500000,-2.900000,314.302402,314.345415,316.734494,316.756105,3.264966,3.593049,300-400,200-350
SITE1_P19,P19,SITE1,map,C,2,7,P19_race_map_C_7.csv,8,9,10,16:11:26.836,16:11:26.836,16:11:29.931,-2301.100000,-146.300000,53.900000,-2303.900000,-147.000000,-387.200000,-2305.900000,-145.400000,-383.500000,-2.000000,1.600000,3.700000,441.108887,441.109442,437.426337,437.427263,4.205948,4.500000,400-500,351-500
SITE1_P19,P19,SITE1,map,C,2,7,P19_race_map_C_7.csv,12,13,14,16:11:35.835,16:11:35.835,16:11:37.794,-2306.000000,-145.500000,-383.500000,-1943.900000,-143.600000,-367.100000,-1946.700000,-142.000000,-365.300000,-2.800000,1.600000,1.800000,362.471199,362.476179,359.760657,359.777681,3.328663,3.693237,300-400,351-500
SITE1_P19,P19,SITE1,map,C,2,7,P19_race_map_C_7.csv,16,17,18,16:11:41.333,16:11:41.333,16:11:43.477,-1946.600000,-142.100000,-365.400000,-2025.000000,-148.600000,-798.000000,-2029.200000,-147.100000,-795.700000,-4.200000,1.500000,2.300000,439.646813,439.694860,438.156194,438.184721,4.788528,5.017968,400-500,351-500
SITE1_P19,P19,SITE1,map,C,2,7,P19_race_map_C_7.csv,20,21,22,16:11:48.158,16:11:48.158,16:11:50.823,-2029.100000,-147.200000,-795.700000,-1819.400000,-140.800000,-1190.000000,-1822.300000,-139.200000,-1187.200000,-2.900000,1.600000,2.800000,446.594425,446.640280,442.762340,442.834608,4.031129,4.337050,400-500,351-500
SITE1_P19,P19,SITE1,map,C,2,7,P19_race_map_C_7.csv,24,25,26,16:11:55.940,16:11:55.940,16:12:01.055,-1822.400000,-139.300000,-1187.200000,-1375.200000,-127.000000,-1014.300000,-1380.200000,-125.500000,-1017.100000,-5.000000,1.500000,-2.800000,479.460374,479.618119,473.787769,473.988702,5.730620,5.923681,400-500,351-500
SITE1_P19,P19,SITE1,tsunami,B,1,3,P19_race_tsunami_B_3.csv,18,19,20,15:52:58.618,15:52:58.618,15:52:59.970,-2186.400000,-155.200000,1969.300000,-2489.500000,-157.100000,2081.700000,-2492.300000,-155.500000,2078.300000,-2.800000,1.600000,-3.400000,323.269810,323.275393,324.739603,324.739742,4.404543,4.686150,300-400,200-350
SITE1_P19,P19,SITE1,tsunami,C,1,1,P19_race_tsunami_C_1.csv,4,5,6,15:50:00.763,15:50:00.764,15:50:03.385,-2003.500000,-141.800000,179.500000,-2299.700000,-147.700000,56.800000,-2305.900000,-146.000000,49.600000,-6.200000,1.700000,-7.200000,320.608375,320.662658,329.119689,329.146487,9.501579,9.652461,300-400,200-350
SITE1_P19,P19,SITE1,tsunami,C,1,1,P19_race_tsunami_C_1.csv,15,16,17,15:50:13.144,15:50:13.144,15:50:14.684,-2307.000000,-145.400000,-384.700000,-1943.900000,-143.600000,-367.100000,-1948.000000,-142.000000,-365.800000,-4.100000,1.600000,1.300000,363.526299,363.530755,359.497163,359.513240,4.301163,4.589118,300-400,351-500
SITE1_P20,P20,SITE1,map,A,1,2,P20_race_map_A_2.csv,4,5,6,17:08:47.701,17:08:47.701,17:08:51.515,1364.300000,-137.000000,-2182.400000,1036.100000,-125.400000,-1926.600000,1037.600000,-123.800000,-1927.600000,1.500000,1.600000,-1.000000,416.111620,416.273276,414.313806,414.524028,1.802776,2.410394,400-500,351-500
SITE1_P20,P20,SITE1,map,A,1,2,P20_race_map_A_2.csv,8,9,10,17:08:55.770,17:08:55.771,17:08:57.243,1037.700000,-123.900000,-1927.800000,660.800000,-122.800000,-2101.300000,661.400000,-121.100000,-2098.300000,0.600000,1.700000,3.000000,414.916690,414.918149,413.124606,413.134094,3.059412,3.500000,400-500,351-500
SITE1_P20,P20,SITE1,map,A,1,2,P20_race_map_A_2.csv,12,13,14,17:09:02.111,17:09:02.112,17:09:04.598,661.300000,-121.200000,-2098.400000,193.000000,-120.500000,-2075.600000,193.500000,-118.800000,-2075.000000,0.500000,1.700000,0.600000,468.854700,468.855223,468.384884,468.391033,0.781025,1.870829,400-500,351-500
SITE1_P20,P20,SITE1,map,A,1,2,P20_race_map_A_2.csv,16,17,18,17:09:07.984,17:09:07.984,17:09:09.491,193.500000,-118.900000,-2075.000000,207.800000,-130.500000,-1742.200000,205.800000,-128.700000,-1746.400000,-2.000000,1.800000,-4.200000,333.107085,333.309001,328.830123,328.976124,4.651881,4.987986,300-400,200-350
SITE1_P20,P20,SITE1,map,A,1,2,P20_race_map_A_2.csv,20,21,22,17:09:13.316,17:09:13.316,17:09:14.679,205.800000,-128.700000,-1746.600000,-221.000000,-110.700000,-1770.000000,-220.600000,-109.100000,-1770.100000,0.400000,1.600000,-0.100000,427.440990,427.819822,427.047082,427.496632,0.412311,1.652271,400-500,351-500
SITE1_P20,P20,SITE1,map,A,1,2,P20_race_map_A_2.csv,24,25,26,17:09:18.684,17:09:18.684,17:09:20.197,-220.700000,-109.100000,-1770.100000,-640.700000,-108.700000,-1512.100000,-639.500000,-107.000000,-1514.500000,1.200000,1.700000,-2.400000,492.913786,492.913948,490.637137,490.641631,2.683282,3.176476,400-500,351-500
SITE1_P20,P20,SITE1,map,B,1,3,P20_race_map_B_3.csv,4,5,6,17:09:39.907,17:09:39.908,17:09:41.364,-1587.600000,-148.200000,1834.100000,-1824.000000,-155.900000,2254.000000,-1825.500000,-154.200000,2252.700000,-1.500000,1.700000,-1.300000,481.872359,481.933875,481.479356,481.516739,1.984943,2.613427,400-500,351-500
SITE1_P20,P20,SITE1,map,B,1,3,P20_race_map_B_3.csv,8,9,10,17:09:45.823,17:09:45.823,17:09:47.910,-1825.500000,-154.300000,2252.400000,-2183.500000,-156.800000,1969.600000,-2183.600000,-155.100000,1967.000000,-0.100000,1.700000,-2.600000,456.223454,456.230304,457.917864,457.918563,2.601922,3.108054,400-500,351-500
SITE1_P20,P20,SITE1,map,B,1,3,P20_race_map_B_3.csv,12,13,14,17:09:51.166,17:09:51.166,17:09:52.553,-2183.600000,-155.200000,1966.900000,-2489.500000,-157.100000,2081.700000,-2486.900000,-155.300000,2086.300000,2.600000,1.800000,4.600000,326.732077,326.737601,325.955902,325.955917,5.283938,5.582114,300-400,200-350
SITE1_P20,P20,SITE1,map,B,1,3,P20_race_map_B_3.csv,16,17,18,17:09:55.308,17:09:55.308,17:09:56.904,-2487.000000,-155.400000,2086.200000,-2630.000000,-156.100000,2448.000000,-2627.900000,-154.500000,2445.800000,2.100000,1.600000,-2.200000,389.035011,389.035641,386.218811,386.219860,3.041381,3.436568,300-400,351-500
SITE1_P20,P20,SITE1,map,B,1,3,P20_race_map_B_3.csv,20,21,22,17:09:59.283,17:09:59.283,17:10:00.945,-2628.000000,-154.500000,2445.700000,-2978.700000,-155.900000,2306.500000,-2980.400000,-154.400000,2307.900000,-1.700000,1.500000,1.400000,377.315690,377.318287,378.384196,378.384210,2.202272,2.664583,300-400,351-500
SITE1_P20,P20,SITE1,map,B,1,3,P20_race_map_B_3.csv,24,25,26,17:10:04.647,17:10:04.647,17:10:06.560,-2980.300000,-154.400000,2307.900000,-2999.000000,-156.000000,1931.000000,-2996.700000,-154.400000,1931.900000,2.300000,1.600000,0.900000,377.363618,377.367010,376.357490,376.357490,2.469818,2.942788,300-400,351-500
SITE1_P20,P20,SITE1,map,C,1,1,P20_race_map_C_1.csv,4,5,6,17:07:29.333,17:07:29.333,17:07:35.082,-2003.300000,-141.900000,179.400000,-2299.700000,-147.700000,56.800000,-2298.400000,-146.100000,54.100000,1.300000,1.600000,-2.700000,320.754922,320.807357,320.599595,320.627104,2.996665,3.397058,300-400,200-350
SITE1_P20,P20,SITE1,map,C,1,1,P20_race_map_C_1.csv,8,9,10,17:07:45.992,17:07:45.996,17:07:49.832,-2298.400000,-146.200000,53.800000,-2303.900000,-147.000000,-387.200000,-2300.100000,-145.400000,-392.000000,3.800000,1.600000,-4.800000,441.034296,441.035021,445.803241,445.803959,6.122091,6.327717,400-500,351-500
SITE1_P20,P20,SITE1,map,C,1,1,P20_race_map_C_1.csv,12,13,14,17:07:54.846,17:07:54.847,17:07:57.202,-2300.000000,-145.600000,-392.000000,-1943.900000,-143.600000,-367.100000,-1943.600000,-141.900000,-364.700000,0.300000,1.700000,2.400000,356.969494,356.975097,357.444052,357.463201,2.418677,2.956349,300-400,351-500
SITE1_P20,P20,SITE1,map,C,1,1,P20_race_map_C_1.csv,16,17,18,17:08:02.006,17:08:02.006,17:08:04.361,-1943.400000,-142.100000,-364.700000,-2025.000000,-148.600000,-798.000000,-2024.300000,-146.900000,-799.800000,0.700000,1.700000,-1.800000,440.916602,440.964511,442.557138,442.583167,1.931321,2.572936,400-500,351-500
SITE1_P20,P20,SITE1,map,C,1,1,P20_race_map_C_1.csv,20,21,22,17:08:08.000,17:08:08.001,17:08:09.987,-2024.200000,-147.000000,-799.800000,-1819.400000,-140.800000,-1190.000000,-1816.800000,-138.900000,-1186.700000,2.600000,1.900000,3.300000,440.680247,440.723859,438.983337,439.058060,4.201190,4.610857,400-500,351-500
SITE1_P20,P20,SITE1,map,C,1,1,P20_race_map_C_1.csv,25,26,27,17:08:15.287,17:08:15.289,17:08:17.176,-1816.600000,-139.000000,-1186.600000,-1375.200000,-127.000000,-1014.300000,-1374.500000,-125.400000,-1013.200000,0.700000,1.600000,1.100000,473.836733,473.988660,474.889429,475.084129,1.303840,2.063977,400-500,351-500
SITE1_P20,P20,SITE1,tsunami,A,3,11,P20_race_tsunami_A_11.csv,4,5,6,17:29:58.386,17:29:58.386,17:29:59.228,1364.500000,-136.900000,-2182.600000,1036.100000,-125.400000,-1926.600000,1041.100000,-123.800000,-1925.700000,5.000000,1.600000,0.900000,416.392315,416.551089,413.019576,413.227274,5.080354,5.326350,400-500,351-500
SITE1_P20,P20,SITE1,tsunami,A,3,11,P20_race_tsunami_A_11.csv,29,30,31,17:30:18.835,17:30:18.835,17:30:20.014,189.600000,-118.800000,-2072.000000,207.800000,-130.500000,-1742.200000,208.900000,-128.800000,-1739.500000,1.100000,1.700000,2.700000,330.301801,330.508956,333.059664,333.209754,2.915476,3.374907,300-400,200-350
SITE1_P20,P20,SITE1,tsunami,A,3,11,P20_race_tsunami_A_11.csv,33,34,35,17:30:23.043,17:30:23.043,17:30:24.708,208.900000,-128.800000,-1739.700000,-221.000000,-110.700000,-1770.000000,-227.600000,-109.000000,-1763.200000,-6.600000,1.700000,6.800000,430.966472,431.346392,437.132131,437.580324,9.476286,9.627565,400-500,351-500
SITE1_P20,P20,SITE1,tsunami,B,3,9,P20_race_tsunami_B_9.csv,11,12,13,17:28:36.614,17:28:36.614,17:28:37.601,-1826.700000,-154.200000,2257.600000,-2183.500000,-156.800000,1969.600000,-2182.100000,-155.100000,1974.900000,1.400000,1.700000,5.300000,458.530522,458.537894,454.123827,454.124719,5.481788,5.739338,400-500,351-500
SITE1_P20,P20,SITE1,tsunami,B,3,9,P20_race_tsunami_B_9.csv,22,23,24,17:28:46.190,17:28:46.190,17:28:47.151,-2492.300000,-155.400000,2084.800000,-2630.000000,-156.100000,2448.000000,-2632.400000,-154.400000,2445.200000,-2.400000,1.700000,-2.800000,388.426994,388.427625,386.673208,386.674501,3.687818,4.060788,300-400,351-500
SITE1_P20,P20,SITE1,tsunami,B,3,9,P20_race_tsunami_B_9.csv,33,34,35,17:28:57.606,17:28:57.606,17:28:58.400,-2980.000000,-154.200000,2307.200000,-2999.000000,-156.000000,1931.000000,-3002.600000,-154.100000,1935.800000,-3.600000,1.900000,4.800000,376.679492,376.683793,372.086979,372.086993,6.000000,6.293648,300-400,351-500
SITE1_P20,P20,SITE1,tsunami,C,3,10,P20_race_tsunami_C_10.csv,4,5,6,17:29:14.087,17:29:14.087,17:29:15.022,-2003.400000,-141.800000,179.400000,-2299.700000,-147.700000,56.800000,-2298.300000,-146.200000,56.300000,1.400000,1.500000,-0.500000,320.662517,320.716791,319.561606,319.591896,1.486607,2.111871,300-400,200-350
SITE1_P20,P20,SITE1,tsunami,C,3,10,P20_race_tsunami_C_10.csv,15,16,17,17:29:22.097,17:29:22.097,17:29:22.935,-2302.800000,-145.300000,-383.200000,-1943.900000,-143.600000,-367.100000,-1947.300000,-142.100000,-366.800000,-3.400000,1.500000,0.300000,359.260936,359.264958,355.878083,355.892470,3.413210,3.728270,300-400,351-500
SITE1_P21,P21,SITE1,map,A,3,11,P21_race_map_A_11.csv,4,5,6,10:45:57.295,10:45:57.295,10:45:58.953,1364.400000,-136.900000,-2182.400000,1036.100000,-125.400000,-1926.600000,1040.000000,-124.000000,-1930.200000,3.900000,1.400000,-3.600000,416.190497,416.349349,410.901691,411.104135,5.307542,5.489080,400-500,351-500
SITE1_P21,P21,SITE1,map,A,3,11,P21_race_map_A_11.csv,8,9,10,10:46:03.498,10:46:03.498,10:46:05.344,1040.000000,-124.000000,-1930.000000,660.800000,-122.800000,-2101.300000,662.100000,-121.200000,-2101.900000,1.300000,1.600000,-0.600000,416.096539,416.098270,415.160234,415.169676,1.431782,2.147091,400-500,351-500
SITE1_P21,P21,SITE1,map,A,3,11,P21_race_map_A_11.csv,12,13,14,10:46:08.811,10:46:08.811,10:46:10.434,662.100000,-121.200000,-2101.900000,193.000000,-120.500000,-2075.600000,192.200000,-119.000000,-2074.400000,-0.800000,1.500000,1.200000,469.836674,469.837195,470.704005,470.709146,1.442221,2.080865,400-500,351-500
SITE1_P21,P21,SITE1,map,A,3,11,P21_race_map_A_11.csv,16,17,18,10:46:14.429,10:46:14.429,10:46:16.002,192.200000,-119.000000,-2074.400000,207.800000,-130.500000,-1742.200000,206.700000,-129.000000,-1741.500000,-1.100000,1.500000,0.700000,332.566084,332.764857,333.215636,333.365655,1.303840,1.987461,300-400,200-350
SITE1_P21,P21,SITE1,map,A,3,11,P21_race_map_A_11.csv,20,21,22,10:46:20.079,10:46:20.079,10:46:25.125,206.800000,-129.100000,-1741.500000,-221.000000,-110.700000,-1770.000000,-223.500000,-109.200000,-1767.900000,-2.500000,1.500000,2.100000,428.748283,429.142925,431.109093,431.568141,3.264966,3.593049,400-500,351-500
SITE1_P21,P21,SITE1,map,A,3,11,P21_race_map_A_11.csv,24,25,26,10:46:28.223,10:46:28.223,10:46:29.867,-223.300000,-109.200000,-1767.900000,-640.700000,-108.700000,-1512.100000,-637.300000,-107.300000,-1510.700000,3.400000,1.400000,1.400000,489.547138,489.547393,487.388798,487.392501,3.676955,3.934463,400-500,351-500
SITE1_P21,P21,SITE1,map,B,3,9,P21_race_map_B_9.csv,4,5,6,10:43:41.388,10:43:41.388,10:43:44.274,-1587.700000,-148.200000,1834.100000,-1824.000000,-155.900000,2254.000000,-1823.700000,-154.400000,2249.700000,0.300000,1.500000,-4.300000,481.823308,481.884831,477.932380,477.972593,4.310452,4.563989,400-500,351-500
SITE1_P21,P21,SITE1,map,B,3,9,P21_race_map_B_9.csv,8,9,10,10:43:49.563,10:43:49.564,10:43:51.847,-1823.700000,-154.400000,2249.600000,-2183.500000,-156.800000,1969.600000,-2182.700000,-155.300000,1968.700000,0.800000,1.500000,-0.900000,455.912316,455.918633,455.835288,455.836177,1.204159,1.923538,400-500,351-500
SITE1_P21,P21,SITE1,map,B,3,9,P21_race_map_B_9.csv,12,13,14,10:43:56.052,10:43:56.052,10:44:01.356,-2182.800000,-155.300000,1968.700000,-2489.500000,-157.100000,2081.700000,-2492.500000,-155.600000,2083.400000,-3.000000,1.500000,1.700000,326.854540,326.859496,330.257748,330.257884,3.448188,3.760319,300-400,200-350
SITE1_P21,P21,SITE1,map,B,3,9,P21_race_map_B_9.csv,16,17,18,10:44:06.399,10:44:06.399,10:44:08.209,-2492.400000,-155.600000,2083.500000,-2630.000000,-156.100000,2448.000000,-2629.900000,-154.600000,2449.700000,0.100000,1.500000,1.700000,389.607508,389.607828,391.163252,391.164531,1.702939,2.269361,300-400,351-500
SITE1_P21,P21,SITE1,map,B,3,9,P21_race_map_B_9.csv,20,21,22,10:44:12.775,10:44:12.775,10:44:16.577,-2630.000000,-154.700000,2449.600000,-2978.700000,-155.900000,2306.500000,-2975.400000,-154.300000,2305.200000,3.300000,1.600000,-1.300000,376.920814,376.922724,374.369497,374.369710,3.546830,3.891015,300-400,351-500
SITE1_P21,P21,SITE1,map,B,3,9,P21_race_map_B_9.csv,24,25,26,10:44:21.571,10:44:21.571,10:44:24.314,-2975.400000,-154.400000,2305.200000,-2999.000000,-156.000000,1931.000000,-3003.400000,-154.300000,1933.300000,-4.400000,1.700000,2.300000,374.943462,374.946876,372.952557,372.952571,4.964877,5.247857,300-400,351-500
SITE1_P21,P21,SITE1,map,C,3,10,P21_race_map_C_10.csv,5,6,7,10:44:50.545,10:44:50.545,10:44:55.526,-2003.400000,-141.900000,179.500000,-2299.700000,-147.700000,56.800000,-2302.500000,-146.100000,57.000000,-2.800000,1.600000,0.200000,320.700764,320.753207,323.213645,323.240932,2.807134,3.231099,300-400,200-350
SITE1_P21,P21,SITE1,map,C,3,10,P21_race_map_C_10.csv,9,10,11,10:44:59.799,10:44:59.799,10:45:01.955,-2302.500000,-146.200000,56.900000,-2303.900000,-147.000000,-387.200000,-2304.600000,-145.600000,-387.200000,-0.700000,1.400000,0.000000,444.102207,444.102927,444.104965,444.105370,0.700000,1.565248,400-500,351-500
SITE1_P21,P21,SITE1,map,C,3,10,P21_race_map_C_10.csv,13,14,15,10:45:05.713,10:45:05.713,10:45:11.094,-2304.600000,-145.600000,-387.100000,-1943.900000,-143.600000,-367.100000,-1943.500000,-142.100000,-367.400000,0.400000,1.500000,-0.300000,361.254052,361.259588,361.636973,361.653909,0.500000,1.581139,300-400,351-500
SITE1_P21,P21,SITE1,map,C,3,10,P21_race_map_C_10.csv,17,18,19,10:45:15.325,10:45:15.325,10:45:18.696,-1943.600000,-142.200000,-367.400000,-2025.000000,-148.600000,-798.000000,-2026.100000,-147.200000,-794.800000,-1.100000,1.400000,3.200000,438.226334,438.273066,435.289570,435.318286,3.383785,3.661967,400-500,351-500
SITE1_P21,P21,SITE1,map,C,3,10,P21_race_map_C_10.csv,21,22,23,10:45:22.104,10:45:22.104,10:45:26.099,-2026.100000,-147.200000,-794.800000,-1819.400000,-140.800000,-1190.000000,-1821.200000,-139.400000,-1191.700000,-1.800000,1.400000,-1.700000,445.990953,446.036871,446.669475,446.737574,2.475884,2.844293,400-500,351-500
SITE1_P21,P21,SITE1,map,C,3,10,P21_race_map_C_10.csv,26,27,28,10:45:33.586,10:45:33.586,10:45:37.262,-1821.200000,-139.500000,-1191.700000,-1375.200000,-127.000000,-1014.300000,-1375.500000,-125.500000,-1014.500000,-0.300000,1.500000,-0.200000,479.986208,480.148946,479.633537,479.837816,0.360555,1.542725,400-500,351-500
SITE1_P21,P21,SITE1,tsunami,A,2,5,P21_race_tsunami_A_5.csv,28,29,30,10:33:18.917,10:33:18.917,10:33:20.567,194.800000,-119.000000,-2076.500000,207.800000,-130.500000,-1742.200000,208.700000,-129.100000,-1737.500000,0.900000,1.400000,4.700000,334.552671,334.750265,339.284851,339.435148,4.785394,4.985980,300-400,200-350
SITE1_P21,P21,SITE1,tsunami,A,2,5,P21_race_tsunami_A_5.csv,32,33,34,10:33:24.387,10:33:24.387,10:33:25.992,208.700000,-129.100000,-1737.600000,-221.000000,-110.700000,-1770.000000,-220.500000,-109.300000,-1769.200000,0.500000,1.400000,0.800000,430.919772,431.312427,430.361708,430.816945,0.943398,1.688194,400-500,351-500
SITE1_P21,P21,SITE1,tsunami,B,2,6,P21_race_tsunami_B_6.csv,4,5,6,10:34:03.153,10:34:03.153,10:34:04.627,-1587.700000,-148.100000,1834.300000,-1824.000000,-155.900000,2254.000000,-1825.100000,-154.500000,2256.500000,-1.100000,1.400000,2.500000,481.649022,481.712175,484.367216,484.409496,2.731300,3.069202,400-500,351-500
SITE1_P21,P21,SITE1,tsunami,B,2,6,P21_race_tsunami_B_6.csv,8,9,10,10:34:08.522,10:34:08.522,10:34:09.893,-1825.100000,-154.500000,2256.400000,-2183.500000,-156.800000,1969.600000,-2182.100000,-155.200000,1972.000000,1.400000,1.600000,2.400000,459.025925,459.031687,456.434398,456.434935,2.778489,3.206244,400-500,351-500
SITE1_P21,P21,SITE1,tsunami,C,2,7,P21_race_tsunami_C_7.csv,18,19,20,10:35:16.130,10:35:16.130,10:35:17.788,-2304.800000,-145.500000,-391.300000,-1943.900000,-143.600000,-367.100000,-1944.000000,-142.000000,-367.400000,-0.100000,1.600000,-0.300000,361.710450,361.715441,361.590722,361.607660,0.316228,1.630951,300-400,351-500
SITE1_P22,P22,SITE1,map,A,3,10,P22_race_map_A_10.csv,4,5,6,13:00:36.079,13:00:36.079,13:00:37.670,1364.600000,-136.900000,-2182.200000,1036.100000,-125.400000,-1926.600000,1035.600000,-123.900000,-1924.900000,-0.500000,1.500000,1.700000,416.225432,416.384270,417.665285,417.867551,1.772005,2.321637,400-500,351-500
SITE1_P22,P22,SITE1,map,A,3,10,P22_race_map_A_10.csv,8,9,10,13:00:41.887,13:00:41.887,13:00:45.454,1035.700000,-124.000000,-1924.900000,660.800000,-122.800000,-2101.300000,657.400000,-121.300000,-2105.100000,-3.400000,1.500000,-3.800000,414.327129,414.328867,419.026169,419.034867,5.099020,5.315073,400-500,351-500
SITE1_P22,P22,SITE1,map,A,3,10,P22_race_map_A_10.csv,12,13,14,13:00:48.607,13:00:48.608,13:00:51.930,657.400000,-121.300000,-2105.000000,193.000000,-120.500000,-2075.600000,192.000000,-118.900000,-2075.500000,-1.000000,1.600000,0.100000,465.329690,465.330377,466.334011,466.340187,1.004988,1.889444,400-500,351-500
SITE1_P22,P22,SITE1,map,A,3,10,P22_race_map_A_10.csv,16,17,18,13:00:58.108,13:00:58.108,13:01:00.130,192.000000,-118.900000,-2075.400000,207.800000,-130.500000,-1742.200000,206.500000,-129.000000,-1742.100000,-1.300000,1.500000,0.100000,333.574399,333.776033,333.615257,333.768108,1.303840,1.987461,300-400,200-350
SITE1_P22,P22,SITE1,map,A,3,10,P22_race_map_A_10.csv,20,21,22,13:01:04.232,13:01:04.232,13:01:05.951,206.400000,-129.100000,-1742.000000,-221.000000,-110.700000,-1770.000000,-219.100000,-109.300000,-1767.100000,1.900000,1.400000,2.900000,428.316192,428.711231,426.239674,426.699309,3.466987,3.738984,400-500,351-500
SITE1_P22,P22,SITE1,map,A,3,10,P22_race_map_A_10.csv,24,25,26,13:01:09.740,13:01:09.740,13:01:11.780,-219.100000,-109.400000,-1767.000000,-640.700000,-108.700000,-1512.100000,-640.900000,-107.100000,-1511.300000,-0.200000,1.600000,0.800000,492.666794,492.667291,493.252197,493.257559,0.824621,1.800000,400-500,351-500
SITE1_P22,P22,SITE1,map,B,3,11,P22_race_map_B_11.csv,4,5,6,13:01:26.078,13:01:26.078,13:01:27.673,-1587.500000,-148.200000,1834.200000,-1824.000000,-155.900000,2254.000000,-1824.200000,-154.300000,2251.400000,-0.200000,1.600000,-2.600000,481.834297,481.895819,479.669397,479.708182,2.607681,3.059412,400-500,351-500
SITE1_P22,P22,SITE1,map,B,3,11,P22_race_map_B_11.csv,8,9,10,13:01:31.351,13:01:31.351,13:01:34.871,-1824.300000,-154.400000,2251.400000,-2183.500000,-156.800000,1969.600000,-2185.400000,-155.300000,1968.400000,-1.900000,1.500000,-1.200000,456.547785,456.554093,458.783402,458.784285,2.247221,2.701851,400-500,351-500
SITE1_P22,P22,SITE1,map,B,3,11,P22_race_map_B_11.csv,12,13,14,13:01:38.184,13:01:38.184,13:01:39.824,-2185.400000,-155.300000,1968.400000,-2489.500000,-157.100000,2081.700000,-2487.600000,-155.500000,2082.100000,1.900000,1.600000,0.400000,324.520724,324.525715,322.881604,322.881666,1.941649,2.515949,300-400,200-350
SITE1_P22,P22,SITE1,map,B,3,11,P22_race_map_B_11.csv,16,17,18,13:01:42.711,13:01:42.711,13:01:45.459,-2487.600000,-155.600000,2082.100000,-2630.000000,-156.100000,2448.000000,-2635.100000,-154.600000,2448.600000,-5.100000,1.500000,0.600000,392.632869,392.633188,395.067716,395.068981,5.135173,5.349766,300-400,351-500
SITE1_P22,P22,SITE1,map,B,3,11,P22_race_map_B_11.csv,20,21,22,13:01:48.823,13:01:48.823,13:01:52.678,-2635.200000,-154.700000,2448.600000,-2978.700000,-155.900000,2306.500000,-2980.900000,-154.400000,2306.300000,-2.200000,1.500000,-0.200000,371.731973,371.733910,373.841918,373.842039,2.209072,2.670206,300-400,351-500
SITE1_P22,P22,SITE1,map,B,3,11,P22_race_map_B_11.csv,24,25,26,13:02:01.880,13:02:01.880,13:02:03.993,-2980.900000,-154.500000,2306.200000,-2999.000000,-156.000000,1931.000000,-3001.500000,-154.400000,1930.700000,-2.500000,1.600000,-0.300000,375.636327,375.639322,376.064635,376.064649,2.517936,2.983287,300-400,351-500
SITE1_P22,P22,SITE1,map,C,3,9,P22_race_map_C_9.csv,4,5,6,12:59:19.074,12:59:19.074,12:59:24.203,-2003.200000,-141.900000,179.500000,-2299.700000,-147.700000,56.800000,-2296.200000,-146.300000,57.000000,3.500000,1.400000,0.200000,320.885556,320.937969,317.577156,317.607635,3.505710,3.774917,300-400,200-350
SITE1_P22,P22,SITE1,map,C,3,9,P22_race_map_C_9.csv,8,9,10,12:59:33.216,12:59:33.216,12:59:36.478,-2296.200000,-146.500000,56.900000,-2303.900000,-147.000000,-387.200000,-2303.200000,-145.500000,-387.100000,0.700000,1.500000,0.100000,444.166748,444.167029,444.055177,444.056303,0.707107,1.658312,400-500,351-500
SITE1_P22,P22,SITE1,map,C,3,9,P22_race_map_C_9.csv,12,13,14,12:59:42.116,12:59:42.116,12:59:44.403,-2303.100000,-145.600000,-387.100000,-1943.900000,-143.600000,-367.100000,-1946.000000,-142.200000,-369.600000,-2.100000,1.400000,-2.500000,359.756362,359.761921,357.528544,357.544710,3.264966,3.552464,300-400,351-500
SITE1_P22,P22,SITE1,map,C,3,9,P22_race_map_C_9.csv,16,17,18,12:59:49.160,12:59:49.160,12:59:51.468,-1946.000000,-142.400000,-369.600000,-2025.000000,-148.600000,-798.000000,-2023.500000,-147.000000,-796.100000,1.500000,1.600000,1.900000,435.623186,435.667304,433.484140,433.508547,2.420744,2.901724,400-500,351-500
SITE1_P22,P22,SITE1,map,C,3,9,P22_race_map_C_9.csv,20,21,22,12:59:56.652,12:59:56.652,12:59:59.485,-2023.500000,-147.100000,-796.200000,-1819.400000,-140.800000,-1190.000000,-1820.900000,-139.300000,-1189.300000,-1.500000,1.500000,0.700000,443.548475,443.593215,442.237911,442.306692,1.655295,2.233831,400-500,351-500
SITE1_P22,P22,SITE1,map,C,3,9,P22_race_map_C_9.csv,25,26,27,13:00:11.037,13:00:11.037,13:00:14.589,-1820.800000,-139.300000,-1189.300000,-1375.200000,-127.000000,-1014.300000,-1375.800000,-125.500000,-1011.700000,-0.600000,1.500000,2.600000,478.732034,478.890019,479.131256,479.329949,2.668333,3.061046,400-500,351-500
SITE1_P22,P22,SITE1,tsunami,A,1,1,P22_race_tsunami_A_1.csv,47,48,49,12:32:54.440,12:32:54.440,12:32:57.420,855.600000,-118.000000,-2036.300000,660.800000,-122.800000,-2101.300000,667.300000,-121.200000,-2100.100000,6.500000,1.600000,1.200000,205.358321,205.414410,198.814813,198.840564,6.609841,6.800735,200-300,200-350
SITE1_P22,P22,SITE1,tsunami,A,1,1,P22_race_tsunami_A_1.csv,71,72,73,12:33:20.427,12:33:20.428,12:33:22.181,210.100000,-129.000000,-1738.900000,-221.000000,-110.700000,-1770.000000,-214.200000,-109.400000,-1771.300000,6.800000,1.300000,-1.300000,432.220337,432.607570,425.535251,425.986396,6.923150,7.044147,400-500,351-500
SITE1_P22,P22,SITE1,tsunami,A,1,1,P22_race_tsunami_A_1.csv,75,76,77,12:33:24.583,12:33:24.583,12:33:26.006,-214.200000,-109.300000,-1771.300000,-640.700000,-108.700000,-1512.100000,-633.700000,-107.200000,-1511.100000,7.000000,1.500000,1.000000,499.086055,499.086415,493.643890,493.648357,7.071068,7.228416,400-500,351-500
SITE1_P22,P22,SITE1,tsunami,B,1,2,P22_race_tsunami_B_2.csv,18,19,20,12:34:00.474,12:34:00.474,12:34:01.827,-2187.300000,-155.100000,1965.900000,-2489.500000,-157.100000,2081.700000,-2487.700000,-155.500000,2081.600000,1.800000,1.600000,-0.100000,323.627069,323.633249,321.910935,321.911183,1.802776,2.410394,300-400,200-350
SITE1_P22,P22,SITE1,tsunami,C,1,3,P22_race_tsunami_C_3.csv,18,19,20,12:35:01.718,12:35:01.719,12:35:04.446,-2301.900000,-145.500000,-389.000000,-1943.900000,-143.600000,-367.100000,-1937.500000,-141.900000,-367.200000,6.400000,1.700000,-0.100000,358.669221,358.674253,365.051503,365.069254,6.400781,6.622688,300-400,351-500
SITE1_P22,P22,SITE1,tsunami,C,1,3,P22_race_tsunami_C_3.csv,22,23,24,12:35:07.618,12:35:07.618,12:35:09.730,-1937.400000,-141.800000,-367.300000,-2025.000000,-148.600000,-798.000000,-2028.100000,-147.000000,-802.100000,-3.100000,1.600000,-4.100000,439.518202,439.570802,444.159352,444.189791,5.140039,5.383308,400-500,351-500
SITE1_P23,P23,SITE1,map,A,1,1,P23_race_map_A_1.csv,5,6,7,13:49:10.503,13:49:10.504,13:49:13.277,1364.400000,-136.900000,-2182.200000,1036.100000,-125.400000,-1926.600000,1038.200000,-123.900000,-1931.300000,2.100000,1.500000,-4.700000,416.067603,416.226501,411.530376,411.735655,5.147815,5.361903,400-500,351-500
SITE1_P23,P23,SITE1,map,A,1,1,P23_race_map_A_1.csv,9,10,11,13:49:23.019,13:49:23.020,13:49:25.630,1038.200000,-123.900000,-1931.400000,660.800000,-122.800000,-2101.300000,659.500000,-121.200000,-2101.500000,-1.300000,1.600000,-0.200000,413.880140,413.881601,415.147805,415.156585,1.315295,2.071232,400-500,351-500
SITE1_P23,P23,SITE1,map,A,1,1,P23_race_map_A_1.csv,13,14,15,13:49:32.459,13:49:32.459,13:49:33.978,659.500000,-121.200000,-2101.500000,193.000000,-120.500000,-2075.600000,197.900000,-118.900000,-2079.600000,4.900000,1.600000,-4.000000,467.218429,467.218953,462.119216,462.124940,6.325346,6.524569,400-500,351-500
SITE1_P23,P23,SITE1,map,A,1,1,P23_race_map_A_1.csv,17,18,19,13:49:40.020,13:49:40.020,13:49:49.357,197.900000,-118.900000,-2079.600000,207.800000,-130.500000,-1742.200000,209.400000,-129.000000,-1743.500000,1.600000,1.500000,-1.300000,337.545212,337.744474,336.296684,336.448317,2.061553,2.549510,300-400,200-350
SITE1_P23,P23,SITE1,map,A,1,1,P23_race_map_A_1.csv,21,22,23,13:49:59.213,13:49:59.213,13:50:06.221,209.400000,-129.000000,-1743.600000,-221.000000,-110.700000,-1770.000000,-218.000000,-109.300000,-1768.600000,3.000000,1.400000,1.400000,431.208905,431.597046,428.130541,428.583539,3.310589,3.594440,400-500,351-500
SITE1_P23,P23,SITE1,map,A,1,1,P23_race_map_A_1.csv,25,26,27,13:50:14.016,13:50:14.016,13:50:19.827,-218.100000,-109.300000,-1768.500000,-640.700000,-108.700000,-1512.100000,-638.200000,-107.100000,-1514.500000,2.500000,1.600000,-2.400000,494.299221,494.299585,490.917519,490.922448,3.465545,3.817067,400-500,351-500
SITE1_P23,P23,SITE1,map,B,1,2,P23_race_map_B_2.csv,4,5,6,13:50:57.412,13:50:57.413,13:51:01.798,-1587.400000,-148.200000,1834.300000,-1824.000000,-155.900000,2254.000000,-1821.600000,-154.400000,2252.100000,2.400000,1.500000,-1.900000,481.796274,481.857801,478.963965,479.004092,3.061046,3.408812,400-500,351-500
SITE1_P23,P23,SITE1,map,B,1,2,P23_race_map_B_2.csv,13,14,15,13:51:23.053,13:51:23.053,13:51:24.572,-2182.200000,-155.200000,1972.600000,-2489.500000,-157.100000,2081.700000,-2485.600000,-155.400000,2084.700000,3.900000,1.700000,3.000000,326.092165,326.097700,323.447013,323.447074,4.920366,5.205766,300-400,200-350
SITE1_P23,P23,SITE1,map,B,1,2,P23_race_map_B_2.csv,17,18,19,13:51:31.285,13:51:31.285,13:51:34.993,-2485.600000,-155.400000,2084.800000,-2630.000000,-156.100000,2448.000000,-2629.400000,-154.600000,2447.400000,0.600000,1.500000,-0.600000,390.852402,390.853029,390.073326,390.074147,0.848528,1.723369,300-400,351-500
SITE1_P23,P23,SITE1,map,B,1,2,P23_race_map_B_2.csv,21,22,23,13:51:42.370,13:51:42.370,13:51:46.771,-2629.500000,-154.600000,2447.300000,-2978.700000,-155.900000,2306.500000,-2978.400000,-154.400000,2308.500000,0.300000,1.500000,2.000000,376.517304,376.519548,375.495206,375.495260,2.022375,2.517936,300-400,351-500
SITE1_P23,P23,SITE1,map,B,1,2,P23_race_map_B_2.csv,27,28,29,13:52:04.885,13:52:04.885,13:52:07.960,-2978.400000,-154.400000,2308.500000,-2999.000000,-156.000000,1931.000000,-3001.000000,-154.300000,1933.500000,-2.000000,1.700000,2.500000,378.061648,378.065034,375.680396,375.680409,3.201562,3.624914,300-400,351-500
SITE1_P23,P23,SITE1,map,C,1,3,P23_race_map_C_3.csv,5,6,7,13:52:36.966,13:52:36.966,13:52:38.611,-2003.400000,-141.900000,179.400000,-2299.700000,-147.700000,56.800000,-2301.500000,-146.100000,55.100000,-1.800000,1.600000,-1.700000,320.662517,320.714967,322.976934,323.004241,2.475884,2.947881,300-400,200-350
SITE1_P23,P23,SITE1,map,C,1,3,P23_race_map_C_3.csv,9,10,11,13:52:44.818,13:52:44.818,13:52:46.850,-2301.400000,-146.100000,55.200000,-2303.900000,-147.000000,-387.200000,-2303.700000,-145.500000,-388.100000,0.200000,1.500000,-0.900000,442.407064,442.407979,443.305967,443.306373,0.921954,1.760682,400-500,351-500
SITE1_P23,P23,SITE1,map,C,1,3,P23_race_map_C_3.csv,13,14,15,13:52:53.713,13:52:53.713,13:52:55.323,-2303.700000,-145.500000,-388.100000,-1943.900000,-143.600000,-367.100000,-1944.600000,-142.100000,-370.300000,-0.700000,1.500000,-3.200000,360.412319,360.417328,359.540888,359.556963,3.275668,3.602777,300-400,351-500
SITE1_P23,P23,SITE1,map,C,1,3,P23_race_map_C_3.csv,17,18,19,13:53:02.295,13:53:02.296,13:53:04.729,-1944.600000,-142.200000,-370.400000,-2025.000000,-148.600000,-798.000000,-2024.800000,-147.000000,-799.200000,0.200000,1.600000,-1.200000,435.093002,435.140069,436.235579,436.261986,1.216553,2.009975,400-500,351-500
SITE1_P23,P23,SITE1,map,C,1,3,P23_race_map_C_3.csv,21,22,23,13:53:09.086,13:53:09.086,13:53:10.795,-2024.800000,-147.100000,-799.100000,-1819.400000,-140.800000,-1190.000000,-1822.700000,-139.400000,-1190.600000,-3.300000,1.400000,-0.600000,441.578951,441.623890,440.586722,440.654003,3.354102,3.634556,400-500,351-500
SITE1_P23,P23,SITE1,map,C,1,3,P23_race_map_C_3.csv,25,26,27,13:53:16.863,13:53:16.863,13:53:19.428,-1822.800000,-139.400000,-1190.500000,-1375.200000,-127.000000,-1014.300000,-1377.100000,-125.500000,-1013.700000,-1.900000,1.500000,0.600000,481.032431,481.192228,479.485902,479.687336,1.992486,2.493993,400-500,351-500
SITE1_P23,P23,SITE1,tsunami,A,2,7,P23_race_tsunami_A_7.csv,25,26,27,14:04:51.071,14:04:51.071,14:04:52.993,191.900000,-119.100000,-2072.900000,207.800000,-130.500000,-1742.200000,202.600000,-129.100000,-1737.400000,-5.200000,1.400000,4.800000,331.082014,331.278221,335.670583,335.819505,7.076722,7.213876,300-400,200-350
SITE1_P23,P23,SITE1,tsunami,C,2,6,P23_race_tsunami_C_6.csv,11,12,13,14:03:09.521,14:03:09.522,14:03:11.516,-2301.400000,-146.100000,55.700000,-2303.900000,-147.000000,-387.200000,-2304.200000,-145.400000,-386.200000,-0.300000,1.600000,1.000000,442.907056,442.907970,441.908871,441.909425,1.044031,1.910497,400-500,351-500
SITE1_P23,P23,SITE1,tsunami,C,2,6,P23_race_tsunami_C_6.csv,15,16,17,14:03:17.632,14:03:17.632,14:03:20.975,-2304.200000,-145.400000,-386.300000,-1943.900000,-143.600000,-367.100000,-1940.400000,-141.900000,-367.400000,3.500000,1.700000,-0.300000,360.811211,360.815701,364.290612,364.307425,3.512834,3.902563,300-400,351-500
SITE1_P24,P24,SITE1,map,A,2,7,P24_race_map_A_7.csv,4,5,6,10:15:07.915,10:15:07.915,10:15:09.861,1364.400000,-136.900000,-2182.200000,1036.100000,-125.400000,-1926.600000,1036.300000,-123.800000,-1930.200000,0.200000,1.600000,-3.600000,416.067603,416.226501,413.707155,413.914508,3.605551,3.944617,400-500,351-500
SITE1_P24,P24,SITE1,map,A,2,7,P24_race_map_A_7.csv,8,9,10,10:15:12.797,10:15:12.798,10:15:14.781,1036.300000,-123.800000,-1930.200000,660.800000,-122.800000,-2101.300000,660.600000,-121.100000,-2102.000000,-0.200000,1.700000,-0.700000,412.644472,412.645683,413.117090,413.125913,0.728011,1.849324,400-500,351-500
SITE1_P24,P24,SITE1,map,A,2,7,P24_race_map_A_7.csv,12,13,14,10:15:18.032,10:15:18.032,10:15:19.293,660.600000,-121.100000,-2102.000000,193.000000,-120.500000,-2075.600000,193.900000,-119.100000,-2073.600000,0.900000,1.400000,2.000000,468.344659,468.345044,467.563311,467.567589,2.193171,2.601922,400-500,351-500
SITE1_P24,P24,SITE1,map,A,2,7,P24_race_map_A_7.csv,16,17,18,10:15:22.387,10:15:22.387,10:15:23.351,194.000000,-119.100000,-2073.600000,207.800000,-130.500000,-1742.200000,205.700000,-128.800000,-1746.300000,-2.100000,1.700000,-4.100000,331.687202,331.883052,327.509053,327.652667,4.606517,4.910193,300-400,200-350
SITE1_P24,P24,SITE1,map,A,2,7,P24_race_map_A_7.csv,20,21,22,10:15:26.446,10:15:26.446,10:15:27.726,205.700000,-128.800000,-1746.300000,-221.000000,-110.700000,-1770.000000,-219.300000,-109.200000,-1770.900000,1.700000,1.500000,-0.900000,427.357672,427.740798,425.711358,426.162316,1.923538,2.439262,400-500,351-500
SITE1_P24,P24,SITE1,map,A,2,7,P24_race_map_A_7.csv,24,25,26,10:15:30.137,10:15:30.137,10:15:31.251,-219.300000,-109.200000,-1770.900000,-640.700000,-108.700000,-1512.100000,-638.300000,-107.100000,-1511.400000,2.400000,1.600000,0.700000,494.525429,494.525682,492.850129,492.854603,2.500000,2.968164,400-500,351-500
SITE1_P24,P24,SITE1,map,B,2,5,P24_race_map_B_5.csv,11,12,13,10:13:25.052,10:13:25.052,10:13:27.956,-1825.700000,-154.300000,2252.200000,-2183.500000,-156.800000,1969.600000,-2182.200000,-155.100000,1968.800000,1.300000,1.700000,-0.800000,455.942540,455.949394,455.420476,455.421179,1.526434,2.284732,400-500,351-500
SITE1_P24,P24,SITE1,map,B,2,5,P24_race_map_B_5.csv,15,16,17,10:13:33.098,10:13:33.098,10:13:34.736,-2182.200000,-155.100000,1968.800000,-2489.500000,-157.100000,2081.700000,-2487.400000,-155.300000,2082.000000,2.100000,1.800000,0.300000,327.383109,327.389218,325.516943,325.517004,2.121320,2.782086,300-400,200-350
SITE1_P24,P24,SITE1,map,B,2,5,P24_race_map_B_5.csv,19,20,21,10:13:39.116,10:13:39.116,10:13:41.395,-2487.400000,-155.300000,2082.000000,-2630.000000,-156.100000,2448.000000,-2631.900000,-154.500000,2443.400000,-1.900000,1.600000,-4.600000,392.798625,392.799440,389.217433,389.218255,4.976947,5.227810,300-400,351-500
SITE1_P24,P24,SITE1,map,B,2,5,P24_race_map_B_5.csv,23,24,25,10:13:46.634,10:13:46.634,10:13:48.224,-2631.900000,-154.500000,2443.400000,-2978.700000,-155.900000,2306.500000,-2981.000000,-154.300000,2304.800000,-2.300000,1.600000,-1.700000,372.842929,372.845558,375.607202,375.607255,2.860070,3.277194,300-400,351-500
SITE1_P24,P24,SITE1,map,B,2,5,P24_race_map_B_5.csv,27,28,29,10:13:53.224,10:13:53.224,10:13:54.951,-2981.000000,-154.400000,2304.900000,-2999.000000,-156.000000,1931.000000,-3001.000000,-154.200000,1930.300000,-2.000000,1.800000,-0.700000,374.333020,374.336440,375.133523,375.133576,2.118962,2.780288,300-400,351-500
SITE1_P24,P24,SITE1,map,C,2,6,P24_race_map_C_6.csv,4,5,6,10:14:17.487,10:14:17.488,10:14:18.797,-2003.300000,-141.900000,179.500000,-2299.700000,-147.700000,56.800000,-2299.800000,-146.000000,56.400000,-0.100000,1.700000,-0.400000,320.793158,320.845586,321.038720,321.064900,0.412311,1.749286,300-400,200-350
SITE1_P24,P24,SITE1,map,C,2,6,P24_race_map_C_6.csv,8,9,10,10:14:22.078,10:14:22.078,10:14:23.586,-2299.800000,-146.100000,56.400000,-2303.900000,-147.000000,-387.200000,-2300.200000,-145.500000,-390.900000,3.700000,1.500000,-3.700000,443.618947,443.619860,447.300179,447.300581,5.232590,5.443345,400-500,351-500
SITE1_P24,P24,SITE1,map,C,2,6,P24_race_map_C_6.csv,12,13,14,10:14:27.458,10:14:27.458,10:14:28.854,-2300.200000,-145.500000,-390.800000,-1943.900000,-143.600000,-367.100000,-1946.800000,-142.200000,-371.400000,-2.900000,1.400000,-4.300000,357.087356,357.092411,353.932084,353.947468,5.186521,5.372150,300-400,351-500
SITE1_P24,P24,SITE1,map,C,2,6,P24_race_map_C_6.csv,16,17,18,10:14:32.149,10:14:32.149,10:14:34.068,-1946.800000,-142.200000,-371.500000,-2025.000000,-148.600000,-798.000000,-2021.000000,-146.900000,-799.600000,4.000000,1.700000,-1.600000,433.609836,433.657065,434.482738,434.508159,4.308132,4.631414,400-500,351-500
SITE1_P24,P24,SITE1,map,C,2,6,P24_race_map_C_6.csv,20,21,22,10:14:37.900,10:14:37.900,10:14:39.374,-2021.000000,-147.000000,-799.500000,-1819.400000,-140.800000,-1190.000000,-1818.200000,-139.100000,-1190.800000,1.200000,1.700000,-0.800000,439.468782,439.512514,440.730677,440.801475,1.442221,2.229350,400-500,351-500
SITE1_P24,P24,SITE1,map,C,2,6,P24_race_map_C_6.csv,24,25,26,10:14:42.965,10:14:42.965,10:14:47.471,-1818.200000,-139.100000,-1190.800000,-1375.200000,-127.000000,-1014.300000,-1375.000000,-125.300000,-1017.200000,0.200000,1.700000,-2.900000,476.866071,477.019559,475.986554,476.186560,2.906888,3.367492,400-500,351-500
SITE1_P24,P24,SITE1,tsunami,A,3,10,P24_race_tsunami_A_10.csv,27,28,29,10:22:38.811,10:22:38.811,10:22:40.395,194.100000,-118.700000,-2078.700000,207.800000,-130.500000,-1742.200000,206.600000,-128.700000,-1749.200000,-1.200000,1.800000,-7.000000,336.778770,336.985430,329.737016,329.888618,7.102112,7.326664,300-400,200-350
SITE2_P01,P01,SITE2,map,A,2,7,P01_race_map_A_7.csv,4,5,6,09:37:59.739,09:37:59.739,09:38:01.818,1364.500000,-136.900000,-2182.300000,1036.100000,-125.400000,-1926.600000,1036.200000,-123.900000,-1924.500000,0.100000,1.500000,2.100000,416.207941,416.366785,417.422723,417.625107,2.102380,2.582634,400-500,351-500
SITE2_P01,P01,SITE2,map,A,2,7,P01_race_map_A_7.csv,8,9,10,09:38:09.567,09:38:09.567,09:38:14.368,1036.200000,-124.000000,-1924.500000,660.800000,-122.800000,-2101.300000,656.500000,-121.300000,-2103.100000,-4.300000,1.500000,-1.800000,414.949876,414.951612,419.607019,419.615705,4.661545,4.896938,400-500,351-500
SITE2_P01,P01,SITE2,map,A,2,7,P01_race_map_A_7.csv,13,14,15,09:38:21.900,09:38:21.900,09:38:26.015,656.500000,-121.300000,-2103.200000,193.000000,-120.500000,-2075.600000,190.300000,-119.000000,-2072.600000,-2.700000,1.500000,3.000000,464.321020,464.321710,467.203168,467.208829,4.036087,4.305810,400-500,351-500
SITE2_P01,P01,SITE2,map,A,2,7,P01_race_map_A_7.csv,17,18,19,09:38:29.744,09:38:29.744,09:38:31.527,190.300000,-119.000000,-2072.600000,207.800000,-130.500000,-1742.200000,205.500000,-129.100000,-1738.900000,-2.300000,1.400000,3.300000,330.863129,331.062925,334.046000,334.198653,4.022437,4.259108,300-400,200-350
SITE2_P01,P01,SITE2,map,A,2,7,P01_race_map_A_7.csv,21,22,23,09:38:35.419,09:38:35.419,09:38:36.842,205.500000,-129.100000,-1739.000000,-221.000000,-110.700000,-1770.000000,-218.600000,-109.400000,-1767.300000,2.400000,1.300000,2.700000,427.625128,428.020806,425.043174,425.499459,3.612478,3.839271,400-500,351-500
SITE2_P01,P01,SITE2,map,A,2,7,P01_race_map_A_7.csv,25,26,27,09:38:40.444,09:38:40.444,09:38:42.814,-218.600000,-109.400000,-1767.300000,-640.700000,-108.700000,-1512.100000,-637.800000,-107.200000,-1511.800000,2.900000,1.500000,0.300000,493.249886,493.250383,490.926563,490.931492,2.915476,3.278719,400-500,351-500
SITE2_P01,P01,SITE2,map,B,2,5,P01_race_map_B_5.csv,14,15,16,09:34:40.873,09:34:40.873,09:34:45.161,-1880.100000,-155.000000,1896.400000,-2183.500000,-156.800000,1969.600000,-2181.300000,-155.200000,1970.200000,2.200000,1.600000,0.600000,312.105431,312.110621,310.109465,310.109529,2.280351,2.785678,300-400,200-350
SITE2_P01,P01,SITE2,map,B,2,5,P01_race_map_B_5.csv,18,19,20,09:34:50.859,09:34:50.859,09:35:06.931,-2181.200000,-155.200000,1970.200000,-2489.500000,-157.100000,2081.700000,-2489.300000,-155.600000,2083.800000,0.200000,1.500000,2.100000,327.843164,327.848669,328.375654,328.375897,2.109502,2.588436,300-400,200-350
SITE2_P01,P01,SITE2,map,B,2,5,P01_race_map_B_5.csv,22,23,24,09:35:12.564,09:35:12.565,09:35:15.666,-2489.300000,-155.500000,2083.800000,-2630.000000,-156.100000,2448.000000,-2629.300000,-154.600000,2447.300000,0.700000,1.500000,-0.700000,390.433259,390.433720,389.528240,389.529280,0.989949,1.797220,300-400,351-500
SITE2_P01,P01,SITE2,map,B,2,5,P01_race_map_B_5.csv,33,34,35,09:35:39.171,09:35:39.171,09:35:43.118,-2976.900000,-154.400000,2308.100000,-2999.000000,-156.000000,1931.000000,-3000.300000,-154.400000,1933.400000,-1.300000,1.600000,2.400000,377.747032,377.750420,375.429954,375.429954,2.729469,3.163858,300-400,351-500
SITE2_P01,P01,SITE2,map,C,2,6,P01_race_map_C_6.csv,4,5,6,09:36:21.713,09:36:21.713,09:36:24.155,-2002.100000,-142.300000,169.100000,-2299.700000,-147.700000,56.800000,-2302.700000,-146.100000,59.600000,-3.000000,1.600000,2.800000,318.083401,318.129235,319.922819,319.945386,4.103657,4.404543,300-400,200-350
SITE2_P01,P01,SITE2,map,C,2,6,P01_race_map_C_6.csv,8,9,10,09:36:32.399,09:36:32.399,09:36:37.620,-2302.800000,-146.200000,59.600000,-2303.900000,-147.000000,-387.200000,-2304.000000,-145.500000,-384.800000,-0.100000,1.500000,2.400000,446.801354,446.802070,444.401620,444.402171,2.402082,2.831960,400-500,351-500
SITE2_P01,P01,SITE2,map,C,2,6,P01_race_map_C_6.csv,12,13,14,09:36:44.308,09:36:44.308,09:36:55.286,-2304.000000,-145.500000,-384.800000,-1943.900000,-143.600000,-367.100000,-1944.700000,-142.100000,-366.900000,-0.800000,1.500000,0.200000,360.534742,360.539748,359.745605,359.761671,0.824621,1.711724,300-400,351-500
SITE2_P01,P01,SITE2,map,C,2,6,P01_race_map_C_6.csv,16,17,18,09:37:00.894,09:37:00.895,09:37:05.382,-1944.800000,-142.200000,-366.800000,-2025.000000,-148.600000,-798.000000,-2023.100000,-147.000000,-797.300000,1.900000,1.600000,0.700000,438.594893,438.641585,437.562727,437.589054,2.024846,2.580698,400-500,351-500
SITE2_P01,P01,SITE2,map,C,2,6,P01_race_map_C_6.csv,20,21,22,09:37:11.927,09:37:11.927,09:37:17.269,-2023.100000,-147.100000,-797.400000,-1819.400000,-140.800000,-1190.000000,-1820.900000,-139.400000,-1190.800000,-1.500000,1.400000,-0.800000,442.299050,442.343916,442.321602,442.388619,1.700000,2.202272,400-500,351-500
SITE2_P01,P01,SITE2,map,C,2,6,P01_race_map_C_6.csv,25,26,27,09:37:29.293,09:37:29.293,09:37:31.226,-1820.900000,-139.400000,-1190.900000,-1375.200000,-127.000000,-1014.300000,-1376.200000,-125.500000,-1013.700000,-1.000000,1.500000,0.600000,479.412192,479.572528,478.704429,478.906191,1.166190,1.900000,400-500,351-500
SITE2_P01,P01,SITE2,tsunami,A,3,10,P01_race_tsunami_A_10.csv,4,5,6,09:48:29.983,09:48:29.983,09:48:32.230,1364.500000,-136.900000,-2182.200000,1036.100000,-125.400000,-1926.600000,1035.300000,-123.900000,-1927.800000,-0.800000,1.500000,-1.200000,416.146513,416.305381,416.043267,416.246321,1.442221,2.080865,400-500,351-500
SITE2_P02,P02,SITE2,map,A,2,6,P02_race_map_A_6.csv,4,5,6,12:20:53.293,12:20:53.293,12:20:54.676,1364.500000,-136.900000,-2182.300000,1036.100000,-125.400000,-1926.600000,1039.400000,-123.800000,-1923.400000,3.300000,1.600000,3.200000,416.207941,416.366785,415.595019,415.801431,4.596738,4.867237,400-500,351-500
SITE2_P02,P02,SITE2,map,A,2,6,P02_race_map_A_6.csv,35,36,37,12:21:26.376,12:21:26.377,12:21:27.472,207.100000,-128.900000,-1745.800000,-221.000000,-110.700000,-1770.000000,-217.600000,-109.300000,-1771.400000,3.400000,1.400000,-1.400000,428.783454,429.169535,425.470857,425.922070,3.676955,3.934463,400-500,351-500
SITE2_P02,P02,SITE2,map,A,2,6,P02_race_map_A_6.csv,39,40,41,12:21:29.993,12:21:29.993,12:21:30.940,-217.600000,-109.300000,-1771.400000,-640.700000,-108.700000,-1512.100000,-636.400000,-107.100000,-1515.700000,4.300000,1.600000,-3.600000,496.235932,496.236295,490.689240,490.694172,5.608030,5.831809,400-500,351-500
SITE2_P02,P02,SITE2,map,C,2,5,P02_race_map_C_5.csv,5,6,7,12:19:54.388,12:19:54.389,12:19:55.557,-2003.300000,-141.900000,179.500000,-2299.700000,-147.700000,56.800000,-2295.400000,-146.400000,56.500000,4.300000,1.300000,-0.300000,320.793158,320.845586,316.940704,316.972649,4.310452,4.502222,300-400,200-350
SITE2_P02,P02,SITE2,map,C,2,5,P02_race_map_C_5.csv,16,17,18,12:20:11.956,12:20:11.956,12:20:13.243,-2303.300000,-145.500000,-388.900000,-1943.900000,-143.600000,-367.100000,-1941.700000,-142.000000,-371.500000,2.200000,1.600000,-4.400000,360.060550,360.065563,362.018397,362.035316,4.919350,5.173007,300-400,351-500
SITE2_P02,P02,SITE2,map,C,2,5,P02_race_map_C_5.csv,20,21,22,12:20:16.628,12:20:16.628,12:20:17.778,-1941.700000,-142.100000,-371.600000,-2025.000000,-148.600000,-798.000000,-2023.100000,-147.000000,-799.000000,1.900000,1.600000,-1.000000,434.460412,434.509033,435.082429,435.110021,2.147091,2.677686,400-500,351-500
SITE2_P02,P02,SITE2,map,C,2,5,P02_race_map_C_5.csv,31,32,33,12:20:31.490,12:20:31.490,12:20:33.193,-1817.300000,-139.100000,-1189.100000,-1375.200000,-127.000000,-1014.300000,-1372.000000,-125.500000,-1015.600000,3.200000,1.500000,-1.300000,475.402408,475.556369,477.906204,478.099676,3.453983,3.765634,400-500,351-500
SITE2_P02,P02,SITE2,tsunami,B,3,10,P02_race_tsunami_B_10.csv,29,30,31,12:28:45.118,12:28:45.119,12:28:45.979,-2540.600000,-154.900000,2233.900000,-2630.000000,-156.100000,2448.000000,-2629.300000,-154.600000,2448.000000,0.700000,1.500000,0.000000,232.015452,232.018555,231.746629,231.746823,0.700000,1.655295,200-300,200-350
SITE2_P02,P02,SITE2,tsunami,C,3,11,P02_race_tsunami_C_11.csv,4,5,6,12:34:19.064,12:34:19.064,12:34:21.114,-2003.400000,-141.800000,179.500000,-2299.700000,-147.700000,56.800000,-2296.100000,-146.400000,57.000000,3.600000,1.300000,0.200000,320.700764,320.755031,317.300394,317.333736,3.605551,3.832754,300-400,200-350
SITE2_P02,P02,SITE2,tsunami,C,3,11,P02_race_tsunami_C_11.csv,15,16,17,12:34:33.985,12:34:33.985,12:34:34.833,-2304.200000,-145.500000,-387.400000,-1943.900000,-143.600000,-367.100000,-1941.400000,-141.900000,-367.800000,2.500000,1.700000,-0.700000,360.871418,360.876419,363.329052,363.346887,2.596151,3.103224,300-400,351-500
SITE2_P02,P02,SITE2,tsunami,C,3,11,P02_race_tsunami_C_11.csv,19,20,21,12:34:41.019,12:34:41.019,12:34:42.013,-1941.400000,-141.900000,-367.800000,-2025.000000,-148.600000,-798.000000,-2024.600000,-147.000000,-794.800000,0.400000,1.600000,3.200000,438.247647,438.298859,435.030160,435.060053,3.224903,3.600000,400-500,351-500
SITE2_P03,P03,SITE2,map,A,2,5,P03_race_map_A_5.csv,4,5,6,09:01:26.847,09:01:26.847,09:01:28.802,1364.400000,-136.900000,-2182.300000,1036.100000,-125.400000,-1926.600000,1035.600000,-123.900000,-1927.000000,-0.500000,1.500000,-0.400000,416.129042,416.287917,416.278188,416.481128,0.640312,1.630951,400-500,351-500
SITE2_P03,P03,SITE2,map,A,2,5,P03_race_map_A_5.csv,8,9,10,09:01:36.231,09:01:36.231,09:01:39.332,1035.800000,-124.000000,-1927.100000,660.800000,-122.800000,-2101.300000,661.900000,-121.200000,-2100.800000,1.100000,1.600000,0.500000,413.485961,413.487702,412.277698,412.287206,1.208305,2.004994,400-500,351-500
SITE2_P03,P03,SITE2,map,A,2,5,P03_race_map_A_5.csv,12,13,14,09:01:47.607,09:01:47.607,09:01:53.453,661.800000,-121.200000,-2100.800000,193.000000,-120.500000,-2075.600000,193.700000,-119.100000,-2073.000000,0.700000,1.400000,2.600000,469.476815,469.477337,468.924781,468.929483,2.692582,3.034798,400-500,351-500
SITE2_P03,P03,SITE2,map,A,2,5,P03_race_map_A_5.csv,17,18,19,09:02:02.944,09:02:02.945,09:02:05.167,193.600000,-119.100000,-2073.000000,207.800000,-130.500000,-1742.200000,207.100000,-129.000000,-1740.000000,-0.700000,1.500000,2.200000,331.104636,331.300830,333.273536,333.420545,2.308679,2.753180,300-400,200-350
SITE2_P03,P03,SITE2,map,A,2,5,P03_race_map_A_5.csv,21,22,23,09:02:14.266,09:02:14.266,09:02:15.861,207.200000,-129.100000,-1740.100000,-221.000000,-110.700000,-1770.000000,-218.300000,-109.200000,-1772.000000,2.700000,1.500000,-2.000000,429.242647,429.636835,426.694106,427.157898,3.360060,3.679674,400-500,351-500
SITE2_P03,P03,SITE2,map,A,2,5,P03_race_map_A_5.csv,25,26,27,09:02:22.579,09:02:22.579,09:02:25.298,-218.300000,-109.200000,-1772.000000,-640.700000,-108.700000,-1512.100000,-640.700000,-107.100000,-1512.600000,0.000000,1.600000,-0.500000,495.953395,495.953647,495.691557,495.696006,0.500000,1.676305,400-500,351-500
SITE2_P03,P03,SITE2,map,B,2,6,P03_race_map_B_6.csv,4,5,6,09:02:50.783,09:02:50.783,09:02:52.955,-1587.600000,-148.200000,1834.200000,-1824.000000,-155.900000,2254.000000,-1823.400000,-154.300000,2249.200000,0.600000,1.600000,-4.800000,481.785222,481.846749,477.311890,477.350867,4.837355,5.095096,400-500,351-500
SITE2_P03,P03,SITE2,map,B,2,6,P03_race_map_B_6.csv,8,9,10,09:03:00.736,09:03:00.736,09:03:02.425,-1823.300000,-154.300000,2249.100000,-2183.500000,-156.800000,1969.600000,-2187.800000,-155.200000,1966.500000,-4.300000,1.600000,-3.100000,455.921364,455.928218,461.219048,461.219926,5.300943,5.537147,400-500,351-500
SITE2_P03,P03,SITE2,map,B,2,6,P03_race_map_B_6.csv,12,13,14,09:03:07.909,09:03:07.909,09:03:09.728,-2188.000000,-155.200000,1966.400000,-2489.500000,-157.100000,2081.700000,-2492.000000,-155.500000,2084.100000,-2.500000,1.600000,2.400000,322.794579,322.800170,325.989708,325.989846,3.465545,3.817067,300-400,200-350
SITE2_P03,P03,SITE2,map,B,2,6,P03_race_map_B_6.csv,16,17,18,09:03:15.847,09:03:15.847,09:03:19.398,-2492.000000,-155.500000,2084.200000,-2630.000000,-156.100000,2448.000000,-2630.500000,-154.600000,2444.800000,-0.500000,1.500000,-3.200000,389.094384,389.094847,386.283070,386.284118,3.238827,3.569314,300-400,351-500
SITE2_P03,P03,SITE2,map,B,2,6,P03_race_map_B_6.csv,21,22,23,09:03:29.091,09:03:29.091,09:03:30.966,-2630.400000,-154.600000,2444.700000,-2978.700000,-155.900000,2306.500000,-2977.400000,-154.300000,2305.400000,1.300000,1.600000,-1.100000,374.716066,374.718321,373.916421,373.916541,1.702939,2.336664,300-400,351-500
SITE2_P03,P03,SITE2,map,B,2,6,P03_race_map_B_6.csv,28,29,30,09:03:46.194,09:03:46.194,09:03:48.346,-2977.400000,-154.400000,2305.400000,-2999.000000,-156.000000,1931.000000,-2998.800000,-154.400000,1929.100000,0.200000,1.600000,-1.900000,375.022559,375.025972,376.908013,376.908013,1.910497,2.491987,300-400,351-500
SITE2_P03,P03,SITE2,map,C,2,7,P03_race_map_C_7.csv,4,5,6,09:04:15.764,09:04:15.764,09:04:19.318,-2003.300000,-141.900000,179.500000,-2299.700000,-147.700000,56.800000,-2297.300000,-146.200000,58.100000,2.400000,1.500000,1.300000,320.793158,320.845586,318.078544,318.107608,2.729469,3.114482,300-400,200-350
SITE2_P03,P03,SITE2,map,C,2,7,P03_race_map_C_7.csv,8,9,10,09:04:28.520,09:04:28.520,09:04:33.667,-2297.300000,-146.200000,58.000000,-2303.900000,-147.000000,-387.200000,-2304.500000,-145.400000,-385.500000,-0.600000,1.600000,1.700000,445.248919,445.249638,443.558440,443.559162,1.802776,2.410394,400-500,351-500
SITE2_P03,P03,SITE2,map,C,2,7,P03_race_map_C_7.csv,19,20,21,09:04:51.663,09:04:51.663,09:04:53.381,-1941.700000,-142.000000,-366.600000,-2025.000000,-148.600000,-798.000000,-2025.600000,-147.100000,-796.000000,-0.600000,1.500000,2.000000,439.368695,439.418263,437.519794,437.549517,2.088061,2.570992,400-500,351-500
SITE2_P03,P03,SITE2,map,C,2,7,P03_race_map_C_7.csv,23,24,25,09:05:00.659,09:05:00.659,09:05:03.405,-2025.600000,-147.100000,-796.000000,-1819.400000,-140.800000,-1190.000000,-1820.900000,-139.300000,-1190.000000,-1.500000,1.500000,0.000000,444.695896,444.740520,444.002354,444.070861,1.500000,2.121320,400-500,351-500
SITE2_P03,P03,SITE2,map,C,2,7,P03_race_map_C_7.csv,27,28,29,09:05:09.824,09:05:09.824,09:05:12.321,-1820.800000,-139.400000,-1190.000000,-1375.200000,-127.000000,-1014.300000,-1375.400000,-125.500000,-1012.900000,-0.200000,1.500000,1.400000,478.988361,479.148839,479.317817,479.519322,1.414214,2.061553,400-500,351-500
SITE2_P03,P03,SITE2,tsunami,A,3,11,P03_race_tsunami_A_11.csv,11,12,13,09:23:52.411,09:23:52.411,09:23:54.247,1038.000000,-123.900000,-1926.700000,660.800000,-122.800000,-2101.300000,655.600000,-121.200000,-2106.700000,-5.200000,1.600000,-5.400000,415.650093,415.651549,422.646140,422.654765,7.496666,7.665507,400-500,351-500
SITE2_P03,P03,SITE2,tsunami,A,3,11,P03_race_tsunami_A_11.csv,36,37,38,09:24:27.919,09:24:27.919,09:24:30.628,-224.100000,-109.000000,-1770.700000,-640.700000,-108.700000,-1512.100000,-642.300000,-107.100000,-1513.000000,-1.600000,1.600000,-0.900000,490.336130,490.336221,491.223503,491.227178,1.835756,2.435159,400-500,351-500
SITE2_P03,P03,SITE2,tsunami,B,3,9,P03_race_tsunami_B_9.csv,19,20,21,09:21:30.259,09:21:30.259,09:21:31.774,-2183.600000,-155.200000,1968.700000,-2489.500000,-157.100000,2081.700000,-2487.900000,-155.400000,2086.000000,1.600000,1.700000,4.300000,326.103986,326.109521,326.125405,326.125467,4.588028,4.892852,300-400,200-350
SITE2_P03,P03,SITE2,tsunami,B,3,9,P03_race_tsunami_B_9.csv,23,24,25,09:21:38.656,09:21:38.656,09:21:40.511,-2487.900000,-155.400000,2086.000000,-2630.000000,-156.100000,2448.000000,-2635.100000,-154.600000,2448.700000,-5.100000,1.500000,0.700000,388.891257,388.891887,391.432152,391.432970,5.147815,5.361903,300-400,351-500
SITE2_P03,P03,SITE2,tsunami,B,3,9,P03_race_tsunami_B_9.csv,34,35,36,09:21:56.503,09:21:56.503,09:21:57.609,-2983.300000,-154.400000,2307.800000,-2999.000000,-156.000000,1931.000000,-2997.400000,-154.400000,1934.900000,1.600000,1.600000,3.900000,377.126941,377.130336,373.166478,373.166478,4.215448,4.508880,300-400,351-500
SITE2_P04,P04,SITE2,map,A,1,1,P04_race_map_A_1.csv,4,5,6,10:33:09.502,10:33:09.502,10:33:11.831,1364.500000,-136.900000,-2182.400000,1036.100000,-125.400000,-1926.600000,1035.400000,-123.900000,-1926.500000,-0.700000,1.500000,0.100000,416.269384,416.428205,416.883221,417.085866,0.707107,1.658312,400-500,351-500
SITE2_P04,P04,SITE2,map,A,1,1,P04_race_map_A_1.csv,8,9,10,10:33:18.359,10:33:18.359,10:33:20.624,1035.400000,-123.900000,-1926.500000,660.800000,-122.800000,-2101.300000,665.100000,-121.200000,-2100.800000,4.300000,1.600000,0.500000,413.376584,413.378047,409.270791,409.279697,4.328972,4.615192,400-500,351-500
SITE2_P04,P04,SITE2,map,A,1,1,P04_race_map_A_1.csv,12,13,14,10:33:25.696,10:33:25.696,10:33:28.109,665.100000,-121.300000,-2100.800000,193.000000,-120.500000,-2075.600000,195.700000,-119.000000,-2074.500000,2.700000,1.500000,1.100000,472.772091,472.772768,470.136204,470.141830,2.915476,3.278719,400-500,351-500
SITE2_P04,P04,SITE2,map,A,1,1,P04_race_map_A_1.csv,16,17,18,10:33:32.457,10:33:32.457,10:33:34.405,195.700000,-119.000000,-2074.500000,207.800000,-130.500000,-1742.200000,206.300000,-129.000000,-1741.200000,-1.500000,1.500000,1.000000,332.520225,332.719026,333.468514,333.618420,1.802776,2.345208,300-400,200-350
SITE2_P04,P04,SITE2,map,A,1,1,P04_race_map_A_1.csv,20,21,22,10:33:38.665,10:33:38.665,10:33:40.789,206.300000,-129.000000,-1741.300000,-221.000000,-110.700000,-1770.000000,-219.900000,-109.200000,-1766.600000,1.100000,1.500000,3.400000,428.262746,428.653555,426.950266,427.409137,3.573514,3.875564,400-500,351-500
SITE2_P04,P04,SITE2,map,A,1,1,P04_race_map_A_1.csv,24,25,26,10:33:45.956,10:33:45.956,10:33:47.845,-219.900000,-109.300000,-1766.600000,-640.700000,-108.700000,-1512.100000,-641.900000,-107.200000,-1510.800000,-1.200000,1.500000,1.300000,491.775243,491.775609,493.475065,493.479534,1.769181,2.319483,400-500,351-500
SITE2_P04,P04,SITE2,map,B,1,2,P04_race_map_B_2.csv,4,5,6,10:34:06.734,10:34:06.734,10:34:43.901,-1587.500000,-148.200000,1834.200000,-1824.000000,-155.900000,2254.000000,-1822.300000,-154.500000,2257.200000,1.700000,1.400000,3.200000,481.834297,481.895819,483.797520,483.838537,3.623534,3.884585,400-500,351-500
SITE2_P04,P04,SITE2,map,B,1,2,P04_race_map_B_2.csv,8,9,10,10:34:56.832,10:34:56.832,10:34:59.767,-1822.300000,-154.600000,2257.200000,-2183.500000,-156.800000,1969.600000,-2180.800000,-155.200000,1972.200000,2.700000,1.600000,2.600000,461.713331,461.718572,457.981714,457.982107,3.748333,4.075537,400-500,351-500
SITE2_P04,P04,SITE2,map,B,1,2,P04_race_map_B_2.csv,12,13,14,10:35:03.776,10:35:03.776,10:35:05.140,-2180.800000,-155.300000,1972.200000,-2489.500000,-157.100000,2081.700000,-2488.600000,-155.600000,2082.200000,0.900000,1.500000,0.500000,327.545325,327.550271,326.865171,326.865309,1.029563,1.819341,300-400,200-350
SITE2_P04,P04,SITE2,map,B,1,2,P04_race_map_B_2.csv,16,17,18,10:35:08.141,10:35:08.141,10:35:12.688,-2488.600000,-155.600000,2082.300000,-2630.000000,-156.100000,2448.000000,-2627.800000,-154.600000,2447.100000,2.200000,1.500000,-0.900000,392.084748,392.085067,390.455734,390.457014,2.376973,2.810694,300-400,351-500
SITE2_P04,P04,SITE2,map,B,1,2,P04_race_map_B_2.csv,20,21,22,10:35:20.540,10:35:20.540,10:35:22.483,-2627.800000,-154.700000,2447.000000,-2978.700000,-155.900000,2306.500000,-2975.900000,-154.300000,2306.100000,2.800000,1.600000,-0.400000,377.982883,377.984788,375.534845,375.535058,2.828427,3.249615,300-400,351-500
SITE2_P04,P04,SITE2,map,B,1,2,P04_race_map_B_2.csv,24,25,26,10:35:29.695,10:35:29.695,10:35:31.886,-2975.900000,-154.400000,2306.200000,-2999.000000,-156.000000,1931.000000,-2998.600000,-154.400000,1930.700000,0.400000,1.600000,-0.300000,375.910428,375.913833,376.185513,376.185513,0.500000,1.676305,300-400,351-500
SITE2_P04,P04,SITE2,map,C,1,3,P04_race_map_C_3.csv,4,5,6,10:35:55.817,10:35:55.818,10:35:58.254,-2003.300000,-141.900000,179.500000,-2299.700000,-147.700000,56.800000,-2297.700000,-146.200000,57.400000,2.000000,1.500000,0.600000,320.793158,320.845586,318.715814,318.744820,2.088061,2.570992,300-400,200-350
SITE2_P04,P04,SITE2,map,C,1,3,P04_race_map_C_3.csv,8,9,10,10:36:01.725,10:36:01.725,10:36:03.456,-2297.700000,-146.300000,57.400000,-2303.900000,-147.000000,-387.200000,-2302.600000,-145.600000,-387.900000,1.300000,1.400000,-0.700000,444.643228,444.643779,445.326959,445.327509,1.476482,2.034699,400-500,351-500
SITE2_P04,P04,SITE2,map,C,1,3,P04_race_map_C_3.csv,12,13,14,10:36:07.456,10:36:07.456,10:36:09.011,-2302.700000,-145.600000,-387.900000,-1943.900000,-143.600000,-367.100000,-1939.800000,-142.000000,-366.000000,4.100000,1.600000,1.100000,359.402393,359.407958,363.560201,363.578025,4.244997,4.536518,300-400,351-500
SITE2_P04,P04,SITE2,map,C,1,3,P04_race_map_C_3.csv,16,17,18,10:36:12.596,10:36:12.596,10:36:16.775,-1939.800000,-142.100000,-366.000000,-2025.000000,-148.600000,-798.000000,-2024.800000,-147.000000,-800.100000,0.200000,1.600000,-2.100000,440.321519,440.369493,442.343543,442.370682,2.109502,2.647640,400-500,351-500
SITE2_P04,P04,SITE2,map,C,1,3,P04_race_map_C_3.csv,20,21,22,10:36:20.901,10:36:20.901,10:36:23.088,-2024.800000,-147.100000,-800.200000,-1819.400000,-140.800000,-1190.000000,-1818.500000,-139.300000,-1187.900000,0.900000,1.500000,2.100000,440.605492,440.650530,439.170787,439.240048,2.284732,2.733130,400-500,351-500
SITE2_P04,P04,SITE2,map,C,1,3,P04_race_map_C_3.csv,24,25,26,10:36:27.762,10:36:27.762,10:36:29.651,-1818.500000,-139.400000,-1187.800000,-1375.200000,-127.000000,-1014.300000,-1372.400000,-125.500000,-1011.700000,2.800000,1.500000,2.600000,476.043212,476.204683,479.600271,479.801657,3.820995,4.104875,400-500,351-500
SITE2_P04,P04,SITE2,tsunami,A,2,7,P04_race_tsunami_A_7.csv,30,31,32,10:52:25.123,10:52:25.123,10:52:26.111,191.700000,-118.900000,-2076.600000,207.800000,-130.500000,-1742.200000,208.200000,-129.100000,-1738.500000,0.400000,1.400000,3.700000,334.787350,334.988254,338.502378,338.656020,3.721559,3.976179,300-400,200-350
SITE2_P04,P04,SITE2,tsunami,A,2,7,P04_race_tsunami_A_7.csv,34,35,36,10:52:29.246,10:52:29.246,10:52:30.374,208.100000,-129.100000,-1738.600000,-221.000000,-110.700000,-1770.000000,-222.800000,-109.100000,-1774.200000,-1.800000,1.600000,-4.200000,430.247336,430.640604,432.368095,432.830417,4.569464,4.841487,400-500,351-500
SITE2_P04,P04,SITE2,tsunami,B,2,5,P04_race_tsunami_B_5.csv,18,19,20,10:49:52.428,10:49:52.428,10:49:54.456,-2185.300000,-155.300000,1966.700000,-2489.500000,-157.100000,2081.700000,-2486.900000,-155.600000,2079.300000,2.600000,1.500000,-2.400000,325.211685,325.216666,321.933720,321.933860,3.538361,3.843176,300-400,200-350
SITE2_P04,P04,SITE2,tsunami,B,2,5,P04_race_tsunami_B_5.csv,22,23,24,10:50:01.843,10:50:01.843,10:50:03.301,-2486.900000,-155.600000,2079.300000,-2630.000000,-156.100000,2448.000000,-2630.000000,-154.600000,2449.800000,0.000000,1.500000,1.800000,395.496271,395.496587,397.174848,397.176107,1.800000,2.343075,300-400,351-500
SITE2_P04,P04,SITE2,tsunami,B,2,5,P04_race_tsunami_B_5.csv,33,34,35,10:50:23.545,10:50:23.545,10:50:24.859,-2975.000000,-154.300000,2306.700000,-2999.000000,-156.000000,1931.000000,-2997.300000,-154.500000,1934.900000,1.700000,1.500000,3.900000,376.465789,376.469627,372.468160,372.468213,4.254409,4.511097,300-400,351-500
SITE2_P04,P04,SITE2,tsunami,C,2,6,P04_race_tsunami_C_6.csv,4,5,6,10:50:43.304,10:50:43.304,10:50:44.595,-2003.400000,-141.800000,179.700000,-2299.700000,-147.700000,56.800000,-2301.200000,-146.100000,55.500000,-1.500000,1.600000,-1.300000,320.777337,320.831591,322.661556,322.690207,1.984943,2.549510,300-400,200-350
SITE2_P04,P04,SITE2,tsunami,C,2,6,P04_race_tsunami_C_6.csv,8,9,10,10:50:48.887,10:50:48.887,10:50:50.323,-2301.200000,-146.100000,55.600000,-2303.900000,-147.000000,-387.200000,-2302.600000,-145.500000,-387.800000,1.300000,1.500000,-0.600000,442.808232,442.809146,443.402210,443.402616,1.431782,2.073644,400-500,351-500
SITE2_P04,P04,SITE2,tsunami,C,2,6,P04_race_tsunami_C_6.csv,12,13,14,10:50:56.081,10:50:56.081,10:50:57.374,-2302.500000,-145.500000,-387.800000,-1943.900000,-143.600000,-367.100000,-1946.500000,-142.300000,-369.600000,-2.600000,1.300000,-2.500000,359.196952,359.201977,356.464921,356.479284,3.606938,3.834058,300-400,351-500
SITE2_P04,P04,SITE2,tsunami,C,2,6,P04_race_tsunami_C_6.csv,26,27,28,10:51:14.317,10:51:14.317,10:51:15.355,-1942.700000,-141.800000,-967.700000,-1819.400000,-140.800000,-1190.000000,-1817.400000,-139.300000,-1194.000000,2.000000,1.500000,-4.000000,254.204996,254.206963,258.673114,258.685195,4.472136,4.716991,200-300,200-350
SITE2_P05,P05,SITE2,map,A,1,3,P05_race_map_A_3.csv,4,5,6,07:53:01.746,07:53:01.746,07:53:03.339,1364.300000,-136.900000,-2182.700000,1036.100000,-125.400000,-1926.600000,1039.000000,-123.700000,-1928.400000,2.900000,1.700000,-1.800000,416.296109,416.454920,412.902628,413.113568,3.413210,3.813135,400-500,351-500
SITE2_P05,P05,SITE2,map,A,1,3,P05_race_map_A_3.csv,8,9,10,07:53:09.441,07:53:09.441,07:53:10.891,1039.000000,-123.700000,-1928.400000,660.800000,-122.800000,-2101.300000,660.000000,-121.000000,-2100.100000,-0.800000,1.800000,1.200000,415.848109,415.849083,416.079187,416.087947,1.442221,2.306513,400-500,351-500
SITE2_P05,P05,SITE2,map,A,1,3,P05_race_map_A_3.csv,12,13,14,07:53:16.447,07:53:16.448,07:53:18.026,660.000000,-121.100000,-2099.800000,193.000000,-120.500000,-2075.600000,192.400000,-118.900000,-2073.300000,-0.600000,1.600000,2.300000,467.626603,467.626988,468.350307,468.355474,2.376973,2.865310,400-500,351-500
SITE2_P05,P05,SITE2,map,A,1,3,P05_race_map_A_3.csv,16,17,18,07:53:27.857,07:53:27.858,07:53:30.765,192.400000,-118.800000,-2073.400000,207.800000,-130.500000,-1742.200000,210.500000,-128.700000,-1743.800000,2.700000,1.800000,-1.600000,331.557838,331.764208,330.096607,330.245030,3.138471,3.618011,300-400,200-350
SITE2_P05,P05,SITE2,map,A,1,3,P05_race_map_A_3.csv,20,21,22,07:53:35.289,07:53:35.290,07:53:37.146,210.700000,-128.800000,-1743.900000,-221.000000,-110.700000,-1770.000000,-222.400000,-108.900000,-1769.500000,-1.400000,1.800000,0.500000,432.488266,432.866850,433.855932,434.312077,1.486607,2.334524,400-500,351-500
SITE2_P05,P05,SITE2,map,A,1,3,P05_race_map_A_3.csv,24,25,26,07:53:43.184,07:53:43.184,07:53:44.286,-222.400000,-109.000000,-1769.500000,-640.700000,-108.700000,-1512.100000,-643.300000,-106.900000,-1512.900000,-2.600000,1.800000,-0.800000,491.151351,491.151443,492.950677,492.955150,2.720294,3.261901,400-500,351-500
SITE2_P05,P05,SITE2,map,B,1,1,P05_race_map_B_1.csv,11,12,13,07:50:32.417,07:50:32.417,07:50:34.712,-1825.300000,-154.100000,2251.800000,-2183.500000,-156.800000,1969.600000,-2182.100000,-155.000000,1971.200000,1.400000,1.800000,1.600000,456.008860,456.016853,453.919156,453.920048,2.126029,2.785678,400-500,351-500
SITE2_P05,P05,SITE2,map,B,1,1,P05_race_map_B_1.csv,15,16,17,07:50:40.264,07:50:40.264,07:50:42.808,-2182.200000,-155.000000,1971.000000,-2489.500000,-157.100000,2081.700000,-2486.500000,-155.300000,2080.900000,3.000000,1.800000,-0.800000,326.630954,326.637704,323.537479,323.537618,3.104835,3.588872,300-400,200-350
SITE2_P05,P05,SITE2,map,B,1,1,P05_race_map_B_1.csv,19,20,21,07:50:51.148,07:50:51.148,07:50:52.770,-2486.500000,-155.300000,2081.000000,-2630.000000,-156.100000,2448.000000,-2629.200000,-154.400000,2447.400000,0.800000,1.700000,-0.600000,394.057420,394.058232,393.207642,393.208672,1.000000,1.972308,300-400,351-500
SITE2_P05,P05,SITE2,map,B,1,1,P05_race_map_B_1.csv,23,24,25,07:50:59.385,07:50:59.385,07:51:01.142,-2629.300000,-154.400000,2447.600000,-2978.700000,-155.900000,2306.500000,-2977.700000,-154.100000,2305.500000,1.000000,1.800000,-1.000000,376.815034,376.818020,376.264495,376.264614,1.414214,2.289105,300-400,351-500
SITE2_P05,P05,SITE2,map,B,1,1,P05_race_map_B_1.csv,27,28,29,07:51:08.063,07:51:08.063,07:51:09.956,-2977.700000,-154.100000,2305.400000,-2999.000000,-156.000000,1931.000000,-2999.700000,-154.200000,1935.400000,-0.700000,1.800000,4.400000,375.005400,375.010213,370.653477,370.653490,4.455334,4.805206,300-400,351-500
SITE2_P05,P05,SITE2,map,C,1,2,P05_race_map_C_2.csv,11,12,13,07:51:45.023,07:51:45.023,07:51:46.966,-2299.400000,-146.000000,55.100000,-2303.900000,-147.000000,-387.200000,-2304.900000,-145.200000,-383.400000,-1.000000,1.800000,3.800000,442.322891,442.324022,438.534491,438.535221,3.929377,4.322037,400-500,351-500
SITE2_P05,P05,SITE2,map,C,1,2,P05_race_map_C_2.csv,34,35,36,07:52:29.520,07:52:29.520,07:52:31.747,-1940.800000,-141.800000,-368.700000,-2025.000000,-148.600000,-798.000000,-2028.400000,-146.900000,-797.700000,-3.400000,1.700000,0.300000,437.479291,437.532136,437.852441,437.882142,3.413210,3.813135,400-500,351-500
SITE2_P05,P05,SITE2,map,C,1,2,P05_race_map_C_2.csv,38,39,40,07:52:37.485,07:52:37.485,07:52:38.946,-2028.500000,-147.000000,-797.800000,-1819.400000,-140.800000,-1190.000000,-1822.200000,-139.200000,-1190.000000,-2.800000,1.600000,0.000000,444.458828,444.502070,443.148429,443.217069,2.800000,3.224903,400-500,351-500
SITE2_P05,P05,SITE2,map,C,1,2,P05_race_map_C_2.csv,42,43,44,07:52:44.292,07:52:44.292,07:52:46.262,-1822.400000,-139.300000,-1190.200000,-1375.200000,-127.000000,-1014.300000,-1378.400000,-125.300000,-1018.200000,-3.200000,1.700000,-3.900000,480.550362,480.707749,476.151236,476.357009,5.044799,5.323533,400-500,351-500
SITE2_P05,P05,SITE2,tsunami,C,2,5,P05_race_tsunami_C_5.csv,28,29,30,08:05:50.662,08:05:50.663,08:05:53.156,-1944.800000,-141.900000,-368.800000,-2025.000000,-148.600000,-798.000000,-2028.000000,-146.800000,-804.100000,-3.000000,1.800000,-6.100000,436.628767,436.680169,443.179794,443.206882,6.797794,7.032069,400-500,351-500
SITE2_P05,P05,SITE2,tsunami,C,2,5,P05_race_tsunami_C_5.csv,40,41,42,08:06:08.359,08:06:08.359,08:06:09.735,-1822.100000,-139.100000,-1188.000000,-1375.200000,-127.000000,-1014.300000,-1373.300000,-125.300000,-1010.300000,1.900000,1.700000,4.000000,479.469811,479.622466,482.699420,482.896645,4.428318,4.743416,400-500,351-500
SITE2_P06,P06,SITE2,map,A,1,2,P06_race_map_A_2.csv,4,5,6,09:17:44.990,09:17:44.990,09:17:49.403,1364.500000,-137.000000,-2182.400000,1036.100000,-125.400000,-1926.600000,1035.000000,-123.700000,-1926.800000,-1.100000,1.700000,-0.200000,416.269384,416.430979,417.015120,417.227156,1.118034,2.034699,400-500,351-500
SITE2_P06,P06,SITE2,map,A,1,2,P06_race_map_A_2.csv,8,9,10,09:17:56.219,09:17:56.219,09:17:59.593,1035.100000,-123.800000,-1926.900000,660.800000,-122.800000,-2101.300000,662.700000,-121.000000,-2102.800000,1.900000,1.800000,-1.500000,412.935649,412.936860,411.852607,411.862125,2.420744,3.016621,400-500,351-500
SITE2_P06,P06,SITE2,map,A,1,2,P06_race_map_A_2.csv,12,13,14,09:18:04.063,09:18:04.063,09:18:06.565,662.700000,-121.100000,-2102.800000,193.000000,-120.500000,-2075.600000,194.500000,-118.900000,-2074.100000,1.500000,1.600000,1.500000,470.486907,470.487290,469.078810,469.083969,2.121320,2.657066,400-500,351-500
SITE2_P06,P06,SITE2,map,A,1,2,P06_race_map_A_2.csv,16,17,18,09:18:13.146,09:18:13.146,09:18:17.218,194.500000,-118.900000,-2074.200000,207.800000,-130.500000,-1742.200000,207.400000,-128.900000,-1739.500000,-0.400000,1.600000,2.700000,332.266294,332.468720,334.948504,335.097747,2.729469,3.163858,300-400,200-350
SITE2_P06,P06,SITE2,map,A,1,2,P06_race_map_A_2.csv,20,21,22,09:18:22.228,09:18:22.228,09:18:27.174,207.300000,-129.000000,-1739.500000,-221.000000,-110.700000,-1770.000000,-223.200000,-109.000000,-1767.400000,-2.200000,1.700000,2.600000,429.384606,429.774394,431.403129,431.866484,3.405877,3.806573,400-500,351-500
SITE2_P06,P06,SITE2,map,A,1,2,P06_race_map_A_2.csv,24,25,26,09:18:33.480,09:18:33.480,09:18:36.574,-223.300000,-109.100000,-1767.400000,-640.700000,-108.700000,-1512.100000,-640.900000,-107.000000,-1511.100000,-0.200000,1.700000,1.000000,489.286062,489.286225,489.979030,489.983530,1.019804,1.982423,400-500,351-500
SITE2_P06,P06,SITE2,map,B,1,3,P06_race_map_B_3.csv,4,5,6,09:18:59.621,09:18:59.621,09:19:01.214,-1587.600000,-148.200000,1834.200000,-1824.000000,-155.900000,2254.000000,-1825.900000,-154.200000,2254.000000,-1.900000,1.700000,0.000000,481.785222,481.846749,482.720343,482.757631,1.900000,2.549510,400-500,351-500
SITE2_P06,P06,SITE2,map,B,1,3,P06_race_map_B_3.csv,8,9,10,09:19:08.433,09:19:08.433,09:19:10.489,-1825.900000,-154.200000,2254.000000,-2183.500000,-156.800000,1969.600000,-2182.100000,-155.000000,1971.900000,1.400000,1.800000,2.300000,456.903841,456.911239,454.377431,454.378135,2.692582,3.238827,400-500,351-500
SITE2_P06,P06,SITE2,map,B,1,3,P06_race_map_B_3.csv,12,13,14,09:19:14.923,09:19:14.923,09:19:18.580,-2182.100000,-155.100000,1971.900000,-2489.500000,-157.100000,2081.700000,-2489.000000,-155.300000,2083.100000,0.500000,1.800000,1.400000,326.421200,326.427327,326.424647,326.424708,1.486607,2.334524,300-400,200-350
SITE2_P06,P06,SITE2,map,B,1,3,P06_race_map_B_3.csv,16,17,18,09:19:24.550,09:19:24.550,09:19:26.447,-2489.000000,-155.400000,2083.100000,-2630.000000,-156.100000,2448.000000,-2630.500000,-154.400000,2445.000000,-0.500000,1.700000,-3.000000,391.194338,391.194964,388.579284,388.580571,3.041381,3.484250,300-400,351-500
SITE2_P06,P06,SITE2,map,B,1,3,P06_race_map_B_3.csv,20,21,22,09:19:30.405,09:19:30.405,09:19:32.320,-2630.500000,-154.500000,2445.000000,-2978.700000,-155.900000,2306.500000,-2980.400000,-154.300000,2308.500000,-1.700000,1.600000,2.000000,374.733892,374.736507,375.582561,375.582614,2.624881,3.074085,300-400,351-500
SITE2_P06,P06,SITE2,map,B,1,3,P06_race_map_B_3.csv,24,25,26,09:19:38.541,09:19:38.541,09:19:41.114,-2980.400000,-154.400000,2308.400000,-2999.000000,-156.000000,1931.000000,-2997.300000,-154.300000,1934.400000,1.700000,1.700000,3.400000,377.858069,377.861456,374.381637,374.381650,3.801316,4.164133,300-400,351-500
SITE2_P06,P06,SITE2,map,C,1,1,P06_race_map_C_1.csv,4,5,6,09:16:12.716,09:16:12.716,09:16:16.681,-2003.300000,-141.900000,179.500000,-2299.700000,-147.700000,56.800000,-2298.900000,-146.000000,57.400000,0.800000,1.700000,0.600000,320.793158,320.845586,319.824593,319.850872,1.000000,1.972308,300-400,200-350
SITE2_P06,P06,SITE2,map,C,1,1,P06_race_map_C_1.csv,8,9,10,09:16:25.622,09:16:25.622,09:16:29.053,-2298.900000,-146.100000,57.400000,-2303.900000,-147.000000,-387.200000,-2301.900000,-145.300000,-389.500000,2.000000,1.700000,-2.300000,444.628114,444.629025,446.910069,446.910785,3.047950,3.489986,400-500,351-500
SITE2_P06,P06,SITE2,map,C,1,1,P06_race_map_C_1.csv,12,13,14,09:16:38.114,09:16:38.114,09:16:40.734,-2301.900000,-145.400000,-389.600000,-1943.900000,-143.600000,-367.100000,-1942.600000,-142.000000,-370.900000,1.300000,1.600000,-3.800000,358.706356,358.710872,359.786298,359.802362,4.016217,4.323193,300-400,351-500
SITE2_P06,P06,SITE2,map,C,1,1,P06_race_map_C_1.csv,16,17,18,09:16:47.281,09:16:47.281,09:16:49.973,-1942.500000,-142.100000,-370.800000,-2025.000000,-148.600000,-798.000000,-2024.100000,-146.900000,-796.500000,0.900000,1.700000,1.500000,435.093197,435.141747,433.450170,433.476747,1.749286,2.439262,400-500,351-500
SITE2_P06,P06,SITE2,map,C,1,1,P06_race_map_C_1.csv,20,21,22,09:16:55.624,09:16:55.625,09:16:59.253,-2024.100000,-147.000000,-796.500000,-1819.400000,-140.800000,-1190.000000,-1821.700000,-139.200000,-1189.400000,-2.300000,1.600000,0.600000,443.558722,443.602051,441.968517,442.037340,2.376973,2.865310,400-500,351-500
SITE2_P06,P06,SITE2,map,C,1,1,P06_race_map_C_1.csv,25,26,27,09:17:07.466,09:17:07.467,09:17:12.452,-1821.800000,-139.300000,-1189.600000,-1375.200000,-127.000000,-1014.300000,-1375.800000,-125.300000,-1017.200000,-0.600000,1.700000,-2.900000,479.772498,479.930141,478.160810,478.365718,2.961419,3.414674,400-500,351-500
SITE2_P06,P06,SITE2,tsunami,A,2,5,P06_race_tsunami_A_5.csv,4,5,6,09:30:05.234,09:30:05.234,09:30:10.035,1364.500000,-136.900000,-2182.300000,1036.100000,-125.400000,-1926.600000,1032.700000,-123.700000,-1925.900000,-3.400000,1.700000,0.700000,416.207941,416.366785,419.323503,419.531215,3.471311,3.865230,400-500,351-500
SITE2_P06,P06,SITE2,tsunami,B,2,6,P06_race_tsunami_B_6.csv,11,12,13,09:32:05.499,09:32:05.499,09:32:07.499,-1825.300000,-154.200000,2256.300000,-2183.500000,-156.800000,1969.600000,-2190.700000,-155.000000,1966.800000,-7.200000,1.800000,-2.800000,458.807291,458.814658,466.183880,466.184566,7.725283,7.932213,400-500,351-500
SITE2_P06,P06,SITE2,tsunami,B,2,6,P06_race_tsunami_B_6.csv,16,17,18,09:32:14.458,09:32:14.458,09:32:16.674,-2190.700000,-155.000000,1966.700000,-2489.500000,-157.100000,2081.700000,-2496.000000,-155.400000,2082.400000,-6.500000,1.700000,0.700000,320.166269,320.173156,326.488254,326.488499,6.537584,6.754998,300-400,200-350
SITE2_P06,P06,SITE2,tsunami,B,2,6,P06_race_tsunami_B_6.csv,23,24,25,09:32:25.468,09:32:25.468,09:32:27.533,-2478.100000,-154.900000,2111.700000,-2630.000000,-156.100000,2448.000000,-2632.300000,-154.400000,2452.400000,-2.300000,1.700000,4.400000,369.013956,369.015908,373.970761,373.971095,4.964877,5.247857,300-400,351-500
SITE2_P06,P06,SITE2,tsunami,B,2,6,P06_race_tsunami_B_6.csv,37,38,39,09:32:42.126,09:32:42.127,09:32:44.098,-2973.500000,-154.000000,2307.300000,-2999.000000,-156.000000,1931.000000,-3002.800000,-154.100000,1936.400000,-3.800000,1.900000,5.400000,377.163015,377.168318,372.055507,372.055520,6.603030,6.870953,300-400,351-500
SITE2_P06,P06,SITE2,tsunami,C,2,7,P06_race_tsunami_C_7.csv,18,19,20,09:33:17.023,09:33:17.023,09:33:18.591,-2306.000000,-145.200000,-385.200000,-1943.900000,-143.600000,-367.100000,-1950.400000,-142.200000,-368.200000,-6.500000,1.400000,-1.100000,362.552093,362.555623,356.006124,356.018764,6.592420,6.739436,300-400,351-500
SITE2_P06,P06,SITE2,tsunami,C,2,7,P06_race_tsunami_C_7.csv,22,23,24,09:33:22.802,09:33:22.802,09:33:23.795,-1950.300000,-142.200000,-368.000000,-2025.000000,-148.600000,-798.000000,-2030.300000,-147.000000,-796.000000,-5.300000,1.600000,2.000000,436.440248,436.487170,435.412448,435.438905,5.664804,5.886425,400-500,351-500
SITE2_P07,P07,SITE2,map,A,3,10,P07_race_map_A_10.csv,4,5,6,14:47:58.747,14:47:58.748,14:48:01.964,1364.500000,-136.900000,-2182.500000,1036.100000,-125.400000,-1926.600000,1038.100000,-123.900000,-1926.200000,2.000000,1.500000,0.400000,416.330842,416.489640,415.001988,415.205552,2.039608,2.531798,400-500,351-500
SITE2_P07,P07,SITE2,map,A,3,10,P07_race_map_A_10.csv,8,9,10,14:48:07.326,14:48:07.326,14:48:10.871,1038.100000,-124.000000,-1926.100000,660.800000,-122.800000,-2101.300000,663.200000,-121.300000,-2100.900000,2.400000,1.500000,0.400000,415.993185,415.994916,413.648462,413.657274,2.433105,2.858321,400-500,351-500
SITE2_P07,P07,SITE2,map,A,3,10,P07_race_map_A_10.csv,12,13,14,14:48:15.641,14:48:15.641,14:48:20.486,658.100000,-121.300000,-2109.000000,193.000000,-120.500000,-2075.600000,195.100000,-118.900000,-2077.500000,2.100000,1.600000,-1.900000,466.297727,466.298413,464.070307,464.076513,2.831960,3.252691,400-500,351-500
SITE2_P07,P07,SITE2,map,A,3,10,P07_race_map_A_10.csv,16,17,18,14:48:26.678,14:48:26.678,14:48:28.583,195.100000,-119.000000,-2077.700000,207.800000,-130.500000,-1742.200000,206.200000,-129.100000,-1741.900000,-1.600000,1.400000,0.300000,335.740287,335.937182,335.983407,336.135181,1.627882,2.147091,300-400,200-350
SITE2_P07,P07,SITE2,map,A,3,10,P07_race_map_A_10.csv,20,21,22,14:48:35.252,14:48:35.252,14:48:38.465,206.300000,-129.100000,-1741.800000,-221.000000,-110.700000,-1770.000000,-219.200000,-109.300000,-1769.300000,1.800000,1.400000,0.700000,428.229530,428.624649,426.387734,426.847209,1.931321,2.385372,400-500,351-500
SITE2_P07,P07,SITE2,map,B,3,11,P07_race_map_B_11.csv,4,5,6,14:49:01.866,14:49:01.866,14:49:04.459,-1587.800000,-148.200000,1834.100000,-1824.000000,-155.900000,2254.000000,-1823.300000,-154.400000,2254.000000,0.700000,1.500000,0.000000,481.774273,481.835802,481.431470,481.471391,0.700000,1.655295,400-500,351-500
SITE2_P07,P07,SITE2,map,B,3,11,P07_race_map_B_11.csv,8,9,10,14:49:10.507,14:49:10.507,14:49:13.730,-1823.500000,-154.500000,2254.000000,-2183.500000,-156.800000,1969.600000,-2182.700000,-155.200000,1969.900000,0.800000,1.600000,0.300000,458.784655,458.790421,457.971014,457.971549,0.854400,1.813836,400-500,351-500
SITE2_P07,P07,SITE2,map,B,3,11,P07_race_map_B_11.csv,12,13,14,14:49:17.138,14:49:17.138,14:49:22.386,-2182.500000,-155.300000,1969.700000,-2489.500000,-157.100000,2081.700000,-2489.900000,-155.700000,2078.000000,-0.400000,1.400000,-3.700000,326.791983,326.796940,325.919699,325.919944,3.721559,3.976179,300-400,200-350
SITE2_P07,P07,SITE2,map,B,3,11,P07_race_map_B_11.csv,17,18,19,14:49:33.143,14:49:33.143,14:49:37.759,-2523.000000,-155.400000,2195.500000,-2630.000000,-156.100000,2448.000000,-2629.900000,-154.600000,2445.100000,0.100000,1.500000,-2.900000,274.235756,274.236650,271.528580,271.529759,2.901724,3.266497,200-300,200-350
SITE2_P07,P07,SITE2,map,B,3,11,P07_race_map_B_11.csv,21,22,23,14:49:42.301,14:49:42.301,14:49:47.784,-2629.800000,-154.700000,2445.100000,-2978.700000,-155.900000,2306.500000,-2981.600000,-154.400000,2305.300000,-2.900000,1.500000,-1.200000,375.421323,375.423241,378.559480,378.559599,3.138471,3.478505,300-400,351-500
SITE2_P07,P07,SITE2,map,B,3,11,P07_race_map_B_11.csv,25,26,27,14:49:52.463,14:49:52.463,14:49:56.718,-2981.700000,-154.500000,2305.300000,-2999.000000,-156.000000,1931.000000,-2998.800000,-154.500000,1931.000000,0.200000,1.500000,0.000000,374.699586,374.702589,374.690406,374.690406,0.200000,1.513275,300-400,351-500
SITE2_P07,P07,SITE2,map,C,3,9,P07_race_map_C_9.csv,5,6,7,14:46:20.150,14:46:20.150,14:46:24.777,-2002.700000,-142.400000,171.000000,-2299.700000,-147.700000,56.800000,-2299.500000,-146.200000,56.100000,0.200000,1.500000,-0.700000,318.199057,318.243193,318.264434,318.287119,0.728011,1.667333,300-400,200-350
SITE2_P07,P07,SITE2,map,C,3,9,P07_race_map_C_9.csv,9,10,11,14:46:38.346,14:46:38.347,14:46:44.433,-2299.500000,-146.300000,56.100000,-2303.900000,-147.000000,-387.200000,-2304.400000,-145.600000,-390.100000,-0.500000,1.400000,-2.900000,443.321836,443.322388,446.226904,446.227453,2.942788,3.258834,400-500,351-500
SITE2_P07,P07,SITE2,map,C,3,9,P07_race_map_C_9.csv,13,14,15,14:46:53.415,14:46:53.415,14:46:56.000,-2300.300000,-145.700000,-388.300000,-1943.900000,-143.600000,-367.100000,-1941.400000,-142.000000,-367.900000,2.500000,1.600000,-0.800000,357.029971,357.036147,359.479304,359.498345,2.624881,3.074085,300-400,351-500
SITE2_P07,P07,SITE2,map,C,3,9,P07_race_map_C_9.csv,17,18,19,14:47:03.399,14:47:03.400,14:47:08.549,-1941.300000,-142.100000,-368.100000,-2025.000000,-148.600000,-798.000000,-2024.900000,-147.100000,-799.100000,0.100000,1.500000,-1.100000,437.972259,438.020490,439.032983,439.061454,1.104536,1.862794,400-500,351-500
SITE2_P07,P07,SITE2,map,C,3,9,P07_race_map_C_9.csv,22,23,24,14:47:21.749,14:47:21.749,14:47:25.841,-1943.000000,-141.900000,-960.000000,-1819.400000,-140.800000,-1190.000000,-1819.700000,-139.300000,-1191.000000,-0.300000,1.500000,-1.000000,261.107181,261.109498,261.847074,261.859982,1.044031,1.827567,200-300,200-350
SITE2_P07,P07,SITE2,map,C,3,9,P07_race_map_C_9.csv,26,27,28,14:47:29.316,14:47:29.316,14:47:34.970,-1819.800000,-139.400000,-1191.000000,-1375.200000,-127.000000,-1014.300000,-1372.900000,-125.400000,-1011.100000,2.300000,1.600000,3.200000,478.426640,478.587307,481.750579,481.953960,3.940812,4.253234,400-500,351-500
SITE2_P07,P07,SITE2,tsunami,C,1,3,P07_race_tsunami_C_3.csv,18,19,20,14:22:38.754,14:22:38.754,14:22:40.748,-2303.300000,-145.600000,-393.300000,-1943.900000,-143.600000,-367.100000,-1948.700000,-142.400000,-367.800000,-4.800000,1.200000,-0.700000,360.353715,360.359265,355.515696,355.530097,4.850773,4.996999,300-400,351-500
SITE2_P08,P08,SITE2,map,A,3,9,P08_race_map_A_9.csv,10,11,12,14:50:48.049,14:50:48.050,14:50:52.274,824.200000,-139.400000,-1804.400000,1036.100000,-125.400000,-1926.600000,1034.600000,-124.000000,-1926.800000,-1.500000,1.400000,-0.200000,244.610813,245.011122,243.413065,243.899733,1.513275,2.061553,200-300,200-350
SITE2_P08,P08,SITE2,map,A,3,9,P08_race_map_A_9.csv,14,15,16,14:50:59.650,14:50:59.650,14:51:03.637,1034.600000,-124.000000,-1926.800000,660.800000,-122.800000,-2101.300000,664.300000,-121.300000,-2100.200000,3.500000,1.500000,1.100000,412.524775,412.526520,408.888310,408.897224,3.668787,3.963584,400-500,351-500
SITE2_P08,P08,SITE2,map,A,3,9,P08_race_map_A_9.csv,19,20,21,14:51:10.958,14:51:10.958,14:51:15.729,686.300000,-121.200000,-2101.300000,193.000000,-120.500000,-2075.600000,193.900000,-118.900000,-2077.100000,0.900000,1.600000,-1.500000,493.969007,493.969503,492.994320,492.999686,1.749286,2.370654,400-500,351-500
SITE2_P08,P08,SITE2,map,A,3,9,P08_race_map_A_9.csv,39,40,41,14:51:48.131,14:51:48.132,14:51:51.494,-221.600000,-109.200000,-1773.600000,-640.700000,-108.700000,-1512.100000,-642.500000,-107.200000,-1512.200000,-1.800000,1.500000,-0.100000,493.990951,493.991204,495.466215,495.470251,1.802776,2.345208,400-500,351-500
SITE2_P08,P08,SITE2,map,B,3,10,P08_race_map_B_10.csv,4,5,6,14:52:09.611,14:52:09.611,14:52:15.230,-1587.600000,-148.200000,1834.200000,-1824.000000,-155.900000,2254.000000,-1824.300000,-154.500000,2256.200000,-0.300000,1.400000,2.200000,481.785222,481.846749,483.850070,483.891083,2.220360,2.624881,400-500,351-500
SITE2_P08,P08,SITE2,map,B,3,10,P08_race_map_B_10.csv,8,9,10,14:52:24.316,14:52:24.316,14:52:26.440,-1824.400000,-154.500000,2256.400000,-2183.500000,-156.800000,1969.600000,-2179.400000,-155.200000,1964.800000,4.100000,1.600000,-4.800000,459.572682,459.578437,459.407836,459.408370,6.312686,6.512296,400-500,351-500
SITE2_P08,P08,SITE2,map,B,3,10,P08_race_map_B_10.csv,12,13,14,14:52:29.860,14:52:29.860,14:52:34.023,-2179.400000,-155.300000,1964.800000,-2489.500000,-157.100000,2081.700000,-2490.400000,-155.700000,2079.300000,-0.900000,1.400000,-2.400000,331.402505,331.407393,331.407981,331.408223,2.563201,2.920616,300-400,200-350
SITE2_P08,P08,SITE2,map,B,3,10,P08_race_map_B_10.csv,16,17,18,14:52:39.132,14:52:39.132,14:52:45.017,-2490.400000,-155.700000,2079.300000,-2630.000000,-156.100000,2448.000000,-2631.300000,-154.700000,2449.300000,-1.300000,1.400000,1.300000,394.243389,394.243592,395.920207,395.921469,1.838478,2.310844,300-400,351-500
SITE2_P08,P08,SITE2,map,B,3,10,P08_race_map_B_10.csv,20,21,22,14:52:50.769,14:52:50.770,14:52:53.338,-2631.500000,-154.700000,2449.200000,-2978.700000,-155.900000,2306.500000,-2975.400000,-154.400000,2310.000000,3.300000,1.500000,3.500000,375.381313,375.383231,371.003841,371.003962,4.810405,5.038849,300-400,351-500
SITE2_P08,P08,SITE2,map,B,3,10,P08_race_map_B_10.csv,24,25,26,14:52:59.858,14:52:59.858,14:53:02.735,-2975.300000,-154.400000,2310.000000,-2999.000000,-156.000000,1931.000000,-3003.400000,-154.300000,1928.400000,-4.400000,1.700000,-2.600000,379.740293,379.743664,382.633206,382.633219,5.110773,5.386093,300-400,351-500
SITE2_P08,P08,SITE2,map,C,3,11,P08_race_map_C_11.csv,4,5,6,14:53:19.129,14:53:19.129,14:53:20.784,-2003.300000,-141.900000,179.500000,-2299.700000,-147.700000,56.800000,-2296.400000,-146.400000,59.700000,3.300000,1.300000,2.900000,320.793158,320.845586,316.638043,316.670018,4.393177,4.581484,300-400,200-350
SITE2_P08,P08,SITE2,map,C,3,11,P08_race_map_C_11.csv,8,9,10,14:53:24.729,14:53:24.729,14:53:26.339,-2296.400000,-146.400000,59.700000,-2303.900000,-147.000000,-387.200000,-2301.800000,-145.600000,-391.500000,2.100000,1.400000,-4.300000,446.962929,446.963332,451.232313,451.233022,4.785394,4.985980,400-500,351-500
SITE2_P08,P08,SITE2,map,C,3,11,P08_race_map_C_11.csv,12,13,14,14:53:31.206,14:53:31.207,14:53:36.459,-2301.800000,-145.600000,-391.400000,-1943.900000,-143.600000,-367.100000,-1947.800000,-142.300000,-367.600000,-3.900000,1.300000,-0.500000,358.723989,358.729564,354.799154,354.814501,3.931921,4.141256,300-400,351-500
SITE2_P08,P08,SITE2,map,C,3,11,P08_race_map_C_11.csv,16,17,18,14:53:40.659,14:53:40.659,14:53:43.676,-1947.900000,-142.400000,-367.700000,-2025.000000,-148.600000,-798.000000,-2027.600000,-147.200000,-797.500000,-2.600000,1.400000,0.500000,437.152719,437.196683,437.127133,437.153486,2.647640,2.994996,400-500,351-500
SITE2_P08,P08,SITE2,map,C,3,11,P08_race_map_C_11.csv,20,21,22,14:53:48.236,14:53:48.236,14:53:49.887,-2027.600000,-147.200000,-797.500000,-1819.400000,-140.800000,-1190.000000,-1817.000000,-139.100000,-1189.900000,2.400000,1.700000,0.100000,444.301125,444.347218,445.342700,445.416356,2.402082,2.942788,400-500,351-500
SITE2_P08,P08,SITE2,map,C,3,11,P08_race_map_C_11.csv,24,25,26,14:53:55.622,14:53:55.622,14:53:57.808,-1817.000000,-139.100000,-1189.900000,-1375.200000,-127.000000,-1014.300000,-1377.700000,-125.600000,-1016.800000,-2.500000,1.400000,-2.500000,475.418342,475.572297,472.173803,472.366754,3.535534,3.802631,400-500,351-500
SITE2_P08,P08,SITE2,tsunami,B,1,1,P08_race_tsunami_B_1.csv,11,12,13,14:22:03.102,14:22:03.103,14:22:08.800,-1825.100000,-154.400000,2253.300000,-2183.500000,-156.800000,1969.600000,-2187.300000,-155.300000,1967.600000,-3.800000,1.500000,-2.000000,457.095450,457.101750,461.316952,461.317830,4.294182,4.548626,400-500,351-500
SITE2_P08,P08,SITE2,tsunami,C,1,2,P08_race_tsunami_C_2.csv,15,16,17,14:23:35.578,14:23:35.578,14:23:37.719,-2300.200000,-146.200000,56.600000,-2303.900000,-147.000000,-387.200000,-2308.300000,-145.600000,-391.600000,-4.400000,1.400000,-4.400000,443.815423,443.816144,448.273187,448.273588,6.222540,6.378087,400-500,351-500
SITE2_P09,P09,SITE2,map,A,3,11,P09_race_map_A_11.csv,4,5,6,08:22:48.777,08:22:48.778,08:22:50.993,1364.500000,-137.000000,-2182.300000,1036.100000,-125.400000,-1926.600000,1040.900000,-123.700000,-1931.400000,4.800000,1.700000,-4.800000,416.207941,416.369559,409.472551,409.688491,6.788225,6.997857,400-500,351-500
SITE2_P09,P09,SITE2,map,A,3,11,P09_race_map_A_11.csv,8,9,10,08:22:54.695,08:22:54.695,08:22:55.759,1040.900000,-123.800000,-1931.500000,660.800000,-122.800000,-2101.300000,665.500000,-121.100000,-2098.700000,4.700000,1.700000,2.600000,416.302834,416.304036,410.951335,410.960205,5.371220,5.633826,400-500,351-500
SITE2_P09,P09,SITE2,map,A,3,11,P09_race_map_A_11.csv,12,13,14,08:22:58.935,08:22:58.935,08:22:59.945,665.600000,-121.100000,-2098.700000,193.000000,-120.500000,-2075.600000,197.700000,-118.800000,-2076.200000,4.700000,1.700000,-0.600000,473.164210,473.164591,468.440669,468.446315,4.738143,5.033885,400-500,351-500
SITE2_P09,P09,SITE2,map,A,3,11,P09_race_map_A_11.csv,16,17,18,08:23:02.852,08:23:02.852,08:23:04.123,197.800000,-118.900000,-2076.100000,207.800000,-130.500000,-1742.200000,208.800000,-128.700000,-1745.000000,1.000000,1.800000,-2.800000,334.049712,334.251058,331.282674,331.427594,2.973214,3.475629,300-400,200-350
SITE2_P09,P09,SITE2,map,A,3,11,P09_race_map_A_11.csv,20,21,22,08:23:07.522,08:23:07.522,08:23:08.671,208.800000,-128.800000,-1745.000000,-221.000000,-110.700000,-1770.000000,-218.900000,-109.100000,-1769.300000,2.100000,1.600000,0.700000,430.526468,430.906776,428.389752,428.842477,2.213594,2.731300,400-500,351-500
SITE2_P09,P09,SITE2,map,A,3,11,P09_race_map_A_11.csv,24,25,26,08:23:11.415,08:23:11.415,08:23:12.675,-218.900000,-109.100000,-1769.200000,-640.700000,-108.700000,-1512.100000,-639.000000,-107.000000,-1513.300000,1.700000,1.700000,-1.200000,493.979402,493.979564,491.903263,491.907745,2.080865,2.687006,400-500,351-500
SITE2_P09,P09,SITE2,map,B,3,9,P09_race_map_B_9.csv,4,5,6,08:20:21.197,08:20:21.197,08:20:27.577,-1587.500000,-148.200000,1834.200000,-1824.000000,-155.900000,2254.000000,-1823.300000,-154.200000,2252.600000,0.700000,1.700000,-1.400000,481.834297,481.895819,480.270965,480.308443,1.565248,2.310844,400-500,351-500
SITE2_P09,P09,SITE2,map,B,3,9,P09_race_map_B_9.csv,8,9,10,08:20:46.743,08:20:46.743,08:20:51.549,-1823.400000,-154.200000,2252.600000,-2183.500000,-156.800000,1969.600000,-2180.900000,-155.000000,1970.600000,2.600000,1.800000,1.000000,457.996736,458.004116,455.335316,455.336019,2.785678,3.316625,400-500,351-500
SITE2_P09,P09,SITE2,map,B,3,9,P09_race_map_B_9.csv,12,13,14,08:20:56.515,08:20:56.515,08:20:58.583,-2180.900000,-155.000000,1970.700000,-2489.500000,-157.100000,2081.700000,-2485.600000,-155.300000,2081.200000,3.900000,1.800000,-0.500000,327.955729,327.962452,324.117787,324.117926,3.931921,4.324350,300-400,200-350
SITE2_P09,P09,SITE2,map,B,3,9,P09_race_map_B_9.csv,16,17,18,08:21:01.479,08:21:01.479,08:21:04.553,-2485.600000,-155.400000,2081.200000,-2630.000000,-156.100000,2448.000000,-2629.600000,-154.400000,2445.300000,0.400000,1.700000,-2.700000,394.199949,394.200571,391.541581,391.542858,2.729469,3.215587,300-400,351-500
SITE2_P09,P09,SITE2,map,B,3,9,P09_race_map_B_9.csv,27,28,29,08:21:19.231,08:21:19.231,08:21:20.918,-2983.100000,-154.300000,2302.900000,-2999.000000,-156.000000,1931.000000,-2998.800000,-154.200000,1934.700000,0.200000,1.800000,3.700000,372.239735,372.243616,368.534571,368.534585,3.705401,4.119466,300-400,351-500
SITE2_P09,P09,SITE2,map,C,3,10,P09_race_map_C_10.csv,5,6,7,08:21:53.869,08:21:53.869,08:21:56.205,-2003.300000,-141.900000,179.600000,-2299.700000,-147.700000,56.800000,-2295.800000,-146.100000,55.400000,3.900000,1.600000,-1.400000,320.831420,320.883842,317.776478,317.804232,4.143670,4.441846,300-400,200-350
SITE2_P09,P09,SITE2,map,C,3,10,P09_race_map_C_10.csv,9,10,11,08:22:01.178,08:22:01.178,08:22:02.993,-2295.800000,-146.300000,55.400000,-2303.900000,-147.000000,-387.200000,-2299.600000,-145.300000,-385.400000,4.300000,1.700000,1.800000,442.674113,442.674666,440.816379,440.817513,4.661545,4.961854,400-500,351-500
SITE2_P09,P09,SITE2,map,C,3,10,P09_race_map_C_10.csv,13,14,15,08:22:08.432,08:22:08.432,08:22:10.100,-2299.700000,-145.400000,-385.300000,-1943.900000,-143.600000,-367.100000,-1942.600000,-142.000000,-370.300000,1.300000,1.600000,-3.200000,356.265182,356.269729,357.414899,357.431070,3.453983,3.806573,300-400,351-500
SITE2_P09,P09,SITE2,map,C,3,10,P09_race_map_C_10.csv,17,18,19,08:22:14.230,08:22:14.230,08:22:15.682,-1942.600000,-142.100000,-370.400000,-2025.000000,-148.600000,-798.000000,-2020.900000,-146.800000,-795.900000,4.100000,1.800000,2.100000,435.467014,435.515522,432.644357,432.669886,4.606517,4.945705,400-500,351-500
SITE2_P09,P09,SITE2,map,C,3,10,P09_race_map_C_10.csv,21,22,23,08:22:21.045,08:22:21.046,08:22:22.560,-2021.000000,-147.000000,-795.800000,-1819.400000,-140.800000,-1190.000000,-1818.900000,-139.100000,-1188.100000,0.500000,1.700000,1.900000,442.759754,442.803162,441.297745,441.368452,1.964688,2.598076,400-500,351-500
SITE2_P09,P09,SITE2,map,C,3,10,P09_race_map_C_10.csv,25,26,27,08:22:28.282,08:22:28.283,08:22:30.146,-1819.000000,-139.200000,-1188.000000,-1375.200000,-127.000000,-1014.300000,-1374.500000,-125.300000,-1018.100000,0.700000,1.700000,-3.800000,476.581714,476.737842,475.863699,476.066665,3.863936,4.221374,400-500,351-500
SITE2_P09,P09,SITE2,tsunami,A,1,2,P09_race_tsunami_A_2.csv,26,27,28,08:04:10.622,08:04:10.622,08:04:12.374,192.300000,-118.700000,-2075.800000,207.800000,-130.500000,-1742.200000,211.200000,-128.800000,-1736.100000,3.400000,1.700000,6.100000,333.959893,334.168296,340.225366,340.375249,6.983552,7.187489,300-400,200-350
SITE2_P09,P09,SITE2,tsunami,B,1,3,P09_race_tsunami_B_3.csv,21,22,23,08:05:08.743,08:05:08.743,08:05:10.149,-2183.200000,-155.000000,1966.900000,-2489.500000,-157.100000,2081.700000,-2490.800000,-155.300000,2085.100000,-1.300000,1.800000,3.400000,327.106603,327.113344,329.528451,329.528588,3.640055,4.060788,300-400,200-350
SITE2_P09,P09,SITE2,tsunami,C,1,1,P09_race_tsunami_C_1.csv,18,19,20,08:02:40.471,08:02:40.471,08:02:43.161,-2303.900000,-145.200000,-384.400000,-1943.900000,-143.600000,-367.100000,-1946.900000,-142.100000,-369.500000,-3.000000,1.500000,-2.400000,360.415441,360.418992,357.310803,357.324251,3.841875,4.124318,300-400,351-500
SITE2_P09,P09,SITE2,tsunami,C,1,1,P09_race_tsunami_C_1.csv,32,33,34,08:03:02.773,08:03:02.774,08:03:04.315,-1955.400000,-142.200000,-938.300000,-1819.400000,-140.800000,-1190.000000,-1819.300000,-139.100000,-1193.800000,0.100000,1.700000,-3.800000,286.092450,286.095876,289.488273,289.504870,3.801316,4.164133,200-300,200-350
SITE2_P10,P10,SITE2,map,A,3,10,P10_race_map_A_10.csv,4,5,6,14:02:33.729,14:02:33.729,14:02:36.406,1364.400000,-136.900000,-2182.200000,1036.100000,-125.400000,-1926.600000,1037.600000,-124.000000,-1928.700000,1.500000,1.400000,-2.100000,416.067603,416.226501,413.594596,413.795723,2.580698,2.935984,400-500,351-500
SITE2_P10,P10,SITE2,map,A,3,10,P10_race_map_A_10.csv,8,9,10,14:02:41.980,14:02:41.980,14:02:46.883,1037.500000,-124.000000,-1928.700000,660.800000,-122.800000,-2101.300000,664.000000,-121.300000,-2100.300000,3.200000,1.500000,1.000000,414.359325,414.361062,411.033831,411.042699,3.352611,3.672874,400-500,351-500
SITE2_P10,P10,SITE2,map,A,3,10,P10_race_map_A_10.csv,12,13,14,14:02:50.424,14:02:50.424,14:02:51.516,664.000000,-121.300000,-2100.400000,193.000000,-120.500000,-2075.600000,195.600000,-119.000000,-2076.100000,2.600000,1.500000,-0.500000,471.652457,471.653135,469.029903,469.035542,2.647640,3.043025,400-500,351-500
SITE2_P10,P10,SITE2,map,A,3,10,P10_race_map_A_10.csv,16,17,18,14:03:00.034,14:03:00.034,14:03:01.050,195.500000,-119.100000,-2076.000000,207.800000,-130.500000,-1742.200000,208.000000,-128.900000,-1747.200000,0.200000,1.600000,-5.000000,334.026541,334.221020,329.037521,329.183429,5.003998,5.253570,300-400,200-350
SITE2_P10,P10,SITE2,map,A,3,10,P10_race_map_A_10.csv,20,21,22,14:03:06.900,14:03:06.900,14:03:10.142,208.000000,-129.000000,-1747.300000,-221.000000,-110.700000,-1770.000000,-220.000000,-109.300000,-1770.800000,1.000000,1.400000,-0.800000,429.600151,429.989744,428.644666,429.097122,1.280625,1.897367,400-500,351-500
SITE2_P10,P10,SITE2,map,A,3,10,P10_race_map_A_10.csv,24,25,26,14:03:14.353,14:03:14.353,14:03:15.725,-220.000000,-109.300000,-1770.800000,-640.700000,-108.700000,-1512.100000,-636.600000,-107.200000,-1512.900000,4.100000,1.500000,-0.800000,493.876685,493.877049,489.967315,489.971816,4.177320,4.438468,400-500,351-500
SITE2_P10,P10,SITE2,map,B,3,11,P10_race_map_B_11.csv,4,5,6,14:03:37.121,14:03:37.121,14:03:39.806,-1587.600000,-148.200000,1834.100000,-1824.000000,-155.900000,2254.000000,-1823.300000,-154.400000,2250.400000,0.700000,1.500000,-3.600000,481.872359,481.933875,478.393332,478.433506,3.667424,3.962323,400-500,351-500
SITE2_P10,P10,SITE2,map,B,3,11,P10_race_map_B_11.csv,8,9,10,14:03:55.976,14:03:55.976,14:03:56.775,-1823.200000,-154.400000,2250.200000,-2183.500000,-156.800000,1969.600000,-2188.000000,-155.300000,1969.200000,-4.500000,1.500000,-0.400000,456.675432,456.681738,460.478056,460.478935,4.517743,4.760252,400-500,351-500
SITE2_P10,P10,SITE2,map,B,3,11,P10_race_map_B_11.csv,12,13,14,14:04:02.511,14:04:02.511,14:04:04.167,-2188.200000,-155.400000,1969.200000,-2489.500000,-157.100000,2081.700000,-2487.600000,-155.600000,2081.700000,1.900000,1.500000,0.000000,321.617692,321.622185,319.838412,319.838475,1.900000,2.420744,300-400,200-350
SITE2_P10,P10,SITE2,map,B,3,11,P10_race_map_B_11.csv,16,17,18,14:04:15.043,14:04:15.044,14:04:16.275,-2487.600000,-155.600000,2081.800000,-2630.000000,-156.100000,2448.000000,-2629.600000,-154.700000,2444.300000,0.400000,1.400000,-3.700000,392.912458,392.912777,389.320241,389.321281,3.721559,3.976179,300-400,351-500
SITE2_P10,P10,SITE2,map,B,3,11,P10_race_map_B_11.csv,20,21,22,14:04:20.237,14:04:20.237,14:04:21.885,-2629.600000,-154.700000,2444.200000,-2978.700000,-155.900000,2306.500000,-2977.800000,-154.400000,2307.600000,0.900000,1.500000,1.100000,375.276032,375.277950,374.035827,374.035947,1.421267,2.066398,300-400,351-500
SITE2_P10,P10,SITE2,map,B,3,11,P10_race_map_B_11.csv,27,28,29,14:04:37.226,14:04:37.227,14:04:43.388,-2850.000000,-154.800000,2273.600000,-2999.000000,-156.000000,1931.000000,-2997.100000,-154.600000,1933.200000,1.900000,1.400000,2.200000,373.598394,373.600321,370.824177,370.824231,2.906888,3.226453,300-400,351-500
SITE2_P10,P10,SITE2,map,C,3,9,P10_race_map_C_9.csv,4,5,6,14:01:01.221,14:01:01.221,14:01:04.309,-2003.300000,-141.900000,179.500000,-2299.700000,-147.700000,56.800000,-2294.700000,-146.500000,53.500000,5.000000,1.200000,-3.300000,320.793158,320.845586,317.474345,317.507669,5.990826,6.109828,300-400,200-350
SITE2_P10,P10,SITE2,map,C,3,9,P10_race_map_C_9.csv,8,9,10,14:01:11.633,14:01:11.633,14:01:14.593,-2294.400000,-146.600000,53.500000,-2303.900000,-147.000000,-387.200000,-2300.000000,-145.600000,-385.800000,3.900000,1.400000,1.400000,440.802382,440.802564,439.335692,439.336830,4.143670,4.373786,400-500,351-500
SITE2_P10,P10,SITE2,map,C,3,9,P10_race_map_C_9.csv,12,13,14,14:01:27.610,14:01:27.611,14:01:33.441,-2300.000000,-145.600000,-385.700000,-1943.900000,-143.600000,-367.100000,-1946.500000,-142.300000,-368.100000,-2.600000,1.300000,-1.000000,356.585432,356.591040,353.937862,353.953246,2.785678,3.074085,300-400,351-500
SITE2_P10,P10,SITE2,map,C,3,9,P10_race_map_C_9.csv,16,17,18,14:01:40.348,14:01:40.348,14:01:48.020,-1946.500000,-142.400000,-368.100000,-2025.000000,-148.600000,-798.000000,-2024.300000,-147.100000,-797.700000,0.700000,1.500000,0.300000,437.008307,437.052285,436.587906,436.613204,0.761577,1.682260,400-500,351-500
SITE2_P10,P10,SITE2,map,C,3,9,P10_race_map_C_9.csv,20,21,22,14:01:53.858,14:01:53.858,14:02:02.436,-2024.300000,-147.200000,-797.800000,-1819.400000,-140.800000,-1190.000000,-1821.300000,-139.500000,-1190.100000,-1.900000,1.300000,-0.100000,442.498418,442.544698,441.710641,441.777750,1.902630,2.304344,400-500,351-500
SITE2_P10,P10,SITE2,tsunami,A,2,7,P10_race_tsunami_A_7.csv,4,5,6,13:52:06.009,13:52:06.009,13:52:06.969,1364.600000,-136.900000,-2182.300000,1036.100000,-125.400000,-1926.600000,1041.900000,-124.000000,-1932.200000,5.800000,1.400000,-5.600000,416.286848,416.445663,408.271111,408.474858,8.062258,8.182909,400-500,351-500
SITE2_P10,P10,SITE2,tsunami,A,2,7,P10_race_tsunami_A_7.csv,25,26,27,13:52:40.349,13:52:40.349,13:52:41.570,197.600000,-119.100000,-2076.100000,207.800000,-130.500000,-1742.200000,208.500000,-129.000000,-1742.100000,0.700000,1.500000,0.100000,334.055759,334.250221,334.177812,334.324423,0.707107,1.658312,300-400,200-350
SITE2_P10,P10,SITE2,tsunami,A,2,7,P10_race_tsunami_A_7.csv,36,37,38,13:52:53.818,13:52:53.819,13:52:54.604,-219.600000,-109.300000,-1770.800000,-640.700000,-108.700000,-1512.100000,-638.100000,-107.200000,-1512.100000,2.600000,1.500000,0.000000,494.217462,494.217826,492.004004,492.008486,2.600000,3.001666,400-500,351-500
SITE2_P10,P10,SITE2,tsunami,B,2,5,P10_race_tsunami_B_5.csv,4,5,6,13:49:31.815,13:49:31.816,13:49:33.309,-1587.500000,-148.100000,1834.200000,-1824.000000,-155.900000,2254.000000,-1821.100000,-154.400000,2249.200000,2.900000,1.500000,-4.800000,481.834297,481.897427,476.228895,476.270564,5.608030,5.805170,400-500,351-500
SITE2_P10,P10,SITE2,tsunami,B,2,5,P10_race_tsunami_B_5.csv,15,16,17,13:49:50.710,13:49:50.710,13:49:51.704,-2183.800000,-155.200000,1967.700000,-2489.500000,-157.100000,2081.700000,-2494.200000,-155.600000,2081.000000,-4.700000,1.500000,-0.700000,326.264448,326.269980,330.431612,330.431854,4.751842,4.982971,300-400,200-350
SITE2_P10,P10,SITE2,tsunami,C,2,6,P10_race_tsunami_C_6.csv,11,12,13,13:50:58.272,13:50:58.272,13:50:59.564,-2303.000000,-146.100000,54.500000,-2303.900000,-147.000000,-387.200000,-2302.200000,-145.500000,-386.100000,1.700000,1.500000,1.100000,441.700917,441.701834,440.600726,440.601135,2.024846,2.519921,400-500,351-500
SITE2_P10,P10,SITE2,tsunami,C,2,6,P10_race_tsunami_C_6.csv,15,16,17,13:51:04.124,13:51:04.124,13:51:05.322,-2302.000000,-145.500000,-386.100000,-1943.900000,-143.600000,-367.100000,-1948.000000,-142.300000,-366.700000,-4.100000,1.300000,0.400000,358.603695,358.608728,354.531183,354.545625,4.119466,4.319722,300-400,351-500
SITE2_P11,P11,SITE2,map,A,3,9,P11_race_map_A_9.csv,4,5,6,14:55:21.875,14:55:21.876,14:55:24.502,1364.500000,-136.900000,-2182.300000,1036.100000,-125.400000,-1926.600000,1032.600000,-123.800000,-1924.700000,-3.500000,1.600000,1.900000,416.207941,416.366785,420.137323,420.341504,3.982462,4.291853,400-500,351-500
SITE2_P11,P11,SITE2,map,A,3,9,P11_race_map_A_9.csv,8,9,10,14:55:32.988,14:55:32.988,14:55:38.614,1032.500000,-123.800000,-1924.800000,660.800000,-122.800000,-2101.300000,662.300000,-121.200000,-2101.300000,1.500000,1.600000,0.000000,411.476779,411.477995,410.122287,410.130528,1.500000,2.193171,400-500,351-500
SITE2_P11,P11,SITE2,map,A,3,9,P11_race_map_A_9.csv,12,13,14,14:55:44.999,14:55:44.999,14:55:47.956,662.300000,-121.200000,-2101.300000,193.000000,-120.500000,-2075.600000,197.200000,-118.900000,-2077.000000,4.200000,1.600000,-1.400000,470.003170,470.003691,465.734366,465.740046,4.427189,4.707441,400-500,351-500
SITE2_P11,P11,SITE2,map,A,3,9,P11_race_map_A_9.csv,16,17,18,14:55:55.960,14:55:55.960,14:55:59.427,197.200000,-119.000000,-2076.900000,207.800000,-130.500000,-1742.200000,209.100000,-128.900000,-1746.100000,1.300000,1.600000,-3.900000,334.867810,335.065218,331.013973,331.161985,4.110961,4.411349,300-400,200-350
SITE2_P11,P11,SITE2,map,A,3,9,P11_race_map_A_9.csv,20,21,22,14:56:08.888,14:56:08.889,14:56:10.976,209.000000,-128.900000,-1746.100000,-221.000000,-110.700000,-1770.000000,-216.200000,-109.300000,-1770.200000,4.800000,1.400000,-0.200000,430.663685,431.048083,425.882437,426.333215,4.804165,5.003998,400-500,351-500
SITE2_P11,P11,SITE2,map,A,3,9,P11_race_map_A_9.csv,24,25,26,14:56:15.039,14:56:15.039,14:56:17.453,-216.200000,-109.300000,-1770.200000,-640.700000,-108.700000,-1512.100000,-643.000000,-107.100000,-1510.700000,-2.300000,1.600000,1.400000,496.805656,496.806018,499.498238,499.503083,2.692582,3.132092,400-500,351-500
SITE2_P11,P11,SITE2,map,B,3,10,P11_race_map_B_10.csv,4,5,6,14:56:35.348,14:56:35.348,14:56:37.262,-1587.500000,-148.200000,1834.200000,-1824.000000,-155.900000,2254.000000,-1826.900000,-154.300000,2255.100000,-2.900000,1.600000,1.100000,481.834297,481.895819,484.220167,484.258588,3.101612,3.489986,400-500,351-500
SITE2_P11,P11,SITE2,map,B,3,10,P11_race_map_B_10.csv,8,9,10,14:56:44.705,14:56:44.705,14:56:51.623,-1827.000000,-154.300000,2255.000000,-2183.500000,-156.800000,1969.600000,-2182.400000,-155.200000,1969.700000,1.100000,1.600000,0.100000,456.667724,456.674567,455.746914,455.747803,1.104536,1.944222,400-500,351-500
SITE2_P11,P11,SITE2,map,B,3,10,P11_race_map_B_10.csv,12,13,14,14:56:58.313,14:56:58.314,14:57:00.581,-2182.400000,-155.200000,1969.700000,-2489.500000,-157.100000,2081.700000,-2489.500000,-155.500000,2082.700000,0.000000,1.600000,1.000000,326.885928,326.891450,327.229904,327.230041,1.000000,1.886796,300-400,200-350
SITE2_P11,P11,SITE2,map,B,3,10,P11_race_map_B_10.csv,16,17,18,14:57:04.870,14:57:04.870,14:57:06.596,-2489.400000,-155.500000,2082.800000,-2630.000000,-156.100000,2448.000000,-2626.900000,-154.500000,2448.000000,3.100000,1.600000,0.000000,391.330295,391.330755,390.227229,390.228510,3.100000,3.488553,300-400,351-500
SITE2_P11,P11,SITE2,map,B,3,10,P11_race_map_B_10.csv,20,21,22,14:57:11.674,14:57:11.674,14:57:14.336,-2626.900000,-154.600000,2447.900000,-2978.700000,-155.900000,2306.500000,-2979.000000,-154.400000,2309.000000,-0.300000,1.500000,2.500000,379.153267,379.155496,378.507094,378.507147,2.517936,2.930870,300-400,351-500
SITE2_P11,P11,SITE2,map,B,3,10,P11_race_map_B_10.csv,24,25,26,14:57:20.174,14:57:20.174,14:57:25.265,-2979.000000,-154.500000,2309.000000,-2999.000000,-156.000000,1931.000000,-2996.100000,-154.600000,1930.100000,2.900000,1.400000,-0.900000,378.528731,378.531703,379.285671,379.285684,3.036445,3.343651,300-400,351-500
SITE2_P11,P11,SITE2,map,C,3,11,P11_race_map_C_11.csv,4,5,6,14:58:54.206,14:58:54.206,14:58:56.209,-2003.400000,-141.900000,179.600000,-2299.700000,-147.700000,56.800000,-2298.600000,-146.100000,58.900000,1.100000,1.600000,2.100000,320.739037,320.791474,318.922451,318.950106,2.370654,2.860070,300-400,200-350
SITE2_P11,P11,SITE2,map,C,3,11,P11_race_map_C_11.csv,8,9,10,14:58:59.774,14:58:59.774,14:59:02.058,-2298.700000,-146.200000,58.900000,-2303.900000,-147.000000,-387.200000,-2300.200000,-145.500000,-390.300000,3.700000,1.500000,-3.100000,446.130306,446.131023,449.202504,449.203050,4.827007,5.054701,400-500,351-500
SITE2_P11,P11,SITE2,map,C,3,11,P11_race_map_C_11.csv,12,13,14,14:59:06.341,14:59:06.341,14:59:08.636,-2300.100000,-145.500000,-390.300000,-1943.900000,-143.600000,-367.100000,-1942.800000,-142.100000,-369.800000,1.100000,1.500000,-2.700000,356.954731,356.959788,357.887608,357.903758,2.915476,3.278719,300-400,351-500
SITE2_P11,P11,SITE2,map,C,3,11,P11_race_map_C_11.csv,16,17,18,14:59:13.660,14:59:13.660,14:59:15.308,-1943.000000,-142.100000,-369.800000,-2025.000000,-148.600000,-798.000000,-2029.800000,-147.200000,-793.400000,-4.800000,1.400000,4.600000,435.980779,436.029231,432.401665,432.431740,6.648308,6.794115,400-500,351-500
SITE2_P11,P11,SITE2,map,C,3,11,P11_race_map_C_11.csv,20,21,22,14:59:19.225,14:59:19.225,14:59:24.249,-2029.700000,-147.200000,-793.300000,-1819.400000,-140.800000,-1190.000000,-1819.600000,-139.200000,-1192.300000,-0.200000,1.600000,-2.300000,448.995523,449.041134,450.935705,451.006663,2.308679,2.808914,400-500,351-500
SITE2_P11,P11,SITE2,map,C,3,11,P11_race_map_C_11.csv,24,25,26,14:59:30.809,14:59:30.809,14:59:34.557,-1819.600000,-139.300000,-1192.300000,-1375.200000,-127.000000,-1014.300000,-1374.900000,-125.400000,-1016.300000,0.300000,1.600000,-2.000000,478.722634,478.880622,478.261529,478.463478,2.022375,2.578759,400-500,351-500
SITE2_P11,P11,SITE2,tsunami,B,2,7,P11_race_tsunami_B_7.csv,18,19,20,14:40:54.722,14:40:54.722,14:40:56.178,-2181.800000,-155.100000,1970.900000,-2489.500000,-157.100000,2081.700000,-2484.100000,-155.400000,2080.700000,5.400000,1.700000,-1.000000,327.041175,327.047290,321.622962,321.623102,5.491812,5.748913,300-400,200-350
SITE2_P11,P11,SITE2,tsunami,C,2,5,P11_race_tsunami_C_5.csv,11,12,13,14:37:57.141,14:37:57.141,14:37:59.379,-2298.200000,-146.100000,57.000000,-2303.900000,-147.000000,-387.200000,-2299.800000,-145.400000,-387.200000,4.100000,1.600000,0.000000,444.236570,444.237482,444.202882,444.203433,4.100000,4.401136,400-500,351-500
SITE2_P11,P11,SITE2,tsunami,C,2,5,P11_race_tsunami_C_5.csv,22,23,24,14:38:13.716,14:38:13.716,14:38:15.526,-1944.500000,-142.000000,-367.300000,-2025.000000,-148.600000,-798.000000,-2024.900000,-146.800000,-804.200000,0.100000,1.800000,-6.200000,438.158350,438.208056,444.236165,444.262096,6.200806,6.456779,400-500,351-500
SITE2_P12,P12,SITE2,map,A,3,11,P12_race_map_A_11.csv,4,5,6,09:54:59.528,09:54:59.528,09:55:01.034,1364.500000,-136.900000,-2182.400000,1036.100000,-125.400000,-1926.600000,1038.200000,-124.100000,-1926.700000,2.100000,1.300000,-0.100000,416.269384,416.428205,414.552988,414.750552,2.102380,2.471841,400-500,351-500
SITE2_P12,P12,SITE2,map,A,3,11,P12_race_map_A_11.csv,8,9,10,09:55:09.266,09:55:09.267,09:55:13.763,1038.200000,-124.100000,-1926.700000,660.800000,-122.800000,-2101.300000,663.300000,-121.400000,-2099.800000,2.500000,1.400000,1.500000,415.831601,415.833633,412.932949,412.941776,2.915476,3.234192,400-500,351-500
SITE2_P12,P12,SITE2,map,A,3,11,P12_race_map_A_11.csv,12,13,14,09:55:21.753,09:55:21.753,09:55:26.995,663.300000,-121.400000,-2099.800000,193.000000,-120.500000,-2075.600000,194.500000,-119.200000,-2075.000000,1.500000,1.300000,0.600000,470.922212,470.923072,469.455514,469.460669,1.615549,2.073644,400-500,351-500
SITE2_P12,P12,SITE2,map,A,3,11,P12_race_map_A_11.csv,16,17,18,09:55:39.867,09:55:39.867,09:55:44.905,194.300000,-119.200000,-2074.900000,207.800000,-130.500000,-1742.200000,206.200000,-129.000000,-1746.600000,-1.600000,1.500000,-4.400000,332.973783,333.165469,328.515601,328.661741,4.681880,4.916299,300-400,200-350
SITE2_P12,P12,SITE2,map,A,3,11,P12_race_map_A_11.csv,21,22,23,09:55:57.353,09:55:57.353,09:55:58.827,100.000000,-126.200000,-1776.300000,-221.000000,-110.700000,-1770.000000,-222.000000,-109.300000,-1769.500000,-1.000000,1.400000,0.500000,321.061816,321.435748,322.071793,322.514883,1.118034,1.791647,300-400,200-350
SITE2_P12,P12,SITE2,map,A,3,11,P12_race_map_A_11.csv,25,26,27,09:56:04.431,09:56:04.432,09:56:08.022,-222.000000,-109.300000,-1769.500000,-640.700000,-108.700000,-1512.100000,-639.300000,-107.400000,-1511.200000,1.400000,1.300000,0.900000,491.492065,491.492431,490.773043,490.776721,1.664332,2.111871,400-500,351-500
SITE2_P12,P12,SITE2,map,B,3,9,P12_race_map_B_9.csv,4,5,6,09:51:45.643,09:51:45.644,09:51:54.875,-1587.500000,-148.200000,1834.200000,-1824.000000,-155.900000,2254.000000,-1822.300000,-154.600000,2250.800000,1.700000,1.300000,-3.200000,481.834297,481.895819,478.211878,478.254702,3.623534,3.849675,400-500,351-500
SITE2_P12,P12,SITE2,map,B,3,9,P12_race_map_B_9.csv,8,9,10,09:52:04.156,09:52:04.156,09:52:12.030,-1822.200000,-154.600000,2250.900000,-2183.500000,-156.800000,1969.600000,-2182.200000,-155.400000,1971.200000,1.300000,1.400000,1.600000,457.894508,457.899793,455.886049,455.886751,2.061553,2.491987,400-500,351-500
SITE2_P12,P12,SITE2,map,B,3,9,P12_race_map_B_9.csv,12,13,14,09:52:20.537,09:52:20.537,09:52:25.322,-2182.100000,-155.400000,1971.200000,-2489.500000,-157.100000,2081.700000,-2488.800000,-155.700000,2081.400000,0.700000,1.400000,-0.300000,326.657328,326.661752,325.897116,325.897254,0.761577,1.593738,300-400,200-350
SITE2_P12,P12,SITE2,map,B,3,9,P12_race_map_B_9.csv,16,17,18,09:52:35.164,09:52:35.164,09:52:41.887,-2488.700000,-155.700000,2081.300000,-2630.000000,-156.100000,2448.000000,-2630.200000,-154.800000,2448.600000,-0.200000,1.300000,0.600000,392.981654,392.981857,393.613440,393.614469,0.632456,1.445683,300-400,351-500
SITE2_P12,P12,SITE2,map,B,3,9,P12_race_map_B_9.csv,20,21,22,09:52:49.987,09:52:49.987,09:52:54.601,-2630.400000,-154.800000,2448.600000,-2978.700000,-155.900000,2306.500000,-2980.100000,-154.600000,2306.300000,-1.400000,1.300000,-0.200000,376.171902,376.173510,377.543878,377.543931,1.414214,1.920937,300-400,351-500
SITE2_P12,P12,SITE2,map,B,3,9,P12_race_map_B_9.csv,24,25,26,09:53:04.576,09:53:04.577,09:53:06.458,-2979.900000,-154.600000,2306.300000,-2999.000000,-156.000000,1931.000000,-2999.200000,-154.500000,1930.700000,-0.200000,1.500000,-0.300000,375.785710,375.788318,376.095533,376.095546,0.360555,1.542725,300-400,351-500
SITE2_P12,P12,SITE2,map,C,3,10,P12_race_map_C_10.csv,4,5,6,09:53:33.996,09:53:33.996,09:53:35.342,-2003.400000,-141.900000,179.500000,-2299.700000,-147.700000,56.800000,-2297.000000,-146.400000,58.400000,2.700000,1.300000,1.600000,320.700764,320.753207,317.594348,317.626227,3.138471,3.397058,300-400,200-350
SITE2_P12,P12,SITE2,map,C,3,10,P12_race_map_C_10.csv,8,9,10,09:53:41.694,09:53:41.694,09:53:43.730,-2297.100000,-146.400000,58.500000,-2303.900000,-147.000000,-387.200000,-2300.900000,-145.700000,-385.400000,3.000000,1.300000,1.800000,445.751870,445.752274,443.916265,443.916817,3.498571,3.732292,400-500,351-500
SITE2_P12,P12,SITE2,map,C,3,10,P12_race_map_C_10.csv,12,13,14,09:53:51.005,09:53:51.006,09:53:56.452,-2300.700000,-145.700000,-385.600000,-1943.900000,-143.600000,-367.100000,-1943.200000,-142.300000,-370.700000,0.700000,1.300000,-3.600000,357.279289,357.285460,357.810369,357.826522,3.667424,3.891015,300-400,351-500
SITE2_P12,P12,SITE2,map,C,3,10,P12_race_map_C_10.csv,16,17,18,09:54:03.743,09:54:03.743,09:54:06.115,-1943.100000,-142.400000,-370.600000,-2025.000000,-148.600000,-798.000000,-2029.000000,-147.200000,-799.600000,-4.000000,1.400000,-1.600000,435.176252,435.220415,437.515497,437.541827,4.308132,4.529901,400-500,351-500
SITE2_P12,P12,SITE2,map,C,3,10,P12_race_map_C_10.csv,20,21,22,09:54:16.237,09:54:16.237,09:54:17.644,-2029.000000,-147.300000,-799.500000,-1819.400000,-140.800000,-1190.000000,-1816.200000,-139.300000,-1189.500000,3.200000,1.500000,0.500000,443.195679,443.243342,444.279011,444.351032,3.238827,3.569314,400-500,351-500
SITE2_P12,P12,SITE2,map,C,3,10,P12_race_map_C_10.csv,25,26,27,09:54:33.424,09:54:33.424,09:54:34.581,-1816.400000,-139.300000,-1189.400000,-1375.200000,-127.000000,-1014.300000,-1374.700000,-125.600000,-1017.400000,0.500000,1.400000,-3.100000,474.676153,474.835487,474.007268,474.205209,3.140064,3.438023,400-500,351-500
SITE2_P12,P12,SITE2,tsunami,B,2,6,P12_race_tsunami_B_6.csv,4,5,6,11:29:30.520,11:29:30.520,11:29:32.231,-1587.400000,-148.100000,1834.200000,-1824.000000,-155.900000,2254.000000,-1819.900000,-154.700000,2252.700000,4.100000,1.200000,-1.300000,481.883388,481.946512,478.746802,478.792293,4.301163,4.465423,400-500,351-500
SITE2_P12,P12,SITE2,tsunami,B,2,6,P12_race_tsunami_B_6.csv,8,9,10,11:29:38.198,11:29:38.198,11:29:39.594,-1819.900000,-154.700000,2252.700000,-2183.500000,-156.800000,1969.600000,-2177.800000,-155.300000,1973.800000,5.700000,1.500000,4.200000,460.815115,460.819900,453.737391,453.737788,7.080254,7.237403,400-500,351-500
SITE2_P12,P12,SITE2,tsunami,B,2,6,P12_race_tsunami_B_6.csv,13,14,15,11:29:49.135,11:29:49.135,11:29:50.714,-2177.900000,-155.300000,1973.800000,-2489.500000,-157.100000,2081.700000,-2488.000000,-155.700000,2081.300000,1.500000,1.400000,-0.400000,329.752892,329.757805,328.204601,328.204845,1.552417,2.090454,300-400,200-350
SITE2_P12,P12,SITE2,tsunami,C,2,7,P12_race_tsunami_C_7.csv,4,5,6,09:40:14.887,09:40:14.887,09:40:16.304,-2003.500000,-141.800000,179.600000,-2299.700000,-147.700000,56.800000,-2295.200000,-146.500000,58.000000,4.500000,1.200000,1.200000,320.646659,320.700935,316.030774,316.065721,4.657252,4.809366,300-400,200-350
SITE2_P12,P12,SITE2,tsunami,C,2,7,P12_race_tsunami_C_7.csv,22,23,24,09:40:58.214,09:40:58.215,09:41:00.013,-1935.900000,-142.000000,-365.800000,-2025.000000,-148.600000,-798.000000,-2022.200000,-147.300000,-793.400000,2.800000,1.300000,4.600000,441.288624,441.337977,436.221790,436.253986,5.385165,5.539856,400-500,351-500
SITE2_P13,P13,SITE2,map,A,1,1,P13_race_map_A_1.csv,4,5,6,08:48:59.875,08:48:59.876,08:49:03.976,1364.400000,-137.000000,-2182.400000,1036.100000,-125.400000,-1926.600000,1033.100000,-124.000000,-1926.400000,-3.000000,1.400000,0.200000,416.190497,416.352123,418.683281,418.885056,3.006659,3.316625,400-500,351-500
SITE2_P13,P13,SITE2,map,A,1,1,P13_race_map_A_1.csv,8,9,10,08:49:13.149,08:49:13.149,08:49:17.394,1033.100000,-124.000000,-1926.400000,660.800000,-122.800000,-2101.300000,656.500000,-121.300000,-2101.400000,-4.300000,1.500000,-0.100000,411.335994,411.337744,415.274078,415.282855,4.301163,4.555217,400-500,351-500
SITE2_P13,P13,SITE2,map,A,1,1,P13_race_map_A_1.csv,12,13,14,08:49:22.949,08:49:22.949,08:49:27.364,656.500000,-121.400000,-2101.400000,193.000000,-120.500000,-2075.600000,195.100000,-119.000000,-2077.000000,2.100000,1.500000,-1.400000,464.217503,464.218375,462.044716,462.050950,2.523886,2.935984,400-500,351-500
SITE2_P13,P13,SITE2,map,A,1,1,P13_race_map_A_1.csv,16,17,18,08:49:33.364,08:49:33.365,08:49:36.118,195.100000,-119.100000,-2077.000000,207.800000,-130.500000,-1742.200000,210.800000,-129.100000,-1743.200000,3.000000,1.400000,-1.000000,335.040789,335.234679,334.169014,334.318606,3.162278,3.458323,300-400,200-350
SITE2_P13,P13,SITE2,map,A,1,1,P13_race_map_A_1.csv,20,21,22,08:49:44.366,08:49:44.366,08:49:47.395,210.800000,-129.100000,-1743.300000,-221.000000,-110.700000,-1770.000000,-220.800000,-109.300000,-1771.900000,0.200000,1.400000,-1.900000,432.624699,433.015808,432.546552,432.999492,1.910497,2.368544,400-500,351-500
SITE2_P13,P13,SITE2,map,A,1,1,P13_race_map_A_1.csv,24,25,26,08:49:53.717,08:49:53.717,08:49:55.840,-220.900000,-109.300000,-1771.900000,-640.700000,-108.700000,-1512.100000,-641.500000,-107.300000,-1511.600000,-0.800000,1.400000,0.500000,493.688242,493.688606,494.631631,494.635674,0.943398,1.688194,400-500,351-500
SITE2_P13,P13,SITE2,map,B,1,2,P13_race_map_B_2.csv,4,5,6,08:50:16.827,08:50:16.827,08:50:19.134,-1587.500000,-148.200000,1834.200000,-1824.000000,-155.900000,2254.000000,-1822.000000,-154.600000,2252.900000,2.000000,1.300000,-1.100000,481.834297,481.895819,479.895760,479.938434,2.282542,2.626785,400-500,351-500
SITE2_P13,P13,SITE2,map,B,1,2,P13_race_map_B_2.csv,8,9,10,08:50:25.713,08:50:25.713,08:50:27.744,-1822.000000,-154.600000,2252.800000,-2183.500000,-156.800000,1969.600000,-2181.400000,-155.300000,1971.700000,2.100000,1.500000,2.100000,459.221613,459.226883,456.273569,456.274106,2.969848,3.327161,400-500,351-500
SITE2_P13,P13,SITE2,map,B,1,2,P13_race_map_B_2.csv,12,13,14,08:50:32.011,08:50:32.011,08:50:34.059,-2181.400000,-155.300000,1971.700000,-2489.500000,-157.100000,2081.700000,-2486.800000,-155.600000,2081.000000,2.700000,1.500000,-0.700000,327.147688,327.152640,324.369619,324.369758,2.789265,3.167018,300-400,200-350
SITE2_P13,P13,SITE2,map,B,1,2,P13_race_map_B_2.csv,16,17,18,08:50:38.312,08:50:38.312,08:50:41.306,-2486.800000,-155.600000,2081.100000,-2630.000000,-156.100000,2448.000000,-2630.400000,-154.700000,2446.600000,-0.400000,1.400000,-1.400000,393.855113,393.855430,392.697352,392.698383,1.456022,2.019901,300-400,351-500
SITE2_P13,P13,SITE2,map,B,1,2,P13_race_map_B_2.csv,20,21,22,08:50:46.067,08:50:46.067,08:50:47.958,-2630.400000,-154.800000,2446.500000,-2978.700000,-155.900000,2306.500000,-2973.800000,-154.400000,2309.200000,4.900000,1.500000,2.700000,375.383657,375.385269,369.830840,369.831056,5.594640,5.792236,300-400,351-500
SITE2_P13,P13,SITE2,map,B,1,2,P13_race_map_B_2.csv,24,25,26,08:50:53.917,08:50:53.918,08:50:56.162,-2973.800000,-154.400000,2309.100000,-2999.000000,-156.000000,1931.000000,-2999.600000,-154.500000,1933.000000,-0.600000,1.500000,2.000000,378.938847,378.942225,376.983886,376.983899,2.088061,2.570992,300-400,351-500
SITE2_P13,P13,SITE2,map,C,1,3,P13_race_map_C_3.csv,4,5,6,08:51:14.471,08:51:14.471,08:51:16.402,-2003.300000,-141.900000,179.500000,-2299.700000,-147.700000,56.800000,-2300.100000,-146.200000,56.300000,-0.400000,1.500000,-0.500000,320.793158,320.845586,321.354135,321.382902,0.640312,1.630951,300-400,200-350
SITE2_P13,P13,SITE2,map,C,1,3,P13_race_map_C_3.csv,8,9,10,08:51:21.066,08:51:21.067,08:51:22.680,-2300.100000,-146.300000,56.300000,-2303.900000,-147.000000,-387.200000,-2304.800000,-145.600000,-388.200000,-0.900000,1.400000,-1.000000,443.516279,443.516832,444.524847,444.525399,1.345362,1.941649,400-500,351-500
SITE2_P13,P13,SITE2,map,C,1,3,P13_race_map_C_3.csv,12,13,14,08:51:28.778,08:51:28.778,08:51:30.996,-2304.800000,-145.700000,-388.100000,-1943.900000,-143.600000,-367.100000,-1946.000000,-142.200000,-366.200000,-2.100000,1.400000,0.900000,361.510456,361.516556,359.467732,359.484770,2.284732,2.679552,300-400,351-500
SITE2_P13,P13,SITE2,map,C,1,3,P13_race_map_C_3.csv,16,17,18,08:51:35.817,08:51:35.817,08:51:38.774,-1946.000000,-142.300000,-366.300000,-2025.000000,-148.600000,-798.000000,-2023.700000,-147.100000,-802.200000,1.300000,1.500000,-4.200000,438.868876,438.914092,442.770934,442.796951,4.396590,4.645428,400-500,351-500
SITE2_P13,P13,SITE2,map,C,1,3,P13_race_map_C_3.csv,27,28,29,08:51:56.939,08:51:56.939,08:51:58.771,-1820.900000,-139.600000,-1194.700000,-1375.200000,-127.000000,-1014.300000,-1376.800000,-125.600000,-1016.900000,-1.600000,1.400000,-2.600000,480.824968,480.990031,478.369784,478.574602,3.052868,3.358571,400-500,351-500
SITE2_P13,P13,SITE2,tsunami,A,3,10,P13_race_tsunami_A_10.csv,25,26,27,09:10:20.996,09:10:20.996,09:10:22.300,197.800000,-119.100000,-2077.400000,207.800000,-130.500000,-1742.200000,209.200000,-129.100000,-1737.200000,1.400000,1.400000,5.000000,335.349132,335.542844,340.390952,340.537810,5.192302,5.377732,300-400,200-350
SITE2_P13,P13,SITE2,tsunami,A,3,10,P13_race_tsunami_A_10.csv,29,30,31,09:10:26.135,09:10:26.135,09:10:27.305,209.200000,-129.100000,-1737.300000,-221.000000,-110.700000,-1770.000000,-217.400000,-109.400000,-1769.500000,3.600000,1.300000,0.500000,431.440992,431.833174,427.813511,428.266844,3.634556,3.860052,400-500,351-500
SITE2_P13,P13,SITE2,tsunami,A,3,10,P13_race_tsunami_A_10.csv,33,34,35,09:10:31.344,09:10:31.344,09:10:32.398,-217.400000,-109.400000,-1769.500000,-640.700000,-108.700000,-1512.100000,-634.400000,-107.400000,-1507.500000,6.300000,1.300000,4.600000,495.416643,495.417137,492.476395,492.480456,7.800641,7.908224,400-500,351-500
SITE2_P13,P13,SITE2,tsunami,B,3,11,P13_race_tsunami_B_11.csv,19,20,21,09:11:07.939,09:11:07.939,09:11:12.575,-2180.200000,-155.300000,1970.500000,-2489.500000,-157.100000,2081.700000,-2493.600000,-155.700000,2077.200000,-4.100000,1.400000,-4.500000,328.682111,328.687040,331.065628,331.065870,6.087693,6.246599,300-400,200-350
SITE2_P14,P14,SITE2,map,A,1,3,P14_race_map_A_3.csv,4,5,6,10:45:33.315,10:45:33.315,10:45:34.979,1364.600000,-136.900000,-2182.300000,1036.100000,-125.400000,-1926.600000,1040.600000,-124.000000,-1927.600000,4.500000,1.400000,-1.000000,416.286848,416.445663,412.126303,412.328146,4.609772,4.817676,400-500,351-500
SITE2_P14,P14,SITE2,map,A,1,3,P14_race_map_A_3.csv,8,9,10,10:45:42.009,10:45:42.009,10:45:43.622,1040.500000,-124.100000,-1927.700000,660.800000,-122.800000,-2101.300000,663.900000,-121.400000,-2098.900000,3.100000,1.400000,2.400000,417.503353,417.505377,413.687080,413.695891,3.920459,4.162932,400-500,351-500
SITE2_P14,P14,SITE2,map,A,1,3,P14_race_map_A_3.csv,12,13,14,10:45:48.829,10:45:48.829,10:45:50.874,663.800000,-121.400000,-2098.900000,193.000000,-120.500000,-2075.600000,190.400000,-119.200000,-2071.600000,-2.600000,1.300000,4.000000,471.376209,471.377068,474.186514,474.191617,4.770744,4.944694,400-500,351-500
SITE2_P14,P14,SITE2,map,A,1,3,P14_race_map_A_3.csv,26,27,28,10:46:15.427,10:46:15.428,10:46:18.578,208.800000,-129.100000,-1743.400000,-221.000000,-110.700000,-1770.000000,-224.700000,-109.200000,-1770.300000,-3.700000,1.500000,-0.300000,430.622340,431.015267,434.333812,434.789455,3.712142,4.003748,400-500,351-500
SITE2_P14,P14,SITE2,map,A,1,3,P14_race_map_A_3.csv,30,31,32,10:46:23.790,10:46:23.790,10:46:25.797,-224.800000,-109.200000,-1770.300000,-640.700000,-108.700000,-1512.100000,-640.900000,-107.300000,-1512.100000,-0.200000,1.400000,0.000000,489.530438,489.530694,489.700368,489.704053,0.200000,1.414214,400-500,351-500
SITE2_P14,P14,SITE2,map,B,1,1,P14_race_map_B_1.csv,11,12,13,10:42:05.352,10:42:05.352,10:42:09.163,-1822.800000,-154.600000,2253.900000,-2183.500000,-156.800000,1969.600000,-2179.800000,-155.300000,1971.200000,3.700000,1.500000,1.600000,459.272229,459.277498,455.377086,455.377624,4.031129,4.301163,400-500,351-500
SITE2_P14,P14,SITE2,map,B,1,1,P14_race_map_B_1.csv,15,16,17,10:42:17.052,10:42:17.052,10:42:20.486,-2179.900000,-155.300000,1971.100000,-2489.500000,-157.100000,2081.700000,-2489.200000,-155.600000,2083.600000,0.300000,1.500000,1.900000,328.762102,328.767030,329.124201,329.124338,1.923538,2.439262,300-400,200-350
SITE2_P14,P14,SITE2,map,B,1,1,P14_race_map_B_1.csv,19,20,21,10:42:34.982,10:42:34.982,10:42:37.044,-2489.200000,-155.700000,2083.700000,-2630.000000,-156.100000,2448.000000,-2628.800000,-154.700000,2447.300000,1.200000,1.400000,-0.700000,390.562581,390.562786,389.478010,389.479293,1.389244,1.972308,300-400,351-500
SITE2_P14,P14,SITE2,map,B,1,1,P14_race_map_B_1.csv,23,24,25,10:42:45.780,10:42:45.780,10:42:48.205,-2628.700000,-154.700000,2447.400000,-2978.700000,-155.900000,2306.500000,-2977.700000,-154.500000,2308.500000,1.000000,1.400000,2.000000,377.296713,377.298622,375.625092,375.625146,2.236068,2.638181,300-400,351-500
SITE2_P14,P14,SITE2,map,B,1,1,P14_race_map_B_1.csv,27,28,29,10:42:57.910,10:42:57.910,10:43:00.694,-2977.700000,-154.600000,2308.400000,-2999.000000,-156.000000,1931.000000,-3000.500000,-154.400000,1934.900000,-1.500000,1.600000,3.900000,378.000595,378.003188,374.195257,374.195310,4.178516,4.474371,300-400,351-500
SITE2_P14,P14,SITE2,map,C,1,2,P14_race_map_C_2.csv,4,5,6,10:43:44.961,10:43:44.962,10:43:47.077,-2003.300000,-141.900000,179.600000,-2299.700000,-147.700000,56.800000,-2300.700000,-146.200000,57.100000,-1.000000,1.500000,0.300000,320.831420,320.883842,321.641120,321.669862,1.044031,1.827567,300-400,200-350
SITE2_P14,P14,SITE2,map,C,1,2,P14_race_map_C_2.csv,8,9,10,10:43:58.812,10:43:58.812,10:44:01.594,-2300.700000,-146.200000,57.100000,-2303.900000,-147.000000,-387.200000,-2304.100000,-145.600000,-386.600000,-0.200000,1.400000,0.600000,444.311524,444.312244,443.713027,443.713432,0.632456,1.536229,400-500,351-500
SITE2_P14,P14,SITE2,map,C,1,2,P14_race_map_C_2.csv,12,13,14,10:44:12.281,10:44:12.281,10:44:16.274,-2304.000000,-145.600000,-386.800000,-1943.900000,-143.600000,-367.100000,-1943.300000,-142.200000,-368.400000,0.600000,1.400000,-1.300000,360.638462,360.644007,361.169005,361.185008,1.431782,2.002498,300-400,351-500
SITE2_P14,P14,SITE2,map,C,1,2,P14_race_map_C_2.csv,16,17,18,10:44:28.823,10:44:28.824,10:44:31.508,-1943.400000,-142.300000,-368.400000,-2025.000000,-148.600000,-798.000000,-2025.300000,-147.100000,-799.400000,-0.300000,1.500000,-1.400000,437.281054,437.326434,438.712446,438.738704,1.431782,2.073644,400-500,351-500
SITE2_P14,P14,SITE2,map,C,1,2,P14_race_map_C_2.csv,27,28,29,10:44:55.527,10:44:55.527,10:44:57.255,-1818.600000,-139.300000,-1188.800000,-1375.200000,-127.000000,-1014.300000,-1377.700000,-125.600000,-1016.400000,-2.500000,1.400000,-2.100000,476.501637,476.660361,473.407404,473.605595,3.264966,3.552464,400-500,351-500
SITE2_P14,P14,SITE2,tsunami,A,3,9,P14_race_tsunami_A_9.csv,32,33,34,11:25:08.373,11:25:08.374,11:25:12.674,193.700000,-119.000000,-2073.400000,207.800000,-130.500000,-1742.200000,212.500000,-129.100000,-1738.700000,4.700000,1.400000,3.500000,331.500000,331.699412,335.227579,335.379695,5.860034,6.024948,300-400,200-350
SITE2_P14,P14,SITE2,tsunami,A,3,9,P14_race_tsunami_A_9.csv,43,44,45,11:25:31.572,11:25:31.572,11:25:33.901,-222.600000,-109.200000,-1768.500000,-640.700000,-108.700000,-1512.100000,-642.600000,-107.300000,-1507.900000,-1.900000,1.400000,4.200000,490.457511,490.457766,494.279637,494.283289,4.609772,4.817676,400-500,351-500
SITE2_P14,P14,SITE2,tsunami,B,3,10,P14_race_tsunami_B_10.csv,11,12,13,11:26:09.595,11:26:09.596,11:26:11.204,-1823.400000,-154.500000,2257.600000,-2183.500000,-156.800000,1969.600000,-2177.100000,-155.200000,1974.400000,6.400000,1.600000,4.800000,461.103036,461.108772,453.106974,453.107515,8.000000,8.158431,400-500,351-500
SITE2_P14,P14,SITE2,tsunami,B,3,10,P14_race_tsunami_B_10.csv,16,17,18,11:26:20.503,11:26:20.503,11:26:22.378,-2177.000000,-155.200000,1974.500000,-2489.500000,-157.100000,2081.700000,-2487.000000,-155.600000,2083.600000,2.500000,1.500000,1.900000,330.375680,330.381144,328.637810,328.638053,3.140064,3.479943,300-400,200-350
SITE2_P14,P14,SITE2,tsunami,C,3,11,P14_race_tsunami_C_11.csv,25,26,27,11:28:03.789,11:28:03.789,11:28:05.219,-1944.200000,-142.300000,-368.200000,-2025.000000,-148.600000,-798.000000,-2022.700000,-147.200000,-795.000000,2.300000,1.400000,3.000000,437.329029,437.374405,433.959088,433.986751,3.780212,4.031129,400-500,351-500
SITE2_P15,P15,SITE2,map,A,1,2,P15_race_map_A_2.csv,11,12,13,13:17:07.931,13:17:07.931,13:17:10.226,1033.400000,-123.800000,-1927.400000,660.800000,-122.800000,-2101.300000,661.300000,-121.100000,-2103.000000,0.500000,1.700000,-1.700000,411.183621,411.184837,411.453242,411.462100,1.772005,2.455606,400-500,351-500
SITE2_P15,P15,SITE2,map,A,1,2,P15_race_map_A_2.csv,22,23,24,13:17:26.884,13:17:26.885,13:17:28.697,195.500000,-119.000000,-2074.300000,207.800000,-130.500000,-1742.200000,207.100000,-128.800000,-1743.300000,-0.700000,1.700000,-1.100000,332.327700,332.526615,331.203200,331.348155,1.303840,2.142429,300-400,200-350
SITE2_P15,P15,SITE2,map,A,1,2,P15_race_map_A_2.csv,33,34,35,13:17:44.290,13:17:44.290,13:17:46.285,-225.000000,-109.000000,-1765.700000,-640.700000,-108.700000,-1512.100000,-639.000000,-107.000000,-1513.300000,1.700000,1.700000,-1.200000,486.949125,486.949217,484.872932,484.877057,2.080865,2.687006,400-500,351-500
SITE2_P15,P15,SITE2,map,B,1,3,P15_race_map_B_3.csv,4,5,6,13:18:12.599,13:18:12.599,13:18:15.107,-1587.500000,-148.200000,1834.200000,-1824.000000,-155.900000,2254.000000,-1822.600000,-154.300000,2253.100000,1.400000,1.600000,-0.900000,481.834297,481.895819,480.363633,480.402363,1.664332,2.308679,400-500,351-500
SITE2_P15,P15,SITE2,map,B,1,3,P15_race_map_B_3.csv,8,9,10,13:18:20.113,13:18:20.113,13:18:22.218,-1822.600000,-154.300000,2253.100000,-2183.500000,-156.800000,1969.600000,-2179.800000,-155.100000,1968.500000,3.700000,1.700000,-1.100000,458.934701,458.941510,456.715448,456.716148,3.860052,4.217819,400-500,351-500
SITE2_P15,P15,SITE2,map,B,1,3,P15_race_map_B_3.csv,12,13,14,13:18:26.081,13:18:26.081,13:18:28.210,-2179.800000,-155.100000,1968.500000,-2489.500000,-157.100000,2081.700000,-2487.700000,-155.400000,2081.400000,1.800000,1.700000,-0.300000,329.739791,329.745857,327.946368,327.946505,1.824829,2.493993,300-400,200-350
SITE2_P15,P15,SITE2,map,B,1,3,P15_race_map_B_3.csv,16,17,18,13:18:31.452,13:18:31.452,13:18:34.068,-2487.700000,-155.400000,2081.300000,-2630.000000,-156.100000,2448.000000,-2629.500000,-154.500000,2447.100000,0.500000,1.600000,-0.900000,393.342319,393.342942,392.322418,392.323451,1.029563,1.902630,300-400,351-500
SITE2_P15,P15,SITE2,map,B,1,3,P15_race_map_B_3.csv,28,29,30,13:18:55.862,13:18:55.863,13:18:58.140,-2981.300000,-154.500000,2307.900000,-2999.000000,-156.000000,1931.000000,-2999.100000,-154.300000,1929.000000,-0.100000,1.700000,-2.000000,377.315385,377.318367,379.317875,379.317927,2.002498,2.626785,300-400,351-500
SITE2_P15,P15,SITE2,map,C,1,1,P15_race_map_C_1.csv,11,12,13,13:15:51.379,13:15:51.379,13:15:54.193,-2302.400000,-146.100000,61.200000,-2303.900000,-147.000000,-387.200000,-2304.100000,-145.400000,-389.100000,-0.200000,1.600000,-1.900000,448.402509,448.403412,450.303209,450.303753,1.910497,2.491987,400-500,351-500
SITE2_P15,P15,SITE2,map,C,1,1,P15_race_map_C_1.csv,22,23,24,13:16:09.509,13:16:09.509,13:16:16.141,-1945.800000,-142.100000,-366.400000,-2025.000000,-148.600000,-798.000000,-2026.000000,-146.800000,-802.500000,-1.000000,1.800000,-4.500000,438.806563,438.854703,443.413182,443.438090,4.609772,4.948737,400-500,351-500
SITE2_P15,P15,SITE2,map,C,1,1,P15_race_map_C_1.csv,26,27,28,13:16:21.866,13:16:21.866,13:16:26.146,-2026.000000,-146.900000,-802.500000,-1819.400000,-140.800000,-1190.000000,-1819.200000,-139.100000,-1187.700000,0.200000,1.700000,2.300000,439.135298,439.177663,437.201647,437.271220,2.308679,2.867054,400-500,351-500
SITE2_P15,P15,SITE2,map,C,1,1,P15_race_map_C_1.csv,30,31,32,13:16:34.939,13:16:34.939,13:16:37.232,-1819.200000,-139.100000,-1187.700000,-1375.200000,-127.000000,-1014.300000,-1377.600000,-125.400000,-1016.100000,-2.400000,1.600000,-1.800000,476.658746,476.812301,473.769058,473.967098,3.000000,3.400000,400-500,351-500
SITE2_P15,P15,SITE2,tsunami,A,3,11,P15_race_tsunami_A_11.csv,4,5,6,13:34:54.780,13:34:54.781,13:34:56.257,1364.400000,-136.900000,-2182.300000,1036.100000,-125.400000,-1926.600000,1031.800000,-123.700000,-1923.200000,-4.300000,1.700000,3.400000,416.129042,416.287917,421.610685,421.817271,5.481788,5.739338,400-500,351-500
SITE2_P15,P15,SITE2,tsunami,A,3,11,P15_race_tsunami_A_11.csv,23,24,25,13:35:23.123,13:35:23.123,13:35:24.378,194.400000,-118.600000,-2077.000000,207.800000,-130.500000,-1742.200000,208.600000,-128.900000,-1741.900000,0.800000,1.600000,0.300000,335.068053,335.279301,335.400730,335.558847,0.854400,1.813836,300-400,200-350
SITE2_P15,P15,SITE2,tsunami,A,3,11,P15_race_tsunami_A_11.csv,27,28,29,13:35:28.193,13:35:28.194,13:35:29.576,208.600000,-128.900000,-1741.900000,-221.000000,-110.700000,-1770.000000,-221.900000,-109.000000,-1768.500000,-0.900000,1.700000,1.500000,430.518025,430.902553,431.321006,431.779828,1.749286,2.439262,400-500,351-500
SITE2_P15,P15,SITE2,tsunami,A,3,11,P15_race_tsunami_A_11.csv,31,32,33,13:35:32.625,13:35:32.625,13:35:34.003,-221.900000,-109.000000,-1768.500000,-640.700000,-108.700000,-1512.100000,-640.300000,-107.000000,-1509.300000,0.400000,1.700000,2.800000,491.054376,491.054467,492.182080,492.186144,2.828427,3.300000,400-500,351-500
SITE2_P15,P15,SITE2,tsunami,B,3,9,P15_race_tsunami_B_9.csv,39,40,41,13:33:52.149,13:33:52.149,13:33:54.261,-2978.600000,-154.200000,2308.200000,-2999.000000,-156.000000,1931.000000,-2999.200000,-154.200000,1926.800000,-0.200000,1.800000,-4.200000,377.751241,377.755529,381.955914,381.955914,4.204759,4.573839,300-400,351-500
SITE2_P15,P15,SITE2,tsunami,C,3,10,P15_race_tsunami_C_10.csv,11,12,13,13:34:13.724,13:34:13.724,13:34:15.156,-2297.000000,-146.100000,59.000000,-2303.900000,-147.000000,-387.200000,-2304.500000,-145.400000,-390.800000,-0.600000,1.600000,-3.600000,446.253347,446.254255,449.862523,449.863068,3.649658,3.984972,400-500,351-500
SITE2_P15,P15,SITE2,tsunami,C,3,10,P15_race_tsunami_C_10.csv,22,23,24,13:34:25.919,13:34:25.919,13:34:27.385,-1940.500000,-141.800000,-365.400000,-2025.000000,-148.600000,-798.000000,-2029.100000,-147.000000,-795.700000,-4.100000,1.600000,2.300000,440.775464,440.827914,439.326815,439.357588,4.701064,4.965884,400-500,351-500
SITE2_P15,P15,SITE2,tsunami,C,3,10,P15_race_tsunami_C_10.csv,26,27,28,13:34:30.507,13:34:30.507,13:34:32.059,-2029.100000,-147.000000,-795.700000,-1819.400000,-140.800000,-1190.000000,-1818.400000,-139.200000,-1194.800000,1.000000,1.600000,-4.800000,446.594425,446.637459,451.304000,451.371399,4.903060,5.157519,400-500,351-500
SITE2_P16,P16,SITE2,map,A,2,7,P16_race_map_A_7.csv,4,5,6,14:50:05.842,14:50:05.842,14:50:08.916,1364.500000,-136.900000,-2182.300000,1036.100000,-125.400000,-1926.600000,1037.800000,-123.900000,-1927.400000,1.700000,1.500000,-0.800000,416.207941,416.366785,414.375313,414.579184,1.878829,2.404163,400-500,351-500
SITE2_P16,P16,SITE2,map,A,2,7,P16_race_map_A_7.csv,8,9,10,14:50:12.649,14:50:12.649,14:50:13.956,1037.800000,-123.900000,-1927.500000,660.800000,-122.800000,-2101.300000,661.800000,-121.200000,-2101.400000,1.000000,1.600000,-0.100000,415.133039,415.134496,414.267076,414.275874,1.004988,1.889444,400-500,351-500
SITE2_P16,P16,SITE2,map,A,2,7,P16_race_map_A_7.csv,12,13,14,14:50:17.291,14:50:17.291,14:50:19.792,661.800000,-121.200000,-2101.400000,193.000000,-120.500000,-2075.600000,193.900000,-119.000000,-2074.500000,0.900000,1.500000,1.100000,469.509404,469.509925,468.672615,468.677778,1.421267,2.066398,400-500,351-500
SITE2_P16,P16,SITE2,map,A,2,7,P16_race_map_A_7.csv,16,17,18,14:50:22.393,14:50:22.393,14:50:25.578,193.900000,-119.000000,-2074.600000,207.800000,-130.500000,-1742.200000,209.500000,-129.000000,-1743.200000,1.700000,1.500000,-1.000000,332.690502,332.889201,331.766966,331.917640,1.972308,2.477902,300-400,200-350
SITE2_P16,P16,SITE2,map,A,2,7,P16_race_map_A_7.csv,20,21,22,14:50:28.988,14:50:28.988,14:50:30.317,209.700000,-128.900000,-1743.300000,-221.000000,-110.700000,-1770.000000,-220.500000,-109.300000,-1767.400000,0.500000,1.400000,2.600000,431.526801,431.910431,430.874518,431.320078,2.647640,2.994996,400-500,351-500
SITE2_P16,P16,SITE2,map,A,2,7,P16_race_map_A_7.csv,24,25,26,14:50:33.403,14:50:33.404,14:50:34.783,-220.500000,-109.200000,-1767.400000,-640.700000,-108.700000,-1512.100000,-637.400000,-107.100000,-1515.900000,3.300000,1.600000,-3.800000,491.676855,491.677109,486.885880,486.890409,5.032892,5.281098,400-500,351-500
SITE2_P16,P16,SITE2,map,B,2,5,P16_race_map_B_5.csv,4,5,6,14:48:27.745,14:48:27.745,14:48:29.814,-1587.500000,-148.100000,1834.200000,-1824.000000,-155.900000,2254.000000,-1821.300000,-154.400000,2251.700000,2.700000,1.500000,-2.300000,481.834297,481.897427,478.506729,478.548200,3.546830,3.850974,400-500,351-500
SITE2_P16,P16,SITE2,map,B,2,5,P16_race_map_B_5.csv,8,9,10,14:48:34.449,14:48:34.449,14:48:35.973,-1821.300000,-154.500000,2251.600000,-2183.500000,-156.800000,1969.600000,-2182.300000,-155.200000,1965.600000,1.200000,1.600000,-4.000000,459.034683,459.040445,460.561614,460.562146,4.176123,4.472136,400-500,351-500
SITE2_P16,P16,SITE2,map,B,2,5,P16_race_map_B_5.csv,12,13,14,14:48:39.221,14:48:39.221,14:48:47.252,-2182.300000,-155.200000,1965.600000,-2489.500000,-157.100000,2081.700000,-2487.100000,-155.500000,2080.400000,2.400000,1.600000,-1.300000,328.406836,328.412332,325.702441,325.702579,2.729469,3.163858,300-400,200-350
SITE2_P16,P16,SITE2,map,B,2,5,P16_race_map_B_5.csv,16,17,18,14:48:50.668,14:48:50.668,14:48:52.249,-2487.100000,-155.500000,2080.400000,-2630.000000,-156.100000,2448.000000,-2628.400000,-154.600000,2447.400000,1.600000,1.500000,-0.600000,394.398491,394.398948,393.261605,393.262635,1.708801,2.273763,300-400,351-500
SITE2_P16,P16,SITE2,map,B,2,5,P16_race_map_B_5.csv,20,21,22,14:48:55.733,14:48:55.733,14:48:59.051,-2628.400000,-154.600000,2447.300000,-2978.700000,-155.900000,2306.500000,-2977.800000,-154.300000,2307.900000,0.900000,1.600000,1.400000,377.537720,377.539958,376.181765,376.181884,1.664332,2.308679,300-400,351-500
SITE2_P16,P16,SITE2,map,B,2,5,P16_race_map_B_5.csv,24,25,26,14:49:04.122,14:49:04.122,14:49:05.742,-2977.800000,-154.400000,2307.700000,-2999.000000,-156.000000,1931.000000,-2994.700000,-154.600000,1934.600000,4.300000,1.400000,3.600000,377.296077,377.299470,373.482556,373.482610,5.608030,5.780138,300-400,351-500
SITE2_P16,P16,SITE2,map,C,2,6,P16_race_map_C_6.csv,4,5,6,14:49:23.361,14:49:23.361,14:49:25.030,-2003.200000,-141.800000,179.600000,-2299.700000,-147.700000,56.800000,-2298.500000,-146.300000,52.300000,1.200000,1.400000,-4.500000,320.923807,320.978037,321.570179,321.601664,4.657252,4.863127,300-400,200-350
SITE2_P16,P16,SITE2,map,C,2,6,P16_race_map_C_6.csv,8,9,10,14:49:28.745,14:49:28.745,14:49:30.277,-2298.600000,-146.300000,52.300000,-2303.900000,-147.000000,-387.200000,-2303.400000,-145.500000,-387.900000,0.500000,1.500000,-0.700000,439.531956,439.532513,440.226169,440.226896,0.860233,1.729162,400-500,351-500
SITE2_P16,P16,SITE2,map,C,2,6,P16_race_map_C_6.csv,12,13,14,14:49:34.122,14:49:34.122,14:49:37.459,-2303.500000,-145.500000,-387.900000,-1943.900000,-143.600000,-367.100000,-1945.900000,-142.200000,-368.700000,-2.000000,1.400000,-1.600000,360.201055,360.206066,358.115065,358.130270,2.561250,2.918904,300-400,351-500
SITE2_P16,P16,SITE2,map,C,2,6,P16_race_map_C_6.csv,16,17,18,14:49:41.407,14:49:41.407,14:49:42.823,-1945.900000,-142.300000,-368.800000,-2025.000000,-148.600000,-798.000000,-2029.000000,-147.000000,-801.700000,-4.000000,1.600000,-3.700000,436.428058,436.473527,440.803834,440.828890,5.448853,5.678908,400-500,351-500
SITE2_P16,P16,SITE2,map,C,2,6,P16_race_map_C_6.csv,20,21,22,14:49:46.574,14:49:46.574,14:49:48.014,-2029.000000,-147.100000,-801.700000,-1819.400000,-140.800000,-1190.000000,-1820.100000,-139.300000,-1188.900000,-0.700000,1.500000,1.100000,441.258484,441.303456,439.958009,440.027147,1.303840,1.987461,400-500,351-500
SITE2_P16,P16,SITE2,map,C,2,6,P16_race_map_C_6.csv,24,25,26,14:49:51.835,14:49:51.835,14:49:52.970,-1820.100000,-139.300000,-1188.800000,-1375.200000,-127.000000,-1014.300000,-1374.300000,-125.400000,-1017.700000,0.900000,1.600000,-3.400000,477.897751,478.056011,477.506911,477.709179,3.517101,3.863936,400-500,351-500
SITE2_P16,P16,SITE2,tsunami,A,1,1,P16_race_tsunami_A_1.csv,4,5,6,14:38:07.882,14:38:07.882,14:38:09.991,1364.700000,-136.900000,-2182.400000,1036.100000,-125.400000,-1926.600000,1039.000000,-123.900000,-1926.600000,2.900000,1.500000,0.000000,416.427185,416.585946,414.142645,414.346630,2.900000,3.264966,400-500,351-500
SITE2_P16,P16,SITE2,tsunami,A,1,1,P16_race_tsunami_A_1.csv,37,38,39,14:38:36.042,14:38:36.043,14:38:37.567,192.600000,-118.900000,-2074.100000,207.800000,-130.500000,-1742.200000,207.200000,-129.000000,-1742.300000,-0.600000,1.500000,-0.100000,332.247874,332.450312,332.121062,332.274600,0.608276,1.618641,300-400,200-350
SITE2_P16,P16,SITE2,tsunami,C,1,3,P16_race_tsunami_C_3.csv,11,12,13,14:40:31.952,14:40:31.952,14:40:33.601,-2300.000000,-146.100000,57.500000,-2303.900000,-147.000000,-387.200000,-2298.900000,-145.400000,-382.100000,5.000000,1.600000,5.100000,444.717101,444.718012,439.601376,439.601934,7.142129,7.319153,400-500,351-500
SITE2_P17,P17,SITE2,map,A,2,6,P17_race_map_A_6.csv,4,5,6,09:37:31.384,09:37:31.384,09:37:33.674,1364.400000,-137.000000,-2182.300000,1036.100000,-125.400000,-1926.600000,1035.800000,-123.900000,-1929.500000,-0.300000,1.500000,-2.900000,416.129042,416.290692,414.591124,414.798035,2.915476,3.278719,400-500,351-500
SITE2_P17,P17,SITE2,map,A,2,6,P17_race_map_A_6.csv,8,9,10,09:37:39.857,09:37:39.857,09:37:42.119,1035.900000,-124.000000,-1929.700000,660.800000,-122.800000,-2101.300000,663.300000,-121.300000,-2101.200000,2.500000,1.500000,0.100000,412.488266,412.490012,410.174365,410.183252,2.501999,2.917190,400-500,351-500
SITE2_P17,P17,SITE2,map,A,2,6,P17_race_map_A_6.csv,12,13,14,09:37:50.172,09:37:50.172,09:37:52.131,573.000000,-122.100000,-2118.000000,193.000000,-120.500000,-2075.600000,196.900000,-119.000000,-2078.000000,3.900000,1.500000,-2.400000,382.358157,382.361504,378.221113,378.233817,4.579301,4.818714,300-400,351-500
SITE2_P17,P17,SITE2,map,A,2,6,P17_race_map_A_6.csv,16,17,18,09:37:59.492,09:37:59.492,09:38:01.198,196.900000,-119.000000,-2077.800000,207.800000,-130.500000,-1742.200000,205.500000,-129.000000,-1743.800000,-2.300000,1.500000,-1.600000,335.776965,335.973838,334.110700,334.260318,2.801785,3.178050,300-400,200-350
SITE2_P17,P17,SITE2,map,A,2,6,P17_race_map_A_6.csv,20,21,22,09:38:08.028,09:38:08.029,09:38:09.716,205.400000,-129.000000,-1744.000000,-221.000000,-110.700000,-1770.000000,-222.200000,-109.200000,-1771.700000,-1.200000,1.500000,-1.700000,427.191947,427.583734,428.496266,428.953482,2.080865,2.565151,400-500,351-500
SITE2_P17,P17,SITE2,map,A,2,6,P17_race_map_A_6.csv,24,25,26,09:38:15.442,09:38:15.442,09:38:25.706,-222.100000,-109.200000,-1771.600000,-640.700000,-108.700000,-1512.100000,-641.400000,-107.200000,-1512.400000,-0.700000,1.500000,-0.300000,492.510112,492.510365,492.947391,492.951448,0.761577,1.682260,400-500,351-500
SITE2_P17,P17,SITE2,map,B,2,7,P17_race_map_B_7.csv,4,5,6,09:38:50.694,09:38:50.694,09:38:53.273,-1587.500000,-148.200000,1834.200000,-1824.000000,-155.900000,2254.000000,-1826.400000,-154.300000,2252.100000,-2.400000,1.600000,-1.900000,481.834297,481.895819,481.366409,481.405058,3.061046,3.453983,400-500,351-500
SITE2_P17,P17,SITE2,map,B,2,7,P17_race_map_B_7.csv,8,9,10,09:39:00.677,09:39:00.677,09:39:02.871,-1826.400000,-154.400000,2252.100000,-2183.500000,-156.800000,1969.600000,-2184.200000,-155.200000,1969.000000,-0.700000,1.600000,-0.600000,455.331374,455.337699,456.252616,456.253318,0.921954,1.846619,400-500,351-500
SITE2_P17,P17,SITE2,map,B,2,7,P17_race_map_B_7.csv,12,13,14,09:39:06.729,09:39:06.729,09:39:09.568,-2184.300000,-155.300000,1969.000000,-2489.500000,-157.100000,2081.700000,-2488.800000,-155.500000,2083.200000,0.700000,1.600000,1.500000,325.343403,325.348383,325.210532,325.210593,1.655295,2.302173,300-400,200-350
SITE2_P17,P17,SITE2,map,B,2,7,P17_race_map_B_7.csv,16,17,18,09:39:14.403,09:39:14.404,09:39:16.647,-2488.800000,-155.600000,2083.200000,-2630.000000,-156.100000,2448.000000,-2630.100000,-154.600000,2448.100000,-0.100000,1.500000,0.100000,391.173210,391.173529,391.302568,391.303846,0.141421,1.506652,300-400,351-500
SITE2_P17,P17,SITE2,map,B,2,7,P17_race_map_B_7.csv,20,21,22,09:39:21.868,09:39:21.868,09:39:27.250,-2630.200000,-154.700000,2448.000000,-2978.700000,-155.900000,2306.500000,-2980.200000,-154.400000,2307.800000,-1.500000,1.500000,1.300000,376.130961,376.132875,377.035860,377.035980,1.984943,2.487971,300-400,351-500
SITE2_P17,P17,SITE2,map,B,2,7,P17_race_map_B_7.csv,24,25,26,09:39:32.525,09:39:32.525,09:39:36.770,-2980.200000,-154.500000,2307.800000,-2999.000000,-156.000000,1931.000000,-3001.800000,-154.300000,1931.500000,-2.800000,1.700000,0.500000,377.268711,377.271693,376.919421,376.919474,2.844293,3.313608,300-400,351-500
SITE2_P17,P17,SITE2,map,C,2,5,P17_race_map_C_5.csv,4,5,6,09:35:57.985,09:35:57.985,09:36:02.081,-2003.300000,-141.900000,179.500000,-2299.700000,-147.700000,56.800000,-2295.600000,-146.400000,59.400000,4.100000,1.300000,2.600000,320.793158,320.845586,316.011550,316.043589,4.854894,5.025933,300-400,200-350
SITE2_P17,P17,SITE2,map,C,2,5,P17_race_map_C_5.csv,8,9,10,09:36:11.604,09:36:11.604,09:36:16.218,-2295.600000,-146.500000,59.300000,-2303.900000,-147.000000,-387.200000,-2304.300000,-145.500000,-382.900000,-0.400000,1.500000,4.300000,446.577138,446.577418,442.285575,442.286706,4.318565,4.571652,400-500,351-500
SITE2_P17,P17,SITE2,map,C,2,5,P17_race_map_C_5.csv,12,13,14,09:36:27.701,09:36:27.701,09:36:32.534,-2304.200000,-145.500000,-383.000000,-1943.900000,-143.600000,-367.100000,-1947.600000,-142.400000,-370.600000,-3.700000,1.200000,-3.500000,360.650662,360.655667,356.815527,356.828993,5.093133,5.232590,300-400,351-500
SITE2_P17,P17,SITE2,map,C,2,5,P17_race_map_C_5.csv,16,17,18,09:36:39.258,09:36:39.258,09:36:44.757,-1947.700000,-142.400000,-370.600000,-2025.000000,-148.600000,-798.000000,-2023.600000,-147.100000,-798.300000,1.400000,1.500000,-0.300000,434.334030,434.378280,434.382435,434.407861,1.431782,2.073644,400-500,351-500
SITE2_P17,P17,SITE2,map,C,2,5,P17_race_map_C_5.csv,20,21,22,09:36:51.714,09:36:51.714,09:36:54.250,-2023.400000,-147.100000,-798.300000,-1819.400000,-140.800000,-1190.000000,-1821.200000,-139.300000,-1190.000000,-1.800000,1.500000,0.000000,441.638868,441.683801,440.810311,440.879315,1.800000,2.343075,400-500,351-500
SITE2_P17,P17,SITE2,map,C,2,5,P17_race_map_C_5.csv,24,25,26,09:37:02.946,09:37:02.947,09:37:05.098,-1821.300000,-139.400000,-1190.100000,-1375.200000,-127.000000,-1014.300000,-1373.900000,-125.500000,-1016.000000,1.300000,1.500000,-1.700000,479.490198,479.650508,480.080795,480.281980,2.140093,2.613427,400-500,351-500
SITE2_P17,P17,SITE2,tsunami,A,1,3,P17_race_tsunami_A_3.csv,25,26,27,09:24:27.874,09:24:27.874,09:24:30.173,195.900000,-119.100000,-2074.300000,207.800000,-130.500000,-1742.200000,211.400000,-129.000000,-1740.200000,3.600000,1.500000,2.000000,332.313135,332.508616,334.459355,334.605843,4.118252,4.382921,300-400,200-350
SITE2_P17,P17,SITE2,tsunami,A,1,3,P17_race_tsunami_A_3.csv,36,37,38,09:24:46.994,09:24:46.994,09:24:50.741,-217.300000,-109.300000,-1770.300000,-640.700000,-108.700000,-1512.100000,-638.100000,-107.200000,-1512.200000,2.600000,1.500000,-0.100000,495.918138,495.918501,493.647901,493.652368,2.601922,3.003331,400-500,351-500
SITE2_P17,P17,SITE2,tsunami,B,1,1,P17_race_tsunami_B_1.csv,18,19,20,09:21:29.982,09:21:29.982,09:21:34.496,-2181.400000,-155.200000,1971.200000,-2489.500000,-157.100000,2081.700000,-2490.500000,-155.600000,2082.000000,-1.000000,1.500000,0.300000,327.316147,327.321661,328.358722,328.358965,1.044031,1.827567,300-400,200-350
SITE2_P17,P17,SITE2,tsunami,B,1,1,P17_race_tsunami_B_1.csv,22,23,24,09:21:39.563,09:21:39.563,09:21:42.015,-2490.500000,-155.500000,2082.100000,-2630.000000,-156.100000,2448.000000,-2626.400000,-154.600000,2448.400000,3.600000,1.500000,0.400000,391.590424,391.590883,390.697453,390.698490,3.622154,3.920459,300-400,351-500
SITE2_P17,P17,SITE2,tsunami,C,1,2,P17_race_tsunami_C_2.csv,18,19,20,09:22:58.283,09:22:58.283,09:23:01.905,-2303.900000,-145.500000,-389.500000,-1943.900000,-143.600000,-367.100000,-1946.400000,-142.200000,-364.900000,-2.500000,1.400000,2.200000,360.696216,360.701220,358.345378,358.360573,3.330165,3.612478,300-400,351-500
SITE2_P17,P17,SITE2,tsunami,C,1,2,P17_race_tsunami_C_2.csv,32,33,34,09:23:19.378,09:23:19.378,09:23:21.473,-1952.500000,-142.200000,-945.500000,-1819.400000,-140.800000,-1190.000000,-1817.800000,-139.300000,-1193.700000,1.600000,1.500000,-3.700000,278.380782,278.384303,282.395698,282.410588,4.031129,4.301163,200-300,200-350
SITE2_P18,P18,SITE2,map,A,2,5,P18_race_map_A_5.csv,4,5,6,13:27:00.118,13:27:00.118,13:27:02.624,1364.500000,-136.900000,-2182.400000,1036.100000,-125.400000,-1926.600000,1036.700000,-123.900000,-1927.300000,0.600000,1.500000,-0.700000,416.269384,416.428205,415.365923,415.569308,0.921954,1.760682,400-500,351-500
SITE2_P18,P18,SITE2,map,A,2,5,P18_race_map_A_5.csv,15,16,17,13:27:25.185,13:27:25.185,13:27:27.000,658.400000,-121.200000,-2099.900000,193.000000,-120.500000,-2075.600000,195.600000,-119.000000,-2075.900000,2.600000,1.500000,-0.300000,466.033958,466.034484,463.421881,463.427103,2.617250,3.016621,400-500,351-500
SITE2_P18,P18,SITE2,map,A,2,5,P18_race_map_A_5.csv,24,25,26,13:27:44.900,13:27:44.900,13:27:51.704,208.700000,-129.000000,-1744.800000,-221.000000,-110.700000,-1770.000000,-218.300000,-109.300000,-1768.800000,2.700000,1.400000,1.200000,430.438300,430.827135,427.673941,428.127423,2.954657,3.269557,400-500,351-500
SITE2_P18,P18,SITE2,map,A,2,5,P18_race_map_A_5.csv,28,29,30,13:27:57.045,13:27:57.045,13:28:02.546,-218.300000,-109.300000,-1768.700000,-640.700000,-108.700000,-1512.100000,-637.700000,-107.200000,-1512.500000,3.000000,1.500000,-0.400000,494.232051,494.232415,491.461901,491.466387,3.026549,3.377869,400-500,351-500
SITE2_P18,P18,SITE2,map,B,2,6,P18_race_map_B_6.csv,4,5,6,13:28:20.074,13:28:20.074,13:28:22.974,-1596.300000,-148.500000,1854.300000,-1824.000000,-155.900000,2254.000000,-1821.300000,-154.500000,2252.800000,2.700000,1.400000,-1.200000,460.008022,460.067539,457.632221,457.671553,2.954657,3.269557,400-500,351-500
SITE2_P18,P18,SITE2,map,B,2,6,P18_race_map_B_6.csv,8,9,10,13:28:28.961,13:28:28.961,13:28:30.516,-1821.300000,-154.500000,2252.700000,-2183.500000,-156.800000,1969.600000,-2180.600000,-155.200000,1970.800000,2.900000,1.600000,1.200000,459.711268,459.717022,456.688187,456.688723,3.138471,3.522783,400-500,351-500
SITE2_P18,P18,SITE2,map,B,2,6,P18_race_map_B_6.csv,12,13,14,13:28:35.034,13:28:35.034,13:28:36.784,-2180.700000,-155.200000,1970.900000,-2489.500000,-157.100000,2081.700000,-2488.400000,-155.500000,2082.000000,1.100000,1.600000,0.300000,328.076333,328.081834,327.142935,327.143073,1.140175,1.964688,300-400,200-350
SITE2_P18,P18,SITE2,map,B,2,6,P18_race_map_B_6.csv,16,17,18,13:28:41.015,13:28:41.015,13:28:43.348,-2488.400000,-155.600000,2082.000000,-2630.000000,-156.100000,2448.000000,-2630.800000,-154.600000,2451.000000,-0.800000,1.500000,3.000000,392.436696,392.437014,395.523400,395.524664,3.104835,3.448188,300-400,351-500
SITE2_P18,P18,SITE2,map,B,2,6,P18_race_map_B_6.csv,20,21,22,13:28:49.808,13:28:49.809,13:28:54.404,-2630.800000,-154.600000,2451.000000,-2978.700000,-155.900000,2306.500000,-2979.600000,-154.400000,2307.000000,-0.900000,1.500000,0.500000,376.715622,376.717865,377.355853,377.355906,1.029563,1.819341,300-400,351-500
SITE2_P18,P18,SITE2,map,B,2,6,P18_race_map_B_6.csv,24,25,26,13:29:00.278,13:29:00.279,13:29:02.343,-2979.600000,-154.500000,2306.800000,-2999.000000,-156.000000,1931.000000,-2998.200000,-154.500000,1933.500000,0.800000,1.500000,2.500000,376.300412,376.303402,373.763093,373.763093,2.624881,3.023243,300-400,351-500
SITE2_P18,P18,SITE2,map,C,2,7,P18_race_map_C_7.csv,4,5,6,13:29:23.837,13:29:23.837,13:29:26.130,-2003.400000,-141.900000,179.600000,-2299.700000,-147.700000,56.800000,-2301.600000,-146.100000,56.000000,-1.900000,1.600000,-0.800000,320.739037,320.791474,322.800558,322.827880,2.061553,2.609598,300-400,200-350
SITE2_P18,P18,SITE2,map,C,2,7,P18_race_map_C_7.csv,8,9,10,13:29:32.298,13:29:32.298,13:29:35.551,-2301.500000,-146.100000,55.900000,-2303.900000,-147.000000,-387.200000,-2306.400000,-145.400000,-387.600000,-2.500000,1.600000,-0.400000,443.106500,443.107414,443.527068,443.527620,2.531798,2.994996,400-500,351-500
SITE2_P18,P18,SITE2,map,C,2,7,P18_race_map_C_7.csv,12,13,14,13:29:41.520,13:29:41.520,13:29:43.719,-2306.500000,-145.500000,-387.700000,-1943.900000,-143.600000,-367.100000,-1947.700000,-142.400000,-371.000000,-3.800000,1.200000,-3.900000,363.184691,363.189661,359.188432,359.201810,5.445181,5.575841,300-400,351-500
SITE2_P18,P18,SITE2,map,C,2,7,P18_race_map_C_7.csv,16,17,18,13:29:48.937,13:29:48.937,13:29:50.673,-1947.700000,-142.400000,-371.000000,-2025.000000,-148.600000,-798.000000,-2024.400000,-147.000000,-796.400000,0.600000,1.600000,1.600000,433.940422,433.984712,432.259239,432.283715,1.708801,2.340940,400-500,351-500
SITE2_P18,P18,SITE2,map,C,2,7,P18_race_map_C_7.csv,20,21,22,13:29:55.233,13:29:55.233,13:29:57.396,-2024.500000,-147.100000,-796.400000,-1819.400000,-140.800000,-1190.000000,-1818.300000,-139.100000,-1189.400000,1.100000,1.700000,0.600000,443.832142,443.876852,443.810140,443.882237,1.252996,2.111871,400-500,351-500
SITE2_P18,P18,SITE2,map,C,2,7,P18_race_map_C_7.csv,24,25,26,13:30:03.181,13:30:03.181,13:30:04.994,-1818.200000,-139.200000,-1189.500000,-1375.200000,-127.000000,-1014.300000,-1374.000000,-125.400000,-1012.500000,1.200000,1.600000,1.800000,476.386440,476.542632,478.165913,478.365007,2.163331,2.690725,400-500,351-500
SITE2_P18,P18,SITE2,tsunami,A,1,2,P18_race_tsunami_A_2.csv,29,30,31,13:16:14.128,13:16:14.128,13:16:16.715,190.700000,-118.800000,-2074.400000,207.800000,-130.500000,-1742.200000,207.700000,-129.000000,-1739.300000,-0.100000,1.500000,2.900000,332.639820,332.845520,335.530937,335.685940,2.901724,3.266497,300-400,200-350
SITE2_P18,P18,SITE2,tsunami,A,1,2,P18_race_tsunami_A_2.csv,33,34,35,13:16:21.579,13:16:21.579,13:16:22.784,207.700000,-129.000000,-1739.300000,-221.000000,-110.700000,-1770.000000,-227.300000,-109.000000,-1767.700000,-6.300000,1.700000,2.300000,429.797836,430.187250,435.926095,436.384647,6.706713,6.918815,400-500,351-500
SITE2_P18,P18,SITE2,tsunami,B,1,3,P18_race_tsunami_B_3.csv,4,5,6,13:16:56.131,13:16:56.131,13:16:57.744,-1587.500000,-148.100000,1834.300000,-1824.000000,-155.900000,2254.000000,-1824.500000,-154.300000,2254.000000,-0.500000,1.600000,0.000000,481.747174,481.810315,481.992832,482.032706,0.500000,1.676305,400-500,351-500
SITE2_P18,P18,SITE2,tsunami,B,1,3,P18_race_tsunami_B_3.csv,8,9,10,13:17:00.990,13:17:00.991,13:17:02.214,-1824.600000,-154.300000,2253.900000,-2183.500000,-156.800000,1969.600000,-2187.300000,-155.200000,1967.400000,-3.800000,1.600000,-2.200000,457.859913,457.866738,462.205084,462.205961,4.390900,4.673329,400-500,351-500
SITE2_P18,P18,SITE2,tsunami,B,1,3,P18_race_tsunami_B_3.csv,34,35,36,13:17:22.984,13:17:22.984,13:17:24.238,-2983.600000,-154.400000,2307.700000,-2999.000000,-156.000000,1931.000000,-3000.400000,-154.300000,1927.000000,-1.400000,1.700000,-4.000000,377.014655,377.018050,381.070505,381.070518,4.237924,4.566180,300-400,351-500
SITE2_P18,P18,SITE2,tsunami,C,1,1,P18_race_tsunami_C_1.csv,21,22,23,13:14:22.204,13:14:22.205,13:14:25.030,-2303.100000,-145.500000,-389.700000,-1943.900000,-143.600000,-367.100000,-1938.600000,-141.800000,-366.100000,5.300000,1.800000,1.000000,359.910267,359.915282,365.263206,365.281946,5.393515,5.685948,300-400,351-500
