ParticipantUID,ParticipantID,Location,Method,Route,MethodOrder,Run,CheckpointIndex,SourceFile,FirstAimSourceRow,FirstTeleportSourceRow,FirstAppearSourceRow,FinalAppearSourceRow,ProgressBannerSourceRow,FirstAimTimestamp,FirstTeleportTimestamp,FirstAppearTimestamp,FinalAppearTimestamp,ProgressBannerTimestamp,StartPos_x,StartPos_y,StartPos_z,TargetPos_x,TargetPos_y,TargetPos_z,FirstLandingPos_x,FirstLandingPos_y,FirstLandingPos_z,FinalLandingPos_x,FinalLandingPos_y,FinalLandingPos_z,InitialTargetDistance2D,InitialTargetDistance3D,FirstTeleportDistance2D,FirstTeleportDistance3D,FirstLandingError2D,FirstLandingError3D,FinalLandingError2D,FinalLandingError3D,DirectHit,CorrectionCount,TeleportCountToCheckpoint,AllCorrectionsUnder100m,ContainsCorrectionAtLeast100m,TotalCorrectionDistance2D,TotalCorrectionDistance3D,MaxCorrectionDistance2D,MaxCorrectionDistance3D,FirstCorrectionLatency,TotalEpisodeTime,BannerDelayTime,TeleportActionSequence,TeleportSourceRows,AppearSourceRows,CorrectionDistances2D,CorrectionDistances3D,DistanceBand100m,DistanceBandBalanced,EpisodeStatus
SITE1_P01,P01,SITE1,map,A,2,7,1,P01_race_map_A_7.csv,3,4,5,5,6,10:11:17.934,10:11:21.058,10:11:21.058,10:11:21.058,10:11:23.159,1364.400000,-136.900000,-2182.400000,1036.100000,-125.400000,-1926.600000,1033.800000,-123.700000,-1927.500000,1033.800000,-123.700000,-1927.500000,416.190497,416.349349,417.457028,417.662519,2.469818,2.998333,2.469818,2.998333,true,0,1,true,false,0.000000,0.000000,0.000000,0.000000,,3.124000,2.101000,teleport_map,4,5,,,400-500,351-500,direct_hit
SITE1_P01,P01,SITE1,map,A,2,7,2,P01_race_map_A_7.csv,7,8,9,9,10,10:11:23.786,10:11:28.669,10:11:28.669,10:11:28.669,10:11:30.342,1033.700000,-123.800000,-1927.500000,660.800000,-122.800000,-2101.300000,658.000000,-121.100000,-2102.300000,658.000000,-121.100000,-2102.300000,411.413235,411.414450,414.373660,414.382456,2.973214,3.424909,2.973214,3.424909,true,0,1,true,false,0.000000,0.000000,0.000000,0.000000,,4.883000,1.673000,teleport_map,8,9,,,400-500,351-500,direct_hit
SITE1_P01,P01,SITE1,map,A,2,7,3,P01_race_map_A_7.csv,11,12,13,13,14,10:11:31.423,10:11:34.736,10:11:34.736,10:11:34.736,10:11:39.444,658.000000,-121.100000,-2102.300000,193.000000,-120.500000,-2075.600000,193.200000,-118.700000,-2076.200000,193.200000,-118.700000,-2076.200000,465.765918,465.766304,464.892525,464.899796,0.632456,1.907878,0.632456,1.907878,true,0,1,true,false,0.000000,0.000000,0.000000,0.000000,,3.313000,4.708000,teleport_map,12,13,,,400-500,351-500,direct_hit
SITE1_P01,P01,SITE1,map,A,2,7,4,P01_race_map_A_7.csv,15,16,17,17,18,10:11:40.874,10:11:47.670,10:11:47.670,10:11:47.670,10:11:49.507,193.200000,-118.800000,-2076.100000,207.800000,-130.500000,-1742.200000,206.200000,-128.800000,-1742.300000,206.200000,-128.800000,-1742.300000,334.219045,334.423773,334.053050,334.205700,1.603122,2.336664,1.603122,2.336664,true,0,1,true,false,0.000000,0.000000,0.000000,0.000000,,6.796000,1.837000,teleport_map,16,17,,,300-400,200-350,direct_hit
SITE1_P01,P01,SITE1,map,A,2,7,5,P01_race_map_A_7.csv,19,20,21,21,22,10:11:50.886,10:11:56.658,10:11:56.658,10:11:56.658,10:11:57.965,206.100000,-128.900000,-1742.300000,-221.000000,-110.700000,-1770.000000,-223.400000,-109.000000,-1769.600000,-223.400000,-109.000000,-1769.600000,427.997313,428.384103,430.266952,430.722289,2.433105,2.968164,2.433105,2.968164,true,0,1,true,false,0.000000,0.000000,0.000000,0.000000,,5.772000,1.307000,teleport_map,20,21,,,400-500,351-500,direct_hit
SITE1_P01,P01,SITE1,map,A,2,7,6,P01_race_map_A_7.csv,23,24,25,25,26,10:11:59.286,10:12:01.383,10:12:01.383,10:12:01.383,10:12:03.405,-223.300000,-109.100000,-1769.500000,-640.700000,-108.700000,-1512.100000,-640.500000,-107.000000,-1515.100000,-640.500000,-107.000000,-1515.100000,490.385073,490.385236,488.646293,488.650806,3.006659,3.453983,3.006659,3.453983,true,0,1,true,false,0.000000,0.000000,0.000000,0.000000,,2.097000,2.022000,teleport_map,24,25,,,400-500,351-500,direct_hit
SITE1_P01,P01,SITE1,map,B,2,5,1,P01_race_map_B_5.csv,3,4,5,5,6,10:09:11.445,10:09:14.236,10:09:14.236,10:09:14.236,10:09:18.779,-1587.600000,-148.200000,1834.300000,-1824.000000,-155.900000,2254.000000,-1823.400000,-154.200000,2251.600000,-1823.400000,-154.200000,2251.600000,481.698090,481.759629,476.120457,476.158262,2.473863,3.001666,2.473863,3.001666,true,0,1,true,false,0.000000,0.000000,0.000000,0.000000,,2.791000,4.543000,teleport_map,4,5,,,400-500,351-500,direct_hit
SITE1_P01,P01,SITE1,map,B,2,5,2,P01_race_map_B_5.csv,7,8,9,9,10,10:09:20.157,10:09:25.840,10:09:25.840,10:09:25.840,10:09:29.040,-1823.600000,-154.200000,2251.400000,-2183.500000,-156.800000,1969.600000,-2183.900000,-155.000000,1970.500000,-2183.900000,-155.000000,1970.500000,457.098731,457.106126,456.859825,456.860712,0.984886,2.051828,0.984886,2.051828,true,0,1,true,false,0.000000,0.000000,0.000000,0.000000,,5.683000,3.200000,teleport_map,8,9,,,400-500,351-500,direct_hit
SITE1_P01,P01,SITE1,map,B,2,5,3,P01_race_map_B_5.csv,11,12,13,13,14,10:09:30.441,10:09:34.008,10:09:34.008,10:09:34.008,10:09:35.357,-2183.900000,-155.100000,1970.600000,-2489.500000,-157.100000,2081.700000,-2491.700000,-155.300000,2084.500000,-2491.700000,-155.300000,2084.500000,325.168526,325.174676,328.198187,328.198248,3.560899,3.989987,3.560899,3.989987,true,0,1,true,false,0.000000,0.000000,0.000000,0.000000,,3.567000,1.349000,teleport_map,12,13,,,300-400,200-350,direct_hit
SITE1_P01,P01,SITE1,map,B,2,5,4,P01_race_map_B_5.csv,15,16,17,17,18,10:09:36.441,10:09:40.085,10:09:40.085,10:09:40.085,10:09:42.179,-2491.600000,-155.300000,2084.600000,-2630.000000,-156.100000,2448.000000,-2628.100000,-154.400000,2448.700000,-2628.100000,-154.400000,2448.700000,388.862598,388.863421,388.904358,388.905400,2.024846,2.643861,2.024846,2.643861,true,0,1,true,false,0.000000,0.000000,0.000000,0.000000,,3.644000,2.094000,teleport_map,16,17,,,300-400,351-500,direct_hit
SITE1_P01,P01,SITE1,map,B,2,5,5,P01_race_map_B_5.csv,19,20,21,21,22,10:09:43.828,10:09:47.223,10:09:47.223,10:09:47.223,10:09:48.619,-2628.100000,-154.400000,2448.700000,-2978.700000,-155.900000,2306.500000,-2980.600000,-154.200000,2302.600000,-2980.600000,-154.200000,2302.600000,378.340059,378.343032,381.577594,381.577646,4.338202,4.659399,4.338202,4.659399,true,0,1,true,false,0.000000,0.000000,0.000000,0.000000,,3.395000,1.396000,teleport_map,20,21,,,300-400,351-500,direct_hit
SITE1_P01,P01,SITE1,map,B,2,5,6,P01_race_map_B_5.csv,23,24,25,25,26,10:09:50.423,10:09:54.803,10:09:54.803,10:09:54.803,10:09:57.078,-2980.700000,-154.200000,2302.400000,-2999.000000,-156.000000,1931.000000,-3002.500000,-154.200000,1929.200000,-3002.500000,-154.200000,1929.200000,371.850575,371.854931,373.836167,373.836167,3.935734,4.327817,3.935734,4.327817,true,0,1,true,false,0.000000,0.000000,0.000000,0.000000,,4.380000,2.275000,teleport_map,24,25,,,300-400,351-500,direct_hit
SITE1_P01,P01,SITE1,map,C,2,6,1,P01_race_map_C_6.csv,3,4,5,5,6,10:10:15.957,10:10:18.783,10:10:18.783,10:10:18.783,10:10:20.292,-2003.500000,-141.900000,179.400000,-2299.700000,-147.700000,56.800000,-2296.800000,-146.300000,52.500000,-2296.800000,-146.300000,52.500000,320.570117,320.622582,319.667280,319.697560,5.186521,5.372150,5.186521,5.372150,true,0,1,true,false,0.000000,0.000000,0.000000,0.000000,,2.826000,1.509000,teleport_map,4,5,,,300-400,200-350,direct_hit
SITE1_P01,P01,SITE1,map,C,2,6,2,P01_race_map_C_6.csv,7,8,9,9,10,10:10:21.157,10:10:26.112,10:10:26.112,10:10:26.112,10:10:29.270,-2296.900000,-146.400000,52.400000,-2303.900000,-147.000000,-387.200000,-2306.400000,-145.300000,-388.900000,-2306.400000,-145.300000,-388.900000,439.655729,439.656138,441.402243,441.403376,3.023243,3.468429,3.023243,3.468429,true,0,1,true,false,0.000000,0.000000,0.000000,0.000000,,4.955000,3.158000,teleport_map,8,9,,,400-500,351-500,direct_hit
SITE1_P01,P01,SITE1,map,C,2,6,3,P01_race_map_C_6.csv,11,12,13,13,14,10:10:30.806,10:10:35.294,10:10:35.294,10:10:35.294,10:10:38.226,-2306.200000,-145.400000,-388.800000,-1943.900000,-143.600000,-367.100000,-1944.500000,-142.000000,-368.600000,-1944.500000,-142.000000,-368.600000,362.949280,362.953744,359.600584,359.614822,1.615549,2.273763,1.615549,2.273763,true,0,1,true,false,0.000000,0.000000,0.000000,0.000000,,4.488000,2.932000,teleport_map,12,13,,,300-400,351-500,direct_hit
SITE1_P01,P01,SITE1,map,C,2,6,4,P01_race_map_C_6.csv,15,16,17,17,18,10:10:39.315,10:10:44.804,10:10:44.804,10:10:44.804,10:10:47.032,-1944.300000,-142.100000,-368.800000,-2025.000000,-148.600000,-798.000000,-2026.300000,-146.900000,-799.100000,-2026.300000,-146.900000,-799.100000,436.720883,436.769253,438.024771,438.052177,1.702939,2.406242,1.702939,2.406242,true,0,1,true,false,0.000000,0.000000,0.000000,0.000000,,5.489000,2.228000,teleport_map,16,17,,,400-500,351-500,direct_hit
SITE1_P01,P01,SITE1,map,C,2,6,5,P01_race_map_C_6.csv,19,20,21,21,22,10:10:48.292,10:10:51.398,10:10:51.398,10:10:51.398,10:10:53.982,-2026.200000,-147.000000,-799.300000,-1819.400000,-140.800000,-1190.000000,-1823.200000,-139.200000,-1188.500000,-1823.200000,-139.200000,-1188.500000,442.055121,442.098598,439.002164,439.069687,4.085340,4.387482,4.085340,4.387482,true,0,1,true,false,0.000000,0.000000,0.000000,0.000000,,3.106000,2.584000,teleport_map,20,21,,,400-500,351-500,direct_hit
SITE1_P01,P01,SITE1,map,C,2,6,6,P01_race_map_C_6.csv,23,24,25,25,26,10:10:54.942,10:11:00.781,10:11:00.781,10:11:00.781,10:11:04.341,-1823.200000,-139.300000,-1188.400000,-1375.200000,-127.000000,-1014.300000,-1373.300000,-125.300000,-1015.000000,-1373.300000,-125.300000,-1015.000000,480.640000,480.797359,484.725923,484.916673,2.024846,2.643861,2.024846,2.643861,true,0,1,true,false,0.000000,0.000000,0.000000,0.000000,,5.839000,3.560000,teleport_map,24,25,,,400-500,351-500,direct_hit
SITE1_P01,P01,SITE1,tsunami,A,3,10,1,P01_race_tsunami_A_10.csv,3,4,5,5,6,10:18:13.163,10:18:16.062,10:18:16.062,10:18:16.062,10:18:17.505,1364.300000,-136.900000,-2182.300000,1036.100000,-125.400000,-1926.600000,1039.600000,-123.800000,-1928.800000,1039.600000,-123.800000,-1928.800000,416.050153,416.209058,411.937301,412.145545,4.134005,4.432832,4.134005,4.432832,true,0,1,true,false,0.000000,0.000000,0.000000,0.000000,,2.899000,1.443000,teleport_tsunami,4,5,,,400-500,351-500,direct_hit
SITE1_P01,P01,SITE1,tsunami,A,3,10,2,P01_race_tsunami_A_10.csv,7,8,9,12,13,10:18:18.502,10:18:20.618,10:18:20.618,10:18:22.223,10:18:24.306,1039.600000,-123.800000,-1928.900000,660.800000,-122.800000,-2101.300000,675.600000,-120.800000,-2107.400000,663.400000,-121.100000,-2103.300000,416.186497,416.187698,405.411211,405.422311,16.007811,16.132266,3.280244,3.694591,false,1,2,true,false,12.839003,12.842508,12.839003,12.842508,0.746000,3.721000,2.083000,teleport_tsunami|teleport_tsunami,8|11,9|12,12.839003,12.842508,400-500,351-500,short_corrections_only
SITE1_P01,P01,SITE1,tsunami,A,3,10,3,P01_race_tsunami_A_10.csv,14,15,16,16,17,10:18:24.898,10:18:26.706,10:18:26.706,10:18:26.706,10:18:28.457,663.400000,-121.000000,-2103.400000,193.000000,-120.500000,-2075.600000,198.700000,-118.700000,-2081.500000,198.700000,-118.700000,-2081.500000,471.220755,471.221020,465.215756,465.221442,8.203658,8.398809,8.203658,8.398809,true,0,1,true,false,0.000000,0.000000,0.000000,0.000000,,1.808000,1.751000,teleport_tsunami,15,16,,,400-500,351-500,direct_hit
SITE1_P01,P01,SITE1,tsunami,A,3,10,4,P01_race_tsunami_A_10.csv,18,19,20,23,24,10:18:29.225,10:18:32.915,10:18:32.915,10:18:34.901,10:18:37.812,198.600000,-118.700000,-2081.300000,207.800000,-130.500000,-1742.200000,209.100000,-128.900000,-1734.600000,209.100000,-128.900000,-1740.200000,339.224778,339.429949,346.858963,347.008905,7.710383,7.874643,2.385372,2.872281,false,1,2,true,false,5.300000,5.300000,5.300000,5.300000,0.727000,5.676000,2.911000,teleport_tsunami|teleport_tsunami,19|22,20|23,5.300000,5.300000,300-400,200-350,short_corrections_only
SITE1_P01,P01,SITE1,tsunami,A,3,10,5,P01_race_tsunami_A_10.csv,25,26,27,30,31,10:18:38.533,10:18:41.684,10:18:41.685,10:18:43.097,10:18:44.866,208.800000,-128.900000,-1740.100000,-221.000000,-110.700000,-1770.000000,-209.500000,-109.600000,-1767.100000,-219.600000,-109.100000,-1770.700000,430.838775,431.223017,419.170478,419.614561,11.860017,11.910919,1.565248,2.238303,false,1,2,true,false,10.722406,10.734058,10.722406,10.734058,0.474000,4.564000,1.769000,teleport_tsunami|teleport_tsunami,26|29,27|30,10.722406,10.734058,400-500,351-500,short_corrections_only
SITE1_P01,P01,SITE1,tsunami,A,3,10,6,P01_race_tsunami_A_10.csv,32,33,34,37,38,10:18:45.901,10:18:47.684,10:18:47.684,10:18:49.565,10:18:50.666,-219.600000,-109.100000,-1770.600000,-640.700000,-108.700000,-1512.100000,-623.400000,-106.900000,-1525.500000,-639.200000,-107.000000,-1514.800000,494.112801,494.112963,472.364743,472.369866,21.882642,21.956548,3.088689,3.525621,false,1,2,true,false,19.082191,19.082453,19.082191,19.082453,0.620000,3.664000,1.101000,teleport_tsunami|teleport_tsunami,33|36,34|37,19.082191,19.082453,400-500,351-500,short_corrections_only
SITE1_P01,P01,SITE1,tsunami,B,3,11,1,P01_race_tsunami_B_11.csv,3,4,5,8,9,10:19:07.712,10:19:10.002,10:19:10.003,10:19:11.241,10:19:12.400,-1587.600000,-148.100000,1834.200000,-1824.000000,-155.900000,2254.000000,-1821.400000,-154.000000,2240.000000,-1823.400000,-154.200000,2251.600000,481.785222,481.848358,468.333300,468.370462,14.239382,14.365584,2.473863,3.001666,false,1,2,true,false,11.771151,11.772850,11.771151,11.772850,0.445000,3.529000,1.159000,teleport_tsunami|teleport_tsunami,4|7,5|8,11.771151,11.772850,400-500,351-500,short_corrections_only
SITE1_P01,P01,SITE1,tsunami,B,3,11,2,P01_race_tsunami_B_11.csv,10,11,12,15,16,10:19:13.203,10:19:15.286,10:19:15.286,10:19:16.439,10:19:17.851,-1823.500000,-154.200000,2251.500000,-2183.500000,-156.800000,1969.600000,-2169.600000,-154.900000,1978.200000,-2182.800000,-155.100000,1968.700000,457.239117,457.246509,440.996712,440.997268,16.345336,16.455394,1.140175,2.046949,false,1,2,true,false,16.344418,16.345642,16.344418,16.345642,0.448000,3.236000,1.412000,teleport_tsunami|teleport_tsunami,11|14,12|15,16.344418,16.345642,400-500,351-500,short_corrections_only
SITE1_P01,P01,SITE1,tsunami,B,3,11,3,P01_race_tsunami_B_11.csv,18,19,20,23,24,10:19:20.841,10:19:22.455,10:19:22.455,10:19:23.524,10:19:25.568,-2182.900000,-155.100000,1968.800000,-2489.500000,-157.100000,2081.700000,-2479.700000,-155.400000,2078.700000,-2487.200000,-155.400000,2080.400000,326.726139,326.732260,316.493681,316.493823,10.248902,10.388936,2.641969,3.141656,false,1,2,true,false,7.690254,7.690254,7.690254,7.690254,0.550000,2.683000,2.044000,teleport_tsunami|teleport_tsunami,19|22,20|23,7.690254,7.690254,300-400,200-350,short_corrections_only
SITE1_P01,P01,SITE1,tsunami,B,3,11,4,P01_race_tsunami_B_11.csv,25,26,27,30,31,10:19:26.484,10:19:28.014,10:19:28.014,10:19:29.381,10:19:30.669,-2487.200000,-155.400000,2080.500000,-2630.000000,-156.100000,2448.000000,-2621.200000,-154.400000,2422.900000,-2630.100000,-154.500000,2448.500000,394.269058,394.269679,367.687041,367.688401,26.597932,26.652204,0.509902,1.679286,false,1,2,true,false,27.102952,27.103136,27.102952,27.103136,0.410000,2.897000,1.288000,teleport_tsunami|teleport_tsunami,26|29,27|30,27.102952,27.103136,300-400,351-500,short_corrections_only
SITE1_P01,P01,SITE1,tsunami,B,3,11,5,P01_race_tsunami_B_11.csv,32,33,34,37,38,10:19:31.967,10:19:33.548,10:19:33.548,10:19:35.066,10:19:37.147,-2630.100000,-154.400000,2448.300000,-2978.700000,-155.900000,2306.500000,-2934.800000,-153.500000,2303.100000,-2981.400000,-154.300000,2305.600000,376.336552,376.339541,337.527969,337.529169,44.031466,44.096825,2.846050,3.264966,false,1,2,true,false,46.667012,46.672262,46.667012,46.672262,0.573000,3.099000,2.081000,teleport_tsunami|teleport_tsunami,33|36,34|37,46.667012,46.672262,300-400,351-500,short_corrections_only
SITE1_P01,P01,SITE1,tsunami,B,3,11,6,P01_race_tsunami_B_11.csv,39,40,41,44,45,10:19:37.736,10:19:39.538,10:19:39.538,10:19:40.768,10:19:41.643,-2981.300000,-154.200000,2305.500000,-2999.000000,-156.000000,1931.000000,-2999.600000,-154.100000,1944.200000,-2998.400000,-154.300000,1932.400000,374.918044,374.922365,361.763155,361.763168,13.213629,13.349532,1.523155,2.282542,false,1,2,true,false,11.851160,11.851582,11.851160,11.851582,0.510000,3.032000,0.875000,teleport_tsunami|teleport_tsunami,40|43,41|44,11.851160,11.851582,300-400,351-500,short_corrections_only
SITE1_P01,P01,SITE1,tsunami,C,3,9,1,P01_race_tsunami_C_9.csv,3,4,5,8,9,10:17:15.804,10:17:17.940,10:17:17.940,10:17:20.777,10:17:22.736,-2003.400000,-141.800000,179.600000,-2299.700000,-147.700000,56.800000,-2317.100000,-145.900000,47.500000,-2301.400000,-146.000000,54.800000,320.739037,320.793298,340.379347,340.404039,19.729420,19.811360,2.624881,3.127299,false,1,2,true,false,17.007351,17.007351,17.007351,17.007351,1.405000,4.973000,1.959000,teleport_tsunami|teleport_tsunami,4|7,5|8,17.007351,17.007351,300-400,200-350,short_corrections_only
SITE1_P01,P01,SITE1,tsunami,C,3,9,2,P01_race_tsunami_C_9.csv,10,11,12,12,13,10:17:24.615,10:17:26.367,10:17:26.367,10:17:26.367,10:17:28.102,-2301.300000,-145.900000,54.600000,-2303.900000,-147.000000,-387.200000,-2303.900000,-145.300000,-388.200000,-2303.900000,-145.300000,-388.200000,441.807650,441.809020,442.807633,442.808040,1.000000,1.972308,1.000000,1.972308,true,0,1,true,false,0.000000,0.000000,0.000000,0.000000,,1.752000,1.735000,teleport_tsunami,11,12,,,400-500,351-500,direct_hit
SITE1_P01,P01,SITE1,tsunami,C,3,9,3,P01_race_tsunami_C_9.csv,14,15,16,19,20,10:17:29.435,10:17:31.608,10:17:31.608,10:17:34.239,10:17:36.214,-2303.800000,-145.300000,-388.200000,-1943.900000,-143.600000,-367.100000,-1921.400000,-141.400000,-364.800000,-1948.000000,-142.200000,-369.000000,360.517988,360.521997,383.115283,383.135133,22.617250,22.723996,4.518849,4.730750,false,1,2,true,false,26.686513,26.698502,26.686513,26.698502,1.113000,4.804000,1.975000,teleport_tsunami|teleport_tsunami,15|18,16|19,26.686513,26.698502,300-400,351-500,short_corrections_only
SITE1_P01,P01,SITE1,tsunami,C,3,9,4,P01_race_tsunami_C_9.csv,21,22,23,26,27,10:17:37.444,10:17:39.325,10:17:39.325,10:17:40.982,10:17:42.445,-1947.800000,-142.100000,-369.000000,-2025.000000,-148.600000,-798.000000,-2019.500000,-147.100000,-779.400000,-2024.100000,-146.900000,-799.700000,435.890858,435.939319,416.616190,416.646193,19.396134,19.454048,1.923538,2.567100,false,1,2,true,false,20.814658,20.816820,20.814658,20.816820,0.625000,3.538000,1.463000,teleport_tsunami|teleport_tsunami,22|25,23|26,20.814658,20.816820,400-500,351-500,short_corrections_only
SITE1_P01,P01,SITE1,tsunami,C,3,9,5,P01_race_tsunami_C_9.csv,28,29,30,33,34,10:17:43.518,10:17:45.918,10:17:45.918,10:17:48.733,10:17:50.513,-2024.000000,-146.900000,-799.700000,-1819.400000,-140.800000,-1190.000000,-1964.700000,-142.700000,-920.600000,-1821.100000,-139.200000,-1187.700000,440.675901,440.718119,134.659942,134.725424,306.085691,306.091588,2.860070,3.277194,false,1,2,false,true,303.254629,303.274826,303.254629,303.274826,0.527000,5.215000,1.780000,teleport_tsunami|teleport_tsunami,29|32,30|33,303.254629,303.274826,400-500,351-500,contains_correction_at_least_100m
SITE1_P01,P01,SITE1,tsunami,C,3,9,6,P01_race_tsunami_C_9.csv,37,38,39,42,43,10:17:56.729,10:17:58.427,10:17:58.427,10:18:00.069,10:18:02.607,-1821.000000,-139.200000,-1187.600000,-1375.200000,-127.000000,-1014.300000,-1377.200000,-125.300000,-1007.600000,-1374.900000,-125.400000,-1013.800000,478.299624,478.455191,478.913813,479.115487,6.992138,7.195832,0.583095,1.702939,false,1,2,true,false,6.555151,6.555913,6.555151,6.555913,0.860000,3.340000,2.538000,teleport_tsunami|teleport_tsunami,38|41,39|42,6.555151,6.555913,400-500,351-500,short_corrections_only
SITE1_P02,P02,SITE1,map,A,2,6,1,P02_race_map_A_6.csv,3,4,5,5,6,10:16:38.022,10:16:41.380,10:16:41.380,10:16:41.380,10:16:44.058,1364.300000,-136.900000,-2182.400000,1036.100000,-125.400000,-1926.600000,1037.500000,-123.900000,-1928.500000,1037.500000,-123.900000,-1928.500000,416.111620,416.270501,413.901244,414.102222,2.360085,2.796426,2.360085,2.796426,true,0,1,true,false,0.000000,0.000000,0.000000,0.000000,,3.358000,2.678000,teleport_map,4,5,,,400-500,351-500,direct_hit
SITE1_P02,P02,SITE1,map,A,2,6,2,P02_race_map_A_6.csv,7,8,9,9,10,10:16:45.669,10:16:50.164,10:16:50.164,10:16:50.164,10:16:51.954,1037.600000,-124.000000,-1928.500000,660.800000,-122.800000,-2101.300000,664.000000,-121.200000,-2102.800000,664.000000,-121.200000,-2102.800000,414.533569,414.535306,412.391865,412.400703,3.534119,3.879433,3.534119,3.879433,true,0,1,true,false,0.000000,0.000000,0.000000,0.000000,,4.495000,1.790000,teleport_map,8,9,,,400-500,351-500,direct_hit
SITE1_P02,P02,SITE1,map,A,2,6,3,P02_race_map_A_6.csv,11,12,13,13,14,10:16:53.610,10:16:57.341,10:16:57.342,10:16:57.342,10:16:58.901,663.800000,-121.300000,-2102.900000,193.000000,-120.500000,-2075.600000,194.900000,-119.100000,-2075.300000,194.900000,-119.100000,-2075.300000,471.590850,471.591529,469.711582,469.716734,1.923538,2.379075,1.923538,2.379075,true,0,1,true,false,0.000000,0.000000,0.000000,0.000000,,3.732000,1.559000,teleport_map,12,13,,,400-500,351-500,direct_hit
SITE1_P02,P02,SITE1,map,A,2,6,4,P02_race_map_A_6.csv,15,16,17,17,18,10:17:00.585,10:17:03.722,10:17:03.722,10:17:03.722,10:17:05.457,194.900000,-119.100000,-2075.200000,207.800000,-130.500000,-1742.200000,209.500000,-129.100000,-1742.700000,209.500000,-129.100000,-1742.700000,333.249771,333.444703,332.820387,332.970584,1.772005,2.258318,1.772005,2.258318,true,0,1,true,false,0.000000,0.000000,0.000000,0.000000,,3.137000,1.735000,teleport_map,16,17,,,300-400,200-350,direct_hit
SITE1_P02,P02,SITE1,map,A,2,6,5,P02_race_map_A_6.csv,19,20,21,21,22,10:17:07.891,10:17:12.392,10:17:12.392,10:17:12.392,10:17:16.146,209.600000,-129.100000,-1742.800000,-221.000000,-110.700000,-1770.000000,-217.900000,-109.300000,-1770.000000,-217.900000,-109.300000,-1770.000000,431.458225,431.850391,425.882331,426.333109,3.100000,3.401470,3.100000,3.401470,true,0,1,true,false,0.000000,0.000000,0.000000,0.000000,,4.501000,3.754000,teleport_map,20,21,,,400-500,351-500,direct_hit
SITE1_P02,P02,SITE1,map,A,2,6,6,P02_race_map_A_6.csv,23,24,25,25,26,10:17:17.313,10:17:21.270,10:17:21.270,10:17:21.270,10:17:22.567,-218.000000,-109.400000,-1770.000000,-640.700000,-108.700000,-1512.100000,-639.500000,-107.200000,-1514.900000,-639.500000,-107.200000,-1514.900000,495.164316,495.164811,492.770301,492.775212,3.046309,3.395585,3.046309,3.395585,true,0,1,true,false,0.000000,0.000000,0.000000,0.000000,,3.957000,1.297000,teleport_map,24,25,,,400-500,351-500,direct_hit
SITE1_P02,P02,SITE1,map,B,2,7,1,P02_race_map_B_7.csv,3,4,5,5,6,10:17:39.925,10:17:42.864,10:17:42.864,10:17:42.864,10:17:45.067,-1587.600000,-148.200000,1834.300000,-1824.000000,-155.900000,2254.000000,-1822.600000,-154.500000,2255.300000,-1822.600000,-154.500000,2255.300000,481.698090,481.759629,482.283340,482.324486,1.910497,2.368544,1.910497,2.368544,true,0,1,true,false,0.000000,0.000000,0.000000,0.000000,,2.939000,2.203000,teleport_map,4,5,,,400-500,351-500,direct_hit
SITE1_P02,P02,SITE1,map,B,2,7,2,P02_race_map_B_7.csv,7,8,9,9,10,10:17:47.298,10:17:51.838,10:17:51.838,10:17:51.838,10:17:53.378,-1822.600000,-154.500000,2255.300000,-2183.500000,-156.800000,1969.600000,-2182.200000,-155.300000,1967.200000,-2182.200000,-155.300000,1967.200000,460.296969,460.302716,460.775184,460.775878,2.729469,3.114482,2.729469,3.114482,true,0,1,true,false,0.000000,0.000000,0.000000,0.000000,,4.540000,1.540000,teleport_map,8,9,,,400-500,351-500,direct_hit
SITE1_P02,P02,SITE1,map,B,2,7,3,P02_race_map_B_7.csv,11,12,13,13,14,10:17:54.914,10:17:57.926,10:17:57.926,10:17:57.926,10:17:59.361,-2182.300000,-155.300000,1967.200000,-2489.500000,-157.100000,2081.700000,-2489.700000,-155.600000,2081.600000,-2489.700000,-155.600000,2081.600000,327.844613,327.849554,328.056001,328.056138,0.223607,1.516575,0.223607,1.516575,true,0,1,true,false,0.000000,0.000000,0.000000,0.000000,,3.012000,1.435000,teleport_map,12,13,,,300-400,200-350,direct_hit
SITE1_P02,P02,SITE1,map,B,2,7,4,P02_race_map_B_7.csv,15,16,17,17,18,10:18:00.411,10:18:03.269,10:18:03.269,10:18:03.269,10:18:04.842,-2489.600000,-155.600000,2081.700000,-2630.000000,-156.100000,2448.000000,-2629.000000,-154.600000,2446.500000,-2629.000000,-154.600000,2446.500000,392.285419,392.285738,390.584818,390.585855,1.802776,2.345208,1.802776,2.345208,true,0,1,true,false,0.000000,0.000000,0.000000,0.000000,,2.858000,1.573000,teleport_map,16,17,,,300-400,351-500,direct_hit
SITE1_P02,P02,SITE1,map,B,2,7,5,P02_race_map_B_7.csv,19,20,21,21,22,10:18:05.263,10:18:09.938,10:18:09.938,10:18:09.938,10:18:11.198,-2629.000000,-154.700000,2446.400000,-2978.700000,-155.900000,2306.500000,-2976.100000,-154.400000,2308.100000,-2976.100000,-154.400000,2308.100000,376.645855,376.647766,373.637926,373.637980,3.052868,3.401470,3.052868,3.401470,true,0,1,true,false,0.000000,0.000000,0.000000,0.000000,,4.675000,1.260000,teleport_map,20,21,,,300-400,351-500,direct_hit
SITE1_P02,P02,SITE1,map,B,2,7,6,P02_race_map_B_7.csv,23,24,25,25,26,10:18:13.330,10:18:16.677,10:18:16.677,10:18:16.677,10:18:18.200,-2976.000000,-154.500000,2308.000000,-2999.000000,-156.000000,1931.000000,-2999.700000,-154.300000,1928.200000,-2999.700000,-154.300000,1928.200000,377.700940,377.703918,380.544978,380.544991,2.886174,3.349627,2.886174,3.349627,true,0,1,true,false,0.000000,0.000000,0.000000,0.000000,,3.347000,1.523000,teleport_map,24,25,,,300-400,351-500,direct_hit
SITE1_P02,P02,SITE1,map,C,2,5,1,P02_race_map_C_5.csv,3,4,5,5,6,10:15:21.720,10:15:26.757,10:15:26.757,10:15:26.757,10:15:29.930,-2003.100000,-141.900000,179.600000,-2299.700000,-147.700000,56.800000,-2297.000000,-146.300000,57.100000,-2297.000000,-146.300000,57.100000,321.016199,321.068591,315.470965,315.504501,2.716616,3.056141,2.716616,3.056141,true,0,1,true,false,0.000000,0.000000,0.000000,0.000000,,5.037000,3.173000,teleport_map,4,5,,,300-400,200-350,direct_hit
SITE1_P02,P02,SITE1,map,C,2,5,2,P02_race_map_C_5.csv,7,8,9,12,13,10:15:31.912,10:15:37.439,10:15:37.439,10:15:41.475,10:15:43.336,-2296.900000,-146.300000,57.100000,-2303.900000,-147.000000,-387.200000,-2251.400000,-145.000000,-190.400000,-2304.400000,-145.500000,-390.100000,444.355139,444.355691,251.647571,251.650929,203.682326,203.692145,2.942788,3.303029,false,1,2,false,true,206.639057,206.639928,206.639057,206.639928,0.927000,9.563000,1.861000,teleport_map|teleport_map,8|11,9|12,206.639057,206.639928,400-500,351-500,contains_correction_at_least_100m
SITE1_P02,P02,SITE1,map,C,2,5,3,P02_race_map_C_5.csv,14,15,16,16,17,10:15:45.127,10:15:48.356,10:15:48.356,10:15:48.356,10:15:50.203,-2304.400000,-145.600000,-390.100000,-1943.900000,-143.600000,-367.100000,-1942.800000,-142.100000,-368.700000,-1942.800000,-142.100000,-368.700000,361.232958,361.238495,362.226794,362.242750,1.941649,2.453569,1.941649,2.453569,true,0,1,true,false,0.000000,0.000000,0.000000,0.000000,,3.229000,1.847000,teleport_map,15,16,,,300-400,351-500,direct_hit
SITE1_P02,P02,SITE1,map,C,2,5,4,P02_race_map_C_5.csv,18,19,20,20,21,10:15:51.268,10:15:55.574,10:15:55.575,10:15:55.575,10:15:57.328,-1942.800000,-142.300000,-368.900000,-2025.000000,-148.600000,-798.000000,-2025.100000,-147.100000,-799.300000,-2025.100000,-147.100000,-799.300000,436.902335,436.947754,438.197958,438.225353,1.303840,1.987461,1.303840,1.987461,true,0,1,true,false,0.000000,0.000000,0.000000,0.000000,,4.307000,1.753000,teleport_map,19,20,,,400-500,351-500,direct_hit
SITE1_P02,P02,SITE1,map,C,2,5,5,P02_race_map_C_5.csv,22,23,24,24,25,10:15:58.571,10:16:02.925,10:16:02.925,10:16:02.925,10:16:05.067,-2025.200000,-147.200000,-799.300000,-1819.400000,-140.800000,-1190.000000,-1817.900000,-139.300000,-1192.400000,-1817.900000,-139.300000,-1192.400000,441.588191,441.634566,444.452562,444.521001,2.830194,3.203123,2.830194,3.203123,true,0,1,true,false,0.000000,0.000000,0.000000,0.000000,,4.354000,2.142000,teleport_map,23,24,,,400-500,351-500,direct_hit
SITE1_P02,P02,SITE1,map,C,2,5,6,P02_race_map_C_5.csv,26,27,28,28,29,10:16:06.480,10:16:11.975,10:16:11.975,10:16:11.975,10:16:15.690,-1817.900000,-139.400000,-1192.300000,-1375.200000,-127.000000,-1014.300000,-1374.700000,-125.500000,-1013.600000,-1374.700000,-125.500000,-1013.600000,477.144936,477.306034,488.171333,488.372041,0.860233,1.729162,0.860233,1.729162,true,0,1,true,false,0.000000,0.000000,0.000000,0.000000,,5.495000,3.715000,teleport_map,27,28,,,400-500,351-500,direct_hit
SITE1_P02,P02,SITE1,tsunami,A,3,9,1,P02_race_tsunami_A_9.csv,3,4,5,5,6,10:23:37.672,10:23:40.001,10:23:40.002,10:23:40.002,10:23:42.627,1364.500000,-136.900000,-2182.500000,1036.100000,-125.400000,-1926.600000,1038.100000,-123.900000,-1922.500000,1038.100000,-123.900000,-1922.500000,416.330842,416.489640,417.375431,417.577837,4.561798,4.802083,4.561798,4.802083,true,0,1,true,false,0.000000,0.000000,0.000000,0.000000,,2.330000,2.625000,teleport_tsunami,4,5,,,400-500,351-500,direct_hit
SITE1_P02,P02,SITE1,tsunami,A,3,9,2,P02_race_tsunami_A_9.csv,8,9,10,13,14,10:23:48.475,10:23:50.826,10:23:50.826,10:23:53.846,10:23:55.611,1038.100000,-123.900000,-1922.400000,660.800000,-122.800000,-2101.300000,651.900000,-121.300000,-2106.300000,658.000000,-121.300000,-2103.300000,417.564965,417.566414,427.749518,427.757420,10.208330,10.317946,3.440930,3.753665,false,1,2,true,false,6.621178,6.621178,6.621178,6.621178,1.555000,5.371000,1.765000,teleport_tsunami|teleport_tsunami,9|12,10|13,6.621178,6.621178,400-500,351-500,short_corrections_only
SITE1_P02,P02,SITE1,tsunami,A,3,9,3,P02_race_tsunami_A_9.csv,16,17,18,24,25,10:24:03.245,10:24:04.877,10:24:04.877,10:24:08.921,10:24:10.270,658.000000,-121.300000,-2103.900000,193.000000,-120.500000,-2075.600000,158.400000,-118.100000,-2074.200000,192.000000,-119.000000,-2075.300000,465.860376,465.861063,500.482018,500.492248,34.628312,34.711381,1.044031,1.827567,false,2,3,true,false,33.541059,33.548386,28.040150,28.046568,1.320000,5.676000,1.349000,teleport_tsunami|teleport_tsunami|teleport_tsunami,17|20|23,18|21|24,28.040150|5.500909,28.046568|5.501818,400-500,351-500,short_corrections_only
SITE1_P02,P02,SITE1,tsunami,A,3,9,4,P02_race_tsunami_A_9.csv,26,27,28,28,29,10:24:11.884,10:24:15.057,10:24:15.058,10:24:15.058,10:24:16.917,192.000000,-119.000000,-2075.300000,207.800000,-130.500000,-1742.200000,209.400000,-129.100000,-1736.400000,209.400000,-129.100000,-1736.400000,333.474512,333.672744,339.346386,339.496657,6.016644,6.177378,6.016644,6.177378,true,0,1,true,false,0.000000,0.000000,0.000000,0.000000,,3.174000,1.859000,teleport_tsunami,27,28,,,300-400,200-350,direct_hit
SITE1_P02,P02,SITE1,tsunami,A,3,9,5,P02_race_tsunami_A_9.csv,30,31,32,32,33,10:24:18.073,10:24:20.888,10:24:20.889,10:24:20.889,10:24:22.343,209.300000,-129.100000,-1736.600000,-221.000000,-110.700000,-1770.000000,-223.000000,-109.100000,-1772.600000,-223.000000,-109.100000,-1772.600000,431.594312,431.986354,433.796369,434.257170,3.280244,3.649658,3.280244,3.649658,true,0,1,true,false,0.000000,0.000000,0.000000,0.000000,,2.816000,1.454000,teleport_tsunami,31,32,,,400-500,351-500,direct_hit
SITE1_P02,P02,SITE1,tsunami,A,3,9,6,P02_race_tsunami_A_9.csv,34,35,36,36,37,10:24:23.180,10:24:25.464,10:24:25.464,10:24:25.464,10:24:26.807,-223.000000,-109.100000,-1772.600000,-640.700000,-108.700000,-1512.100000,-634.000000,-107.200000,-1516.700000,-634.000000,-107.200000,-1516.700000,492.273847,492.274009,484.154738,484.158466,8.127115,8.264381,8.127115,8.264381,true,0,1,true,false,0.000000,0.000000,0.000000,0.000000,,2.284000,1.343000,teleport_tsunami,35,36,,,400-500,351-500,direct_hit
SITE1_P02,P02,SITE1,tsunami,B,3,10,1,P02_race_tsunami_B_10.csv,3,4,5,8,9,10:24:41.391,10:24:43.677,10:24:43.678,10:24:44.809,10:24:45.978,-1587.500000,-148.100000,1834.200000,-1824.000000,-155.900000,2254.000000,-1817.800000,-154.500000,2243.900000,-1822.000000,-154.400000,2251.300000,481.834297,481.897427,469.991681,470.035254,11.851160,11.933566,3.360060,3.679674,false,1,2,true,false,8.508819,8.509407,8.508819,8.509407,0.616000,3.418000,1.169000,teleport_tsunami|teleport_tsunami,4|7,5|8,8.508819,8.509407,400-500,351-500,short_corrections_only
SITE1_P02,P02,SITE1,tsunami,B,3,10,2,P02_race_tsunami_B_10.csv,10,11,12,12,13,10:24:47.481,10:24:50.770,10:24:50.770,10:24:50.770,10:24:52.280,-1822.200000,-154.400000,2251.300000,-2183.500000,-156.800000,1969.600000,-2184.800000,-155.300000,1968.800000,-2184.800000,-155.300000,1968.800000,458.140350,458.146636,459.718958,459.719839,1.526434,2.140093,1.526434,2.140093,true,0,1,true,false,0.000000,0.000000,0.000000,0.000000,,3.289000,1.510000,teleport_tsunami,11,12,,,400-500,351-500,direct_hit
SITE1_P02,P02,SITE1,tsunami,B,3,10,3,P02_race_tsunami_B_10.csv,14,15,16,16,17,10:24:54.085,10:24:58.452,10:24:58.452,10:24:58.452,10:24:59.502,-2184.600000,-155.300000,1968.700000,-2489.500000,-157.100000,2081.700000,-2486.300000,-155.600000,2080.700000,-2486.300000,-155.600000,2080.700000,325.166127,325.171109,321.818101,321.818241,3.352611,3.672874,3.352611,3.672874,true,0,1,true,false,0.000000,0.000000,0.000000,0.000000,,4.367000,1.050000,teleport_tsunami,15,16,,,300-400,200-350,direct_hit
SITE1_P02,P02,SITE1,tsunami,B,3,10,4,P02_race_tsunami_B_10.csv,18,19,20,20,21,10:25:00.981,10:25:04.732,10:25:04.733,10:25:04.733,10:25:05.803,-2485.900000,-155.600000,2081.000000,-2630.000000,-156.100000,2448.000000,-2626.500000,-154.600000,2446.300000,-2626.500000,-154.600000,2446.300000,394.276312,394.276629,391.423620,391.424897,3.891015,4.170132,3.891015,4.170132,true,0,1,true,false,0.000000,0.000000,0.000000,0.000000,,3.752000,1.070000,teleport_tsunami,19,20,,,300-400,351-500,direct_hit
SITE1_P02,P02,SITE1,tsunami,B,3,10,5,P02_race_tsunami_B_10.csv,22,23,24,27,28,10:25:07.755,10:25:10.030,10:25:10.030,10:25:11.094,10:25:12.542,-2626.600000,-154.600000,2446.000000,-2978.700000,-155.900000,2306.500000,-2962.400000,-154.000000,2304.500000,-2978.000000,-154.400000,2305.800000,378.727686,378.729917,364.395239,364.395733,16.422241,16.531788,0.989949,1.797220,false,1,2,true,false,15.546382,15.551527,15.546382,15.551527,0.552000,3.339000,1.448000,teleport_tsunami|teleport_tsunami,23|26,24|27,15.546382,15.551527,300-400,351-500,short_corrections_only
SITE1_P02,P02,SITE1,tsunami,B,3,10,6,P02_race_tsunami_B_10.csv,29,30,31,34,35,10:25:13.717,10:25:15.712,10:25:15.712,10:25:17.434,10:25:18.660,-2977.900000,-154.400000,2305.800000,-2999.000000,-156.000000,1931.000000,-2997.400000,-154.400000,1946.000000,-2998.300000,-154.500000,1930.200000,375.393460,375.396870,360.328031,360.328031,15.085092,15.169707,1.063015,1.838478,false,1,2,true,false,15.925451,15.925765,15.925451,15.925765,1.278000,3.717000,1.226000,teleport_tsunami|teleport_tsunami,30|33,31|34,15.925451,15.925765,300-400,351-500,short_corrections_only
SITE1_P02,P02,SITE1,tsunami,C,3,11,1,P02_race_tsunami_C_11.csv,3,4,5,8,9,10:25:30.279,10:25:32.819,10:25:32.819,10:25:34.378,10:25:35.270,-2003.100000,-141.900000,179.600000,-2299.700000,-147.700000,56.800000,-2280.600000,-146.100000,63.400000,-2297.900000,-146.200000,56.300000,321.016199,321.068591,300.846622,300.875938,20.208167,20.271408,1.868154,2.395830,false,1,2,true,false,18.700267,18.700535,18.700267,18.700535,0.828000,4.099000,0.892000,teleport_tsunami|teleport_tsunami,4|7,5|8,18.700267,18.700535,300-400,200-350,short_corrections_only
SITE1_P02,P02,SITE1,tsunami,C,3,11,2,P02_race_tsunami_C_11.csv,10,11,12,15,16,10:25:37.364,10:25:39.863,10:25:39.863,10:25:41.274,10:25:42.425,-2298.000000,-146.200000,56.300000,-2303.900000,-147.000000,-387.200000,-2301.900000,-145.400000,-371.700000,-2302.700000,-145.500000,-387.200000,443.539243,443.539964,428.017768,428.018516,15.628500,15.710188,1.200000,1.920937,false,1,2,true,false,15.520631,15.520954,15.520631,15.520954,0.774000,3.910000,1.151000,teleport_tsunami|teleport_tsunami,11|14,12|15,15.520631,15.520954,400-500,351-500,short_corrections_only
SITE1_P02,P02,SITE1,tsunami,C,3,11,3,P02_race_tsunami_C_11.csv,17,18,19,22,23,10:25:43.705,10:25:45.961,10:25:45.961,10:25:47.016,10:25:47.928,-2302.500000,-145.500000,-387.200000,-1943.900000,-143.600000,-367.100000,-1952.500000,-142.700000,-370.600000,-1944.300000,-142.200000,-368.100000,359.162874,359.167899,350.393436,350.404623,9.284934,9.328451,1.077033,1.766352,false,1,2,true,false,8.602325,8.616844,8.602325,8.616844,0.506000,3.311000,0.912000,teleport_tsunami|teleport_tsunami,18|21,19|22,8.602325,8.616844,300-400,351-500,short_corrections_only
SITE1_P02,P02,SITE1,tsunami,C,3,11,4,P02_race_tsunami_C_11.csv,24,25,26,29,30,10:25:49.392,10:25:53.870,10:25:53.870,10:25:54.873,10:25:56.026,-1944.600000,-142.200000,-368.000000,-2025.000000,-148.600000,-798.000000,-2023.800000,-147.300000,-786.800000,-2024.200000,-147.100000,-798.500000,437.451894,437.498709,426.223040,426.253551,11.264102,11.338871,0.943398,1.772005,false,1,2,true,false,11.703846,11.705554,11.703846,11.705554,0.516000,5.481000,1.153000,teleport_tsunami|teleport_tsunami,25|28,26|29,11.703846,11.705554,400-500,351-500,short_corrections_only
SITE1_P02,P02,SITE1,tsunami,C,3,11,5,P02_race_tsunami_C_11.csv,31,32,33,39,40,10:25:56.798,10:25:58.647,10:25:58.647,10:26:02.394,10:26:04.144,-2024.200000,-147.100000,-798.400000,-1819.400000,-140.800000,-1190.000000,-1873.800000,-140.500000,-1110.900000,-1819.500000,-139.400000,-1189.900000,441.920355,441.965259,346.808896,346.871691,96.000885,96.001354,0.141421,1.407125,false,2,3,true,false,96.853321,96.861664,69.332965,69.334768,0.747000,5.596000,1.750000,teleport_tsunami|teleport_tsunami|teleport_tsunami,32|35|38,33|36|39,27.520356|69.332965,27.526896|69.334768,400-500,351-500,short_corrections_only
SITE1_P02,P02,SITE1,tsunami,C,3,11,6,P02_race_tsunami_C_11.csv,44,45,46,46,47,10:26:16.381,10:26:18.310,10:26:18.310,10:26:18.310,10:26:21.232,-1819.500000,-139.400000,-1189.600000,-1375.200000,-127.000000,-1014.300000,-1377.400000,-125.600000,-1008.000000,-1377.400000,-125.600000,-1008.000000,477.632264,477.793198,477.982531,478.184598,6.673080,6.818358,6.673080,6.818358,true,0,1,true,false,0.000000,0.000000,0.000000,0.000000,,1.929000,2.922000,teleport_tsunami,45,46,,,400-500,351-500,direct_hit
SITE1_P03,P03,SITE1,map,A,2,5,1,P03_race_map_A_5.csv,3,4,5,5,6,13:00:35.920,13:00:38.659,13:00:38.659,13:00:38.659,13:00:44.155,1364.600000,-137.000000,-2182.300000,1036.100000,-125.400000,-1926.600000,1041.200000,-123.800000,-1926.700000,1041.200000,-123.800000,-1926.700000,416.286848,416.448436,412.336271,412.544313,5.100980,5.346027,5.100980,5.346027,true,0,1,true,false,0.000000,0.000000,0.000000,0.000000,,2.739000,5.496000,teleport_map,4,5,,,400-500,351-500,direct_hit
SITE1_P03,P03,SITE1,map,A,2,5,2,P03_race_map_A_5.csv,7,8,9,9,10,13:00:44.718,13:00:53.963,13:00:53.963,13:00:53.963,13:01:03.645,1041.100000,-123.800000,-1926.800000,660.800000,-122.800000,-2101.300000,660.300000,-121.100000,-2102.200000,660.300000,-121.100000,-2102.200000,418.423637,418.424832,432.776270,432.784692,1.029563,1.987461,1.029563,1.987461,true,0,1,true,false,0.000000,0.000000,0.000000,0.000000,,9.245000,9.682000,teleport_map,8,9,,,400-500,351-500,direct_hit
SITE1_P03,P03,SITE1,map,A,2,5,3,P03_race_map_A_5.csv,11,12,13,13,14,13:01:05.853,13:01:10.950,13:01:10.950,13:01:10.950,13:01:15.301,660.300000,-121.100000,-2102.400000,193.000000,-120.500000,-2075.600000,196.700000,-118.900000,-2074.400000,196.700000,-118.900000,-2074.400000,468.067869,468.068254,464.438769,464.443516,3.889730,4.205948,3.889730,4.205948,true,0,1,true,false,0.000000,0.000000,0.000000,0.000000,,5.097000,4.351000,teleport_map,12,13,,,400-500,351-500,direct_hit
SITE1_P03,P03,SITE1,map,A,2,5,4,P03_race_map_A_5.csv,15,16,17,17,18,13:01:16.017,13:01:19.042,13:01:19.042,13:01:19.042,13:01:21.727,196.500000,-119.000000,-2074.300000,207.800000,-130.500000,-1742.200000,208.800000,-128.800000,-1741.300000,208.800000,-128.800000,-1741.300000,332.292191,332.491128,333.223409,333.370440,1.345362,2.167948,1.345362,2.167948,true,0,1,true,false,0.000000,0.000000,0.000000,0.000000,,3.025000,2.685000,teleport_map,16,17,,,300-400,200-350,direct_hit
SITE1_P03,P03,SITE1,map,A,2,5,5,P03_race_map_A_5.csv,19,20,21,21,22,13:01:22.534,13:01:25.028,13:01:25.028,13:01:25.028,13:01:28.506,208.800000,-128.900000,-1741.400000,-221.000000,-110.700000,-1770.000000,-221.900000,-109.000000,-1773.100000,-221.900000,-109.000000,-1773.100000,430.750508,431.134828,431.865002,432.323247,3.228002,3.648287,3.228002,3.648287,true,0,1,true,false,0.000000,0.000000,0.000000,0.000000,,2.494000,3.478000,teleport_map,20,21,,,400-500,351-500,direct_hit
SITE1_P03,P03,SITE1,map,A,2,5,6,P03_race_map_A_5.csv,23,24,25,25,26,13:01:29.448,13:01:31.501,13:01:31.501,13:01:31.501,13:01:36.277,-222.000000,-109.000000,-1773.200000,-640.700000,-108.700000,-1512.100000,-637.800000,-107.000000,-1514.700000,-637.800000,-107.000000,-1514.700000,493.439865,493.439956,463.200389,463.205613,3.894868,4.249706,3.894868,4.249706,true,0,1,true,false,0.000000,0.000000,0.000000,0.000000,,2.053000,4.776000,teleport_map,24,25,,,400-500,351-500,direct_hit
SITE1_P03,P03,SITE1,map,B,2,6,1,P03_race_map_B_6.csv,3,4,5,5,6,13:03:56.426,13:03:58.693,13:03:58.693,13:03:58.693,13:04:02.627,-1587.700000,-148.200000,1834.100000,-1824.000000,-155.900000,2254.000000,-1823.100000,-154.200000,2251.700000,-1823.100000,-154.200000,2251.700000,481.823308,481.884831,473.544560,473.583847,2.469818,2.998333,2.469818,2.998333,true,0,1,true,false,0.000000,0.000000,0.000000,0.000000,,2.267000,3.934000,teleport_map,4,5,,,400-500,351-500,direct_hit
SITE1_P03,P03,SITE1,map,B,2,6,2,P03_race_map_B_6.csv,7,8,9,9,10,13:04:03.716,13:04:07.293,13:04:07.293,13:04:07.293,13:04:09.842,-1823.100000,-154.300000,2251.700000,-2183.500000,-156.800000,1969.600000,-2182.700000,-155.100000,1969.600000,-2182.700000,-155.100000,1969.600000,457.677365,457.684192,457.109396,457.110096,0.800000,1.878829,0.800000,1.878829,true,0,1,true,false,0.000000,0.000000,0.000000,0.000000,,3.577000,2.549000,teleport_map,8,9,,,400-500,351-500,direct_hit
SITE1_P03,P03,SITE1,map,B,2,6,3,P03_race_map_B_6.csv,11,12,13,13,14,13:04:10.274,13:04:13.587,13:04:13.587,13:04:13.587,13:04:15.935,-2182.800000,-155.100000,1969.400000,-2489.500000,-157.100000,2081.700000,-2487.600000,-155.300000,2085.500000,-2487.600000,-155.300000,2085.500000,326.613196,326.619320,326.162919,326.162981,4.248529,4.614109,4.248529,4.614109,true,0,1,true,false,0.000000,0.000000,0.000000,0.000000,,3.313000,2.348000,teleport_map,12,13,,,300-400,200-350,direct_hit
SITE1_P03,P03,SITE1,map,B,2,6,4,P03_race_map_B_6.csv,15,16,17,17,18,13:04:18.529,13:04:20.461,13:04:20.461,13:04:20.461,13:04:22.295,-2487.700000,-155.300000,2085.700000,-2630.000000,-156.100000,2448.000000,-2627.500000,-154.400000,2444.500000,-2627.500000,-154.400000,2444.500000,389.243600,389.244422,385.037050,385.038102,4.301163,4.624932,4.301163,4.624932,true,0,1,true,false,0.000000,0.000000,0.000000,0.000000,,1.932000,1.834000,teleport_map,16,17,,,300-400,351-500,direct_hit
SITE1_P03,P03,SITE1,map,B,2,6,5,P03_race_map_B_6.csv,19,20,21,21,22,13:04:24.076,13:04:27.609,13:04:27.609,13:04:27.609,13:04:30.202,-2627.400000,-154.500000,2444.400000,-2978.700000,-155.900000,2306.500000,-2982.400000,-154.300000,2309.200000,-2982.400000,-154.300000,2309.200000,377.396476,377.399073,379.780265,379.780279,4.580393,4.851804,4.580393,4.851804,true,0,1,true,false,0.000000,0.000000,0.000000,0.000000,,3.533000,2.593000,teleport_map,20,21,,,300-400,351-500,direct_hit
SITE1_P03,P03,SITE1,map,C,2,7,1,P03_race_map_C_7.csv,4,5,6,6,7,13:05:08.856,13:05:14.029,13:05:14.029,13:05:14.029,13:05:16.116,-2294.800000,-146.400000,57.800000,-2303.900000,-147.000000,-387.200000,-2303.500000,-145.300000,-385.700000,-2303.500000,-145.300000,-385.700000,445.093035,445.093440,443.685305,443.686432,1.552417,2.302173,1.552417,2.302173,true,0,1,true,false,0.000000,0.000000,0.000000,0.000000,,5.173000,2.087000,teleport_map,5,6,,,400-500,351-500,direct_hit
SITE1_P03,P03,SITE1,map,C,2,7,2,P03_race_map_C_7.csv,8,9,10,10,11,13:05:17.097,13:05:20.565,13:05:20.565,13:05:20.565,13:05:24.484,-2303.600000,-145.400000,-385.700000,-1943.900000,-143.600000,-367.100000,-1945.300000,-142.100000,-370.000000,-1945.300000,-142.100000,-370.000000,360.180580,360.185077,359.246280,359.261437,3.220248,3.552464,3.220248,3.552464,true,0,1,true,false,0.000000,0.000000,0.000000,0.000000,,3.468000,3.919000,teleport_map,9,10,,,300-400,351-500,direct_hit
SITE1_P03,P03,SITE1,map,C,2,7,3,P03_race_map_C_7.csv,12,13,14,14,15,13:05:27.199,13:05:29.858,13:05:29.858,13:05:29.858,13:05:32.557,-1952.500000,-143.200000,-393.900000,-2025.000000,-148.600000,-798.000000,-2029.200000,-146.900000,-798.300000,-2029.200000,-146.900000,-798.300000,410.552140,410.587652,411.609341,411.626882,4.210701,4.540925,4.210701,4.540925,true,0,1,true,false,0.000000,0.000000,0.000000,0.000000,,2.659000,2.699000,teleport_map,13,14,,,400-500,351-500,direct_hit
SITE1_P03,P03,SITE1,map,C,2,7,4,P03_race_map_C_7.csv,16,17,18,18,19,13:05:33.769,13:05:36.700,13:05:36.701,13:05:36.701,13:05:40.541,-2029.100000,-147.000000,-798.400000,-1819.400000,-140.800000,-1190.000000,-1822.600000,-139.200000,-1189.700000,-1822.600000,-139.200000,-1189.700000,444.212393,444.255658,442.627213,442.694183,3.214032,3.590265,3.214032,3.590265,true,0,1,true,false,0.000000,0.000000,0.000000,0.000000,,2.932000,3.840000,teleport_map,17,18,,,400-500,351-500,direct_hit
SITE1_P03,P03,SITE1,map,C,2,7,5,P03_race_map_C_7.csv,21,22,23,23,24,13:05:47.914,13:05:49.425,13:05:49.425,13:05:49.425,13:05:55.884,-1822.300000,-139.200000,-1189.800000,-1375.200000,-127.000000,-1014.300000,-1372.700000,-125.300000,-1012.300000,-1372.700000,-125.300000,-1012.300000,480.311003,480.465920,491.609855,491.809160,3.201562,3.624914,3.201562,3.624914,true,0,1,true,false,0.000000,0.000000,0.000000,0.000000,,1.511000,6.459000,teleport_map,22,23,,,400-500,351-500,direct_hit
SITE1_P03,P03,SITE1,tsunami,A,3,11,1,P03_race_tsunami_A_11.csv,3,4,5,8,9,13:15:40.343,13:15:43.145,13:15:43.145,13:15:45.008,13:15:48.033,1364.400000,-136.900000,-2182.300000,1036.100000,-125.400000,-1926.600000,1026.300000,-123.800000,-1922.300000,1031.900000,-123.700000,-1925.700000,416.129042,416.287917,426.510973,426.712104,10.701869,10.820813,4.295346,4.619524,false,1,2,true,false,6.328507,6.329297,6.328507,6.329297,0.597000,4.665000,3.025000,teleport_tsunami|teleport_tsunami,4|7,5|8,6.328507,6.329297,400-500,351-500,short_corrections_only
SITE1_P03,P03,SITE1,tsunami,A,3,11,2,P03_race_tsunami_A_11.csv,12,13,14,23,24,13:15:54.410,13:15:55.357,13:15:55.357,13:15:59.526,13:16:02.073,1031.900000,-123.700000,-1925.600000,660.800000,-122.800000,-2101.300000,755.600000,-119.400000,-2094.400000,662.600000,-121.100000,-2103.400000,410.591890,410.592876,323.782535,323.811087,95.050776,95.111566,2.765863,3.246537,false,3,4,true,false,93.842274,93.861516,54.811039,54.828916,0.814000,5.116000,2.547000,teleport_tsunami|teleport_tsunami|teleport_tsunami|teleport_tsunami,13|16|19|22,14|17|20|23,54.811039|32.967408|6.063827,54.828916|32.968773|6.063827,400-500,351-500,short_corrections_only
SITE1_P03,P03,SITE1,tsunami,A,3,11,3,P03_race_tsunami_A_11.csv,25,26,27,30,31,13:16:03.259,13:16:05.826,13:16:05.826,13:16:06.980,13:16:10.181,662.600000,-121.000000,-2103.500000,193.000000,-120.500000,-2075.600000,213.800000,-118.900000,-2080.400000,188.700000,-118.700000,-2077.100000,470.428071,470.428337,449.394092,449.398999,21.346663,21.406541,4.554119,4.896938,false,1,2,true,false,25.131056,25.131852,25.131056,25.131852,0.536000,3.721000,3.201000,teleport_tsunami|teleport_tsunami,26|29,27|30,25.131056,25.131852,400-500,351-500,short_corrections_only
SITE1_P03,P03,SITE1,tsunami,A,3,11,4,P03_race_tsunami_A_11.csv,32,33,34,37,38,13:16:11.547,13:16:14.302,13:16:14.302,13:16:15.982,13:16:18.101,188.700000,-118.700000,-2076.900000,207.800000,-130.500000,-1742.200000,210.000000,-128.900000,-1734.900000,206.800000,-128.900000,-1740.200000,335.244538,335.452143,342.662648,342.814425,7.624303,7.790379,2.236068,2.749545,false,1,2,true,false,5.968249,5.968249,5.968249,5.968249,1.146000,4.435000,2.119000,teleport_tsunami|teleport_tsunami,33|36,34|37,5.968249,5.968249,300-400,200-350,short_corrections_only
SITE1_P03,P03,SITE1,tsunami,A,3,11,5,P03_race_tsunami_A_11.csv,39,40,41,44,45,13:16:18.884,13:16:20.605,13:16:20.605,13:16:22.432,13:16:25.162,206.800000,-128.900000,-1740.200000,-221.000000,-110.700000,-1770.000000,-230.400000,-108.800000,-1769.500000,-224.900000,-109.000000,-1770.000000,428.836659,429.222693,438.180705,438.641471,9.413288,9.603124,3.900000,4.254409,false,1,2,true,false,5.643580,5.647123,5.643580,5.647123,0.768000,3.548000,2.730000,teleport_tsunami|teleport_tsunami,40|43,41|44,5.643580,5.647123,400-500,351-500,short_corrections_only
SITE1_P03,P03,SITE1,tsunami,A,3,11,6,P03_race_tsunami_A_11.csv,46,47,48,51,52,13:16:26.549,13:16:28.261,13:16:28.261,13:16:29.711,13:16:32.288,-224.800000,-108.900000,-1769.900000,-640.700000,-108.700000,-1512.100000,-617.600000,-107.000000,-1516.900000,-640.800000,-107.000000,-1514.400000,489.319579,489.319619,467.226754,467.230618,23.593431,23.654598,2.302173,2.861818,false,1,2,true,false,23.047126,23.047126,23.047126,23.047126,0.507000,3.162000,2.577000,teleport_tsunami|teleport_tsunami,47|50,48|51,23.047126,23.047126,400-500,351-500,short_corrections_only
SITE1_P03,P03,SITE1,tsunami,B,3,9,1,P03_race_tsunami_B_9.csv,3,4,5,8,9,13:13:29.335,13:13:31.950,13:13:31.950,13:13:34.936,13:13:39.529,-1587.600000,-148.100000,1834.200000,-1824.000000,-155.900000,2254.000000,-1831.100000,-154.500000,2268.200000,-1826.900000,-154.300000,2256.300000,481.785222,481.848358,497.642693,497.683845,15.876083,15.937691,3.701351,4.032369,false,1,2,true,false,12.619429,12.621014,12.619429,12.621014,1.495000,5.601000,4.593000,teleport_tsunami|teleport_tsunami,4|7,5|8,12.619429,12.621014,400-500,351-500,short_corrections_only
SITE1_P03,P03,SITE1,tsunami,B,3,9,2,P03_race_tsunami_B_9.csv,10,11,12,15,16,13:13:41.020,13:13:43.127,13:13:43.128,13:13:45.062,13:13:47.605,-1827.000000,-154.200000,2256.100000,-2183.500000,-156.800000,1969.600000,-2144.500000,-154.800000,2000.800000,-2185.700000,-155.100000,1965.900000,457.355988,457.363379,407.411757,407.412199,49.944369,49.984398,4.304649,4.628175,false,1,2,true,false,53.994907,53.995741,53.994907,53.995741,0.649000,4.042000,2.543000,teleport_tsunami|teleport_tsunami,11|14,12|15,53.994907,53.995741,400-500,351-500,short_corrections_only
SITE1_P03,P03,SITE1,tsunami,B,3,9,3,P03_race_tsunami_B_9.csv,18,19,20,23,24,13:13:53.286,13:13:55.094,13:13:55.094,13:13:56.934,13:13:59.166,-2185.800000,-155.100000,1966.100000,-2489.500000,-157.100000,2081.700000,-2475.100000,-155.400000,2070.400000,-2485.900000,-155.400000,2076.200000,324.956997,324.963152,307.527202,307.527348,18.304371,18.383144,6.573431,6.789698,false,1,2,true,false,12.211879,12.211879,12.211879,12.211879,0.583000,3.648000,2.232000,teleport_tsunami|teleport_tsunami,19|22,20|23,12.211879,12.211879,300-400,200-350,short_corrections_only
SITE1_P03,P03,SITE1,tsunami,B,3,9,4,P03_race_tsunami_B_9.csv,25,26,27,30,31,13:14:00.271,13:14:02.265,13:14:02.265,13:14:03.801,13:14:05.865,-2485.900000,-155.400000,2076.000000,-2630.000000,-156.100000,2448.000000,-2609.900000,-154.400000,2421.700000,-2627.500000,-154.400000,2441.900000,398.934594,398.935208,367.266239,367.267600,33.101359,33.144985,6.592420,6.808083,false,1,2,true,false,26.726204,26.726204,26.726204,26.726204,0.546000,3.530000,2.064000,teleport_tsunami|teleport_tsunami,26|29,27|30,26.726204,26.726204,300-400,351-500,short_corrections_only
SITE1_P03,P03,SITE1,tsunami,B,3,9,5,P03_race_tsunami_B_9.csv,32,33,34,40,41,13:14:07.231,13:14:08.935,13:14:08.935,13:14:12.107,13:14:14.119,-2627.400000,-154.400000,2442.000000,-2978.700000,-155.900000,2306.500000,-2775.800000,-155.000000,2379.600000,-2977.200000,-154.100000,2303.400000,376.526148,376.529136,160.985465,160.986583,215.666455,215.668333,3.443835,3.885872,false,2,3,false,true,215.578281,215.581485,209.457824,209.460211,0.512000,4.876000,2.012000,teleport_tsunami|teleport_tsunami|teleport_tsunami,33|36|39,34|37|40,209.457824|6.120457,209.460211|6.121274,300-400,351-500,contains_correction_at_least_100m
SITE1_P03,P03,SITE1,tsunami,B,3,9,6,P03_race_tsunami_B_9.csv,42,43,44,50,51,13:14:15.374,13:14:17.506,13:14:17.507,13:14:21.544,13:14:24.060,-2977.300000,-154.100000,2303.100000,-2999.000000,-156.000000,1931.000000,-2998.600000,-154.300000,1908.800000,-2999.700000,-154.300000,1930.800000,372.732210,372.737052,394.874892,394.874942,22.203603,22.268588,0.728011,1.849324,false,2,3,true,false,22.032127,22.032494,13.629747,13.630114,1.099000,6.170000,2.516000,teleport_tsunami|teleport_tsunami|teleport_tsunami,43|46|49,44|47|50,13.629747|8.402381,13.630114|8.402381,300-400,351-500,short_corrections_only
SITE1_P03,P03,SITE1,tsunami,C,3,10,1,P03_race_tsunami_C_10.csv,3,4,5,11,12,13:14:35.077,13:14:36.460,13:14:36.460,13:14:38.970,13:14:40.921,-2003.500000,-141.800000,179.600000,-2299.700000,-147.700000,56.800000,-2279.100000,-145.900000,62.300000,-2298.700000,-146.100000,54.800000,320.646659,320.700935,299.524039,299.552099,21.321585,21.397430,2.236068,2.749545,false,2,3,true,false,20.987493,20.988661,14.996666,14.997000,0.581000,3.893000,1.951000,teleport_tsunami|teleport_tsunami|teleport_tsunami,4|7|10,5|8|11,14.996666|5.990826,14.997000|5.991661,300-400,200-350,short_corrections_only
SITE1_P03,P03,SITE1,tsunami,C,3,10,2,P03_race_tsunami_C_10.csv,13,14,15,18,19,13:14:42.089,13:14:43.357,13:14:43.357,13:14:44.812,13:14:46.381,-2298.500000,-146.100000,54.600000,-2303.900000,-147.000000,-387.200000,-2310.000000,-145.100000,-363.000000,-2305.800000,-145.200000,-382.800000,441.833000,441.833917,417.758315,417.759512,24.956963,25.029183,4.792703,5.119570,false,1,2,true,false,20.200000,20.200248,20.200000,20.200248,0.488000,2.723000,1.569000,teleport_tsunami|teleport_tsunami,14|17,15|18,20.200000,20.200248,400-500,351-500,short_corrections_only
SITE1_P03,P03,SITE1,tsunami,C,3,10,3,P03_race_tsunami_C_10.csv,20,21,22,22,23,13:14:47.306,13:14:48.956,13:14:48.956,13:14:48.956,13:14:51.059,-2306.000000,-145.200000,-382.600000,-1943.900000,-143.600000,-367.100000,-1947.100000,-142.200000,-372.600000,-1947.100000,-142.200000,-372.600000,362.431594,362.435125,359.039288,359.051821,6.363175,6.515366,6.363175,6.515366,true,0,1,true,false,0.000000,0.000000,0.000000,0.000000,,1.650000,2.103000,teleport_tsunami,21,22,,,300-400,351-500,direct_hit
SITE1_P03,P03,SITE1,tsunami,C,3,10,4,P03_race_tsunami_C_10.csv,24,25,26,29,30,13:14:51.926,13:14:54.121,13:14:54.121,13:14:55.692,13:14:58.714,-1947.000000,-142.200000,-372.700000,-2025.000000,-148.600000,-798.000000,-2018.200000,-147.100000,-773.700000,-2023.900000,-146.900000,-797.200000,432.393444,432.440805,407.271948,407.301424,25.233509,25.278054,1.360147,2.177154,false,1,2,true,false,24.084227,24.085058,24.084227,24.085058,0.493000,3.766000,3.022000,teleport_tsunami|teleport_tsunami,25|28,26|29,24.084227,24.085058,400-500,351-500,short_corrections_only
SITE1_P03,P03,SITE1,tsunami,C,3,10,5,P03_race_tsunami_C_10.csv,38,39,40,43,44,13:15:05.463,13:15:08.181,13:15:08.181,13:15:09.501,13:15:11.052,-1956.100000,-142.200000,-942.800000,-1819.400000,-140.800000,-1190.000000,-1830.200000,-139.200000,-1173.400000,-1819.400000,-139.100000,-1192.200000,282.479610,282.483079,262.730223,262.747350,19.804040,19.868568,2.200000,2.780288,false,1,2,true,false,21.681328,21.681559,21.681328,21.681559,0.480000,4.038000,1.551000,teleport_tsunami|teleport_tsunami,39|42,40|43,21.681328,21.681559,200-300,200-350,short_corrections_only
SITE1_P03,P03,SITE1,tsunami,C,3,10,6,P03_race_tsunami_C_10.csv,46,47,48,54,55,13:15:17.546,13:15:19.395,13:15:19.395,13:15:23.437,13:15:26.685,-1819.500000,-139.100000,-1192.300000,-1375.200000,-127.000000,-1014.300000,-1308.500000,-123.400000,-996.600000,-1371.300000,-125.400000,-1016.800000,478.629805,478.782727,547.192370,547.417555,69.008550,69.102388,4.632494,4.901020,false,2,3,true,false,65.968909,65.997461,57.998966,58.026890,1.395000,5.891000,3.248000,teleport_tsunami|teleport_tsunami|teleport_tsunami,47|50|53,48|51|54,57.998966|7.969944,58.026890|7.970571,400-500,351-500,short_corrections_only
SITE1_P04,P04,SITE1,map,A,1,1,1,P04_race_map_A_1.csv,3,4,5,8,9,14:09:21.313,14:09:25.082,14:09:25.082,14:09:33.158,14:09:40.858,1364.600000,-136.900000,-2182.500000,1036.100000,-125.400000,-1926.600000,1365.900000,-137.800000,-2172.200000,1037.700000,-123.800000,-1927.800000,416.409726,416.568494,10.381715,10.420653,411.202383,411.389305,2.000000,2.561250,false,1,2,false,true,401.943105,402.183379,401.943105,402.183379,1.989000,11.845000,7.700000,teleport_map|teleport_map,4|7,5|8,401.943105,402.183379,400-500,351-500,contains_correction_at_least_100m
SITE1_P04,P04,SITE1,map,A,1,1,2,P04_race_map_A_1.csv,10,11,12,12,13,14:09:42.149,14:09:45.600,14:09:45.600,14:09:45.600,14:09:50.792,1037.900000,-123.800000,-1927.700000,660.800000,-122.800000,-2101.300000,663.800000,-121.100000,-2100.200000,663.800000,-121.100000,-2100.200000,415.140181,415.141386,409.035756,409.044020,3.195309,3.619392,3.195309,3.619392,true,0,1,true,false,0.000000,0.000000,0.000000,0.000000,,3.451000,5.192000,teleport_map,11,12,,,400-500,351-500,direct_hit
SITE1_P04,P04,SITE1,map,A,1,1,3,P04_race_map_A_1.csv,14,15,16,16,17,14:09:51.801,14:09:55.713,14:09:55.714,14:09:55.714,14:09:59.869,663.800000,-121.100000,-2100.200000,193.000000,-120.500000,-2075.600000,196.700000,-118.900000,-2075.900000,196.700000,-118.900000,-2075.900000,471.442255,471.442637,459.536549,459.541815,3.712142,4.042277,3.712142,4.042277,true,0,1,true,false,0.000000,0.000000,0.000000,0.000000,,3.913000,4.155000,teleport_map,15,16,,,400-500,351-500,direct_hit
SITE1_P04,P04,SITE1,map,A,1,1,4,P04_race_map_A_1.csv,19,20,21,21,22,14:10:01.691,14:10:04.231,14:10:04.231,14:10:04.231,14:10:09.033,196.600000,-118.900000,-2075.900000,207.800000,-130.500000,-1742.200000,210.000000,-128.900000,-1742.700000,210.000000,-128.900000,-1742.700000,333.887900,334.089344,331.915366,332.062976,2.256103,2.765863,2.256103,2.765863,true,0,1,true,false,0.000000,0.000000,0.000000,0.000000,,2.540000,4.802000,teleport_map,20,21,,,300-400,200-350,direct_hit
SITE1_P04,P04,SITE1,map,A,1,1,5,P04_race_map_A_1.csv,23,24,25,25,26,14:10:09.690,14:10:12.595,14:10:12.595,14:10:12.595,14:10:16.012,210.000000,-128.900000,-1742.800000,-221.000000,-110.700000,-1770.000000,-219.400000,-109.100000,-1772.000000,-219.400000,-109.100000,-1772.000000,431.857430,432.240766,430.398478,430.853676,2.561250,3.019934,2.561250,3.019934,true,0,1,true,false,0.000000,0.000000,0.000000,0.000000,,2.905000,3.417000,teleport_map,24,25,,,400-500,351-500,direct_hit
SITE1_P04,P04,SITE1,map,A,1,1,6,P04_race_map_A_1.csv,27,28,29,29,30,14:10:16.543,14:10:18.981,14:10:18.981,14:10:18.981,14:10:20.917,-219.300000,-109.100000,-1772.000000,-640.700000,-108.700000,-1512.100000,-636.900000,-107.100000,-1511.700000,-636.900000,-107.100000,-1511.700000,495.101979,495.102141,492.083174,492.087238,3.820995,4.142463,3.820995,4.142463,true,0,1,true,false,0.000000,0.000000,0.000000,0.000000,,2.438000,1.936000,teleport_map,28,29,,,400-500,351-500,direct_hit
SITE1_P04,P04,SITE1,map,B,1,2,1,P04_race_map_B_2.csv,3,4,5,5,6,14:10:59.382,14:11:01.688,14:11:01.688,14:11:01.688,14:11:04.185,-1587.600000,-148.200000,1834.000000,-1824.000000,-155.900000,2254.000000,-1822.800000,-154.400000,2256.700000,-1822.800000,-154.400000,2256.700000,481.959500,482.021006,483.729604,483.769336,2.954657,3.313608,2.954657,3.313608,true,0,1,true,false,0.000000,0.000000,0.000000,0.000000,,2.306000,2.497000,teleport_map,4,5,,,400-500,351-500,direct_hit
SITE1_P04,P04,SITE1,map,B,1,2,2,P04_race_map_B_2.csv,7,8,9,9,10,14:11:04.735,14:11:07.552,14:11:07.552,14:11:07.552,14:11:09.711,-1822.800000,-154.400000,2256.700000,-2183.500000,-156.800000,1969.600000,-2183.000000,-155.100000,1970.100000,-2183.000000,-155.100000,1970.100000,461.010737,461.016985,460.573230,460.573762,0.707107,1.841195,0.707107,1.841195,true,0,1,true,false,0.000000,0.000000,0.000000,0.000000,,2.817000,2.159000,teleport_map,8,9,,,400-500,351-500,direct_hit
SITE1_P04,P04,SITE1,map,B,1,2,3,P04_race_map_B_2.csv,11,12,13,13,14,14:11:10.438,14:11:12.494,14:11:12.494,14:11:12.494,14:11:15.517,-2183.000000,-155.100000,1969.900000,-2489.500000,-157.100000,2081.700000,-2493.200000,-155.500000,2078.700000,-2493.200000,-155.500000,2078.700000,326.253720,326.259850,328.693976,328.694220,4.763402,5.024938,4.763402,5.024938,true,0,1,true,false,0.000000,0.000000,0.000000,0.000000,,2.056000,3.023000,teleport_map,12,13,,,300-400,200-350,direct_hit
SITE1_P04,P04,SITE1,map,B,1,2,4,P04_race_map_B_2.csv,15,16,17,17,18,14:11:16.136,14:11:18.834,14:11:18.834,14:11:18.834,14:11:20.622,-2493.200000,-155.500000,2078.800000,-2630.000000,-156.100000,2448.000000,-2627.900000,-154.500000,2446.300000,-2627.900000,-154.500000,2446.300000,393.729450,393.729907,391.442576,391.443853,2.701851,3.140064,2.701851,3.140064,true,0,1,true,false,0.000000,0.000000,0.000000,0.000000,,2.698000,1.788000,teleport_map,16,17,,,300-400,351-500,direct_hit
SITE1_P04,P04,SITE1,map,B,1,2,5,P04_race_map_B_2.csv,19,20,21,21,22,14:11:21.287,14:11:23.601,14:11:23.601,14:11:23.601,14:11:25.328,-2628.100000,-154.500000,2446.100000,-2978.700000,-155.900000,2306.500000,-2976.100000,-154.200000,2307.000000,-2976.100000,-154.200000,2307.000000,377.370534,377.373131,374.900320,374.900440,2.647640,3.146427,2.647640,3.146427,true,0,1,true,false,0.000000,0.000000,0.000000,0.000000,,2.314000,1.727000,teleport_map,20,21,,,300-400,351-500,direct_hit
SITE1_P04,P04,SITE1,map,B,1,2,6,P04_race_map_B_2.csv,23,24,25,25,26,14:11:25.873,14:11:29.074,14:11:29.075,14:11:29.075,14:11:31.037,-2976.200000,-154.200000,2306.900000,-2999.000000,-156.000000,1931.000000,-2994.200000,-154.500000,1928.200000,-2994.200000,-154.500000,1928.200000,376.590826,376.595127,379.327312,379.327431,5.556978,5.755867,5.556978,5.755867,true,0,1,true,false,0.000000,0.000000,0.000000,0.000000,,3.202000,1.962000,teleport_map,24,25,,,300-400,351-500,direct_hit
SITE1_P04,P04,SITE1,map,C,1,3,1,P04_race_map_C_3.csv,3,4,5,5,6,14:12:32.453,14:12:36.334,14:12:36.334,14:12:36.334,14:12:39.288,-2003.100000,-141.900000,179.600000,-2299.700000,-147.700000,56.800000,-2296.500000,-146.100000,59.200000,-2296.500000,-146.100000,59.200000,321.016199,321.068591,317.126552,317.154363,4.000000,4.308132,4.000000,4.308132,true,0,1,true,false,0.000000,0.000000,0.000000,0.000000,,3.881000,2.954000,teleport_map,4,5,,,300-400,200-350,direct_hit
SITE1_P04,P04,SITE1,map,C,1,3,2,P04_race_map_C_3.csv,7,8,9,9,10,14:12:40.226,14:12:44.902,14:12:44.902,14:12:44.902,14:12:50.104,-2296.500000,-146.200000,59.200000,-2303.900000,-147.000000,-387.200000,-2303.400000,-145.400000,-390.100000,-2303.400000,-145.400000,-390.100000,446.461331,446.462048,449.454514,449.455059,2.942788,3.349627,2.942788,3.349627,true,0,1,true,false,0.000000,0.000000,0.000000,0.000000,,4.676000,5.202000,teleport_map,8,9,,,400-500,351-500,direct_hit
SITE1_P04,P04,SITE1,map,C,1,3,3,P04_race_map_C_3.csv,11,12,13,13,14,14:12:50.682,14:12:57.057,14:12:57.058,14:12:57.058,14:13:05.995,-2303.400000,-145.400000,-390.400000,-1943.900000,-143.600000,-367.100000,-1944.000000,-142.100000,-371.000000,-1944.000000,-142.100000,-371.000000,360.254271,360.258768,359.745299,359.760434,3.901282,4.179713,3.901282,4.179713,true,0,1,true,false,0.000000,0.000000,0.000000,0.000000,,6.376000,8.937000,teleport_map,12,13,,,300-400,351-500,direct_hit
SITE1_P04,P04,SITE1,map,C,1,3,4,P04_race_map_C_3.csv,15,16,17,17,18,14:13:06.800,14:13:08.984,14:13:08.984,14:13:08.984,14:13:11.649,-1944.200000,-142.100000,-370.800000,-2025.000000,-148.600000,-798.000000,-2024.600000,-146.900000,-800.900000,-2024.600000,-146.900000,-800.900000,434.774056,434.822642,437.648489,437.674811,2.927456,3.385262,2.927456,3.385262,true,0,1,true,false,0.000000,0.000000,0.000000,0.000000,,2.184000,2.665000,teleport_map,16,17,,,400-500,351-500,direct_hit
SITE1_P04,P04,SITE1,map,C,1,3,5,P04_race_map_C_3.csv,19,20,21,21,22,14:13:12.298,14:13:14.923,14:13:14.923,14:13:14.923,14:13:17.099,-2024.600000,-146.900000,-800.900000,-1819.400000,-140.800000,-1190.000000,-1814.900000,-138.900000,-1192.300000,-1814.900000,-138.900000,-1192.300000,439.892998,439.935291,444.077032,444.149085,5.053712,5.399074,5.053712,5.399074,true,0,1,true,false,0.000000,0.000000,0.000000,0.000000,,2.625000,2.176000,teleport_map,20,21,,,400-500,351-500,direct_hit
SITE1_P04,P04,SITE1,map,C,1,3,6,P04_race_map_C_3.csv,23,24,25,25,26,14:13:17.906,14:13:23.517,14:13:23.517,14:13:23.517,14:13:25.497,-1814.900000,-138.900000,-1192.300000,-1375.200000,-127.000000,-1014.300000,-1371.000000,-125.400000,-1017.400000,-1371.000000,-125.400000,-1017.400000,474.362825,474.512065,477.465863,477.653860,5.220153,5.459853,5.220153,5.459853,true,0,1,true,false,0.000000,0.000000,0.000000,0.000000,,5.611000,1.980000,teleport_map,24,25,,,400-500,351-500,direct_hit
SITE1_P04,P04,SITE1,tsunami,A,2,7,1,P04_race_tsunami_A_7.csv,3,4,5,8,9,14:25:56.579,14:25:58.749,14:25:58.749,14:26:00.386,14:26:03.159,1364.500000,-136.900000,-2182.400000,1036.100000,-125.400000,-1926.600000,1048.700000,-123.900000,-1939.400000,1036.200000,-123.800000,-1928.600000,416.269384,416.428205,398.470375,398.682380,17.961069,18.023596,2.002498,2.563201,false,1,2,true,false,16.454179,16.454483,16.454179,16.454483,0.591000,3.807000,2.773000,teleport_tsunami|teleport_tsunami,4|7,5|8,16.454179,16.454483,400-500,351-500,short_corrections_only
SITE1_P04,P04,SITE1,tsunami,A,2,7,2,P04_race_tsunami_A_7.csv,10,11,12,15,16,14:26:03.826,14:26:07.205,14:26:07.206,14:26:09.241,14:26:11.632,1036.300000,-123.800000,-1928.800000,660.800000,-122.800000,-2101.300000,642.800000,-119.600000,-2120.000000,657.900000,-121.100000,-2102.900000,413.226935,413.228145,437.492503,437.512663,25.955539,26.152055,3.312099,3.722902,false,1,2,true,false,22.737854,22.780913,22.737854,22.780913,0.866000,5.415000,2.391000,teleport_tsunami|teleport_tsunami,11|14,12|15,22.737854,22.780913,400-500,351-500,short_corrections_only
SITE1_P04,P04,SITE1,tsunami,A,2,7,3,P04_race_tsunami_A_7.csv,18,19,20,23,24,14:26:16.405,14:26:18.267,14:26:18.268,14:26:20.035,14:26:22.216,657.900000,-121.100000,-2103.100000,193.000000,-120.500000,-2075.600000,217.600000,-118.000000,-2100.500000,195.500000,-118.800000,-2080.000000,465.712637,465.713023,440.307677,440.318589,35.002428,35.091594,5.060632,5.338539,false,1,2,true,false,30.076070,30.086708,30.076070,30.086708,0.577000,3.630000,2.181000,teleport_tsunami|teleport_tsunami,19|22,20|23,30.076070,30.086708,400-500,351-500,short_corrections_only
SITE1_P04,P04,SITE1,tsunami,A,2,7,4,P04_race_tsunami_A_7.csv,25,26,27,30,31,14:26:23.136,14:26:25.816,14:26:25.816,14:26:27.038,14:26:29.608,195.700000,-118.700000,-2079.800000,207.800000,-130.500000,-1742.200000,210.300000,-128.500000,-1760.700000,207.600000,-128.900000,-1745.100000,337.816770,338.022795,319.433827,319.584120,18.668155,18.774983,2.906888,3.318132,false,1,2,true,false,15.815183,15.818028,15.815183,15.818028,0.668000,3.902000,2.570000,teleport_tsunami|teleport_tsunami,26|29,27|30,15.815183,15.818028,300-400,200-350,short_corrections_only
SITE1_P04,P04,SITE1,tsunami,A,2,7,5,P04_race_tsunami_A_7.csv,32,33,34,37,38,14:26:30.233,14:26:32.897,14:26:32.897,14:26:34.486,14:26:36.937,207.500000,-128.800000,-1745.100000,-221.000000,-110.700000,-1770.000000,-195.500000,-110.000000,-1768.500000,-219.800000,-109.200000,-1770.400000,429.222856,429.604318,403.678783,404.116320,25.544080,25.553669,1.264911,1.962142,false,1,2,true,false,24.274472,24.287651,24.274472,24.287651,0.440000,4.253000,2.451000,teleport_tsunami|teleport_tsunami,33|36,34|37,24.274472,24.287651,400-500,351-500,short_corrections_only
SITE1_P04,P04,SITE1,tsunami,A,2,7,6,P04_race_tsunami_A_7.csv,39,40,41,41,42,14:26:37.507,14:26:39.914,14:26:39.914,14:26:39.914,14:26:41.154,-219.800000,-109.200000,-1770.300000,-640.700000,-108.700000,-1512.100000,-647.300000,-107.100000,-1510.200000,-647.300000,-107.100000,-1510.200000,493.785429,493.785682,500.408093,500.412500,6.868042,7.051950,6.868042,7.051950,true,0,1,true,false,0.000000,0.000000,0.000000,0.000000,,2.407000,1.240000,teleport_tsunami,40,41,,,400-500,351-500,direct_hit
SITE1_P04,P04,SITE1,tsunami,B,2,5,1,P04_race_tsunami_B_5.csv,3,4,5,5,6,14:23:29.229,14:23:31.328,14:23:31.328,14:23:31.328,14:23:33.052,-1587.400000,-148.100000,1834.200000,-1824.000000,-155.900000,2254.000000,-1825.200000,-154.300000,2256.900000,-1825.200000,-154.300000,2256.900000,481.883388,481.946512,484.999103,485.038730,3.138471,3.522783,3.138471,3.522783,true,0,1,true,false,0.000000,0.000000,0.000000,0.000000,,2.099000,1.724000,teleport_tsunami,4,5,,,400-500,351-500,direct_hit
SITE1_P04,P04,SITE1,tsunami,B,2,5,2,P04_race_tsunami_B_5.csv,7,8,9,12,13,14:23:33.726,14:23:37.318,14:23:37.318,14:23:39.476,14:23:44.086,-1825.200000,-154.300000,2256.700000,-2183.500000,-156.800000,1969.600000,-2196.700000,-155.100000,1971.100000,-2182.300000,-155.100000,1967.500000,459.135383,459.142189,468.593224,468.593907,13.284954,13.393282,2.418677,2.956349,false,1,2,true,false,14.796283,14.796621,14.796283,14.796621,1.006000,5.750000,4.610000,teleport_tsunami|teleport_tsunami,8|11,9|12,14.796283,14.796621,400-500,351-500,short_corrections_only
SITE1_P04,P04,SITE1,tsunami,B,2,5,3,P04_race_tsunami_B_5.csv,14,15,16,19,20,14:23:44.984,14:23:48.511,14:23:48.511,14:23:50.824,14:23:55.040,-2182.800000,-155.100000,1967.400000,-2489.500000,-157.100000,2081.700000,-2500.100000,-155.400000,2085.800000,-2492.400000,-155.400000,2082.300000,327.306248,327.312358,338.670710,338.670843,11.365298,11.491736,2.961419,3.414674,false,1,2,true,false,8.052950,8.053571,8.052950,8.053571,1.294000,5.840000,4.216000,teleport_tsunami|teleport_tsunami,15|18,16|19,8.052950,8.053571,300-400,200-350,short_corrections_only
SITE1_P04,P04,SITE1,tsunami,B,2,5,4,P04_race_tsunami_B_5.csv,22,23,24,27,28,14:24:04.799,14:24:06.376,14:24:06.376,14:24:07.428,14:24:14.125,-2492.700000,-155.400000,2081.900000,-2630.000000,-156.100000,2448.000000,-2624.300000,-154.400000,2438.700000,-2631.600000,-154.500000,2447.800000,390.999361,390.999987,380.295674,380.296989,10.907795,11.039475,1.612452,2.271563,false,1,2,true,false,11.300442,11.300885,11.300442,11.300885,0.640000,2.629000,6.697000,teleport_tsunami|teleport_tsunami,23|26,24|27,11.300442,11.300885,300-400,351-500,short_corrections_only
SITE1_P04,P04,SITE1,tsunami,B,2,5,5,P04_race_tsunami_B_5.csv,29,30,31,37,38,14:24:14.961,14:24:17.572,14:24:17.573,14:24:21.846,14:24:24.972,-2631.500000,-154.500000,2447.800000,-2978.700000,-155.900000,2306.500000,-2918.600000,-153.500000,2315.100000,-2981.100000,-154.300000,2305.400000,374.851344,374.853958,316.284208,316.285788,60.712190,60.759608,2.640076,3.087070,false,2,3,true,false,83.518601,83.523456,73.276531,73.280898,0.537000,6.885000,3.126000,teleport_tsunami|teleport_tsunami|teleport_tsunami,30|33|36,31|34|37,73.276531|10.242070,73.280898|10.242558,300-400,351-500,short_corrections_only
SITE1_P04,P04,SITE1,tsunami,B,2,5,6,P04_race_tsunami_B_5.csv,39,40,41,41,42,14:24:25.916,14:24:28.663,14:24:28.663,14:24:28.663,14:24:31.143,-2981.100000,-154.300000,2305.400000,-2999.000000,-156.000000,1931.000000,-3000.300000,-154.300000,1928.700000,-3000.300000,-154.300000,1928.700000,374.827654,374.831509,377.089114,377.089114,2.641969,3.141656,2.641969,3.141656,true,0,1,true,false,0.000000,0.000000,0.000000,0.000000,,2.747000,2.480000,teleport_tsunami,40,41,,,300-400,351-500,direct_hit
SITE1_P04,P04,SITE1,tsunami,C,2,6,1,P04_race_tsunami_C_6.csv,3,4,5,11,12,14:24:48.808,14:24:51.310,14:24:51.310,14:24:55.381,14:24:57.562,-2003.200000,-141.800000,179.600000,-2299.700000,-147.700000,56.800000,-2319.800000,-146.000000,50.500000,-2298.300000,-146.200000,55.100000,320.923807,320.978037,341.909886,341.935681,21.064188,21.132676,2.202272,2.664583,false,2,3,true,false,32.428767,32.429895,27.128767,27.128951,0.867000,6.573000,2.181000,teleport_tsunami|teleport_tsunami|teleport_tsunami,4|7|10,5|8|11,27.128767|5.300000,27.128951|5.300943,300-400,200-350,short_corrections_only
SITE1_P04,P04,SITE1,tsunami,C,2,6,2,P04_race_tsunami_C_6.csv,13,14,15,18,19,14:24:58.388,14:25:00.999,14:25:00.999,14:25:03.382,14:25:05.789,-2298.200000,-146.200000,55.100000,-2303.900000,-147.000000,-387.200000,-2304.800000,-145.400000,-398.900000,-2306.700000,-145.400000,-390.200000,442.336727,442.337450,454.047971,454.048676,11.734564,11.843141,4.103657,4.404543,false,1,2,true,false,8.807383,8.807951,8.807383,8.807951,1.107000,4.994000,2.407000,teleport_tsunami|teleport_tsunami,14|17,15|18,8.807383,8.807951,400-500,351-500,short_corrections_only
SITE1_P04,P04,SITE1,tsunami,C,2,6,3,P04_race_tsunami_C_6.csv,20,21,22,25,26,14:25:07.492,14:25:09.991,14:25:09.991,14:25:11.121,14:25:13.433,-2306.800000,-145.400000,-390.100000,-1943.900000,-143.600000,-367.100000,-1956.300000,-142.500000,-367.800000,-1946.400000,-142.000000,-368.300000,363.628120,363.632576,351.208684,351.220657,12.419742,12.468360,2.773085,3.201562,false,1,2,true,false,9.912618,9.925220,9.912618,9.925220,0.736000,3.629000,2.312000,teleport_tsunami|teleport_tsunami,21|24,22|25,9.912618,9.925220,300-400,351-500,short_corrections_only
SITE1_P04,P04,SITE1,tsunami,C,2,6,4,P04_race_tsunami_C_6.csv,27,28,29,32,33,14:25:14.096,14:25:17.130,14:25:17.130,14:25:19.445,14:25:21.541,-1946.400000,-142.000000,-368.300000,-2025.000000,-148.600000,-798.000000,-2024.800000,-146.700000,-807.200000,-2027.200000,-146.900000,-802.500000,436.829543,436.879400,445.847250,445.872022,9.202174,9.396276,5.008992,5.289612,false,1,2,true,false,5.277310,5.278257,5.277310,5.278257,1.193000,5.349000,2.096000,teleport_tsunami|teleport_tsunami,28|31,29|32,5.277310,5.278257,400-500,351-500,short_corrections_only
SITE1_P04,P04,SITE1,tsunami,C,2,6,5,P04_race_tsunami_C_6.csv,34,35,36,39,40,14:25:22.489,14:25:25.774,14:25:25.774,14:25:26.779,14:25:29.321,-2027.300000,-146.800000,-802.700000,-1819.400000,-140.800000,-1190.000000,-1822.600000,-139.100000,-1182.400000,-1821.900000,-139.200000,-1188.600000,439.572178,439.613125,431.363165,431.431883,8.246211,8.419620,2.865310,3.281768,false,1,2,true,false,6.350591,6.351378,6.350591,6.351378,0.628000,4.290000,2.542000,teleport_tsunami|teleport_tsunami,35|38,36|39,6.350591,6.351378,400-500,351-500,short_corrections_only
SITE1_P04,P04,SITE1,tsunami,C,2,6,6,P04_race_tsunami_C_6.csv,43,44,45,48,49,14:25:35.535,14:25:37.116,14:25:37.117,14:25:38.397,14:25:40.970,-1821.800000,-139.100000,-1188.500000,-1375.200000,-127.000000,-1014.300000,-1379.100000,-125.300000,-1007.900000,-1376.800000,-125.400000,-1013.900000,479.371672,479.524358,478.120957,478.320071,7.494665,7.685050,1.649242,2.297825,false,1,2,true,false,6.462198,6.462198,6.462198,6.462198,0.763000,2.862000,2.573000,teleport_tsunami|teleport_tsunami,44|47,45|48,6.462198,6.462198,400-500,351-500,short_corrections_only
SITE1_P05,P05,SITE1,map,A,1,3,1,P05_race_map_A_3.csv,3,4,5,5,6,10:02:58.571,10:03:01.136,10:03:01.136,10:03:01.136,10:03:02.712,1364.500000,-136.900000,-2182.300000,1036.100000,-125.400000,-1926.600000,1040.900000,-124.000000,-1929.500000,1040.900000,-124.000000,-1929.500000,416.207941,416.366785,410.639501,410.842074,5.608030,5.780138,5.608030,5.780138,true,0,1,true,false,0.000000,0.000000,0.000000,0.000000,,2.565000,1.576000,teleport_map,4,5,,,400-500,351-500,direct_hit
SITE1_P05,P05,SITE1,map,A,1,3,2,P05_race_map_A_3.csv,7,8,9,9,10,10:03:03.142,10:03:05.294,10:03:05.294,10:03:05.294,10:03:07.523,1040.900000,-124.100000,-1929.500000,660.800000,-122.800000,-2101.300000,663.100000,-121.300000,-2104.800000,663.100000,-121.300000,-2104.800000,417.122584,417.124610,416.488811,416.497563,4.188078,4.448595,4.188078,4.448595,true,0,1,true,false,0.000000,0.000000,0.000000,0.000000,,2.152000,2.229000,teleport_map,8,9,,,400-500,351-500,direct_hit
SITE1_P05,P05,SITE1,map,A,1,3,3,P05_race_map_A_3.csv,11,12,13,13,14,10:03:07.827,10:03:10.125,10:03:10.125,10:03:10.125,10:03:16.822,663.100000,-121.300000,-2104.800000,193.000000,-120.500000,-2075.600000,192.500000,-119.400000,-2070.500000,192.500000,-119.400000,-2070.500000,471.005998,471.006677,471.748598,471.752032,5.124451,5.241183,5.124451,5.241183,true,0,1,true,false,0.000000,0.000000,0.000000,0.000000,,2.298000,6.697000,teleport_map,12,13,,,400-500,351-500,direct_hit
SITE1_P05,P05,SITE1,map,A,1,3,4,P05_race_map_A_3.csv,15,16,17,17,18,10:03:17.466,10:03:19.657,10:03:19.657,10:03:19.657,10:03:22.321,192.600000,-119.400000,-2070.500000,207.800000,-130.500000,-1742.200000,208.100000,-129.200000,-1739.100000,208.100000,-129.200000,-1739.100000,328.651685,328.839079,316.013054,316.152827,3.114482,3.374907,3.114482,3.374907,true,0,1,true,false,0.000000,0.000000,0.000000,0.000000,,2.191000,2.664000,teleport_map,16,17,,,300-400,200-350,direct_hit
SITE1_P05,P05,SITE1,map,A,1,3,5,P05_race_map_A_3.csv,19,20,21,21,22,10:03:22.661,10:03:25.137,10:03:25.137,10:03:25.137,10:03:27.100,208.100000,-129.200000,-1739.100000,-221.000000,-110.700000,-1770.000000,-218.700000,-109.500000,-1765.700000,-218.700000,-109.500000,-1765.700000,430.211134,430.608720,427.628109,428.081639,4.876474,5.021952,4.876474,5.021952,true,0,1,true,false,0.000000,0.000000,0.000000,0.000000,,2.476000,1.963000,teleport_map,20,21,,,400-500,351-500,direct_hit
SITE1_P05,P05,SITE1,map,A,1,3,6,P05_race_map_A_3.csv,23,24,25,25,26,10:03:28.095,10:03:30.304,10:03:30.305,10:03:30.305,10:03:40.447,-218.700000,-109.500000,-1765.800000,-640.700000,-108.700000,-1512.100000,-642.600000,-107.200000,-1514.800000,-642.600000,-107.200000,-1514.800000,492.389774,492.390424,513.719768,513.722921,3.301515,3.626293,3.301515,3.626293,true,0,1,true,false,0.000000,0.000000,0.000000,0.000000,,2.210000,10.142000,teleport_map,24,25,,,400-500,351-500,direct_hit
SITE1_P05,P05,SITE1,map,B,1,1,1,P05_race_map_B_1.csv,3,4,5,5,6,10:01:00.147,10:01:03.295,10:01:03.295,10:01:03.295,10:01:08.063,-1587.500000,-148.200000,1834.200000,-1824.000000,-155.900000,2254.000000,-1821.600000,-154.600000,2254.100000,-1821.600000,-154.600000,2254.100000,481.834297,481.895819,475.867597,475.911988,2.402082,2.731300,2.402082,2.731300,true,0,1,true,false,0.000000,0.000000,0.000000,0.000000,,3.148000,4.768000,teleport_map,4,5,,,400-500,351-500,direct_hit
SITE1_P05,P05,SITE1,map,B,1,1,2,P05_race_map_B_1.csv,7,8,9,9,10,10:01:09.565,10:01:13.094,10:01:13.094,10:01:13.094,10:01:20.466,-1821.700000,-154.700000,2254.100000,-2183.500000,-156.800000,1969.600000,-2185.400000,-155.400000,1969.200000,-2185.400000,-155.400000,1969.200000,460.260242,460.265032,466.078116,466.078641,1.941649,2.393742,1.941649,2.393742,true,0,1,true,false,0.000000,0.000000,0.000000,0.000000,,3.529000,7.372000,teleport_map,8,9,,,400-500,351-500,direct_hit
SITE1_P05,P05,SITE1,map,B,1,1,3,P05_race_map_B_1.csv,11,12,13,13,14,10:01:22.317,10:01:25.804,10:01:25.804,10:01:25.804,10:01:27.475,-2185.400000,-155.400000,1969.200000,-2489.500000,-157.100000,2081.700000,-2491.700000,-155.700000,2081.300000,-2491.700000,-155.700000,2081.300000,324.242286,324.246742,326.168821,326.168959,2.236068,2.638181,2.236068,2.638181,true,0,1,true,false,0.000000,0.000000,0.000000,0.000000,,3.487000,1.671000,teleport_map,12,13,,,300-400,200-350,direct_hit
SITE1_P05,P05,SITE1,map,B,1,1,4,P05_race_map_B_1.csv,15,16,17,17,18,10:01:28.591,10:01:31.669,10:01:31.669,10:01:31.669,10:01:35.008,-2491.700000,-155.700000,2081.300000,-2630.000000,-156.100000,2448.000000,-2628.400000,-154.700000,2446.900000,-2628.400000,-154.700000,2446.900000,391.912975,391.913179,384.914042,384.915614,1.941649,2.393742,1.941649,2.393742,true,0,1,true,false,0.000000,0.000000,0.000000,0.000000,,3.078000,3.339000,teleport_map,16,17,,,300-400,351-500,direct_hit
SITE1_P05,P05,SITE1,map,B,1,1,5,P05_race_map_B_1.csv,24,25,26,26,27,10:01:45.818,10:01:49.115,10:01:49.115,10:01:49.115,10:01:52.792,-2981.700000,-154.600000,2306.900000,-2999.000000,-156.000000,1931.000000,-3001.900000,-154.400000,1927.200000,-3001.900000,-154.400000,1927.200000,376.297887,376.300492,380.236939,380.236952,4.780167,5.040833,4.780167,5.040833,true,0,1,true,false,0.000000,0.000000,0.000000,0.000000,,3.297000,3.677000,teleport_map,25,26,,,300-400,351-500,direct_hit
SITE1_P05,P05,SITE1,map,C,1,2,1,P05_race_map_C_2.csv,3,4,5,5,6,10:02:09.271,10:02:12.093,10:02:12.093,10:02:12.093,10:02:13.400,-2003.300000,-141.900000,179.600000,-2299.700000,-147.700000,56.800000,-2296.700000,-146.400000,56.800000,-2296.700000,-146.400000,56.800000,320.831420,320.883842,318.061944,318.093775,3.000000,3.269557,3.000000,3.269557,true,0,1,true,false,0.000000,0.000000,0.000000,0.000000,,2.822000,1.307000,teleport_map,4,5,,,300-400,200-350,direct_hit
SITE1_P05,P05,SITE1,map,C,1,2,2,P05_race_map_C_2.csv,7,8,9,9,10,10:02:14.014,10:02:16.277,10:02:16.278,10:02:16.278,10:02:20.051,-2296.700000,-146.500000,56.800000,-2303.900000,-147.000000,-387.200000,-2304.400000,-145.600000,-391.400000,-2304.400000,-145.600000,-391.400000,444.058375,444.058656,448.267866,448.268580,4.229657,4.455334,4.229657,4.455334,true,0,1,true,false,0.000000,0.000000,0.000000,0.000000,,2.264000,3.773000,teleport_map,8,9,,,400-500,351-500,direct_hit
SITE1_P05,P05,SITE1,map,C,1,2,3,P05_race_map_C_2.csv,11,12,13,13,14,10:02:20.186,10:02:23.685,10:02:23.685,10:02:23.685,10:02:25.945,-2304.400000,-145.600000,-391.300000,-1943.900000,-143.600000,-367.100000,-1943.100000,-142.100000,-364.900000,-1943.100000,-142.100000,-364.900000,361.311348,361.316883,362.263233,362.280140,2.340940,2.780288,2.340940,2.780288,true,0,1,true,false,0.000000,0.000000,0.000000,0.000000,,3.499000,2.260000,teleport_map,12,13,,,300-400,351-500,direct_hit
SITE1_P05,P05,SITE1,map,C,1,2,4,P05_race_map_C_2.csv,15,16,17,17,18,10:02:26.164,10:02:28.262,10:02:28.262,10:02:28.262,10:02:30.765,-1943.200000,-142.200000,-365.000000,-2025.000000,-148.600000,-798.000000,-2023.800000,-147.200000,-800.800000,-2023.800000,-147.200000,-800.800000,440.658870,440.705344,443.190704,443.218908,3.046309,3.352611,3.046309,3.352611,true,0,1,true,false,0.000000,0.000000,0.000000,0.000000,,2.098000,2.503000,teleport_map,16,17,,,400-500,351-500,direct_hit
SITE1_P05,P05,SITE1,map,C,1,2,5,P05_race_map_C_2.csv,19,20,21,21,22,10:02:31.028,10:02:34.736,10:02:34.736,10:02:34.736,10:02:40.402,-2023.800000,-147.200000,-800.700000,-1819.400000,-140.800000,-1190.000000,-1817.200000,-139.200000,-1189.200000,-1817.200000,-139.200000,-1189.200000,439.697453,439.744028,432.829620,432.899896,2.340940,2.835489,2.340940,2.835489,true,0,1,true,false,0.000000,0.000000,0.000000,0.000000,,3.708000,5.666000,teleport_map,20,21,,,400-500,351-500,direct_hit
SITE1_P05,P05,SITE1,map,C,1,2,6,P05_race_map_C_2.csv,23,24,25,25,26,10:02:41.218,10:02:44.230,10:02:44.230,10:02:44.230,10:02:47.102,-1817.200000,-139.200000,-1189.100000,-1375.200000,-127.000000,-1014.300000,-1376.100000,-125.600000,-1016.300000,-1376.100000,-125.600000,-1016.300000,475.309415,475.465961,470.614418,470.810886,2.193171,2.601922,2.193171,2.601922,true,0,1,true,false,0.000000,0.000000,0.000000,0.000000,,3.012000,2.872000,teleport_map,24,25,,,400-500,351-500,direct_hit
SITE1_P05,P05,SITE1,tsunami,A,2,6,1,P05_race_tsunami_A_6.csv,3,4,5,17,18,10:10:22.449,10:10:23.817,10:10:23.817,10:10:28.794,10:10:31.012,1364.500000,-136.900000,-2182.300000,1036.100000,-125.400000,-1926.600000,1261.300000,-133.100000,-2143.600000,1037.400000,-124.000000,-1927.300000,416.207941,416.366785,110.217648,110.283136,312.736375,312.831153,1.476482,2.034699,false,4,5,false,true,318.743015,319.014959,136.676260,136.697330,0.350000,6.345000,2.218000,teleport_tsunami|teleport_tsunami|teleport_tsunami|teleport_tsunami|teleport_tsunami,4|7|10|13|16,5|8|11|14|17,63.935749|136.676260|108.700736|9.430270,64.180527|136.697330|108.706302|9.430801,400-500,351-500,contains_correction_at_least_100m
SITE1_P05,P05,SITE1,tsunami,A,2,6,2,P05_race_tsunami_A_6.csv,19,20,21,27,28,10:10:31.856,10:10:33.485,10:10:33.485,10:10:35.780,10:10:36.985,1037.400000,-124.000000,-1927.400000,660.800000,-122.800000,-2101.300000,793.400000,-120.100000,-2064.500000,661.000000,-121.300000,-2100.700000,414.811728,414.813464,279.879278,279.906449,137.611773,137.638258,0.632456,1.627882,false,2,3,false,true,137.291858,137.298295,111.851732,111.858169,0.447000,3.924000,1.205000,teleport_tsunami|teleport_tsunami|teleport_tsunami,20|23|26,21|24|27,111.851732|25.440126,111.858169|25.440126,400-500,351-500,contains_correction_at_least_100m
SITE1_P05,P05,SITE1,tsunami,A,2,6,3,P05_race_tsunami_A_6.csv,29,30,31,37,38,10:10:37.945,10:10:38.714,10:10:38.715,10:10:44.160,10:10:46.552,661.100000,-121.300000,-2100.700000,193.000000,-120.500000,-2075.600000,644.100000,-121.400000,-2104.800000,192.600000,-119.100000,-2073.800000,468.772461,468.773143,17.487424,17.487710,452.044080,452.044976,1.843909,2.315167,false,2,3,false,true,513.577257,513.591851,483.013716,483.022422,0.290000,6.215000,2.392000,teleport_tsunami|teleport_tsunami|teleport_tsunami,30|33|36,31|34|37,483.013716|30.563540,483.022422|30.569429,400-500,351-500,contains_correction_at_least_100m
SITE1_P05,P05,SITE1,tsunami,A,2,6,4,P05_race_tsunami_A_6.csv,39,40,41,50,51,10:10:47.469,10:10:48.211,10:10:48.212,10:10:52.223,10:10:53.347,192.600000,-119.100000,-2073.700000,207.800000,-130.500000,-1742.200000,201.600000,-126.000000,-1926.400000,208.600000,-129.000000,-1746.400000,331.848294,332.044048,147.574693,147.735913,184.304314,184.359242,4.275512,4.531004,false,3,4,false,true,180.501120,180.527738,137.253998,137.278622,0.301000,4.754000,1.124000,teleport_tsunami|teleport_tsunami|teleport_tsunami|teleport_tsunami,40|43|46|49,41|44|47|50,26.558803|137.253998|16.688319,26.560497|137.278622|16.688619,300-400,200-350,contains_correction_at_least_100m
SITE1_P05,P05,SITE1,tsunami,A,2,6,5,P05_race_tsunami_A_6.csv,52,53,54,57,58,10:10:54.373,10:10:56.803,10:10:56.803,10:10:58.613,10:10:59.921,208.600000,-129.000000,-1746.400000,-221.000000,-110.700000,-1770.000000,-255.700000,-108.000000,-1778.900000,-224.200000,-109.200000,-1769.500000,430.247743,430.636749,465.436075,465.909584,35.823177,35.924783,3.238827,3.569314,false,1,2,true,false,32.776821,32.798780,32.776821,32.798780,1.059000,4.240000,1.308000,teleport_tsunami|teleport_tsunami,53|56,54|57,32.776821,32.798780,400-500,351-500,short_corrections_only
SITE1_P05,P05,SITE1,tsunami,A,2,6,6,P05_race_tsunami_A_6.csv,59,60,61,64,65,10:11:01.070,10:11:02.924,10:11:02.924,10:11:04.520,10:11:06.133,-224.200000,-109.200000,-1769.400000,-640.700000,-108.700000,-1512.100000,-617.200000,-107.100000,-1523.700000,-637.400000,-107.300000,-1513.400000,489.566686,489.566941,463.484077,463.488835,26.207060,26.255856,3.546830,3.813135,false,1,2,true,false,22.674435,22.675317,22.674435,22.675317,0.541000,3.450000,1.613000,teleport_tsunami|teleport_tsunami,60|63,61|64,22.674435,22.675317,400-500,351-500,short_corrections_only
SITE1_P05,P05,SITE1,tsunami,B,2,7,1,P05_race_tsunami_B_7.csv,3,4,5,11,12,10:11:18.935,10:11:20.226,10:11:20.226,10:11:22.641,10:11:24.155,-1587.600000,-148.100000,1834.200000,-1824.000000,-155.900000,2254.000000,-1800.500000,-154.600000,2208.400000,-1822.500000,-154.500000,2251.400000,481.785222,481.848358,430.525319,430.574384,51.299220,51.315690,3.001666,3.312099,false,2,3,true,false,48.331631,48.331752,41.423665,41.423785,0.371000,3.706000,1.514000,teleport_tsunami|teleport_tsunami|teleport_tsunami,4|7|10,5|8|11,41.423665|6.907966,41.423785|6.907966,400-500,351-500,short_corrections_only
SITE1_P05,P05,SITE1,tsunami,B,2,7,2,P05_race_tsunami_B_7.csv,13,14,15,18,19,10:11:25.388,10:11:27.147,10:11:27.147,10:11:28.240,10:11:29.208,-1822.500000,-154.500000,2251.300000,-2183.500000,-156.800000,1969.600000,-2166.400000,-155.300000,1987.200000,-2186.700000,-155.300000,1967.800000,457.903800,457.909576,433.608141,433.608879,24.539152,24.584955,3.671512,3.966106,false,1,2,true,false,28.079352,28.079352,28.079352,28.079352,0.525000,2.852000,0.968000,teleport_tsunami|teleport_tsunami,14|17,15|18,28.079352,28.079352,400-500,351-500,short_corrections_only
SITE1_P05,P05,SITE1,tsunami,B,2,7,3,P05_race_tsunami_B_7.csv,21,22,23,29,30,10:11:32.223,10:11:33.623,10:11:33.623,10:11:36.304,10:11:39.063,-2186.700000,-155.300000,1967.800000,-2489.500000,-157.100000,2081.700000,-2447.700000,-155.700000,2056.700000,-2487.500000,-155.700000,2080.900000,323.513601,323.518608,275.724881,275.725171,48.705646,48.725763,2.154066,2.569047,false,2,3,true,false,46.581554,46.581554,36.649284,36.649284,0.686000,4.081000,2.759000,teleport_tsunami|teleport_tsunami|teleport_tsunami,22|25|28,23|26|29,36.649284|9.932271,36.649284|9.932271,300-400,200-350,short_corrections_only
SITE1_P05,P05,SITE1,tsunami,B,2,7,4,P05_race_tsunami_B_7.csv,31,32,33,39,40,10:11:39.729,10:11:40.055,10:11:40.055,10:11:42.735,10:11:43.627,-2487.500000,-155.700000,2080.900000,-2630.000000,-156.100000,2448.000000,-2503.700000,-155.500000,2138.300000,-2631.600000,-154.700000,2449.900000,393.787582,393.787785,59.642267,59.642602,334.463421,334.463959,2.483948,2.851315,false,2,3,false,true,336.847953,336.849006,303.877360,303.878413,0.264000,3.006000,0.892000,teleport_tsunami|teleport_tsunami|teleport_tsunami,32|35|38,33|36|39,303.877360|32.970593,303.878413|32.970593,300-400,351-500,contains_correction_at_least_100m
SITE1_P05,P05,SITE1,tsunami,B,2,7,5,P05_race_tsunami_B_7.csv,41,42,43,46,47,10:11:44.560,10:11:45.690,10:11:45.690,10:11:47.107,10:11:48.805,-2631.800000,-154.700000,2449.800000,-2978.700000,-155.900000,2306.500000,-2949.700000,-154.200000,2290.800000,-2984.800000,-154.600000,2310.900000,375.332519,375.334438,355.445369,355.445720,32.977113,33.020902,7.521303,7.632824,false,1,2,true,false,40.398144,40.401238,40.398144,40.401238,0.652000,2.547000,1.698000,teleport_tsunami|teleport_tsunami,42|45,43|46,40.398144,40.401238,300-400,351-500,short_corrections_only
SITE1_P05,P05,SITE1,tsunami,B,2,7,6,P05_race_tsunami_B_7.csv,48,49,50,53,54,10:11:49.698,10:11:51.680,10:11:51.681,10:11:52.982,10:11:53.773,-2984.700000,-154.600000,2310.900000,-2999.000000,-156.000000,1931.000000,-2999.800000,-154.400000,1963.700000,-2998.800000,-154.500000,1929.300000,380.169041,380.171619,347.528200,347.528258,32.709784,32.748893,1.711724,2.275961,false,1,2,true,false,34.414532,34.414677,34.414532,34.414677,0.458000,3.284000,0.791000,teleport_tsunami|teleport_tsunami,49|52,50|53,34.414532,34.414677,300-400,351-500,short_corrections_only
SITE1_P05,P05,SITE1,tsunami,C,2,5,1,P05_race_tsunami_C_5.csv,3,4,5,8,9,10:09:19.855,10:09:22.185,10:09:22.185,10:09:23.461,10:09:26.847,-2003.400000,-141.800000,179.600000,-2299.700000,-147.700000,56.800000,-2291.800000,-146.200000,63.300000,-2298.000000,-146.300000,58.600000,320.739037,320.793298,310.966638,310.997765,10.230347,10.339729,2.475884,2.844293,false,1,2,true,false,7.780103,7.780745,7.780103,7.780745,0.704000,3.606000,3.386000,teleport_tsunami|teleport_tsunami,4|7,5|8,7.780103,7.780745,300-400,200-350,short_corrections_only
SITE1_P05,P05,SITE1,tsunami,C,2,5,2,P05_race_tsunami_C_5.csv,10,11,12,18,19,10:09:28.107,10:09:33.429,10:09:33.430,10:09:37.443,10:09:39.327,-2298.300000,-146.300000,58.600000,-2303.900000,-147.000000,-387.200000,-2312.100000,-145.700000,-414.700000,-2302.200000,-145.600000,-381.400000,445.835171,445.835721,473.501140,473.501521,28.696515,28.725946,6.044005,6.204031,false,2,3,true,false,34.653479,34.654059,18.462123,18.462394,1.188000,9.336000,1.884000,teleport_tsunami|teleport_tsunami|teleport_tsunami,11|14|17,12|15|18,16.191356|18.462123,16.191665|18.462394,400-500,351-500,short_corrections_only
SITE1_P05,P05,SITE1,tsunami,C,2,5,3,P05_race_tsunami_C_5.csv,20,21,22,25,26,10:09:40.382,10:09:41.926,10:09:41.926,10:09:44.628,10:09:46.435,-2302.100000,-145.500000,-381.500000,-1943.900000,-143.600000,-367.100000,-1935.900000,-141.900000,-364.400000,-1941.500000,-142.100000,-366.200000,358.489330,358.494365,366.599032,366.616707,8.443341,8.612781,2.563201,2.969848,false,1,2,true,false,5.756735,5.760208,5.756735,5.760208,2.379000,4.246000,1.807000,teleport_tsunami|teleport_tsunami,21|24,22|25,5.756735,5.760208,300-400,351-500,short_corrections_only
SITE1_P05,P05,SITE1,tsunami,C,2,5,4,P05_race_tsunami_C_5.csv,27,28,29,29,30,10:09:47.241,10:09:48.530,10:09:48.530,10:09:48.530,10:09:49.955,-1941.500000,-142.000000,-366.300000,-2025.000000,-148.600000,-798.000000,-2021.100000,-147.100000,-796.400000,-2021.100000,-147.100000,-796.400000,439.701194,439.750725,437.403898,437.433629,4.215448,4.474371,4.215448,4.474371,true,0,1,true,false,0.000000,0.000000,0.000000,0.000000,,1.289000,1.425000,teleport_tsunami,28,29,,,400-500,351-500,direct_hit
SITE1_P05,P05,SITE1,tsunami,C,2,5,5,P05_race_tsunami_C_5.csv,31,32,33,39,40,10:09:50.686,10:09:54.364,10:09:54.364,10:09:57.314,10:10:00.794,-2021.100000,-147.100000,-796.400000,-1819.400000,-140.800000,-1190.000000,-1861.800000,-139.200000,-1163.000000,-1819.500000,-139.400000,-1190.900000,442.271240,442.316109,399.714961,399.793021,50.266888,50.292345,0.905539,1.667333,false,2,3,true,false,57.859619,57.860036,40.892298,40.892420,0.933000,6.628000,3.480000,teleport_tsunami|teleport_tsunami|teleport_tsunami,32|35|38,33|36|39,40.892298|16.967322,40.892420|16.967616,400-500,351-500,short_corrections_only
SITE1_P05,P05,SITE1,tsunami,C,2,5,6,P05_race_tsunami_C_5.csv,41,42,43,49,50,10:10:01.911,10:10:04.299,10:10:04.299,10:10:07.359,10:10:08.932,-1819.400000,-139.400000,-1190.900000,-1375.200000,-127.000000,-1014.300000,-1265.700000,-122.200000,-985.500000,-1376.000000,-125.600000,-1015.100000,478.017991,478.178795,590.569937,590.820353,113.224070,113.325769,1.131371,1.800000,false,2,3,true,false,114.012057,114.060611,62.651177,62.671604,1.293000,5.448000,1.573000,teleport_tsunami|teleport_tsunami|teleport_tsunami,42|45|48,43|46|49,51.360880|62.651177,51.389007|62.671604,400-500,351-500,short_corrections_only
SITE1_P06,P06,SITE1,map,A,1,2,1,P06_race_map_A_2.csv,3,4,5,5,6,11:23:13.721,11:23:15.784,11:23:15.784,11:23:15.784,11:23:20.058,1364.500000,-137.000000,-2182.300000,1036.100000,-125.400000,-1926.600000,1037.700000,-123.700000,-1929.200000,1037.700000,-123.700000,-1929.200000,416.207941,416.369559,410.397965,410.606990,3.052868,3.494281,3.052868,3.494281,true,0,1,true,false,0.000000,0.000000,0.000000,0.000000,,2.063000,4.274000,teleport_map,4,5,,,400-500,351-500,direct_hit
SITE1_P06,P06,SITE1,map,A,1,2,2,P06_race_map_A_2.csv,7,8,9,9,10,11:23:21.045,11:23:24.362,11:23:24.362,11:23:24.362,11:23:27.153,1037.600000,-123.800000,-1929.000000,660.800000,-122.800000,-2101.300000,659.200000,-121.100000,-2099.200000,659.200000,-121.100000,-2099.200000,414.325391,414.326598,414.965372,414.973517,2.640076,3.140064,2.640076,3.140064,true,0,1,true,false,0.000000,0.000000,0.000000,0.000000,,3.317000,2.791000,teleport_map,8,9,,,400-500,351-500,direct_hit
SITE1_P06,P06,SITE1,map,A,1,2,3,P06_race_map_A_2.csv,11,12,13,13,14,11:23:27.774,11:23:30.749,11:23:30.749,11:23:30.749,11:23:33.199,659.200000,-121.200000,-2099.100000,193.000000,-120.500000,-2075.600000,194.900000,-118.900000,-2073.400000,194.900000,-118.900000,-2073.400000,466.791913,466.792438,465.016269,465.021473,2.906888,3.318132,2.906888,3.318132,true,0,1,true,false,0.000000,0.000000,0.000000,0.000000,,2.975000,2.450000,teleport_map,12,13,,,400-500,351-500,direct_hit
SITE1_P06,P06,SITE1,map,A,1,2,4,P06_race_map_A_2.csv,15,16,17,17,18,11:23:33.849,11:23:36.350,11:23:36.350,11:23:36.350,11:23:38.421,195.000000,-119.000000,-2073.300000,207.800000,-130.500000,-1742.200000,206.500000,-128.800000,-1740.600000,206.500000,-128.800000,-1740.600000,331.347325,331.546829,332.998634,333.145764,2.061553,2.672078,2.061553,2.672078,true,0,1,true,false,0.000000,0.000000,0.000000,0.000000,,2.501000,2.071000,teleport_map,16,17,,,300-400,200-350,direct_hit
SITE1_P06,P06,SITE1,map,A,1,2,5,P06_race_map_A_2.csv,19,20,21,21,22,11:23:39.095,11:23:41.434,11:23:41.434,11:23:41.434,11:23:44.422,206.400000,-128.900000,-1740.500000,-221.000000,-110.700000,-1770.000000,-218.400000,-109.100000,-1769.300000,-218.400000,-109.100000,-1769.300000,428.416865,428.803277,425.775152,426.230654,2.692582,3.132092,2.692582,3.132092,true,0,1,true,false,0.000000,0.000000,0.000000,0.000000,,2.339000,2.988000,teleport_map,20,21,,,400-500,351-500,direct_hit
SITE1_P06,P06,SITE1,map,A,1,2,6,P06_race_map_A_2.csv,23,24,25,25,26,11:23:44.998,11:23:47.319,11:23:47.319,11:23:47.319,11:23:49.775,-218.400000,-109.200000,-1769.300000,-640.700000,-108.700000,-1512.100000,-637.200000,-107.000000,-1509.700000,-637.200000,-107.000000,-1509.700000,494.458421,494.458674,492.785481,492.789955,4.243819,4.571652,4.243819,4.571652,true,0,1,true,false,0.000000,0.000000,0.000000,0.000000,,2.321000,2.456000,teleport_map,24,25,,,400-500,351-500,direct_hit
SITE1_P06,P06,SITE1,map,B,1,3,1,P06_race_map_B_3.csv,3,4,5,5,6,11:24:07.037,11:24:09.277,11:24:09.277,11:24:09.277,11:24:12.068,-1587.500000,-148.200000,1834.300000,-1824.000000,-155.900000,2254.000000,-1821.900000,-154.200000,2250.500000,-1821.900000,-154.200000,2250.500000,481.747174,481.808707,477.754173,477.793114,4.081666,4.421538,4.081666,4.421538,true,0,1,true,false,0.000000,0.000000,0.000000,0.000000,,2.240000,2.791000,teleport_map,4,5,,,400-500,351-500,direct_hit
SITE1_P06,P06,SITE1,map,B,1,3,2,P06_race_map_B_3.csv,7,8,9,9,10,11:24:12.580,11:24:15.530,11:24:15.530,11:24:15.530,11:24:18.540,-1822.000000,-154.300000,2250.600000,-2183.500000,-156.800000,1969.600000,-2183.100000,-155.100000,1970.800000,-2183.100000,-155.100000,1970.800000,457.868158,457.874983,456.816429,456.817130,1.264911,2.118962,1.264911,2.118962,true,0,1,true,false,0.000000,0.000000,0.000000,0.000000,,2.950000,3.010000,teleport_map,8,9,,,400-500,351-500,direct_hit
SITE1_P06,P06,SITE1,map,B,1,3,3,P06_race_map_B_3.csv,11,12,13,13,14,11:24:19.163,11:24:21.388,11:24:21.388,11:24:21.388,11:24:25.649,-2183.100000,-155.100000,1970.800000,-2489.500000,-157.100000,2081.700000,-2486.800000,-155.400000,2078.600000,-2486.800000,-155.400000,2078.600000,325.852375,325.858512,322.298154,322.298402,4.110961,4.448595,4.110961,4.448595,true,0,1,true,false,0.000000,0.000000,0.000000,0.000000,,2.225000,4.261000,teleport_map,12,13,,,300-400,200-350,direct_hit
SITE1_P06,P06,SITE1,map,B,1,3,4,P06_race_map_B_3.csv,15,16,17,17,18,11:24:26.273,11:24:28.606,11:24:28.607,11:24:28.607,11:24:35.727,-2486.800000,-155.500000,2078.700000,-2630.000000,-156.100000,2448.000000,-2627.500000,-154.400000,2445.400000,-2627.500000,-154.400000,2445.400000,396.091820,396.092275,388.378913,388.380471,3.606938,3.987480,3.606938,3.987480,true,0,1,true,false,0.000000,0.000000,0.000000,0.000000,,2.334000,7.120000,teleport_map,16,17,,,300-400,351-500,direct_hit
SITE1_P06,P06,SITE1,map,B,1,3,5,P06_race_map_B_3.csv,19,20,21,21,22,11:24:36.734,11:24:40.129,11:24:40.129,11:24:40.129,11:24:43.890,-2627.400000,-154.400000,2445.500000,-2978.700000,-155.900000,2306.500000,-2975.900000,-154.100000,2305.300000,-2975.900000,-154.100000,2305.300000,377.799801,377.802779,374.152442,374.152562,3.046309,3.538361,3.046309,3.538361,true,0,1,true,false,0.000000,0.000000,0.000000,0.000000,,3.395000,3.761000,teleport_map,20,21,,,300-400,351-500,direct_hit
SITE1_P06,P06,SITE1,map,B,1,3,6,P06_race_map_B_3.csv,23,24,25,25,26,11:24:44.789,11:24:47.742,11:24:47.742,11:24:47.742,11:24:50.740,-2975.800000,-154.200000,2305.300000,-2999.000000,-156.000000,1931.000000,-2999.100000,-154.200000,1930.500000,-2999.100000,-154.200000,1930.500000,375.018306,375.022626,375.429954,375.430007,0.509902,1.870829,0.509902,1.870829,true,0,1,true,false,0.000000,0.000000,0.000000,0.000000,,2.953000,2.998000,teleport_map,24,25,,,300-400,351-500,direct_hit
SITE1_P06,P06,SITE1,map,C,1,1,1,P06_race_map_C_1.csv,3,4,5,8,9,11:21:31.738,11:21:34.180,11:21:34.180,11:21:38.994,11:21:43.596,-2003.000000,-141.900000,179.500000,-2299.700000,-147.700000,56.800000,-2007.300000,-142.400000,171.700000,-2300.900000,-145.800000,57.900000,321.070366,321.122749,8.906739,8.920762,314.165195,314.209898,1.627882,2.501999,false,1,2,false,true,314.919307,314.939883,314.919307,314.939883,1.083000,7.256000,4.602000,teleport_map|teleport_map,4|7,5|8,314.919307,314.939883,300-400,200-350,contains_correction_at_least_100m
SITE1_P06,P06,SITE1,map,C,1,1,2,P06_race_map_C_1.csv,10,11,12,12,13,11:21:45.183,11:21:54.012,11:21:54.012,11:21:54.012,11:21:58.531,-2300.900000,-146.000000,57.800000,-2303.900000,-147.000000,-387.200000,-2302.900000,-145.300000,-386.700000,-2302.900000,-145.300000,-386.700000,445.010112,445.011236,444.504961,444.505366,1.118034,2.034699,1.118034,2.034699,true,0,1,true,false,0.000000,0.000000,0.000000,0.000000,,8.829000,4.519000,teleport_map,11,12,,,400-500,351-500,direct_hit
SITE1_P06,P06,SITE1,map,C,1,1,3,P06_race_map_C_1.csv,14,15,16,16,17,11:22:01.220,11:22:03.951,11:22:03.951,11:22:03.951,11:22:07.312,-2302.900000,-145.400000,-386.700000,-1943.900000,-143.600000,-367.100000,-1945.400000,-142.100000,-371.000000,-1945.400000,-142.100000,-371.000000,359.534644,359.539149,357.944479,357.958783,4.178516,4.439595,4.178516,4.439595,true,0,1,true,false,0.000000,0.000000,0.000000,0.000000,,2.731000,3.361000,teleport_map,15,16,,,300-400,351-500,direct_hit
SITE1_P06,P06,SITE1,map,C,1,1,4,P06_race_map_C_1.csv,18,19,20,20,21,11:22:08.473,11:22:12.463,11:22:12.463,11:22:12.463,11:22:18.611,-1945.200000,-142.200000,-371.000000,-2025.000000,-148.600000,-798.000000,-2026.600000,-146.800000,-800.300000,-2026.600000,-146.800000,-800.300000,434.392726,434.439869,437.047274,437.072545,2.801785,3.330165,2.801785,3.330165,true,0,1,true,false,0.000000,0.000000,0.000000,0.000000,,3.990000,6.148000,teleport_map,19,20,,,400-500,351-500,direct_hit
SITE1_P06,P06,SITE1,map,C,1,1,5,P06_race_map_C_1.csv,22,23,24,24,25,11:22:19.687,11:22:22.517,11:22:22.517,11:22:22.517,11:22:31.940,-2026.600000,-146.900000,-800.400000,-1819.400000,-140.800000,-1190.000000,-1821.100000,-139.200000,-1192.000000,-1821.100000,-139.200000,-1192.000000,441.270892,441.313052,443.250471,443.317347,2.624881,3.074085,2.624881,3.074085,true,0,1,true,false,0.000000,0.000000,0.000000,0.000000,,2.830000,9.423000,teleport_map,23,24,,,400-500,351-500,direct_hit
SITE1_P06,P06,SITE1,map,C,1,1,6,P06_race_map_C_1.csv,27,28,29,29,30,11:22:38.843,11:22:41.156,11:22:41.156,11:22:41.156,11:22:44.616,-1821.000000,-139.300000,-1192.100000,-1375.200000,-127.000000,-1014.300000,-1378.400000,-125.300000,-1012.900000,-1378.400000,-125.300000,-1012.900000,479.948414,480.105999,477.593897,477.796128,3.492850,3.884585,3.492850,3.884585,true,0,1,true,false,0.000000,0.000000,0.000000,0.000000,,2.313000,3.460000,teleport_map,28,29,,,400-500,351-500,direct_hit
SITE1_P06,P06,SITE1,tsunami,A,2,5,1,P06_race_tsunami_A_5.csv,3,4,5,8,9,11:32:51.480,11:32:53.549,11:32:53.550,11:32:56.758,11:32:59.158,1364.600000,-136.900000,-2182.500000,1036.100000,-125.400000,-1926.600000,1002.200000,-124.900000,-1904.000000,1038.200000,-123.700000,-1928.000000,416.409726,416.568494,457.051430,457.208935,40.742729,40.745797,2.523886,3.043025,false,1,2,true,false,43.183446,43.203009,43.183446,43.203009,1.876000,5.278000,2.400000,teleport_tsunami|teleport_tsunami,4|7,5|8,43.183446,43.203009,400-500,351-500,short_corrections_only
SITE1_P06,P06,SITE1,tsunami,A,2,5,2,P06_race_tsunami_A_5.csv,10,11,12,15,16,11:33:00.464,11:33:01.818,11:33:01.818,11:33:04.436,11:33:07.593,1038.100000,-123.700000,-1928.200000,660.800000,-122.800000,-2101.300000,634.500000,-121.100000,-2114.700000,656.700000,-121.000000,-2103.000000,415.113117,415.114093,444.606804,444.614406,29.516944,29.565859,4.438468,4.789572,false,1,2,true,false,24.959367,24.960168,24.959367,24.960168,1.442000,3.972000,3.157000,teleport_tsunami|teleport_tsunami,11|14,12|15,24.959367,24.960168,400-500,351-500,short_corrections_only
SITE1_P06,P06,SITE1,tsunami,A,2,5,3,P06_race_tsunami_A_5.csv,17,18,19,22,23,11:33:09.658,11:33:12.004,11:33:12.004,11:33:14.817,11:33:17.190,656.600000,-121.000000,-2102.800000,193.000000,-120.500000,-2075.600000,103.100000,-116.800000,-2072.900000,198.700000,-118.900000,-2074.800000,464.397244,464.397513,554.307009,554.322920,89.940536,90.016610,5.755867,5.974111,false,1,2,true,false,95.520940,95.544021,95.520940,95.544021,1.853000,5.159000,2.373000,teleport_tsunami|teleport_tsunami,18|21,19|22,95.520940,95.544021,400-500,351-500,short_corrections_only
SITE1_P06,P06,SITE1,tsunami,A,2,5,4,P06_race_tsunami_A_5.csv,24,25,26,26,27,11:33:18.326,11:33:20.606,11:33:20.606,11:33:20.606,11:33:22.650,198.600000,-118.900000,-2074.700000,207.800000,-130.500000,-1742.200000,206.100000,-128.800000,-1740.200000,206.100000,-128.800000,-1740.200000,332.627254,332.829461,334.584070,334.730504,2.624881,3.127299,2.624881,3.127299,true,0,1,true,false,0.000000,0.000000,0.000000,0.000000,,2.280000,2.044000,teleport_tsunami,25,26,,,300-400,200-350,direct_hit
SITE1_P06,P06,SITE1,tsunami,A,2,5,5,P06_race_tsunami_A_5.csv,28,29,30,33,34,11:33:24.176,11:33:26.518,11:33:26.518,11:33:28.257,11:33:32.567,206.000000,-128.800000,-1740.300000,-221.000000,-110.700000,-1770.000000,-236.500000,-108.500000,-1768.700000,-222.300000,-109.000000,-1768.900000,428.031646,428.414169,443.410431,443.874870,15.554421,15.709233,1.702939,2.406242,false,1,2,true,false,14.101418,14.110280,14.101418,14.110280,1.453000,4.081000,4.310000,teleport_tsunami|teleport_tsunami,29|32,30|33,14.101418,14.110280,400-500,351-500,short_corrections_only
SITE1_P06,P06,SITE1,tsunami,A,2,5,6,P06_race_tsunami_A_5.csv,35,36,37,37,38,11:33:33.852,11:33:35.681,11:33:35.681,11:33:35.681,11:33:37.558,-222.300000,-109.000000,-1769.000000,-640.700000,-108.700000,-1512.100000,-646.200000,-106.900000,-1511.700000,-646.200000,-106.900000,-1511.700000,490.974714,490.974806,495.877505,495.881952,5.514526,5.800862,5.514526,5.800862,true,0,1,true,false,0.000000,0.000000,0.000000,0.000000,,1.829000,1.877000,teleport_tsunami,36,37,,,400-500,351-500,direct_hit
SITE1_P06,P06,SITE1,tsunami,B,2,6,1,P06_race_tsunami_B_6.csv,3,4,5,8,9,11:33:56.576,11:33:58.406,11:33:58.406,11:33:59.908,11:34:03.594,-1587.500000,-148.100000,1834.200000,-1824.000000,-155.900000,2254.000000,-1832.600000,-154.100000,2257.100000,-1827.000000,-154.100000,2255.400000,481.834297,481.897427,488.792819,488.829643,9.141663,9.317188,3.310589,3.768289,false,1,2,true,false,5.728001,5.728874,5.728001,5.728874,1.409000,3.332000,3.686000,teleport_tsunami|teleport_tsunami,4|7,5|8,5.728001,5.728874,400-500,351-500,short_corrections_only
SITE1_P06,P06,SITE1,tsunami,B,2,6,2,P06_race_tsunami_B_6.csv,10,11,12,12,13,11:34:05.316,11:34:06.973,11:34:06.974,11:34:06.974,11:34:08.522,-1827.100000,-154.100000,2255.300000,-2183.500000,-156.800000,1969.600000,-2182.500000,-155.000000,1973.700000,-2182.500000,-155.000000,1973.700000,456.777243,456.785223,453.439875,453.440768,4.220190,4.588028,4.220190,4.588028,true,0,1,true,false,0.000000,0.000000,0.000000,0.000000,,1.658000,1.548000,teleport_tsunami,11,12,,,400-500,351-500,direct_hit
SITE1_P06,P06,SITE1,tsunami,B,2,6,3,P06_race_tsunami_B_6.csv,14,15,16,16,17,11:34:09.671,11:34:11.402,11:34:11.402,11:34:11.402,11:34:13.404,-2182.500000,-155.000000,1973.800000,-2489.500000,-157.100000,2081.700000,-2485.100000,-155.400000,2078.600000,-2485.100000,-155.400000,2078.600000,325.409603,325.416379,320.139485,320.139735,5.382379,5.644466,5.382379,5.644466,true,0,1,true,false,0.000000,0.000000,0.000000,0.000000,,1.731000,2.002000,teleport_tsunami,15,16,,,300-400,200-350,direct_hit
SITE1_P06,P06,SITE1,tsunami,B,2,6,4,P06_race_tsunami_B_6.csv,18,19,20,23,24,11:34:14.475,11:34:15.801,11:34:15.801,11:34:17.168,11:34:19.278,-2485.100000,-155.400000,2078.700000,-2630.000000,-156.100000,2448.000000,-2624.100000,-154.400000,2432.200000,-2631.000000,-154.400000,2452.700000,396.709592,396.710209,379.846351,379.847667,16.865646,16.951106,4.805206,5.097058,false,1,2,true,false,21.630072,21.630072,21.630072,21.630072,1.161000,2.693000,2.110000,teleport_tsunami|teleport_tsunami,19|22,20|23,21.630072,21.630072,300-400,351-500,short_corrections_only
SITE1_P06,P06,SITE1,tsunami,B,2,6,5,P06_race_tsunami_B_6.csv,25,26,27,30,31,11:34:20.261,11:34:21.596,11:34:21.596,11:34:23.718,11:34:25.631,-2631.000000,-154.400000,2452.600000,-2978.700000,-155.900000,2306.500000,-2875.400000,-153.900000,2324.200000,-2975.800000,-154.100000,2307.900000,377.147849,377.150832,276.075932,276.076384,104.805439,104.824520,3.220248,3.689173,false,1,2,false,true,101.730625,101.730821,101.730625,101.730821,0.944000,3.457000,1.913000,teleport_tsunami|teleport_tsunami,26|29,27|30,101.730625,101.730821,300-400,351-500,contains_correction_at_least_100m
SITE1_P06,P06,SITE1,tsunami,B,2,6,6,P06_race_tsunami_B_6.csv,32,33,34,34,35,11:34:26.922,11:34:28.496,11:34:28.497,11:34:28.497,11:34:29.770,-2975.700000,-154.100000,2307.800000,-2999.000000,-156.000000,1931.000000,-3001.000000,-154.200000,1933.000000,-3001.000000,-154.200000,1933.000000,377.519708,377.524489,375.652938,375.652952,2.828427,3.352611,2.828427,3.352611,true,0,1,true,false,0.000000,0.000000,0.000000,0.000000,,1.575000,1.273000,teleport_tsunami,33,34,,,300-400,351-500,direct_hit
SITE1_P06,P06,SITE1,tsunami,C,2,7,1,P06_race_tsunami_C_7.csv,3,4,5,8,9,11:34:42.843,11:34:43.956,11:34:43.956,11:34:44.702,11:34:46.646,-2003.400000,-141.800000,179.700000,-2299.700000,-147.700000,56.800000,-2290.800000,-145.900000,55.100000,-2299.600000,-146.000000,57.200000,320.777337,320.831591,313.247378,313.274209,9.060905,9.237965,0.412311,1.749286,false,1,2,true,false,9.024411,9.024965,9.024411,9.024965,0.601000,1.859000,1.944000,teleport_tsunami|teleport_tsunami,4|7,5|8,9.024411,9.024965,300-400,200-350,short_corrections_only
SITE1_P06,P06,SITE1,tsunami,C,2,7,2,P06_race_tsunami_C_7.csv,10,11,12,15,16,11:34:47.703,11:34:49.077,11:34:49.078,11:34:49.916,11:34:53.421,-2299.500000,-146.000000,57.100000,-2303.900000,-147.000000,-387.200000,-2303.400000,-145.100000,-363.700000,-2303.000000,-145.200000,-382.100000,444.321787,444.322912,420.818072,420.819035,23.505319,23.581985,5.178803,5.482700,false,1,2,true,false,18.402445,18.402717,18.402445,18.402717,0.654000,2.213000,3.505000,teleport_tsunami|teleport_tsunami,11|14,12|15,18.402445,18.402717,400-500,351-500,short_corrections_only
SITE1_P06,P06,SITE1,tsunami,C,2,7,3,P06_race_tsunami_C_7.csv,17,18,19,22,23,11:34:54.808,11:34:56.126,11:34:56.126,11:34:57.708,11:34:59.744,-2303.000000,-145.200000,-381.900000,-1943.900000,-143.600000,-367.100000,-1972.600000,-143.100000,-373.300000,-1948.100000,-142.100000,-367.600000,359.404855,359.408417,330.511906,330.518577,29.362050,29.366307,4.229657,4.487761,false,1,2,true,false,25.154324,25.174193,25.154324,25.174193,0.611000,2.900000,2.036000,teleport_tsunami|teleport_tsunami,18|21,19|22,25.154324,25.174193,300-400,351-500,short_corrections_only
SITE1_P06,P06,SITE1,tsunami,C,2,7,4,P06_race_tsunami_C_7.csv,24,25,26,29,30,11:35:01.029,11:35:02.511,11:35:02.511,11:35:03.251,11:35:06.741,-1948.200000,-142.100000,-367.600000,-2025.000000,-148.600000,-798.000000,-2024.100000,-147.100000,-786.500000,-2025.900000,-146.900000,-796.000000,437.198353,437.246670,425.720589,425.749950,11.535164,11.632283,2.193171,2.774887,false,1,2,true,false,9.669023,9.671091,9.669023,9.671091,0.570000,2.222000,3.490000,teleport_tsunami|teleport_tsunami,25|28,26|29,9.669023,9.671091,400-500,351-500,short_corrections_only
SITE1_P06,P06,SITE1,tsunami,C,2,7,5,P06_race_tsunami_C_7.csv,32,33,34,43,44,11:35:10.017,11:35:11.609,11:35:11.609,11:35:21.138,11:35:24.156,-2025.900000,-146.900000,-796.000000,-1819.400000,-140.800000,-1190.000000,-1925.700000,-141.200000,-998.800000,-1820.700000,-139.200000,-1193.400000,444.835082,444.876904,226.203183,226.274988,218.762725,218.763091,3.640055,3.976179,false,3,4,false,true,229.638006,229.664068,141.672474,141.683909,0.707000,11.121000,3.018000,teleport_tsunami|teleport_tsunami|teleport_tsunami|teleport_tsunami,33|36|39|42,34|37|40|43,46.261215|141.672474|41.704316,46.269969|141.683909|41.710191,400-500,351-500,contains_correction_at_least_100m
SITE1_P06,P06,SITE1,tsunami,C,2,7,6,P06_race_tsunami_C_7.csv,45,46,47,50,51,11:35:25.449,11:35:27.891,11:35:27.891,11:35:31.435,11:35:35.290,-1820.600000,-139.100000,-1193.300000,-1375.200000,-127.000000,-1014.300000,-1306.400000,-123.300000,-992.900000,-1373.200000,-125.200000,-1013.000000,480.023083,480.175562,551.871181,552.097310,72.051371,72.146310,2.385372,2.988311,false,1,2,true,false,69.662759,69.688665,69.662759,69.688665,1.772000,5.986000,3.855000,teleport_tsunami|teleport_tsunami,46|49,47|50,69.662759,69.688665,400-500,351-500,short_corrections_only
SITE1_P07,P07,SITE1,map,A,3,10,1,P07_race_map_A_10.csv,3,4,5,5,6,13:28:49.391,13:28:52.845,13:28:52.846,13:28:52.846,13:28:54.913,1364.300000,-137.000000,-2182.400000,1036.100000,-125.400000,-1926.600000,1033.800000,-123.800000,-1926.100000,1033.800000,-123.800000,-1926.100000,416.111620,416.273276,418.173038,418.378178,2.353720,2.846050,2.353720,2.846050,true,0,1,true,false,0.000000,0.000000,0.000000,0.000000,,3.455000,2.067000,teleport_map,4,5,,,400-500,351-500,direct_hit
SITE1_P07,P07,SITE1,map,A,3,10,2,P07_race_map_A_10.csv,7,8,9,9,10,13:28:56.620,13:29:00.348,13:29:00.348,13:29:00.348,13:29:02.855,1033.800000,-123.900000,-1926.300000,660.800000,-122.800000,-2101.300000,659.300000,-121.200000,-2105.200000,659.300000,-121.200000,-2105.200000,412.012136,412.013604,415.036697,415.044841,4.178516,4.474371,4.178516,4.474371,true,0,1,true,false,0.000000,0.000000,0.000000,0.000000,,3.728000,2.507000,teleport_map,8,9,,,400-500,351-500,direct_hit
SITE1_P07,P07,SITE1,map,A,3,10,3,P07_race_map_A_10.csv,11,12,13,13,14,13:29:03.745,13:29:06.450,13:29:06.450,13:29:06.450,13:29:09.139,659.300000,-121.300000,-2105.200000,193.000000,-120.500000,-2075.600000,193.200000,-118.800000,-2076.700000,193.200000,-118.800000,-2076.700000,467.238537,467.239221,466.970513,466.977205,1.118034,2.034699,1.118034,2.034699,true,0,1,true,false,0.000000,0.000000,0.000000,0.000000,,2.705000,2.689000,teleport_map,12,13,,,400-500,351-500,direct_hit
SITE1_P07,P07,SITE1,map,A,3,10,4,P07_race_map_A_10.csv,15,16,17,17,18,13:29:10.839,13:29:13.242,13:29:13.243,13:29:13.243,13:29:19.200,193.400000,-118.800000,-2076.500000,207.800000,-130.500000,-1742.200000,207.600000,-128.900000,-1744.600000,207.600000,-128.900000,-1744.600000,334.609997,334.814486,313.122149,313.281790,2.408319,2.891366,2.408319,2.891366,true,0,1,true,false,0.000000,0.000000,0.000000,0.000000,,2.404000,5.957000,teleport_map,16,17,,,300-400,200-350,direct_hit
SITE1_P07,P07,SITE1,map,A,3,10,5,P07_race_map_A_10.csv,19,20,21,21,22,13:29:20.814,13:29:23.821,13:29:23.821,13:29:23.821,13:29:25.899,207.500000,-129.000000,-1744.800000,-221.000000,-110.700000,-1770.000000,-222.000000,-109.100000,-1768.100000,-222.000000,-109.100000,-1768.100000,429.240364,429.630283,430.136967,430.592441,2.147091,2.677686,2.147091,2.677686,true,0,1,true,false,0.000000,0.000000,0.000000,0.000000,,3.007000,2.078000,teleport_map,20,21,,,400-500,351-500,direct_hit
SITE1_P07,P07,SITE1,map,A,3,10,6,P07_race_map_A_10.csv,23,24,25,25,26,13:29:27.204,13:29:30.041,13:29:30.041,13:29:30.041,13:29:31.921,-222.000000,-109.200000,-1768.100000,-640.700000,-108.700000,-1512.100000,-641.700000,-107.100000,-1511.800000,-641.700000,-107.100000,-1511.800000,490.760318,490.760573,491.855395,491.859462,1.044031,1.910497,1.044031,1.910497,true,0,1,true,false,0.000000,0.000000,0.000000,0.000000,,2.837000,1.880000,teleport_map,24,25,,,400-500,351-500,direct_hit
SITE1_P07,P07,SITE1,map,B,3,11,1,P07_race_map_B_11.csv,3,4,5,5,6,13:29:46.405,13:29:49.028,13:29:49.028,13:29:49.028,13:29:50.789,-1587.400000,-148.200000,1834.300000,-1824.000000,-155.900000,2254.000000,-1824.000000,-154.400000,2257.700000,-1824.000000,-154.400000,2257.700000,481.796274,481.857801,484.974030,485.013660,3.700000,3.992493,3.700000,3.992493,true,0,1,true,false,0.000000,0.000000,0.000000,0.000000,,2.623000,1.761000,teleport_map,4,5,,,400-500,351-500,direct_hit
SITE1_P07,P07,SITE1,map,B,3,11,2,P07_race_map_B_11.csv,7,8,9,9,10,13:29:52.720,13:29:57.516,13:29:57.516,13:29:57.516,13:30:02.251,-1825.800000,-154.500000,2259.200000,-2183.500000,-156.800000,1969.600000,-2186.100000,-155.200000,1971.900000,-2186.100000,-155.200000,1971.900000,460.236298,460.242045,460.013098,460.013793,3.471311,3.822303,3.471311,3.822303,true,0,1,true,false,0.000000,0.000000,0.000000,0.000000,,4.796000,4.735000,teleport_map,8,9,,,400-500,351-500,direct_hit
SITE1_P07,P07,SITE1,map,B,3,11,3,P07_race_map_B_11.csv,11,12,13,13,14,13:30:03.493,13:30:06.820,13:30:06.820,13:30:06.820,13:30:08.830,-2186.100000,-155.300000,1972.100000,-2489.500000,-157.100000,2081.700000,-2490.700000,-155.600000,2082.900000,-2490.700000,-155.600000,2082.900000,322.589088,322.594110,324.126210,324.126349,1.697056,2.264950,1.697056,2.264950,true,0,1,true,false,0.000000,0.000000,0.000000,0.000000,,3.327000,2.010000,teleport_map,12,13,,,300-400,200-350,direct_hit
SITE1_P07,P07,SITE1,map,B,3,11,4,P07_race_map_B_11.csv,15,16,17,17,18,13:30:10.030,13:30:12.705,13:30:12.706,13:30:12.706,13:30:14.363,-2490.700000,-155.600000,2083.000000,-2630.000000,-156.100000,2448.000000,-2632.600000,-154.600000,2452.800000,-2632.600000,-154.600000,2452.800000,390.678244,390.678564,396.090457,396.091479,5.458938,5.661272,5.458938,5.661272,true,0,1,true,false,0.000000,0.000000,0.000000,0.000000,,2.676000,1.657000,teleport_map,16,17,,,300-400,351-500,direct_hit
SITE1_P07,P07,SITE1,map,B,3,11,5,P07_race_map_B_11.csv,19,20,21,21,22,13:30:15.263,13:30:18.655,13:30:18.656,13:30:18.656,13:30:20.763,-2632.700000,-154.700000,2452.600000,-2978.700000,-155.900000,2306.500000,-2982.000000,-154.400000,2304.000000,-2982.000000,-154.400000,2304.000000,375.581163,375.583080,379.634271,379.634324,4.140048,4.403408,4.140048,4.403408,true,0,1,true,false,0.000000,0.000000,0.000000,0.000000,,3.393000,2.107000,teleport_map,20,21,,,300-400,351-500,direct_hit
SITE1_P07,P07,SITE1,map,B,3,11,6,P07_race_map_B_11.csv,23,24,25,25,26,13:30:22.536,13:30:26.447,13:30:26.447,13:30:26.447,13:30:28.793,-2982.000000,-154.500000,2304.000000,-2999.000000,-156.000000,1931.000000,-3000.000000,-154.300000,1932.600000,-3000.000000,-154.300000,1932.600000,373.387198,373.390211,371.835932,371.835945,1.886796,2.539685,1.886796,2.539685,true,0,1,true,false,0.000000,0.000000,0.000000,0.000000,,3.911000,2.346000,teleport_map,24,25,,,300-400,351-500,direct_hit
SITE1_P07,P07,SITE1,map,C,3,9,2,P07_race_map_C_9.csv,7,8,9,9,10,13:27:49.725,13:27:56.130,13:27:56.130,13:27:56.130,13:27:59.514,-2301.500000,-146.200000,60.200000,-2303.900000,-147.000000,-387.200000,-2300.400000,-145.500000,-387.800000,-2300.400000,-145.500000,-387.800000,447.406437,447.407152,448.001350,448.001752,3.551056,3.854867,3.551056,3.854867,true,0,1,true,false,0.000000,0.000000,0.000000,0.000000,,6.405000,3.384000,teleport_map,8,9,,,400-500,351-500,direct_hit
SITE1_P07,P07,SITE1,map,C,3,9,3,P07_race_map_C_9.csv,11,12,13,13,14,13:28:01.227,13:28:06.496,13:28:06.496,13:28:06.496,13:28:08.298,-2300.400000,-145.600000,-387.900000,-1943.900000,-143.600000,-367.100000,-1942.900000,-142.000000,-364.400000,-1942.900000,-142.000000,-364.400000,357.106273,357.111873,358.171760,358.188861,2.879236,3.293934,2.879236,3.293934,true,0,1,true,false,0.000000,0.000000,0.000000,0.000000,,5.269000,1.802000,teleport_map,12,13,,,300-400,351-500,direct_hit
SITE1_P07,P07,SITE1,map,C,3,9,4,P07_race_map_C_9.csv,15,16,17,17,18,13:28:09.313,13:28:13.061,13:28:13.061,13:28:13.061,13:28:15.621,-1942.900000,-142.100000,-364.400000,-2025.000000,-148.600000,-798.000000,-2024.600000,-147.000000,-797.300000,-2024.600000,-147.000000,-797.300000,441.304169,441.352036,440.640318,440.668685,0.806226,1.791647,0.806226,1.791647,true,0,1,true,false,0.000000,0.000000,0.000000,0.000000,,3.748000,2.560000,teleport_map,16,17,,,400-500,351-500,direct_hit
SITE1_P07,P07,SITE1,map,C,3,9,5,P07_race_map_C_9.csv,19,20,21,21,22,13:28:16.485,13:28:20.227,13:28:20.227,13:28:20.227,13:28:22.584,-2024.600000,-147.100000,-797.400000,-1819.400000,-140.800000,-1190.000000,-1819.000000,-139.300000,-1192.100000,-1819.000000,-139.300000,-1192.100000,442.991874,443.036669,445.038706,445.105313,2.137756,2.611513,2.137756,2.611513,true,0,1,true,false,0.000000,0.000000,0.000000,0.000000,,3.742000,2.357000,teleport_map,20,21,,,400-500,351-500,direct_hit
SITE1_P07,P07,SITE1,map,C,3,9,6,P07_race_map_C_9.csv,23,24,25,25,26,13:28:23.377,13:28:30.258,13:28:30.258,13:28:30.258,13:28:32.120,-1819.100000,-139.300000,-1192.100000,-1375.200000,-127.000000,-1014.300000,-1380.200000,-125.600000,-1011.200000,-1380.200000,-125.600000,-1011.200000,478.184117,478.342283,474.718885,474.916530,5.883026,6.047313,5.883026,6.047313,true,0,1,true,false,0.000000,0.000000,0.000000,0.000000,,6.881000,1.862000,teleport_map,24,25,,,400-500,351-500,direct_hit
SITE1_P07,P07,SITE1,tsunami,A,1,1,1,P07_race_tsunami_A_1.csv,3,4,5,8,9,13:00:09.448,13:00:12.161,13:00:12.161,13:00:15.920,13:00:19.523,1364.500000,-136.900000,-2182.200000,1036.100000,-125.400000,-1926.600000,1014.600000,-124.300000,-1910.500000,1034.300000,-123.900000,-1924.600000,416.146513,416.305381,443.002144,443.181295,26.860007,26.882522,2.690725,3.080584,false,1,2,true,false,24.144772,24.148085,24.144772,24.148085,1.766000,6.472000,3.603000,teleport_tsunami|teleport_tsunami,4|7,5|8,24.144772,24.148085,400-500,351-500,short_corrections_only
SITE1_P07,P07,SITE1,tsunami,A,1,1,2,P07_race_tsunami_A_1.csv,10,11,12,15,16,13:00:21.412,13:00:24.710,13:00:24.710,13:00:27.697,13:00:33.032,1034.100000,-123.900000,-1924.700000,660.800000,-122.800000,-2101.300000,646.500000,-120.800000,-2114.100000,658.600000,-121.200000,-2102.100000,412.965434,412.966899,431.400185,431.411323,19.191925,19.295854,2.340940,2.835489,false,1,2,true,false,16.829141,16.833894,16.829141,16.833894,1.864000,6.285000,5.335000,teleport_tsunami|teleport_tsunami,11|14,12|15,16.829141,16.833894,400-500,351-500,short_corrections_only
SITE1_P07,P07,SITE1,tsunami,A,1,1,3,P07_race_tsunami_A_1.csv,18,19,20,23,24,13:00:37.962,13:00:40.628,13:00:40.628,13:00:44.384,13:00:47.592,658.400000,-121.200000,-2102.100000,193.000000,-120.500000,-2075.600000,114.500000,-117.200000,-2084.700000,195.800000,-119.100000,-2074.300000,466.153848,466.154374,544.178252,544.192953,79.025692,79.094564,3.087070,3.389690,false,1,2,true,false,81.664925,81.684760,81.664925,81.684760,1.600000,6.422000,3.208000,teleport_tsunami|teleport_tsunami,19|22,20|23,81.664925,81.684760,400-500,351-500,short_corrections_only
SITE1_P07,P07,SITE1,tsunami,A,1,1,4,P07_race_tsunami_A_1.csv,25,26,27,27,28,13:00:50.177,13:00:52.490,13:00:52.490,13:00:52.490,13:00:56.643,195.700000,-119.000000,-2074.200000,207.800000,-130.500000,-1742.200000,212.300000,-128.900000,-1736.700000,212.300000,-128.900000,-1736.700000,332.220424,332.419404,338.002973,338.147926,7.106335,7.284230,7.106335,7.284230,true,0,1,true,false,0.000000,0.000000,0.000000,0.000000,,2.313000,4.153000,teleport_tsunami,26,27,,,300-400,200-350,direct_hit
SITE1_P07,P07,SITE1,tsunami,A,1,1,5,P07_race_tsunami_A_1.csv,29,30,31,31,32,13:00:58.340,13:01:00.847,13:01:00.847,13:01:00.847,13:01:03.018,212.100000,-128.900000,-1736.600000,-221.000000,-110.700000,-1770.000000,-221.100000,-109.300000,-1765.600000,-221.100000,-109.300000,-1765.600000,434.385969,434.767076,434.169598,434.611781,4.401136,4.618441,4.401136,4.618441,true,0,1,true,false,0.000000,0.000000,0.000000,0.000000,,2.507000,2.171000,teleport_tsunami,30,31,,,400-500,351-500,direct_hit
SITE1_P07,P07,SITE1,tsunami,A,1,1,6,P07_race_tsunami_A_1.csv,33,34,35,38,39,13:01:03.719,13:01:05.711,13:01:05.711,13:01:07.860,13:01:11.535,-221.100000,-109.300000,-1765.500000,-640.700000,-108.700000,-1512.100000,-631.300000,-107.100000,-1524.700000,-641.800000,-107.100000,-1514.300000,490.179273,490.179641,475.656052,475.661140,15.720051,15.801266,2.459675,2.934280,false,1,2,true,false,14.778701,14.778701,14.778701,14.778701,0.662000,4.141000,3.675000,teleport_tsunami|teleport_tsunami,34|37,35|38,14.778701,14.778701,400-500,351-500,short_corrections_only
SITE1_P07,P07,SITE1,tsunami,B,1,2,1,P07_race_tsunami_B_2.csv,3,4,5,8,9,13:01:46.224,13:01:47.679,13:01:47.679,13:01:48.860,13:01:52.283,-1587.500000,-148.100000,1834.300000,-1824.000000,-155.900000,2254.000000,-1818.900000,-154.400000,2244.600000,-1824.000000,-154.300000,2252.600000,481.747174,481.810315,471.054190,471.096317,10.694391,10.799074,1.400000,2.126029,false,1,2,true,false,9.571834,9.572356,9.571834,9.572356,0.599000,2.636000,3.423000,teleport_tsunami|teleport_tsunami,4|7,5|8,9.571834,9.572356,400-500,351-500,short_corrections_only
SITE1_P07,P07,SITE1,tsunami,B,1,2,2,P07_race_tsunami_B_2.csv,10,11,12,12,13,13:01:52.833,13:01:54.890,13:01:54.890,13:01:54.890,13:01:56.620,-1824.000000,-154.300000,2252.500000,-2183.500000,-156.800000,1969.600000,-2186.500000,-155.200000,1969.800000,-2186.500000,-155.200000,1969.800000,457.463288,457.470119,459.701577,459.702458,3.006659,3.405877,3.006659,3.405877,true,0,1,true,false,0.000000,0.000000,0.000000,0.000000,,2.057000,1.730000,teleport_tsunami,11,12,,,400-500,351-500,direct_hit
SITE1_P07,P07,SITE1,tsunami,B,1,2,3,P07_race_tsunami_B_2.csv,14,15,16,16,17,13:01:56.967,13:01:59.483,13:01:59.483,13:01:59.483,13:02:01.164,-2186.500000,-155.200000,1969.800000,-2489.500000,-157.100000,2081.700000,-2485.400000,-155.600000,2077.700000,-2485.400000,-155.600000,2077.700000,323.002492,323.008080,317.779200,317.779452,5.728001,5.921149,5.728001,5.921149,true,0,1,true,false,0.000000,0.000000,0.000000,0.000000,,2.516000,1.681000,teleport_tsunami,15,16,,,300-400,200-350,direct_hit
SITE1_P07,P07,SITE1,tsunami,B,1,2,4,P07_race_tsunami_B_2.csv,18,19,20,20,21,13:02:01.666,13:02:04.227,13:02:04.227,13:02:04.227,13:02:05.656,-2485.300000,-155.600000,2077.800000,-2630.000000,-156.100000,2448.000000,-2627.800000,-154.500000,2443.600000,-2627.800000,-154.500000,2443.600000,397.474691,397.475006,392.575967,392.577508,4.919350,5.173007,4.919350,5.173007,true,0,1,true,false,0.000000,0.000000,0.000000,0.000000,,2.561000,1.429000,teleport_tsunami,19,20,,,300-400,351-500,direct_hit
SITE1_P07,P07,SITE1,tsunami,B,1,2,5,P07_race_tsunami_B_2.csv,23,24,25,28,29,13:02:08.793,13:02:10.110,13:02:10.110,13:02:11.733,13:02:14.209,-2627.900000,-154.500000,2443.500000,-2978.700000,-155.900000,2306.500000,-2951.300000,-153.600000,2311.400000,-2974.000000,-154.200000,2307.100000,376.602762,376.605364,349.339334,349.340493,27.834691,27.929554,4.738143,5.033885,false,1,2,true,false,23.103679,23.111469,23.103679,23.111469,0.548000,2.940000,2.476000,teleport_tsunami|teleport_tsunami,24|27,25|28,23.103679,23.111469,300-400,351-500,short_corrections_only
SITE1_P07,P07,SITE1,tsunami,B,1,2,6,P07_race_tsunami_B_2.csv,30,31,32,35,36,13:02:14.501,13:02:16.764,13:02:16.764,13:02:18.336,13:02:21.789,-2973.900000,-154.200000,2307.100000,-2999.000000,-156.000000,1931.000000,-3001.500000,-154.200000,1945.500000,-3001.600000,-154.300000,1937.100000,376.936626,376.940924,362.651789,362.651789,14.713939,14.823630,6.630988,6.845436,false,1,2,true,false,8.402381,8.402976,8.402381,8.402976,0.671000,3.835000,3.453000,teleport_tsunami|teleport_tsunami,31|34,32|35,8.402381,8.402976,300-400,351-500,short_corrections_only
SITE1_P07,P07,SITE1,tsunami,C,1,3,1,P07_race_tsunami_C_3.csv,3,4,5,8,9,13:02:40.012,13:02:41.528,13:02:41.528,13:02:42.542,13:02:45.619,-2003.400000,-141.800000,179.600000,-2299.700000,-147.700000,56.800000,-2291.000000,-146.100000,60.000000,-2299.800000,-146.100000,57.400000,320.739037,320.793298,311.476998,311.506677,9.269844,9.406912,0.608276,1.711724,false,1,2,true,false,9.176056,9.176056,9.176056,9.176056,0.459000,2.530000,3.077000,teleport_tsunami|teleport_tsunami,4|7,5|8,9.176056,9.176056,300-400,200-350,short_corrections_only
SITE1_P07,P07,SITE1,tsunami,C,1,3,2,P07_race_tsunami_C_3.csv,10,11,12,15,16,13:02:46.033,13:02:48.476,13:02:48.476,13:02:51.283,13:02:56.965,-2299.700000,-146.100000,57.400000,-2303.900000,-147.000000,-387.200000,-2308.300000,-145.600000,-406.200000,-2305.000000,-145.500000,-388.700000,444.619838,444.620749,463.679760,463.680030,19.502820,19.553005,1.860108,2.389561,false,1,2,true,false,17.575551,17.575836,17.575551,17.575836,0.618000,5.250000,5.682000,teleport_tsunami|teleport_tsunami,11|14,12|15,17.575551,17.575836,400-500,351-500,short_corrections_only
SITE1_P07,P07,SITE1,tsunami,C,1,3,3,P07_race_tsunami_C_3.csv,17,18,19,19,20,13:02:57.455,13:02:59.769,13:02:59.769,13:02:59.769,13:03:02.700,-2305.000000,-145.500000,-388.700000,-1943.900000,-143.600000,-367.100000,-1944.400000,-142.100000,-369.600000,-1944.400000,-142.100000,-369.600000,361.745449,361.750439,361.005623,361.021634,2.549510,2.958040,2.549510,2.958040,true,0,1,true,false,0.000000,0.000000,0.000000,0.000000,,2.314000,2.931000,teleport_tsunami,18,19,,,300-400,351-500,direct_hit
SITE1_P07,P07,SITE1,tsunami,C,1,3,4,P07_race_tsunami_C_3.csv,21,22,23,26,27,13:03:03.007,13:03:05.716,13:03:05.716,13:03:07.384,13:03:10.036,-1944.500000,-142.100000,-369.600000,-2025.000000,-148.600000,-798.000000,-2012.900000,-147.100000,-773.200000,-2023.900000,-147.000000,-796.000000,435.897706,435.946166,409.355005,409.385540,27.594383,27.635123,2.282542,2.787472,false,1,2,true,false,25.138218,25.138417,25.138218,25.138417,0.536000,4.377000,2.652000,teleport_tsunami|teleport_tsunami,22|25,23|26,25.138218,25.138417,400-500,351-500,short_corrections_only
SITE1_P07,P07,SITE1,tsunami,C,1,3,5,P07_race_tsunami_C_3.csv,28,29,30,33,34,13:03:10.354,13:03:12.411,13:03:12.411,13:03:15.359,13:03:17.831,-2023.700000,-147.000000,-795.900000,-1819.400000,-140.800000,-1190.000000,-1972.000000,-141.600000,-1042.900000,-1819.900000,-139.200000,-1187.300000,443.906860,443.950155,252.352710,252.410479,211.955585,211.957095,2.745906,3.178050,false,1,2,false,true,209.727847,209.741579,209.727847,209.741579,0.975000,5.005000,2.472000,teleport_tsunami|teleport_tsunami,29|32,30|33,209.727847,209.741579,400-500,351-500,contains_correction_at_least_100m
SITE1_P07,P07,SITE1,tsunami,C,1,3,6,P07_race_tsunami_C_3.csv,36,37,38,41,42,13:03:21.905,13:03:23.740,13:03:23.740,13:03:25.902,13:03:28.205,-1819.900000,-139.200000,-1187.200000,-1375.200000,-127.000000,-1014.300000,-1356.700000,-124.900000,-1003.600000,-1372.300000,-125.400000,-1011.700000,477.129437,477.285386,498.260173,498.465335,21.371476,21.474403,3.894868,4.210701,false,1,2,true,false,17.353962,17.364331,17.353962,17.364331,1.484000,3.997000,2.303000,teleport_tsunami|teleport_tsunami,37|40,38|41,17.353962,17.364331,400-500,351-500,short_corrections_only
SITE1_P08,P08,SITE1,map,A,3,9,1,P08_race_map_A_9.csv,3,4,5,5,6,17:14:16.532,17:14:18.820,17:14:18.820,17:14:18.820,17:14:21.505,1364.500000,-136.900000,-2182.400000,1036.100000,-125.400000,-1926.600000,1037.000000,-123.700000,-1923.300000,1037.000000,-123.700000,-1923.300000,416.269384,416.428205,417.599162,417.804584,3.420526,3.819686,3.420526,3.819686,true,0,1,true,false,0.000000,0.000000,0.000000,0.000000,,2.288000,2.685000,teleport_map,4,5,,,400-500,351-500,direct_hit
SITE1_P08,P08,SITE1,map,A,3,9,2,P08_race_map_A_9.csv,7,8,9,9,10,17:14:22.297,17:14:25.852,17:14:25.852,17:14:25.852,17:14:29.349,1037.100000,-123.800000,-1923.400000,660.800000,-122.800000,-2101.300000,661.300000,-121.100000,-2101.300000,661.300000,-121.100000,-2101.300000,416.233228,416.234429,403.849725,403.858750,0.500000,1.772005,0.500000,1.772005,true,0,1,true,false,0.000000,0.000000,0.000000,0.000000,,3.555000,3.497000,teleport_map,8,9,,,400-500,351-500,direct_hit
SITE1_P08,P08,SITE1,map,A,3,9,3,P08_race_map_A_9.csv,11,12,13,13,14,17:14:30.395,17:14:32.222,17:14:32.222,17:14:32.222,17:14:34.768,661.300000,-121.100000,-2101.500000,193.000000,-120.500000,-2075.600000,193.600000,-119.000000,-2073.900000,193.600000,-119.000000,-2073.900000,469.015671,469.016055,468.507780,468.512486,1.802776,2.345208,1.802776,2.345208,true,0,1,true,false,0.000000,0.000000,0.000000,0.000000,,1.827000,2.546000,teleport_map,12,13,,,400-500,351-500,direct_hit
SITE1_P08,P08,SITE1,map,A,3,9,4,P08_race_map_A_9.csv,15,16,17,17,18,17:14:35.284,17:14:37.397,17:14:37.397,17:14:37.397,17:14:41.775,193.500000,-119.000000,-2073.800000,207.800000,-130.500000,-1742.200000,208.500000,-128.800000,-1744.200000,208.500000,-128.800000,-1744.200000,331.908195,332.107362,315.805668,315.951547,2.118962,2.716616,2.118962,2.716616,true,0,1,true,false,0.000000,0.000000,0.000000,0.000000,,2.113000,4.378000,teleport_map,16,17,,,300-400,200-350,direct_hit
SITE1_P08,P08,SITE1,map,A,3,9,5,P08_race_map_A_9.csv,19,20,21,21,22,17:14:44.398,17:14:46.675,17:14:46.675,17:14:46.675,17:14:48.334,208.600000,-128.900000,-1744.300000,-221.000000,-110.700000,-1770.000000,-222.900000,-109.100000,-1767.200000,-222.900000,-109.100000,-1767.200000,430.368040,430.752702,432.107232,432.560632,3.383785,3.742993,3.383785,3.742993,true,0,1,true,false,0.000000,0.000000,0.000000,0.000000,,2.277000,1.659000,teleport_map,20,21,,,400-500,351-500,direct_hit
SITE1_P08,P08,SITE1,map,A,3,9,6,P08_race_map_A_9.csv,23,24,25,25,26,17:14:49.284,17:14:52.330,17:14:52.330,17:14:52.330,17:14:55.792,-222.900000,-109.100000,-1767.200000,-640.700000,-108.700000,-1512.100000,-638.500000,-107.000000,-1514.900000,-638.500000,-107.000000,-1514.900000,489.523084,489.523248,474.664271,474.668916,3.560899,3.945884,3.560899,3.945884,true,0,1,true,false,0.000000,0.000000,0.000000,0.000000,,3.046000,3.462000,teleport_map,24,25,,,400-500,351-500,direct_hit
SITE1_P08,P08,SITE1,map,B,3,10,1,P08_race_map_B_10.csv,3,4,5,5,6,17:15:12.698,17:15:14.337,17:15:14.338,17:15:14.338,17:15:19.096,-1592.700000,-148.500000,1837.800000,-1824.000000,-155.900000,2254.000000,-1825.700000,-154.200000,2255.600000,-1825.700000,-154.200000,2255.600000,476.153473,476.210972,514.488455,514.521146,2.334524,2.887906,2.334524,2.887906,true,0,1,true,false,0.000000,0.000000,0.000000,0.000000,,1.640000,4.758000,teleport_map,4,5,,,400-500,351-500,direct_hit
SITE1_P08,P08,SITE1,map,B,3,10,2,P08_race_map_B_10.csv,7,8,9,9,10,17:15:20.396,17:15:24.881,17:15:24.881,17:15:24.881,17:15:29.477,-1825.400000,-154.300000,2255.500000,-2183.500000,-156.800000,1969.600000,-2183.100000,-155.100000,1969.700000,-2183.100000,-155.100000,1969.700000,458.229659,458.236478,447.793535,447.794250,0.412311,1.749286,0.412311,1.749286,true,0,1,true,false,0.000000,0.000000,0.000000,0.000000,,4.485000,4.596000,teleport_map,8,9,,,400-500,351-500,direct_hit
SITE1_P08,P08,SITE1,map,B,3,10,3,P08_race_map_B_10.csv,11,12,13,13,14,17:15:30.754,17:15:33.333,17:15:33.333,17:15:33.333,17:15:35.838,-2183.100000,-155.100000,1969.700000,-2489.500000,-157.100000,2081.700000,-2487.900000,-155.500000,2079.200000,-2487.900000,-155.500000,2079.200000,326.228386,326.234517,315.262383,315.262637,2.968164,3.371943,2.968164,3.371943,true,0,1,true,false,0.000000,0.000000,0.000000,0.000000,,2.579000,2.505000,teleport_map,12,13,,,300-400,200-350,direct_hit
SITE1_P08,P08,SITE1,map,B,3,10,4,P08_race_map_B_10.csv,15,16,17,17,18,17:15:36.691,17:15:38.370,17:15:38.371,17:15:38.371,17:15:41.387,-2488.200000,-155.500000,2079.200000,-2630.000000,-156.100000,2448.000000,-2629.300000,-154.500000,2446.500000,-2629.300000,-154.500000,2446.500000,395.121095,395.121551,368.806318,368.807958,1.655295,2.302173,1.655295,2.302173,true,0,1,true,false,0.000000,0.000000,0.000000,0.000000,,1.680000,3.016000,teleport_map,16,17,,,300-400,351-500,direct_hit
SITE1_P08,P08,SITE1,map,B,3,10,5,P08_race_map_B_10.csv,19,20,21,21,22,17:15:42.352,17:15:44.509,17:15:44.509,17:15:44.509,17:15:45.985,-2629.300000,-154.500000,2446.600000,-2978.700000,-155.900000,2306.500000,-2974.200000,-154.200000,2304.100000,-2974.200000,-154.200000,2304.100000,376.441722,376.444325,373.271014,373.271135,5.100000,5.375872,5.100000,5.375872,true,0,1,true,false,0.000000,0.000000,0.000000,0.000000,,2.157000,1.476000,teleport_map,20,21,,,300-400,351-500,direct_hit
SITE1_P08,P08,SITE1,map,B,3,10,6,P08_race_map_B_10.csv,23,24,25,25,26,17:15:46.733,17:15:50.479,17:15:50.479,17:15:50.479,17:15:52.719,-2974.200000,-154.300000,2304.000000,-2999.000000,-156.000000,1931.000000,-2995.600000,-154.400000,1927.700000,-2995.600000,-154.400000,1927.700000,373.823541,373.827407,376.908013,376.908132,4.738143,5.001000,4.738143,5.001000,true,0,1,true,false,0.000000,0.000000,0.000000,0.000000,,3.746000,2.240000,teleport_map,24,25,,,300-400,351-500,direct_hit
SITE1_P08,P08,SITE1,map,C,3,11,1,P08_race_map_C_11.csv,3,4,5,5,6,17:16:05.505,17:16:07.342,17:16:07.342,17:16:07.342,17:16:10.251,-2003.300000,-141.900000,179.500000,-2299.700000,-147.700000,56.800000,-2297.700000,-146.100000,57.900000,-2297.700000,-146.100000,57.900000,320.793158,320.845586,305.916492,305.945322,2.282542,2.787472,2.282542,2.787472,true,0,1,true,false,0.000000,0.000000,0.000000,0.000000,,1.837000,2.909000,teleport_map,4,5,,,300-400,200-350,direct_hit
SITE1_P08,P08,SITE1,map,C,3,11,2,P08_race_map_C_11.csv,7,8,9,9,10,17:16:11.014,17:16:13.507,17:16:13.507,17:16:13.507,17:16:15.229,-2297.600000,-146.200000,57.800000,-2303.900000,-147.000000,-387.200000,-2304.100000,-145.300000,-386.200000,-2304.100000,-145.300000,-386.200000,445.044593,445.045312,444.147566,444.148286,1.019804,1.982423,1.019804,1.982423,true,0,1,true,false,0.000000,0.000000,0.000000,0.000000,,2.493000,1.722000,teleport_map,8,9,,,400-500,351-500,direct_hit
SITE1_P08,P08,SITE1,map,C,3,11,3,P08_race_map_C_11.csv,16,17,18,18,19,17:16:24.392,17:16:26.878,17:16:26.878,17:16:26.878,17:16:29.736,-1942.900000,-142.100000,-370.200000,-2025.000000,-148.600000,-798.000000,-2023.000000,-146.800000,-800.400000,-2023.000000,-146.800000,-800.400000,435.606761,435.655254,439.462774,439.488987,3.124100,3.605551,3.124100,3.605551,true,0,1,true,false,0.000000,0.000000,0.000000,0.000000,,2.486000,2.858000,teleport_map,17,18,,,400-500,351-500,direct_hit
SITE1_P08,P08,SITE1,map,C,3,11,4,P08_race_map_C_11.csv,20,21,22,22,23,17:16:30.691,17:16:33.477,17:16:33.477,17:16:33.477,17:16:35.254,-2022.900000,-146.900000,-800.600000,-1819.400000,-140.800000,-1190.000000,-1817.700000,-139.100000,-1189.600000,-1817.700000,-139.100000,-1189.600000,439.368422,439.410765,439.762777,439.830183,1.746425,2.437212,1.746425,2.437212,true,0,1,true,false,0.000000,0.000000,0.000000,0.000000,,2.786000,1.777000,teleport_map,21,22,,,400-500,351-500,direct_hit
SITE1_P08,P08,SITE1,map,C,3,11,5,P08_race_map_C_11.csv,24,25,26,26,27,17:16:36.621,17:16:38.384,17:16:38.384,17:16:38.384,17:16:45.411,-1817.500000,-139.100000,-1189.600000,-1375.200000,-127.000000,-1014.300000,-1378.600000,-125.400000,-1013.700000,-1378.600000,-125.400000,-1013.700000,475.772404,475.926244,457.240210,457.445407,3.452535,3.805260,3.452535,3.805260,true,0,1,true,false,0.000000,0.000000,0.000000,0.000000,,1.763000,7.027000,teleport_map,25,26,,,400-500,351-500,direct_hit
SITE1_P08,P08,SITE1,tsunami,A,1,3,1,P08_race_tsunami_A_3.csv,3,4,5,11,12,16:50:26.997,16:50:28.892,16:50:28.892,16:50:31.200,16:50:32.770,1364.400000,-136.900000,-2182.300000,1036.100000,-125.400000,-1926.600000,1059.500000,-124.100000,-1939.900000,1037.100000,-123.800000,-1926.300000,416.129042,416.287917,389.514788,389.725044,26.915609,26.946985,1.044031,1.910497,false,2,3,true,false,26.271034,26.273293,19.918082,19.920341,0.698000,4.203000,1.570000,teleport_tsunami|teleport_tsunami|teleport_tsunami,4|7|10,5|8|11,19.918082|6.352952,19.920341|6.352952,400-500,351-500,short_corrections_only
SITE1_P08,P08,SITE1,tsunami,A,1,3,2,P08_race_tsunami_A_3.csv,13,14,15,18,19,16:50:34.467,16:50:35.645,16:50:35.645,16:50:37.503,16:50:39.978,1037.000000,-123.700000,-1926.200000,660.800000,-122.800000,-2101.300000,643.200000,-121.100000,-2108.200000,656.100000,-121.100000,-2103.300000,414.953552,414.954528,433.823051,433.830843,18.904232,18.980516,5.107837,5.383308,false,1,2,true,false,13.612494,13.612862,13.612494,13.612862,1.232000,3.036000,2.475000,teleport_tsunami|teleport_tsunami,14|17,15|18,13.612494,13.612862,400-500,351-500,short_corrections_only
SITE1_P08,P08,SITE1,tsunami,A,1,3,3,P08_race_tsunami_A_3.csv,20,21,22,28,29,16:50:40.964,16:50:42.608,16:50:42.608,16:50:45.537,16:50:46.944,656.000000,-121.100000,-2103.500000,193.000000,-120.500000,-2075.600000,254.800000,-119.200000,-2093.000000,188.700000,-118.800000,-2073.200000,463.839854,463.840242,401.337377,401.341874,64.202804,64.215964,4.924429,5.209607,false,2,3,true,false,68.973184,68.975493,34.644624,34.646933,0.874000,4.573000,1.407000,teleport_tsunami|teleport_tsunami|teleport_tsunami,21|24|27,22|25|28,34.644624|34.328560,34.646933|34.328560,400-500,351-500,short_corrections_only
SITE1_P08,P08,SITE1,tsunami,A,1,3,4,P08_race_tsunami_A_3.csv,30,31,32,32,33,16:50:48.177,16:50:50.382,16:50:50.382,16:50:50.382,16:50:51.296,188.700000,-118.800000,-2073.200000,207.800000,-130.500000,-1742.200000,212.200000,-128.800000,-1739.100000,212.200000,-128.800000,-1739.100000,331.550615,331.756989,334.925454,335.074708,5.382379,5.644466,5.382379,5.644466,true,0,1,true,false,0.000000,0.000000,0.000000,0.000000,,2.205000,0.914000,teleport_tsunami,31,32,,,300-400,200-350,direct_hit
SITE1_P08,P08,SITE1,tsunami,A,1,3,5,P08_race_tsunami_A_3.csv,34,35,36,39,40,16:50:52.112,16:50:53.710,16:50:53.711,16:50:54.862,16:50:55.733,212.300000,-128.800000,-1739.000000,-221.000000,-110.700000,-1770.000000,-199.700000,-109.900000,-1768.300000,-227.700000,-108.900000,-1768.000000,434.407516,434.784429,413.040543,413.472732,21.367733,21.382703,6.992138,7.220111,false,1,2,true,false,28.001607,28.019458,28.001607,28.019458,0.520000,2.750000,0.871000,teleport_tsunami|teleport_tsunami,35|38,36|39,28.001607,28.019458,400-500,351-500,short_corrections_only
SITE1_P08,P08,SITE1,tsunami,A,1,3,6,P08_race_tsunami_A_3.csv,41,42,43,46,47,16:50:56.460,16:50:57.769,16:50:57.770,16:50:59.226,16:51:00.426,-227.700000,-108.900000,-1767.900000,-640.700000,-108.700000,-1512.100000,-605.200000,-106.500000,-1536.800000,-635.600000,-107.000000,-1515.500000,485.801029,485.801070,442.621125,442.627631,43.247428,43.303349,6.129437,6.360818,false,1,2,true,false,37.037549,37.040923,37.037549,37.040923,0.465000,2.766000,1.200000,teleport_tsunami|teleport_tsunami,42|45,43|46,37.037549,37.040923,400-500,351-500,short_corrections_only
SITE1_P08,P08,SITE1,tsunami,B,1,1,1,P08_race_tsunami_B_1.csv,3,4,5,8,9,16:47:52.156,16:47:53.698,16:47:53.698,16:47:57.035,16:48:00.133,-1587.500000,-148.100000,1834.000000,-1824.000000,-155.900000,2254.000000,-1836.600000,-155.600000,2289.700000,-1824.600000,-154.300000,2255.300000,482.008558,482.071665,519.339292,519.393444,37.858288,37.859477,1.431782,2.147091,false,1,2,true,false,36.400137,36.427050,36.400137,36.427050,1.805000,4.879000,3.098000,teleport_tsunami|teleport_tsunami,4|7,5|8,36.400137,36.427050,400-500,351-500,short_corrections_only
SITE1_P08,P08,SITE1,tsunami,B,1,1,2,P08_race_tsunami_B_1.csv,10,11,12,12,13,16:48:01.202,16:48:02.468,16:48:02.468,16:48:02.468,16:48:03.874,-1824.600000,-154.200000,2255.100000,-2183.500000,-156.800000,1969.600000,-2187.200000,-155.100000,1972.500000,-2187.200000,-155.100000,1972.500000,458.605996,458.613367,459.780437,459.781318,4.701064,4.999000,4.701064,4.999000,true,0,1,true,false,0.000000,0.000000,0.000000,0.000000,,1.266000,1.406000,teleport_tsunami,11,12,,,400-500,351-500,direct_hit
SITE1_P08,P08,SITE1,tsunami,B,1,1,3,P08_race_tsunami_B_1.csv,15,16,17,20,21,16:48:07.014,16:48:08.296,16:48:08.296,16:48:10.534,16:48:12.556,-2187.200000,-155.100000,1972.400000,-2489.500000,-157.100000,2081.700000,-2495.100000,-155.400000,2089.700000,-2491.600000,-155.400000,2083.900000,321.452609,321.458831,329.487026,329.487162,9.765244,9.912114,3.041381,3.484250,false,1,2,true,false,6.637017,6.637771,6.637017,6.637771,1.696000,3.520000,2.022000,teleport_tsunami|teleport_tsunami,16|19,17|20,6.637017,6.637771,300-400,200-350,short_corrections_only
SITE1_P08,P08,SITE1,tsunami,B,1,1,4,P08_race_tsunami_B_1.csv,22,23,24,27,28,16:48:14.470,16:48:15.426,16:48:15.426,16:48:17.649,16:48:19.745,-2491.600000,-155.400000,2084.200000,-2630.000000,-156.100000,2448.000000,-2658.300000,-154.800000,2508.000000,-2635.700000,-154.500000,2450.900000,389.236432,389.237061,455.406774,455.407169,66.339204,66.351940,6.395311,6.592420,false,1,2,true,false,61.316882,61.317616,61.316882,61.317616,1.167000,3.179000,2.096000,teleport_tsunami|teleport_tsunami,23|26,24|27,61.316882,61.317616,300-400,351-500,short_corrections_only
SITE1_P08,P08,SITE1,tsunami,B,1,1,5,P08_race_tsunami_B_1.csv,29,30,31,37,38,16:48:21.103,16:48:23.137,16:48:23.138,16:48:25.716,16:48:27.241,-2635.800000,-154.500000,2450.800000,-2978.700000,-155.900000,2306.500000,-2908.900000,-153.500000,2314.600000,-2974.800000,-154.100000,2308.900000,372.025402,372.028037,305.178718,305.180357,70.268414,70.309388,4.579301,4.920366,false,2,3,true,false,65.980225,65.986240,44.807365,44.807477,0.592000,4.613000,1.525000,teleport_tsunami|teleport_tsunami|teleport_tsunami,30|33|36,31|34|37,44.807365|21.172860,44.807477|21.178763,300-400,351-500,short_corrections_only
SITE1_P08,P08,SITE1,tsunami,B,1,1,6,P08_race_tsunami_B_1.csv,39,40,41,47,48,16:48:28.082,16:48:29.247,16:48:29.247,16:48:32.146,16:48:33.555,-2974.700000,-154.100000,2308.800000,-2999.000000,-156.000000,1931.000000,-3001.600000,-154.100000,1974.300000,-3000.400000,-154.200000,1934.100000,378.580678,378.585446,335.579886,335.579886,43.377990,43.419581,3.401470,3.848376,false,2,3,true,false,40.112542,40.112542,26.609209,26.609209,0.615000,4.064000,1.409000,teleport_tsunami|teleport_tsunami|teleport_tsunami,40|43|46,41|44|47,26.609209|13.503333,26.609209|13.503333,300-400,351-500,short_corrections_only
SITE1_P08,P08,SITE1,tsunami,C,1,2,1,P08_race_tsunami_C_2.csv,3,4,5,8,9,16:49:15.891,16:49:17.111,16:49:17.111,16:49:18.115,16:49:20.306,-2003.200000,-141.800000,179.500000,-2299.700000,-147.700000,56.800000,-2265.200000,-145.900000,71.200000,-2299.200000,-146.000000,58.200000,320.885556,320.939792,283.501129,283.530774,37.384623,37.427931,1.486607,2.258318,false,1,2,true,false,36.364956,36.365093,36.364956,36.365093,0.481000,2.224000,2.191000,teleport_tsunami|teleport_tsunami,4|7,5|8,36.364956,36.365093,300-400,200-350,short_corrections_only
SITE1_P08,P08,SITE1,tsunami,C,1,2,2,P08_race_tsunami_C_2.csv,10,11,12,15,16,16:49:20.870,16:49:22.050,16:49:22.050,16:49:23.548,16:49:25.956,-2299.400000,-146.000000,58.400000,-2303.900000,-147.000000,-387.200000,-2307.900000,-145.400000,-394.900000,-2304.800000,-145.400000,-388.900000,445.622722,445.623844,453.379686,453.380083,8.676981,8.823265,1.923538,2.501999,false,1,2,true,false,6.621178,6.621178,6.621178,6.621178,1.101000,2.678000,2.408000,teleport_tsunami|teleport_tsunami,11|14,12|15,6.621178,6.621178,400-500,351-500,short_corrections_only
SITE1_P08,P08,SITE1,tsunami,C,1,2,3,P08_race_tsunami_C_2.csv,17,18,19,25,26,16:49:26.951,16:49:28.026,16:49:28.026,16:49:31.263,16:49:32.895,-2304.900000,-145.400000,-389.100000,-1943.900000,-143.600000,-367.100000,-1964.700000,-142.700000,-366.700000,-1941.000000,-141.800000,-366.400000,361.669739,361.674218,340.936651,340.947342,20.803846,20.823304,2.983287,3.484250,false,2,3,true,false,32.088080,32.107281,27.658633,27.676705,0.603000,4.312000,1.632000,teleport_tsunami|teleport_tsunami|teleport_tsunami,18|21|24,19|22|25,27.658633|4.429447,27.676705|4.430576,300-400,351-500,short_corrections_only
SITE1_P08,P08,SITE1,tsunami,C,1,2,4,P08_race_tsunami_C_2.csv,27,28,29,29,30,16:49:33.696,16:49:34.930,16:49:34.931,16:49:34.931,16:49:36.003,-1940.900000,-141.800000,-366.500000,-2025.000000,-148.600000,-798.000000,-2020.500000,-146.900000,-796.000000,-2020.500000,-146.900000,-796.000000,439.619222,439.671809,436.813931,436.843702,4.924429,5.209607,4.924429,5.209607,true,0,1,true,false,0.000000,0.000000,0.000000,0.000000,,1.235000,1.072000,teleport_tsunami,28,29,,,400-500,351-500,direct_hit
SITE1_P08,P08,SITE1,tsunami,C,1,2,5,P08_race_tsunami_C_2.csv,31,32,33,45,46,16:49:36.730,16:49:38.335,16:49:38.335,16:49:47.481,16:49:48.407,-2020.500000,-146.800000,-796.000000,-1819.400000,-140.800000,-1190.000000,-1849.400000,-138.900000,-1185.600000,-1823.700000,-139.200000,-1191.500000,442.354168,442.394858,425.515417,425.588745,30.320950,30.380421,4.554119,4.827007,false,4,5,true,false,51.759202,51.760961,17.345893,17.346181,1.104000,10.751000,0.926000,teleport_tsunami|teleport_tsunami|teleport_tsunami|teleport_tsunami|teleport_tsunami,32|35|38|41|44,33|36|39|42|45,9.849365|13.600368|10.963576|17.345893,9.849365|13.601838|10.963576|17.346181,400-500,351-500,short_corrections_only
SITE1_P08,P08,SITE1,tsunami,C,1,2,6,P08_race_tsunami_C_2.csv,49,50,51,60,61,16:49:53.557,16:49:54.768,16:49:54.768,16:50:00.136,16:50:01.893,-1823.600000,-139.200000,-1191.400000,-1375.200000,-127.000000,-1014.300000,-1312.200000,-123.500000,-989.700000,-1377.300000,-125.400000,-1015.100000,482.106804,482.261143,549.738893,549.963035,67.632537,67.723039,2.247221,2.758623,false,3,4,true,false,87.295094,87.322939,40.707739,40.722598,1.227000,6.579000,1.757000,teleport_tsunami|teleport_tsunami|teleport_tsunami|teleport_tsunami,50|53|56|59,51|54|57|60,37.947332|40.707739|8.640023,37.958003|40.722598|8.642338,400-500,351-500,short_corrections_only
SITE1_P09,P09,SITE1,map,A,3,11,1,P09_race_map_A_11.csv,3,4,5,5,6,18:28:07.037,18:28:10.468,18:28:10.468,18:28:10.468,18:28:12.226,1364.600000,-137.000000,-2182.400000,1036.100000,-125.400000,-1926.600000,1038.900000,-123.700000,-1922.300000,1038.900000,-123.700000,-1922.300000,416.348280,416.509844,416.671765,416.883977,5.131277,5.405553,5.131277,5.405553,true,0,1,true,false,0.000000,0.000000,0.000000,0.000000,,3.431000,1.758000,teleport_map,4,5,,,400-500,351-500,direct_hit
SITE1_P09,P09,SITE1,map,A,3,11,2,P09_race_map_A_11.csv,7,8,9,12,13,18:28:13.096,18:28:15.141,18:28:15.141,18:28:19.240,18:28:20.902,1038.900000,-123.700000,-1922.300000,660.800000,-122.800000,-2101.300000,658.900000,-121.700000,-2085.000000,659.400000,-121.000000,-2100.300000,418.330742,418.331710,413.365807,413.370645,16.410363,16.447188,1.720465,2.489980,false,1,2,true,false,15.208221,15.220053,15.208221,15.220053,1.700000,6.144000,1.662000,teleport_map|teleport_map,8|11,9|12,15.208221,15.220053,400-500,351-500,short_corrections_only
SITE1_P09,P09,SITE1,map,A,3,11,3,P09_race_map_A_11.csv,14,15,16,16,17,18:28:21.876,18:28:24.374,18:28:24.374,18:28:24.374,18:28:26.125,659.400000,-121.100000,-2100.300000,193.000000,-120.500000,-2075.600000,195.000000,-118.800000,-2073.800000,195.000000,-118.800000,-2073.800000,467.053584,467.053969,465.161176,465.166863,2.690725,3.182766,2.690725,3.182766,true,0,1,true,false,0.000000,0.000000,0.000000,0.000000,,2.498000,1.751000,teleport_map,15,16,,,400-500,351-500,direct_hit
SITE1_P09,P09,SITE1,map,A,3,11,4,P09_race_map_A_11.csv,18,19,20,20,21,18:28:26.457,18:28:29.132,18:28:29.132,18:28:29.132,18:28:30.499,195.100000,-118.800000,-2073.800000,207.800000,-130.500000,-1742.200000,208.900000,-128.800000,-1739.000000,208.900000,-128.800000,-1739.000000,331.843111,332.049304,335.184203,335.336339,3.383785,3.786819,3.383785,3.786819,true,0,1,true,false,0.000000,0.000000,0.000000,0.000000,,2.675000,1.367000,teleport_map,19,20,,,300-400,200-350,direct_hit
SITE1_P09,P09,SITE1,map,A,3,11,5,P09_race_map_A_11.csv,22,23,24,24,25,18:28:30.964,18:28:33.639,18:28:33.639,18:28:33.639,18:28:35.537,208.900000,-128.900000,-1738.900000,-221.000000,-110.700000,-1770.000000,-217.400000,-109.100000,-1768.500000,-217.400000,-109.100000,-1768.500000,431.023456,431.407534,427.326397,427.780247,3.900000,4.215448,3.900000,4.215448,true,0,1,true,false,0.000000,0.000000,0.000000,0.000000,,2.675000,1.898000,teleport_map,23,24,,,400-500,351-500,direct_hit
SITE1_P09,P09,SITE1,map,A,3,11,6,P09_race_map_A_11.csv,26,27,28,28,29,18:28:35.836,18:28:38.112,18:28:38.112,18:28:38.112,18:28:40.200,-217.400000,-109.100000,-1768.600000,-640.700000,-108.700000,-1512.100000,-637.100000,-106.900000,-1514.500000,-637.100000,-106.900000,-1514.500000,494.949634,494.949795,490.627048,490.631980,4.326662,4.686150,4.326662,4.686150,true,0,1,true,false,0.000000,0.000000,0.000000,0.000000,,2.276000,2.088000,teleport_map,27,28,,,400-500,351-500,direct_hit
SITE1_P09,P09,SITE1,map,B,3,9,1,P09_race_map_B_9.csv,3,4,5,5,6,18:25:52.723,18:25:58.092,18:25:58.092,18:25:58.092,18:26:00.641,-1587.500000,-148.200000,1834.200000,-1824.000000,-155.900000,2254.000000,-1824.800000,-154.200000,2256.600000,-1824.800000,-154.200000,2256.600000,481.834297,481.895819,484.492570,484.529720,2.720294,3.207803,2.720294,3.207803,true,0,1,true,false,0.000000,0.000000,0.000000,0.000000,,5.369000,2.549000,teleport_map,4,5,,,400-500,351-500,direct_hit
SITE1_P09,P09,SITE1,map,B,3,9,2,P09_race_map_B_9.csv,7,8,9,9,10,18:26:02.393,18:26:07.905,18:26:07.905,18:26:07.905,18:26:10.614,-1824.700000,-154.200000,2256.400000,-2183.500000,-156.800000,1969.600000,-2183.600000,-155.000000,1971.600000,-2183.600000,-155.000000,1971.600000,459.338307,459.345665,458.170547,458.171431,2.002498,2.692582,2.002498,2.692582,true,0,1,true,false,0.000000,0.000000,0.000000,0.000000,,5.512000,2.709000,teleport_map,8,9,,,400-500,351-500,direct_hit
SITE1_P09,P09,SITE1,map,B,3,9,3,P09_race_map_B_9.csv,11,12,13,13,14,18:26:11.122,18:26:15.836,18:26:15.836,18:26:15.836,18:26:18.207,-2183.600000,-155.100000,1971.600000,-2489.500000,-157.100000,2081.700000,-2488.700000,-155.400000,2081.700000,-2488.700000,-155.400000,2081.700000,325.110474,325.116625,324.357858,324.357997,0.800000,1.878829,0.800000,1.878829,true,0,1,true,false,0.000000,0.000000,0.000000,0.000000,,4.714000,2.371000,teleport_map,12,13,,,300-400,200-350,direct_hit
SITE1_P09,P09,SITE1,map,B,3,9,4,P09_race_map_B_9.csv,15,16,17,17,18,18:26:19.057,18:26:24.414,18:26:24.414,18:26:24.414,18:26:26.236,-2488.800000,-155.400000,2081.800000,-2630.000000,-156.100000,2448.000000,-2630.200000,-154.400000,2446.800000,-2630.200000,-154.400000,2446.800000,392.479146,392.479770,391.431935,391.433213,1.216553,2.090454,1.216553,2.090454,true,0,1,true,false,0.000000,0.000000,0.000000,0.000000,,5.357000,1.822000,teleport_map,16,17,,,300-400,351-500,direct_hit
SITE1_P09,P09,SITE1,map,B,3,9,5,P09_race_map_B_9.csv,19,20,21,21,22,18:26:26.849,18:26:29.505,18:26:29.507,18:26:29.507,18:26:31.217,-2630.200000,-154.400000,2446.700000,-2978.700000,-155.900000,2306.500000,-2979.900000,-154.100000,2305.700000,-2979.900000,-154.100000,2305.700000,375.643834,375.646829,377.148565,377.148618,1.442221,2.306513,1.442221,2.306513,true,0,1,true,false,0.000000,0.000000,0.000000,0.000000,,2.658000,1.710000,teleport_map,20,21,,,300-400,351-500,direct_hit
SITE1_P09,P09,SITE1,map,B,3,9,6,P09_race_map_B_9.csv,23,24,25,25,26,18:26:31.388,18:26:34.053,18:26:34.053,18:26:34.053,18:26:36.786,-2979.900000,-154.200000,2305.600000,-2999.000000,-156.000000,1931.000000,-2998.900000,-154.200000,1931.200000,-2998.900000,-154.200000,1931.200000,375.086617,375.090936,372.048653,372.048868,0.223607,1.813836,0.223607,1.813836,true,0,1,true,false,0.000000,0.000000,0.000000,0.000000,,2.665000,2.733000,teleport_map,24,25,,,300-400,351-500,direct_hit
SITE1_P09,P09,SITE1,map,C,3,10,1,P09_race_map_C_10.csv,4,5,6,6,7,18:27:12.538,18:27:15.916,18:27:15.917,18:27:15.917,18:27:18.214,-2298.400000,-146.100000,57.600000,-2303.900000,-147.000000,-387.200000,-2302.900000,-145.200000,-383.000000,-2302.900000,-145.200000,-383.000000,444.834003,444.834913,440.622979,440.623535,4.317407,4.677606,4.317407,4.677606,true,0,1,true,false,0.000000,0.000000,0.000000,0.000000,,3.379000,2.297000,teleport_map,5,6,,,400-500,351-500,direct_hit
SITE1_P09,P09,SITE1,map,C,3,10,2,P09_race_map_C_10.csv,9,10,11,11,12,18:27:29.067,18:27:32.440,18:27:32.440,18:27:32.440,18:27:35.095,-1939.300000,-141.800000,-366.600000,-2025.000000,-148.600000,-798.000000,-2025.000000,-146.900000,-794.500000,-2025.000000,-146.900000,-794.500000,439.830024,439.882587,436.495693,436.526666,3.500000,3.891015,3.500000,3.891015,true,0,1,true,false,0.000000,0.000000,0.000000,0.000000,,3.373000,2.655000,teleport_map,10,11,,,400-500,351-500,direct_hit
SITE1_P09,P09,SITE1,map,C,3,10,3,P09_race_map_C_10.csv,13,14,15,15,16,18:27:36.072,18:27:40.460,18:27:40.460,18:27:40.460,18:27:43.268,-2024.900000,-147.000000,-794.500000,-1819.400000,-140.800000,-1190.000000,-1819.700000,-139.000000,-1186.700000,-1819.700000,-139.000000,-1186.700000,445.702255,445.745376,442.591064,442.659790,3.313608,3.770942,3.313608,3.770942,true,0,1,true,false,0.000000,0.000000,0.000000,0.000000,,4.388000,2.808000,teleport_map,14,15,,,400-500,351-500,direct_hit
SITE1_P09,P09,SITE1,map,C,3,10,4,P09_race_map_C_10.csv,17,18,19,19,20,18:27:45.301,18:27:48.290,18:27:48.290,18:27:48.290,18:27:50.248,-1819.700000,-139.100000,-1186.600000,-1375.200000,-127.000000,-1014.300000,-1373.000000,-125.200000,-1012.300000,-1373.000000,-125.200000,-1012.300000,476.725854,476.879387,479.464837,479.663392,2.973214,3.475629,2.973214,3.475629,true,0,1,true,false,0.000000,0.000000,0.000000,0.000000,,2.989000,1.958000,teleport_map,18,19,,,400-500,351-500,direct_hit
SITE1_P09,P09,SITE1,tsunami,A,1,2,1,P09_race_tsunami_A_2.csv,3,4,5,8,9,18:01:14.404,18:01:17.466,18:01:17.466,18:01:19.121,18:01:22.218,1364.500000,-136.900000,-2182.400000,1036.100000,-125.400000,-1926.600000,1050.500000,-123.800000,-1933.100000,1036.800000,-123.700000,-1926.300000,416.269384,416.428205,400.932027,401.145983,15.799051,15.879861,0.761577,1.862794,false,1,2,true,false,15.294770,15.296078,15.294770,15.296078,0.682000,4.717000,3.097000,teleport_tsunami|teleport_tsunami,4|7,5|8,15.294770,15.296078,400-500,351-500,short_corrections_only
SITE1_P09,P09,SITE1,tsunami,A,1,2,2,P09_race_tsunami_A_2.csv,11,12,13,16,17,18:01:27.516,18:01:29.459,18:01:29.459,18:01:32.196,18:01:34.208,1036.800000,-123.600000,-1926.300000,660.800000,-122.800000,-2101.300000,634.600000,-121.100000,-2114.600000,657.900000,-121.000000,-2102.800000,414.730033,414.730804,444.096532,444.103569,29.382478,29.431616,3.264966,3.728270,false,1,2,true,false,26.073166,26.073358,26.073166,26.073358,1.530000,4.680000,2.012000,teleport_tsunami|teleport_tsunami,12|15,13|16,26.073166,26.073358,400-500,351-500,short_corrections_only
SITE1_P09,P09,SITE1,tsunami,A,1,2,3,P09_race_tsunami_A_2.csv,18,19,20,26,27,18:01:35.480,18:01:39.478,18:01:39.478,18:01:43.562,18:01:46.387,657.800000,-121.000000,-2102.900000,193.000000,-120.500000,-2075.600000,151.600000,-117.200000,-2095.300000,194.800000,-118.800000,-2074.200000,465.601042,465.601310,506.257049,506.271311,45.848119,45.966727,2.280351,2.844293,false,2,3,true,false,48.154995,48.183943,33.692284,33.704302,1.298000,8.082000,2.825000,teleport_tsunami|teleport_tsunami|teleport_tsunami,19|22|25,20|23|26,33.692284|14.462711,33.704302|14.479641,400-500,351-500,short_corrections_only
SITE1_P09,P09,SITE1,tsunami,A,1,2,4,P09_race_tsunami_A_2.csv,28,29,30,30,31,18:01:47.294,18:01:49.171,18:01:49.171,18:01:49.171,18:01:53.748,194.900000,-118.800000,-2074.200000,207.800000,-130.500000,-1742.200000,210.500000,-128.800000,-1739.300000,210.500000,-128.800000,-1739.300000,332.250523,332.456463,335.367694,335.516751,3.962323,4.311612,3.962323,4.311612,true,0,1,true,false,0.000000,0.000000,0.000000,0.000000,,1.877000,4.577000,teleport_tsunami,29,30,,,300-400,200-350,direct_hit
SITE1_P09,P09,SITE1,tsunami,A,1,2,5,P09_race_tsunami_A_2.csv,32,33,34,34,35,18:01:55.147,18:01:57.339,18:01:57.339,18:01:57.339,18:01:58.995,210.600000,-128.800000,-1739.400000,-221.000000,-110.700000,-1770.000000,-216.800000,-109.100000,-1770.600000,-216.800000,-109.100000,-1770.600000,432.683395,433.061809,428.537280,428.994452,4.242641,4.534314,4.242641,4.534314,true,0,1,true,false,0.000000,0.000000,0.000000,0.000000,,2.192000,1.656000,teleport_tsunami,33,34,,,400-500,351-500,direct_hit
SITE1_P09,P09,SITE1,tsunami,A,1,2,6,P09_race_tsunami_A_2.csv,36,37,38,41,42,18:01:59.896,18:02:03.066,18:02:03.066,18:02:04.692,18:02:09.082,-216.800000,-109.000000,-1770.500000,-640.700000,-108.700000,-1512.100000,-646.100000,-107.000000,-1506.600000,-641.100000,-107.000000,-1510.500000,496.449162,496.449252,503.926284,503.930253,7.707788,7.893035,1.649242,2.368544,false,1,2,true,false,6.248200,6.248200,6.248200,6.248200,0.581000,4.796000,4.390000,teleport_tsunami|teleport_tsunami,37|40,38|41,6.248200,6.248200,400-500,351-500,short_corrections_only
SITE1_P09,P09,SITE1,tsunami,B,1,3,1,P09_race_tsunami_B_3.csv,3,4,5,5,6,18:02:48.494,18:02:50.661,18:02:50.661,18:02:50.661,18:02:51.706,-1587.700000,-148.100000,1834.200000,-1824.000000,-155.900000,2254.000000,-1818.200000,-154.300000,2252.000000,-1818.200000,-154.300000,2252.000000,481.736162,481.799305,477.165684,477.205962,6.135145,6.340347,6.135145,6.340347,true,0,1,true,false,0.000000,0.000000,0.000000,0.000000,,2.167000,1.045000,teleport_tsunami,4,5,,,400-500,351-500,direct_hit
SITE1_P09,P09,SITE1,tsunami,B,1,3,2,P09_race_tsunami_B_3.csv,7,8,9,12,13,18:02:52.561,18:02:55.682,18:02:55.682,18:02:57.091,18:03:02.649,-1818.200000,-154.300000,2252.000000,-2183.500000,-156.800000,1969.600000,-2166.200000,-155.000000,1982.900000,-2182.600000,-155.000000,1970.200000,461.729196,461.735964,439.907729,439.908286,21.821549,21.895662,1.081665,2.100000,false,1,2,true,false,20.663494,20.663494,20.663494,20.663494,0.558000,4.530000,5.558000,teleport_tsunami|teleport_tsunami,8|11,9|12,20.663494,20.663494,400-500,351-500,short_corrections_only
SITE1_P09,P09,SITE1,tsunami,B,1,3,3,P09_race_tsunami_B_3.csv,14,15,16,19,20,18:03:03.951,18:03:08.573,18:03:08.573,18:03:10.448,18:03:13.217,-2182.600000,-155.000000,1970.400000,-2489.500000,-157.100000,2081.700000,-2474.000000,-155.300000,2079.000000,-2485.000000,-155.300000,2081.600000,326.458726,326.465481,310.978970,310.979115,15.733404,15.836035,4.501111,4.847680,false,1,2,true,false,11.350771,11.350771,11.350771,11.350771,1.158000,6.497000,2.769000,teleport_tsunami|teleport_tsunami,15|18,16|19,11.350771,11.350771,300-400,200-350,short_corrections_only
SITE1_P09,P09,SITE1,tsunami,B,1,3,4,P09_race_tsunami_B_3.csv,21,22,23,26,27,18:03:14.503,18:03:16.384,18:03:16.384,18:03:17.944,18:03:19.794,-2484.900000,-155.300000,2081.800000,-2630.000000,-156.100000,2448.000000,-2618.600000,-154.300000,2427.100000,-2626.600000,-154.300000,2445.000000,393.899035,393.899848,370.280677,370.282028,23.806932,23.874882,4.534314,4.878524,false,1,2,true,false,19.606377,19.606632,19.606377,19.606632,0.577000,3.441000,1.850000,teleport_tsunami|teleport_tsunami,22|25,23|26,19.606377,19.606632,300-400,351-500,short_corrections_only
SITE1_P09,P09,SITE1,tsunami,B,1,3,5,P09_race_tsunami_B_3.csv,28,29,30,33,34,18:03:20.641,18:03:22.841,18:03:22.842,18:03:24.810,18:03:27.603,-2626.500000,-154.300000,2445.000000,-2978.700000,-155.900000,2306.500000,-2946.100000,-153.500000,2314.400000,-2978.100000,-154.200000,2306.900000,378.453551,378.456933,345.254283,345.255210,33.543554,33.629303,0.721110,1.846619,false,1,2,true,false,32.867157,32.874610,32.867157,32.874610,0.565000,4.169000,2.793000,teleport_tsunami|teleport_tsunami,29|32,30|33,32.867157,32.874610,300-400,351-500,short_corrections_only
SITE1_P09,P09,SITE1,tsunami,B,1,3,6,P09_race_tsunami_B_3.csv,35,36,37,37,38,18:03:28.370,18:03:30.878,18:03:30.878,18:03:30.878,18:03:32.428,-2978.100000,-154.100000,2306.900000,-2999.000000,-156.000000,1931.000000,-2997.700000,-154.200000,1937.400000,-2997.700000,-154.200000,1937.400000,376.480571,376.485365,370.014189,370.014202,6.530697,6.774216,6.530697,6.774216,true,0,1,true,false,0.000000,0.000000,0.000000,0.000000,,2.508000,1.550000,teleport_tsunami,36,37,,,300-400,351-500,direct_hit
SITE1_P09,P09,SITE1,tsunami,C,1,1,1,P09_race_tsunami_C_1.csv,3,4,5,8,9,17:59:43.542,17:59:45.233,17:59:45.233,17:59:48.271,17:59:51.757,-2003.300000,-141.800000,179.600000,-2299.700000,-147.700000,56.800000,-2285.700000,-145.900000,65.900000,-2297.700000,-145.900000,58.100000,320.831420,320.885665,304.429713,304.457320,16.697605,16.794344,2.385372,2.988311,false,1,2,true,false,14.257980,14.257980,14.257980,14.257980,2.100000,4.729000,3.486000,teleport_tsunami|teleport_tsunami,4|7,5|8,14.257980,14.257980,300-400,200-350,short_corrections_only
SITE1_P09,P09,SITE1,tsunami,C,1,1,2,P09_race_tsunami_C_1.csv,10,11,12,12,13,17:59:53.395,17:59:55.317,17:59:55.318,17:59:55.318,17:59:58.034,-2297.700000,-145.900000,58.100000,-2303.900000,-147.000000,-387.200000,-2303.700000,-145.200000,-382.100000,-2303.700000,-145.200000,-382.100000,445.343160,445.344518,440.240889,440.241445,5.103920,5.412024,5.103920,5.412024,true,0,1,true,false,0.000000,0.000000,0.000000,0.000000,,1.923000,2.716000,teleport_tsunami,11,12,,,400-500,351-500,direct_hit
SITE1_P09,P09,SITE1,tsunami,C,1,1,3,P09_race_tsunami_C_1.csv,14,15,16,16,17,18:00:00.464,18:00:02.877,18:00:02.877,18:00:02.877,18:00:04.724,-2303.700000,-145.200000,-382.000000,-1943.900000,-143.600000,-367.100000,-1946.600000,-142.100000,-367.700000,-1946.600000,-142.100000,-367.700000,360.108386,360.111941,357.386206,357.399650,2.765863,3.146427,2.765863,3.146427,true,0,1,true,false,0.000000,0.000000,0.000000,0.000000,,2.413000,1.847000,teleport_tsunami,15,16,,,300-400,351-500,direct_hit
SITE1_P09,P09,SITE1,tsunami,C,1,1,4,P09_race_tsunami_C_1.csv,18,19,20,20,21,18:00:06.638,18:00:08.733,18:00:08.733,18:00:08.733,18:00:10.481,-1946.700000,-142.100000,-367.700000,-2025.000000,-148.600000,-798.000000,-2024.100000,-146.800000,-797.500000,-2024.100000,-146.800000,-797.500000,437.365957,437.414254,436.731371,436.756660,1.029563,2.073644,1.029563,2.073644,true,0,1,true,false,0.000000,0.000000,0.000000,0.000000,,2.095000,1.748000,teleport_tsunami,19,20,,,400-500,351-500,direct_hit
SITE1_P09,P09,SITE1,tsunami,C,1,1,5,P09_race_tsunami_C_1.csv,22,23,24,27,28,18:00:11.628,18:00:19.035,18:00:19.035,18:00:23.648,18:00:26.823,-2024.200000,-146.800000,-797.500000,-1819.400000,-140.800000,-1190.000000,-1801.900000,-139.200000,-1245.100000,-1818.300000,-139.100000,-1195.700000,442.718071,442.758727,499.762994,499.820778,57.812282,57.834419,5.805170,6.048967,false,1,2,true,false,51.862318,51.862414,51.862318,51.862414,0.998000,12.020000,3.175000,teleport_tsunami|teleport_tsunami,23|26,24|27,51.862318,51.862414,400-500,351-500,short_corrections_only
SITE1_P09,P09,SITE1,tsunami,C,1,1,6,P09_race_tsunami_C_1.csv,29,30,31,34,35,18:00:28.422,18:00:30.704,18:00:30.704,18:00:34.413,18:00:36.401,-1818.300000,-139.100000,-1195.800000,-1375.200000,-127.000000,-1014.300000,-1294.900000,-122.900000,-983.800000,-1369.900000,-125.300000,-1012.800000,478.831766,478.984624,564.704843,564.937165,85.897264,85.995058,5.508176,5.764547,false,1,2,true,false,80.375432,80.408333,80.375432,80.408333,1.810000,5.991000,1.988000,teleport_tsunami|teleport_tsunami,30|33,31|34,80.375432,80.408333,400-500,351-500,short_corrections_only
SITE1_P10,P10,SITE1,map,A,3,10,1,P10_race_map_A_10.csv,3,4,5,5,6,09:23:19.559,09:23:23.268,09:23:23.268,09:23:23.268,09:23:28.515,1364.400000,-137.000000,-2182.200000,1036.100000,-125.400000,-1926.600000,1035.600000,-124.000000,-1927.800000,1035.600000,-124.000000,-1927.800000,416.067603,416.229276,410.978600,411.216987,1.300000,1.910497,1.300000,1.910497,true,0,1,true,false,0.000000,0.000000,0.000000,0.000000,,3.709000,5.247000,teleport_map,4,5,,,400-500,351-500,direct_hit
SITE1_P10,P10,SITE1,map,A,3,10,2,P10_race_map_A_10.csv,7,8,9,9,10,09:23:30.371,09:23:35.530,09:23:35.530,09:23:35.530,09:23:40.569,1035.600000,-124.100000,-1927.800000,660.800000,-122.800000,-2101.300000,659.000000,-121.400000,-2101.600000,659.000000,-121.400000,-2101.600000,413.010036,413.012082,419.902429,419.910479,1.824829,2.300000,1.824829,2.300000,true,0,1,true,false,0.000000,0.000000,0.000000,0.000000,,5.159000,5.039000,teleport_map,8,9,,,400-500,351-500,direct_hit
SITE1_P10,P10,SITE1,map,A,3,10,3,P10_race_map_A_10.csv,11,12,13,13,14,09:23:43.351,09:23:48.583,09:23:48.583,09:23:48.583,09:23:54.084,659.100000,-121.400000,-2101.600000,193.000000,-120.500000,-2075.600000,194.000000,-119.200000,-2073.800000,194.000000,-119.200000,-2073.800000,466.824603,466.825471,470.263043,470.274622,2.059126,2.435159,2.059126,2.435159,true,0,1,true,false,0.000000,0.000000,0.000000,0.000000,,5.232000,5.501000,teleport_map,12,13,,,400-500,351-500,direct_hit
SITE1_P10,P10,SITE1,map,A,3,10,4,P10_race_map_A_10.csv,15,16,17,17,18,09:23:55.043,09:23:58.868,09:23:58.868,09:23:58.868,09:24:03.818,194.000000,-119.300000,-2073.800000,207.800000,-130.500000,-1742.200000,207.000000,-129.200000,-1742.800000,207.000000,-129.200000,-1742.800000,331.887029,332.075955,316.833395,316.964052,1.000000,1.640122,1.000000,1.640122,true,0,1,true,false,0.000000,0.000000,0.000000,0.000000,,3.825000,4.950000,teleport_map,16,17,,,300-400,200-350,direct_hit
SITE1_P10,P10,SITE1,map,A,3,10,5,P10_race_map_A_10.csv,19,20,21,21,22,09:24:05.894,09:24:11.349,09:24:11.350,09:24:11.350,09:24:16.485,207.000000,-129.200000,-1742.800000,-221.000000,-110.700000,-1770.000000,-220.200000,-109.300000,-1771.400000,-220.200000,-109.300000,-1771.400000,428.863428,429.262262,424.819609,425.285445,1.612452,2.135416,1.612452,2.135416,true,0,1,true,false,0.000000,0.000000,0.000000,0.000000,,5.456000,5.135000,teleport_map,20,21,,,400-500,351-500,direct_hit
SITE1_P10,P10,SITE1,map,A,3,10,6,P10_race_map_A_10.csv,23,24,25,25,26,09:24:17.986,09:24:21.632,09:24:21.632,09:24:21.632,09:24:27.043,-220.200000,-109.400000,-1771.400000,-640.700000,-108.700000,-1512.100000,-640.800000,-107.300000,-1512.300000,-640.800000,-107.300000,-1512.300000,494.020991,494.021487,487.531989,487.536952,0.223607,1.417745,0.223607,1.417745,true,0,1,true,false,0.000000,0.000000,0.000000,0.000000,,3.646000,5.411000,teleport_map,24,25,,,400-500,351-500,direct_hit
SITE1_P10,P10,SITE1,map,B,3,11,1,P10_race_map_B_11.csv,3,4,5,5,6,09:24:48.098,09:24:51.618,09:24:51.619,09:24:51.619,09:24:56.467,-1587.500000,-148.200000,1834.200000,-1824.000000,-155.900000,2254.000000,-1823.200000,-154.500000,2252.200000,-1823.200000,-154.500000,2252.200000,481.834297,481.895819,470.763338,470.804163,1.969772,2.416609,1.969772,2.416609,true,0,1,true,false,0.000000,0.000000,0.000000,0.000000,,3.521000,4.848000,teleport_map,4,5,,,400-500,351-500,direct_hit
SITE1_P10,P10,SITE1,map,B,3,11,2,P10_race_map_B_11.csv,7,8,9,9,10,09:24:58.057,09:25:01.980,09:25:01.980,09:25:01.980,09:25:04.380,-1823.200000,-154.600000,2252.200000,-2183.500000,-156.800000,1969.600000,-2180.400000,-155.300000,1971.400000,-2180.400000,-155.300000,1971.400000,457.907032,457.912317,454.357216,454.357921,3.584690,3.885872,3.584690,3.885872,true,0,1,true,false,0.000000,0.000000,0.000000,0.000000,,3.923000,2.400000,teleport_map,8,9,,,400-500,351-500,direct_hit
SITE1_P10,P10,SITE1,map,B,3,11,3,P10_race_map_B_11.csv,11,12,13,13,14,09:25:05.921,09:25:09.625,09:25:09.625,09:25:09.625,09:25:13.444,-2180.500000,-155.400000,1971.400000,-2489.500000,-157.100000,2081.700000,-2487.500000,-155.700000,2080.000000,-2487.500000,-155.700000,2080.000000,328.096160,328.100564,321.761464,321.761713,2.624881,2.974895,2.624881,2.974895,true,0,1,true,false,0.000000,0.000000,0.000000,0.000000,,3.704000,3.819000,teleport_map,12,13,,,300-400,200-350,direct_hit
SITE1_P10,P10,SITE1,map,B,3,11,4,P10_race_map_B_11.csv,15,16,17,17,18,09:25:14.461,09:25:17.865,09:25:17.865,09:25:17.865,09:25:20.171,-2487.500000,-155.700000,2080.100000,-2630.000000,-156.100000,2448.000000,-2629.600000,-154.800000,2450.100000,-2629.600000,-154.800000,2450.100000,394.533471,394.533674,396.442203,396.443224,2.137756,2.501999,2.137756,2.501999,true,0,1,true,false,0.000000,0.000000,0.000000,0.000000,,3.404000,2.306000,teleport_map,16,17,,,300-400,351-500,direct_hit
SITE1_P10,P10,SITE1,map,B,3,11,5,P10_race_map_B_11.csv,19,20,21,21,22,09:25:22.266,09:25:25.710,09:25:25.710,09:25:25.710,09:25:28.419,-2629.500000,-154.800000,2450.100000,-2978.700000,-155.900000,2306.500000,-2975.500000,-154.300000,2303.300000,-2975.500000,-154.300000,2303.300000,377.573304,377.574906,375.854014,375.854227,4.525483,4.800000,4.525483,4.800000,true,0,1,true,false,0.000000,0.000000,0.000000,0.000000,,3.444000,2.709000,teleport_map,20,21,,,300-400,351-500,direct_hit
SITE1_P10,P10,SITE1,map,B,3,11,6,P10_race_map_B_11.csv,23,24,25,25,26,09:25:30.000,09:25:33.746,09:25:33.746,09:25:33.746,09:25:38.241,-2975.500000,-154.400000,2303.300000,-2999.000000,-156.000000,1931.000000,-2999.900000,-154.500000,1931.200000,-2999.900000,-154.500000,1931.200000,373.040936,373.044367,371.022978,371.022991,0.921954,1.760682,0.921954,1.760682,true,0,1,true,false,0.000000,0.000000,0.000000,0.000000,,3.746000,4.495000,teleport_map,24,25,,,300-400,351-500,direct_hit
SITE1_P10,P10,SITE1,map,C,3,9,1,P10_race_map_C_9.csv,3,4,5,5,6,09:21:46.204,09:21:50.247,09:21:50.247,09:21:50.247,09:21:53.971,-2003.400000,-141.900000,179.600000,-2299.700000,-147.700000,56.800000,-2302.000000,-146.200000,58.500000,-2302.000000,-146.200000,58.500000,320.739037,320.791474,322.222237,322.252277,2.860070,3.229551,2.860070,3.229551,true,0,1,true,false,0.000000,0.000000,0.000000,0.000000,,4.043000,3.724000,teleport_map,4,5,,,300-400,200-350,direct_hit
SITE1_P10,P10,SITE1,map,C,3,9,2,P10_race_map_C_9.csv,7,8,9,9,10,09:21:55.686,09:21:59.997,09:21:59.997,09:21:59.997,09:22:02.752,-2302.100000,-146.300000,58.400000,-2303.900000,-147.000000,-387.200000,-2304.700000,-145.600000,-385.300000,-2304.700000,-145.600000,-385.300000,445.603636,445.604185,443.708215,443.708621,2.061553,2.491987,2.061553,2.491987,true,0,1,true,false,0.000000,0.000000,0.000000,0.000000,,4.311000,2.755000,teleport_map,8,9,,,400-500,351-500,direct_hit
SITE1_P10,P10,SITE1,map,C,3,9,3,P10_race_map_C_9.csv,11,12,13,13,14,09:22:05.194,09:22:09.388,09:22:09.388,09:22:09.388,09:22:16.052,-2304.700000,-145.700000,-385.400000,-1943.900000,-143.600000,-367.100000,-1946.300000,-142.300000,-366.500000,-1946.300000,-142.300000,-366.500000,361.263796,361.269899,352.368046,352.380817,2.473863,2.794638,2.473863,2.794638,true,0,1,true,false,0.000000,0.000000,0.000000,0.000000,,4.194000,6.664000,teleport_map,12,13,,,300-400,351-500,direct_hit
SITE1_P10,P10,SITE1,map,C,3,9,4,P10_race_map_C_9.csv,15,16,17,17,18,09:22:18.438,09:22:22.254,09:22:22.254,09:22:22.254,09:22:30.120,-1946.300000,-142.400000,-366.600000,-2025.000000,-148.600000,-798.000000,-2027.400000,-147.200000,-798.800000,-2027.400000,-147.200000,-798.800000,438.519840,438.563667,442.793789,442.819805,2.529822,2.891366,2.529822,2.891366,true,0,1,true,false,0.000000,0.000000,0.000000,0.000000,,3.816000,7.866000,teleport_map,16,17,,,400-500,351-500,direct_hit
SITE1_P10,P10,SITE1,map,C,3,9,5,P10_race_map_C_9.csv,19,20,21,21,22,09:22:33.030,09:22:37.640,09:22:37.640,09:22:37.640,09:22:42.263,-2027.500000,-147.300000,-799.000000,-1819.400000,-140.800000,-1190.000000,-1820.400000,-139.400000,-1187.900000,-1820.400000,-139.400000,-1187.900000,442.929577,442.977268,434.995322,435.063467,2.325941,2.714774,2.325941,2.714774,true,0,1,true,false,0.000000,0.000000,0.000000,0.000000,,4.610000,4.623000,teleport_map,20,21,,,400-500,351-500,direct_hit
SITE1_P10,P10,SITE1,map,C,3,9,6,P10_race_map_C_9.csv,23,24,25,25,26,09:22:43.678,09:22:47.839,09:22:47.840,09:22:47.840,09:22:52.690,-1820.300000,-139.400000,-1188.000000,-1375.200000,-127.000000,-1014.300000,-1377.100000,-125.700000,-1014.400000,-1377.100000,-125.700000,-1014.400000,477.792528,477.953408,468.657924,468.852322,1.902630,2.304344,1.902630,2.304344,true,0,1,true,false,0.000000,0.000000,0.000000,0.000000,,4.162000,4.850000,teleport_map,24,25,,,400-500,351-500,direct_hit
SITE1_P10,P10,SITE1,tsunami,A,2,7,1,P10_race_tsunami_A_7.csv,3,4,5,8,9,09:12:27.088,09:12:30.400,09:12:30.400,09:12:31.876,09:12:34.399,1364.500000,-136.900000,-2182.300000,1036.100000,-125.400000,-1926.600000,1052.800000,-124.300000,-1932.300000,1040.300000,-124.100000,-1926.500000,416.207941,416.366785,399.570882,399.769496,17.645963,17.680215,4.201190,4.397727,false,1,2,true,false,13.870833,13.874077,13.870833,13.874077,0.667000,4.788000,2.523000,teleport_tsunami|teleport_tsunami,4|7,5|8,13.870833,13.874077,400-500,351-500,short_corrections_only
SITE1_P10,P10,SITE1,tsunami,A,2,7,2,P10_race_tsunami_A_7.csv,10,11,12,15,16,09:12:35.760,09:12:37.468,09:12:37.468,09:12:39.717,09:12:42.432,1040.300000,-124.000000,-1926.500000,660.800000,-122.800000,-2101.300000,656.800000,-121.400000,-2109.400000,659.800000,-121.400000,-2103.800000,417.822079,417.823803,424.881937,424.889892,9.033825,9.141663,2.692582,3.034798,false,1,2,true,false,6.177378,6.177378,6.177378,6.177378,1.425000,3.957000,2.715000,teleport_tsunami|teleport_tsunami,11|14,12|15,6.177378,6.177378,400-500,351-500,short_corrections_only
SITE1_P10,P10,SITE1,tsunami,A,2,7,3,P10_race_tsunami_A_7.csv,18,19,20,23,24,09:12:47.627,09:12:49.470,09:12:49.470,09:12:51.952,09:12:54.590,659.900000,-121.300000,-2103.900000,193.000000,-120.500000,-2075.600000,170.600000,-118.300000,-2078.800000,193.700000,-119.100000,-2073.900000,467.756881,467.757565,489.943364,489.952549,22.627417,22.734115,1.838478,2.310844,false,1,2,true,false,23.573290,23.586861,23.573290,23.586861,1.103000,4.325000,2.638000,teleport_tsunami|teleport_tsunami,19|22,20|23,23.573290,23.586861,400-500,351-500,short_corrections_only
SITE1_P10,P10,SITE1,tsunami,A,2,7,4,P10_race_tsunami_A_7.csv,25,26,27,30,31,09:12:55.885,09:12:58.213,09:12:58.213,09:13:00.673,09:13:03.848,193.700000,-119.100000,-2073.800000,207.800000,-130.500000,-1742.200000,209.400000,-129.200000,-1731.300000,209.300000,-129.200000,-1737.700000,331.899638,332.095363,342.859651,343.008382,11.016805,11.093241,4.743416,4.918333,false,1,2,true,false,6.300794,6.300794,6.300794,6.300794,1.584000,4.788000,3.175000,teleport_tsunami|teleport_tsunami,26|29,27|30,6.300794,6.300794,300-400,200-350,short_corrections_only
SITE1_P10,P10,SITE1,tsunami,A,2,7,5,P10_race_tsunami_A_7.csv,32,33,34,37,38,09:13:05.235,09:13:06.813,09:13:06.813,09:13:08.311,09:13:11.603,209.200000,-129.100000,-1737.600000,-221.000000,-110.700000,-1770.000000,-207.900000,-109.700000,-1771.100000,-217.700000,-109.400000,-1769.200000,431.418358,431.810560,418.443138,418.892612,13.146102,13.184081,3.395585,3.635932,false,1,2,true,false,10.080675,10.088607,10.080675,10.088607,0.726000,3.076000,3.292000,teleport_tsunami|teleport_tsunami,33|36,34|37,10.080675,10.088607,400-500,351-500,short_corrections_only
SITE1_P10,P10,SITE1,tsunami,A,2,7,6,P10_race_tsunami_A_7.csv,39,40,41,41,42,09:13:12.627,09:13:14.653,09:13:14.653,09:13:14.653,09:13:16.703,-217.700000,-109.400000,-1769.300000,-640.700000,-108.700000,-1512.100000,-641.100000,-107.300000,-1508.700000,-641.100000,-107.300000,-1508.700000,495.056401,495.056896,497.171922,497.176357,3.423449,3.698648,3.423449,3.698648,true,0,1,true,false,0.000000,0.000000,0.000000,0.000000,,2.026000,2.050000,teleport_tsunami,40,41,,,400-500,351-500,direct_hit
SITE1_P10,P10,SITE1,tsunami,B,2,5,1,P10_race_tsunami_B_5.csv,3,4,5,8,9,09:10:01.014,09:10:03.480,09:10:03.480,09:10:05.610,09:10:08.597,-1587.400000,-148.200000,1834.200000,-1824.000000,-155.900000,2254.000000,-1816.400000,-154.700000,2249.300000,-1820.800000,-154.600000,2253.700000,481.883388,481.944903,474.077009,474.121567,8.935883,9.016097,3.214032,3.466987,false,1,2,true,false,6.222540,6.223343,6.222540,6.223343,1.074000,4.596000,2.987000,teleport_tsunami|teleport_tsunami,4|7,5|8,6.222540,6.223343,400-500,351-500,short_corrections_only
SITE1_P10,P10,SITE1,tsunami,B,2,5,2,P10_race_tsunami_B_5.csv,10,11,12,15,16,09:10:10.320,09:10:13.222,09:10:13.223,09:10:14.917,09:10:17.054,-1820.800000,-154.600000,2253.700000,-2183.500000,-156.800000,1969.600000,-2176.400000,-155.200000,1978.700000,-2181.700000,-155.300000,1972.000000,460.721282,460.726535,449.529042,449.529443,11.542097,11.652468,3.000000,3.354102,false,1,2,true,false,8.542833,8.542833,8.542833,8.542833,0.788000,4.597000,2.137000,teleport_tsunami|teleport_tsunami,11|14,12|15,8.542833,8.542833,400-500,351-500,short_corrections_only
SITE1_P10,P10,SITE1,tsunami,B,2,5,3,P10_race_tsunami_B_5.csv,17,18,19,19,20,09:10:18.427,09:10:22.048,09:10:22.048,09:10:22.048,09:10:24.606,-2181.800000,-155.300000,1972.000000,-2489.500000,-157.100000,2081.700000,-2494.300000,-155.700000,2085.600000,-2494.300000,-155.700000,2085.600000,326.670139,326.675099,332.507459,332.507699,6.184658,6.341136,6.184658,6.341136,true,0,1,true,false,0.000000,0.000000,0.000000,0.000000,,3.621000,2.558000,teleport_tsunami,18,19,,,300-400,200-350,direct_hit
SITE1_P10,P10,SITE1,tsunami,B,2,5,4,P10_race_tsunami_B_5.csv,21,22,23,26,27,09:10:25.924,09:10:28.210,09:10:28.210,09:10:30.479,09:10:32.837,-2494.000000,-155.700000,2085.800000,-2630.000000,-156.100000,2448.000000,-2596.300000,-154.800000,2402.600000,-2630.300000,-154.800000,2451.300000,386.891251,386.891458,332.907690,332.908906,56.540693,56.555636,3.313608,3.559494,false,1,2,true,false,59.419273,59.419357,59.419273,59.419357,0.595000,4.555000,2.358000,teleport_tsunami|teleport_tsunami,22|25,23|26,59.419273,59.419357,300-400,351-500,short_corrections_only
SITE1_P10,P10,SITE1,tsunami,B,2,5,5,P10_race_tsunami_B_5.csv,28,29,30,36,37,09:10:34.490,09:10:36.301,09:10:36.301,09:10:40.299,09:10:43.446,-2630.400000,-154.700000,2451.200000,-2978.700000,-155.900000,2306.500000,-2886.700000,-154.000000,2327.600000,-2977.300000,-154.500000,2308.300000,377.161742,377.163651,284.546393,284.547254,94.388612,94.407733,2.280351,2.675818,false,2,3,true,false,92.632892,92.638526,70.450692,70.450692,0.652000,5.809000,3.147000,teleport_tsunami|teleport_tsunami|teleport_tsunami,29|32|35,30|33|36,70.450692|22.182200,70.450692|22.187835,300-400,351-500,short_corrections_only
SITE1_P10,P10,SITE1,tsunami,B,2,5,6,P10_race_tsunami_B_5.csv,38,39,40,43,44,09:10:44.751,09:10:46.848,09:10:46.848,09:10:48.597,09:10:51.275,-2977.300000,-154.500000,2308.300000,-2999.000000,-156.000000,1931.000000,-2997.100000,-154.500000,1958.400000,-2998.200000,-154.600000,1934.300000,377.923511,377.926488,350.459769,350.459769,27.465797,27.506726,3.395585,3.672874,false,1,2,true,false,24.125091,24.125298,24.125091,24.125298,0.731000,3.846000,2.678000,teleport_tsunami|teleport_tsunami,39|42,40|43,24.125091,24.125298,300-400,351-500,short_corrections_only
SITE1_P10,P10,SITE1,tsunami,C,2,6,1,P10_race_tsunami_C_6.csv,3,4,5,8,9,09:11:11.974,09:11:14.050,09:11:14.050,09:11:16.050,09:11:18.543,-2003.300000,-141.800000,179.500000,-2299.700000,-147.700000,56.800000,-2274.900000,-146.100000,71.100000,-2297.800000,-146.300000,58.900000,320.793158,320.847409,292.433103,292.464716,28.627434,28.672112,2.831960,3.159114,false,1,2,true,false,25.900193,25.900386,25.900193,25.900386,0.840000,4.076000,2.493000,teleport_tsunami|teleport_tsunami,4|7,5|8,25.900193,25.900386,300-400,200-350,short_corrections_only
SITE1_P10,P10,SITE1,tsunami,C,2,6,2,P10_race_tsunami_C_6.csv,10,11,12,15,16,09:11:19.795,09:11:21.991,09:11:21.991,09:11:23.387,09:11:25.772,-2297.800000,-146.300000,58.900000,-2303.900000,-147.000000,-387.200000,-2304.500000,-145.500000,-377.100000,-2303.600000,-145.600000,-384.000000,446.141704,446.142253,436.051476,436.052210,10.117806,10.228392,3.214032,3.505710,false,1,2,true,false,6.958448,6.959167,6.958448,6.959167,0.675000,3.592000,2.385000,teleport_tsunami|teleport_tsunami,11|14,12|15,6.958448,6.959167,400-500,351-500,short_corrections_only
SITE1_P10,P10,SITE1,tsunami,C,2,6,3,P10_race_tsunami_C_6.csv,17,18,19,22,23,09:11:27.264,09:11:29.799,09:11:29.799,09:11:31.284,09:11:33.498,-2303.500000,-145.600000,-384.200000,-1943.900000,-143.600000,-367.100000,-1951.900000,-142.700000,-368.600000,-1944.000000,-142.300000,-366.900000,360.006347,360.011903,351.945905,351.957853,8.139410,8.189017,0.223607,1.319091,false,1,2,true,false,8.178631,8.188406,8.178631,8.188406,0.717000,4.020000,2.214000,teleport_tsunami|teleport_tsunami,18|21,19|22,8.178631,8.188406,300-400,351-500,short_corrections_only
SITE1_P10,P10,SITE1,tsunami,C,2,6,4,P10_race_tsunami_C_6.csv,24,25,26,29,30,09:11:35.287,09:11:37.692,09:11:37.692,09:11:39.287,09:11:41.623,-1944.000000,-142.300000,-366.800000,-2025.000000,-148.600000,-798.000000,-2024.800000,-147.300000,-790.200000,-2024.300000,-147.200000,-795.400000,438.741883,438.787112,431.040833,431.069832,7.802564,7.910120,2.692582,3.034798,false,1,2,true,false,5.223983,5.224940,5.223983,5.224940,1.072000,4.000000,2.336000,teleport_tsunami|teleport_tsunami,25|28,26|29,5.223983,5.224940,400-500,351-500,short_corrections_only
SITE1_P10,P10,SITE1,tsunami,C,2,6,5,P10_race_tsunami_C_6.csv,31,32,33,42,43,09:11:42.503,09:11:45.157,09:11:45.158,09:11:50.040,09:11:54.742,-2024.300000,-147.200000,-795.500000,-1819.400000,-140.800000,-1190.000000,-1859.700000,-139.100000,-1167.200000,-1821.100000,-139.500000,-1185.600000,444.538255,444.584323,406.514514,406.595204,46.302592,46.333789,4.716991,4.892852,false,3,4,true,false,45.372875,45.375630,18.927493,18.929871,0.762000,7.537000,4.702000,teleport_tsunami|teleport_tsunami|teleport_tsunami|teleport_tsunami,32|35|38|41,33|36|39|42,13.201515|18.927493|13.243867,13.201515|18.929871|13.244244,400-500,351-500,short_corrections_only
SITE1_P10,P10,SITE1,tsunami,C,2,6,6,P10_race_tsunami_C_6.csv,44,45,46,49,50,09:11:55.902,09:11:59.322,09:11:59.322,09:12:01.793,09:12:04.334,-1821.100000,-139.500000,-1185.800000,-1375.200000,-127.000000,-1014.300000,-1366.100000,-125.500000,-1006.300000,-1371.900000,-125.600000,-1010.800000,477.743718,477.907219,489.127028,489.327344,12.116518,12.209013,4.810405,5.009990,false,1,2,true,false,7.106335,7.107039,7.106335,7.107039,1.728000,5.891000,2.541000,teleport_tsunami|teleport_tsunami,45|48,46|49,7.106335,7.107039,400-500,351-500,short_corrections_only
SITE1_P11,P11,SITE1,map,A,3,9,1,P11_race_map_A_9.csv,3,4,5,11,12,13:59:55.562,13:59:59.097,13:59:59.097,14:00:04.863,14:00:11.457,1364.500000,-136.900000,-2182.300000,1036.100000,-125.400000,-1926.600000,1033.200000,-124.000000,-1935.400000,1035.600000,-123.900000,-1928.400000,416.207941,416.366785,413.181921,413.383248,9.265528,9.370699,1.868154,2.395830,false,2,3,true,false,14.597453,14.597913,10.885311,10.885771,1.350000,9.301000,6.594000,teleport_map|teleport_map|teleport_map,4|7|10,5|8|11,3.712142|10.885311,3.712142|10.885771,400-500,351-500,short_corrections_only
SITE1_P11,P11,SITE1,map,A,3,9,2,P11_race_map_A_9.csv,13,14,15,15,16,14:00:12.561,14:00:15.799,14:00:15.799,14:00:15.799,14:00:33.944,1035.500000,-123.900000,-1928.400000,660.800000,-122.800000,-2101.300000,661.600000,-121.300000,-2098.000000,661.600000,-121.300000,-2098.000000,412.667542,412.669008,410.567132,410.575365,3.395585,3.712142,3.395585,3.712142,true,0,1,true,false,0.000000,0.000000,0.000000,0.000000,,3.238000,18.145000,teleport_map,14,15,,,400-500,351-500,direct_hit
SITE1_P11,P11,SITE1,map,A,3,9,3,P11_race_map_A_9.csv,17,18,19,22,23,14:00:34.827,14:00:37.068,14:00:37.068,14:00:40.594,14:00:43.274,661.600000,-121.300000,-2098.100000,193.000000,-120.500000,-2075.600000,198.800000,-119.000000,-2079.800000,197.400000,-118.900000,-2080.700000,469.139862,469.140544,463.161667,463.167378,7.161006,7.316420,6.735726,6.923150,false,1,2,true,false,1.664332,1.667333,1.664332,1.667333,1.621000,5.767000,2.680000,teleport_map|teleport_map,18|21,19|22,1.664332,1.667333,400-500,351-500,short_corrections_only
SITE1_P11,P11,SITE1,map,A,3,9,4,P11_race_map_A_9.csv,24,25,26,26,27,14:00:43.894,14:00:46.820,14:00:46.820,14:00:46.820,14:00:48.104,197.400000,-118.900000,-2080.700000,207.800000,-130.500000,-1742.200000,203.700000,-129.100000,-1739.700000,203.700000,-129.100000,-1739.700000,338.659726,338.858333,340.958209,341.110744,4.802083,5.002000,4.802083,5.002000,true,0,1,true,false,0.000000,0.000000,0.000000,0.000000,,2.926000,1.284000,teleport_map,25,26,,,300-400,200-350,direct_hit
SITE1_P11,P11,SITE1,map,A,3,9,5,P11_race_map_A_9.csv,28,29,30,30,31,14:00:48.481,14:00:51.235,14:00:51.235,14:00:51.235,14:00:52.558,203.700000,-129.100000,-1739.800000,-221.000000,-110.700000,-1770.000000,-216.300000,-109.400000,-1771.000000,-216.300000,-109.400000,-1771.000000,425.772392,426.169790,421.157263,421.617753,4.805206,4.977951,4.805206,4.977951,true,0,1,true,false,0.000000,0.000000,0.000000,0.000000,,2.754000,1.323000,teleport_map,29,30,,,400-500,351-500,direct_hit
SITE1_P11,P11,SITE1,map,A,3,9,6,P11_race_map_A_9.csv,32,33,34,34,35,14:00:52.971,14:00:55.496,14:00:55.496,14:00:55.496,14:00:57.184,-216.300000,-109.400000,-1771.000000,-640.700000,-108.700000,-1512.100000,-642.000000,-107.100000,-1515.600000,-642.000000,-107.100000,-1515.600000,497.136370,497.136862,496.522708,496.528035,3.733631,4.062019,3.733631,4.062019,true,0,1,true,false,0.000000,0.000000,0.000000,0.000000,,2.525000,1.688000,teleport_map,33,34,,,400-500,351-500,direct_hit
SITE1_P11,P11,SITE1,map,B,3,10,1,P11_race_map_B_10.csv,3,4,5,5,6,14:01:11.757,14:01:14.260,14:01:14.260,14:01:14.260,14:01:15.600,-1587.500000,-148.200000,1834.200000,-1824.000000,-155.900000,2254.000000,-1821.000000,-154.500000,2254.700000,-1821.000000,-154.500000,2254.700000,481.834297,481.895819,480.893346,480.934611,3.080584,3.383785,3.080584,3.383785,true,0,1,true,false,0.000000,0.000000,0.000000,0.000000,,2.503000,1.340000,teleport_map,4,5,,,400-500,351-500,direct_hit
SITE1_P11,P11,SITE1,map,B,3,10,2,P11_race_map_B_10.csv,7,8,9,9,10,14:01:15.989,14:01:19.259,14:01:19.259,14:01:19.259,14:01:22.000,-1821.100000,-154.600000,2254.600000,-2183.500000,-156.800000,1969.600000,-2184.200000,-155.200000,1971.100000,-2184.200000,-155.200000,1971.100000,461.040953,461.046202,465.632752,465.633278,1.655295,2.302173,1.655295,2.302173,true,0,1,true,false,0.000000,0.000000,0.000000,0.000000,,3.270000,2.741000,teleport_map,8,9,,,400-500,351-500,direct_hit
SITE1_P11,P11,SITE1,map,B,3,10,3,P11_race_map_B_10.csv,11,12,13,13,14,14:01:22.477,14:01:24.312,14:01:24.312,14:01:24.312,14:01:25.676,-2184.300000,-155.200000,1971.000000,-2489.500000,-157.100000,2081.700000,-2491.600000,-155.500000,2080.300000,-2491.600000,-155.500000,2080.300000,324.656018,324.661578,326.159133,326.159378,2.523886,2.988311,2.523886,2.988311,true,0,1,true,false,0.000000,0.000000,0.000000,0.000000,,1.835000,1.364000,teleport_map,12,13,,,300-400,200-350,direct_hit
SITE1_P11,P11,SITE1,map,B,3,10,4,P11_race_map_B_10.csv,15,16,17,17,18,14:01:26.585,14:01:28.763,14:01:28.763,14:01:28.763,14:01:29.987,-2491.600000,-155.500000,2080.300000,-2630.000000,-156.100000,2448.000000,-2628.800000,-154.600000,2446.400000,-2628.800000,-154.600000,2446.400000,392.884016,392.884474,391.022825,391.023861,2.000000,2.500000,2.000000,2.500000,true,0,1,true,false,0.000000,0.000000,0.000000,0.000000,,2.178000,1.224000,teleport_map,16,17,,,300-400,351-500,direct_hit
SITE1_P11,P11,SITE1,map,B,3,10,5,P11_race_map_B_10.csv,19,20,21,21,22,14:01:30.413,14:01:33.257,14:01:33.257,14:01:33.257,14:01:35.209,-2628.800000,-154.600000,2446.400000,-2978.700000,-155.900000,2306.500000,-2979.300000,-154.400000,2306.500000,-2979.300000,-154.400000,2306.500000,376.831554,376.833796,377.444565,377.444618,0.600000,1.615549,0.600000,1.615549,true,0,1,true,false,0.000000,0.000000,0.000000,0.000000,,2.844000,1.952000,teleport_map,20,21,,,300-400,351-500,direct_hit
SITE1_P11,P11,SITE1,map,B,3,10,6,P11_race_map_B_10.csv,23,24,25,25,26,14:01:35.612,14:01:39.346,14:01:39.346,14:01:39.346,14:01:41.090,-2979.300000,-154.500000,2306.600000,-2999.000000,-156.000000,1931.000000,-2998.800000,-154.500000,1928.500000,-2998.800000,-154.500000,1928.500000,376.116272,376.119263,378.502642,378.502655,2.507987,2.922328,2.507987,2.922328,true,0,1,true,false,0.000000,0.000000,0.000000,0.000000,,3.734000,1.744000,teleport_map,24,25,,,300-400,351-500,direct_hit
SITE1_P11,P11,SITE1,map,C,3,11,1,P11_race_map_C_11.csv,3,4,5,5,6,14:01:51.267,14:01:53.606,14:01:53.607,14:01:53.607,14:01:56.994,-2003.400000,-141.900000,179.600000,-2299.700000,-147.700000,56.800000,-2302.200000,-146.100000,53.400000,-2302.200000,-146.100000,53.400000,320.739037,320.791474,324.449765,324.476948,4.220190,4.513314,4.220190,4.513314,true,0,1,true,false,0.000000,0.000000,0.000000,0.000000,,2.340000,3.387000,teleport_map,4,5,,,300-400,200-350,direct_hit
SITE1_P11,P11,SITE1,map,C,3,11,2,P11_race_map_C_11.csv,7,8,9,9,10,14:01:57.435,14:02:00.885,14:02:00.885,14:02:00.885,14:02:02.452,-2302.200000,-146.200000,53.500000,-2303.900000,-147.000000,-387.200000,-2307.600000,-145.500000,-390.700000,-2307.600000,-145.500000,-390.700000,440.703279,440.704005,444.232822,444.233227,5.093133,5.309426,5.093133,5.309426,true,0,1,true,false,0.000000,0.000000,0.000000,0.000000,,3.450000,1.567000,teleport_map,8,9,,,400-500,351-500,direct_hit
SITE1_P11,P11,SITE1,map,C,3,11,3,P11_race_map_C_11.csv,11,12,13,13,14,14:02:03.198,14:02:06.204,14:02:06.204,14:02:06.204,14:02:08.364,-2307.500000,-145.500000,-390.700000,-1943.900000,-143.600000,-367.100000,-1943.700000,-142.000000,-367.400000,-1943.700000,-142.000000,-367.400000,364.365092,364.370045,364.645170,364.661967,0.360555,1.640122,0.360555,1.640122,true,0,1,true,false,0.000000,0.000000,0.000000,0.000000,,3.006000,2.160000,teleport_map,12,13,,,300-400,351-500,direct_hit
SITE1_P11,P11,SITE1,map,C,3,11,4,P11_race_map_C_11.csv,15,16,17,17,18,14:02:08.737,14:02:10.993,14:02:10.993,14:02:10.993,14:02:13.246,-1943.700000,-142.100000,-367.400000,-2025.000000,-148.600000,-798.000000,-2028.500000,-147.200000,-793.300000,-2028.500000,-147.200000,-793.300000,438.207770,438.255975,434.260118,434.291250,5.860034,6.024948,5.860034,6.024948,true,0,1,true,false,0.000000,0.000000,0.000000,0.000000,,2.256000,2.253000,teleport_map,16,17,,,400-500,351-500,direct_hit
SITE1_P11,P11,SITE1,map,C,3,11,5,P11_race_map_C_11.csv,19,20,21,21,22,14:02:13.911,14:02:17.420,14:02:17.420,14:02:17.420,14:02:19.630,-2028.400000,-147.300000,-793.300000,-1819.400000,-140.800000,-1190.000000,-1820.400000,-139.200000,-1190.200000,-1820.400000,-139.200000,-1190.200000,448.388102,448.435213,448.011428,448.082849,1.019804,1.897367,1.019804,1.897367,true,0,1,true,false,0.000000,0.000000,0.000000,0.000000,,3.509000,2.210000,teleport_map,20,21,,,400-500,351-500,direct_hit
SITE1_P11,P11,SITE1,map,C,3,11,6,P11_race_map_C_11.csv,23,24,25,25,26,14:02:19.962,14:02:22.610,14:02:22.610,14:02:22.610,14:02:24.024,-1820.400000,-139.200000,-1190.200000,-1375.200000,-127.000000,-1014.300000,-1373.100000,-125.500000,-1016.400000,-1373.100000,-125.500000,-1016.400000,478.689722,478.845163,479.915097,480.110602,2.969848,3.327161,2.969848,3.327161,true,0,1,true,false,0.000000,0.000000,0.000000,0.000000,,2.648000,1.414000,teleport_map,24,25,,,400-500,351-500,direct_hit
SITE1_P11,P11,SITE1,tsunami,A,2,6,1,P11_race_tsunami_A_6.csv,3,4,5,5,6,13:52:30.657,13:52:32.723,13:52:32.724,13:52:32.724,13:52:33.893,1364.400000,-136.900000,-2182.400000,1036.100000,-125.400000,-1926.600000,1042.200000,-123.900000,-1933.800000,1042.200000,-123.900000,-1933.800000,416.190497,416.349349,406.957983,407.165568,9.436631,9.555103,9.436631,9.555103,true,0,1,true,false,0.000000,0.000000,0.000000,0.000000,,2.067000,1.169000,teleport_tsunami,4,5,,,400-500,351-500,direct_hit
SITE1_P11,P11,SITE1,tsunami,A,2,6,2,P11_race_tsunami_A_6.csv,7,8,9,12,13,13:52:34.917,13:52:36.483,13:52:36.484,13:52:37.936,13:52:39.746,1042.100000,-123.900000,-1933.800000,660.800000,-122.800000,-2101.300000,660.000000,-121.200000,-2111.700000,660.900000,-121.200000,-2104.300000,416.468414,416.469867,421.484069,421.492716,10.430724,10.552725,3.001666,3.401470,false,1,2,true,false,7.355270,7.355270,7.355270,7.355270,1.099000,3.019000,1.810000,teleport_tsunami|teleport_tsunami,8|11,9|12,7.355270,7.355270,400-500,351-500,short_corrections_only
SITE1_P11,P11,SITE1,tsunami,A,2,6,3,P11_race_tsunami_A_6.csv,14,15,16,22,23,13:52:40.870,13:52:41.492,13:52:41.492,13:52:46.139,13:52:48.231,660.900000,-121.200000,-2104.400000,193.000000,-120.500000,-2075.600000,645.300000,-121.200000,-2106.900000,193.400000,-119.000000,-2076.600000,468.785505,468.786028,15.799051,15.799051,453.381716,453.382256,1.077033,1.846619,false,2,3,false,true,498.129482,498.149201,475.611711,475.620553,0.451000,5.269000,2.092000,teleport_tsunami|teleport_tsunami|teleport_tsunami,15|18|21,16|19|22,475.611711|22.517771,475.620553|22.528648,400-500,351-500,contains_correction_at_least_100m
SITE1_P11,P11,SITE1,tsunami,A,2,6,4,P11_race_tsunami_A_6.csv,25,26,27,30,31,13:52:51.251,13:52:53.027,13:52:53.027,13:52:54.758,13:52:56.530,193.300000,-119.000000,-2076.500000,207.800000,-130.500000,-1742.200000,213.300000,-129.100000,-1728.600000,207.600000,-129.000000,-1743.000000,334.614315,334.811873,348.474404,348.620739,14.670037,14.736689,0.824621,1.711724,false,1,2,true,false,15.264338,15.264665,15.264338,15.264665,1.097000,3.507000,1.772000,teleport_tsunami|teleport_tsunami,26|29,27|30,15.264338,15.264665,300-400,200-350,short_corrections_only
SITE1_P11,P11,SITE1,tsunami,A,2,6,5,P11_race_tsunami_A_6.csv,32,33,34,37,38,13:52:57.273,13:52:58.653,13:52:58.653,13:53:00.459,13:53:01.954,207.600000,-129.000000,-1743.000000,-221.000000,-110.700000,-1770.000000,-190.000000,-110.600000,-1769.300000,-218.700000,-109.300000,-1772.200000,429.449601,429.839330,398.468882,398.893482,31.007902,31.008063,3.182766,3.477068,false,1,2,true,false,28.846144,28.875422,28.846144,28.875422,0.572000,3.186000,1.495000,teleport_tsunami|teleport_tsunami,33|36,34|37,28.846144,28.875422,400-500,351-500,short_corrections_only
SITE1_P11,P11,SITE1,tsunami,A,2,6,6,P11_race_tsunami_A_6.csv,39,40,41,44,45,13:53:02.787,13:53:04.855,13:53:04.855,13:53:06.514,13:53:07.978,-218.700000,-109.200000,-1772.100000,-640.700000,-108.700000,-1512.100000,-610.300000,-106.700000,-1534.800000,-638.600000,-107.200000,-1515.300000,495.665210,495.665462,457.888469,457.895294,37.940084,37.992762,3.827532,4.110961,false,1,2,true,false,34.367717,34.370045,34.367717,34.370045,0.644000,3.727000,1.464000,teleport_tsunami|teleport_tsunami,40|43,41|44,34.367717,34.370045,400-500,351-500,short_corrections_only
SITE1_P11,P11,SITE1,tsunami,B,2,7,1,P11_race_tsunami_B_7.csv,3,4,5,8,9,13:53:27.085,13:53:28.481,13:53:28.481,13:53:29.865,13:53:31.167,-1587.500000,-148.100000,1834.200000,-1824.000000,-155.900000,2254.000000,-1809.500000,-154.200000,2225.600000,-1821.800000,-154.400000,2247.800000,481.834297,481.897427,449.975510,450.016855,31.887458,31.932742,6.578754,6.747592,false,1,2,true,false,25.379716,25.379913,25.379716,25.379913,0.546000,2.780000,1.302000,teleport_tsunami|teleport_tsunami,4|7,5|8,25.379716,25.379913,400-500,351-500,short_corrections_only
SITE1_P11,P11,SITE1,tsunami,B,2,7,2,P11_race_tsunami_B_7.csv,10,11,12,12,13,13:53:32.222,13:53:34.172,13:53:34.172,13:53:34.172,13:53:35.385,-1821.800000,-154.400000,2247.700000,-2183.500000,-156.800000,1969.600000,-2186.500000,-155.200000,1969.400000,-2186.500000,-155.200000,1969.400000,456.252671,456.258983,458.676411,458.677109,3.006659,3.405877,3.006659,3.405877,true,0,1,true,false,0.000000,0.000000,0.000000,0.000000,,1.950000,1.213000,teleport_tsunami,11,12,,,400-500,351-500,direct_hit
SITE1_P11,P11,SITE1,tsunami,B,2,7,3,P11_race_tsunami_B_7.csv,15,16,17,20,21,13:53:39.150,13:53:40.591,13:53:40.592,13:53:42.245,13:53:43.591,-2186.400000,-155.200000,1969.500000,-2489.500000,-157.100000,2081.700000,-2497.900000,-155.500000,2083.900000,-2490.000000,-155.500000,2080.800000,323.200325,323.205910,331.842749,331.842885,8.683317,8.829496,1.029563,1.902630,false,1,2,true,false,8.338465,8.338465,8.338465,8.338465,1.460000,3.095000,1.346000,teleport_tsunami|teleport_tsunami,16|19,17|20,8.338465,8.338465,300-400,200-350,short_corrections_only
SITE1_P11,P11,SITE1,tsunami,B,2,7,4,P11_race_tsunami_B_7.csv,22,23,24,33,34,13:53:44.636,13:53:44.933,13:53:44.933,13:53:54.406,13:53:55.910,-2490.200000,-155.500000,2080.900000,-2630.000000,-156.100000,2448.000000,-2500.100000,-155.300000,2109.700000,-2631.700000,-154.600000,2448.900000,392.818597,392.819055,30.454064,30.454720,362.382257,362.383140,1.923538,2.439262,false,3,4,false,true,448.552605,448.575825,404.835979,404.836770,0.420000,9.770000,1.504000,teleport_tsunami|teleport_tsunami|teleport_tsunami|teleport_tsunami,23|26|29|32,24|27|30|33,404.835979|33.816120|9.900505,404.836770|33.834007|9.905049,300-400,351-500,contains_correction_at_least_100m
SITE1_P11,P11,SITE1,tsunami,B,2,7,6,P11_race_tsunami_B_7.csv,49,50,51,57,58,13:54:06.665,13:54:08.054,13:54:08.054,13:54:10.599,13:54:11.908,-2976.700000,-154.300000,2303.300000,-2999.000000,-156.000000,1931.000000,-2998.800000,-154.200000,1967.200000,-2998.200000,-154.500000,1930.200000,372.967264,372.971138,336.825801,336.825816,36.200552,36.245276,1.131371,1.878829,false,2,3,true,false,36.907521,36.908141,25.000800,25.001000,0.579000,3.934000,1.309000,teleport_tsunami|teleport_tsunami|teleport_tsunami,50|53|56,51|54|57,25.000800|11.906721,25.001000|11.907141,300-400,351-500,short_corrections_only
SITE1_P11,P11,SITE1,tsunami,C,2,5,1,P11_race_tsunami_C_5.csv,3,4,5,8,9,13:51:28.375,13:51:29.822,13:51:29.822,13:51:31.728,13:51:33.654,-2003.300000,-141.800000,179.500000,-2299.700000,-147.700000,56.800000,-2305.900000,-146.000000,48.400000,-2302.200000,-146.100000,52.400000,320.793158,320.847409,329.778668,329.805412,10.440307,10.577807,5.060632,5.307542,false,1,2,true,false,5.517246,5.517246,5.517246,5.517246,1.601000,3.353000,1.926000,teleport_tsunami|teleport_tsunami,4|7,5|8,5.517246,5.517246,300-400,200-350,short_corrections_only
SITE1_P11,P11,SITE1,tsunami,C,2,5,2,P11_race_tsunami_C_5.csv,10,11,12,15,16,13:51:35.710,13:51:37.317,13:51:37.317,13:51:38.912,13:51:40.732,-2302.300000,-146.000000,52.300000,-2303.900000,-147.000000,-387.200000,-2308.700000,-145.300000,-370.300000,-2304.200000,-145.400000,-386.900000,439.502912,439.504050,422.648459,422.649039,17.568438,17.650496,0.424264,1.655295,false,1,2,true,false,17.173235,17.174400,17.173235,17.174400,0.633000,3.202000,1.820000,teleport_tsunami|teleport_tsunami,11|14,12|15,17.173235,17.174400,400-500,351-500,short_corrections_only
SITE1_P11,P11,SITE1,tsunami,C,2,5,3,P11_race_tsunami_C_5.csv,17,18,19,22,23,13:51:41.737,13:51:43.044,13:51:43.044,13:51:44.754,13:51:46.311,-2304.000000,-145.400000,-386.800000,-1943.900000,-143.600000,-367.100000,-1974.500000,-143.400000,-373.300000,-1946.200000,-142.200000,-369.900000,360.638462,360.642954,329.776439,329.782504,31.221787,31.222428,3.623534,3.884585,false,1,2,true,false,28.602797,28.627958,28.602797,28.627958,0.647000,3.017000,1.557000,teleport_tsunami|teleport_tsunami,18|21,19|22,28.602797,28.627958,300-400,351-500,short_corrections_only
SITE1_P11,P11,SITE1,tsunami,C,2,5,4,P11_race_tsunami_C_5.csv,24,25,26,26,27,13:51:47.519,13:51:49.007,13:51:49.007,13:51:49.007,13:51:51.007,-1946.300000,-142.200000,-370.000000,-2025.000000,-148.600000,-798.000000,-2031.100000,-147.200000,-798.300000,-2031.100000,-147.200000,-798.300000,435.175470,435.222529,436.614166,436.641661,6.107373,6.265780,6.107373,6.265780,true,0,1,true,false,0.000000,0.000000,0.000000,0.000000,,1.488000,2.000000,teleport_tsunami,25,26,,,400-500,351-500,direct_hit
SITE1_P11,P11,SITE1,tsunami,C,2,5,5,P11_race_tsunami_C_5.csv,28,29,30,33,34,13:51:51.877,13:51:53.898,13:51:53.898,13:51:54.720,13:51:57.575,-2031.100000,-147.100000,-798.300000,-1819.400000,-140.800000,-1190.000000,-1826.700000,-139.300000,-1185.100000,-1820.400000,-139.300000,-1191.100000,445.247998,445.292567,437.485543,437.555071,8.792042,8.919081,1.486607,2.111871,false,1,2,true,false,8.700000,8.700000,8.700000,8.700000,0.677000,2.843000,2.855000,teleport_tsunami|teleport_tsunami,29|32,30|33,8.700000,8.700000,400-500,351-500,short_corrections_only
SITE1_P11,P11,SITE1,tsunami,C,2,5,6,P11_race_tsunami_C_5.csv,51,52,53,62,63,13:52:03.711,13:52:03.883,13:52:03.883,13:52:09.775,13:52:10.587,-1709.300000,-136.800000,-1187.000000,-1375.200000,-127.000000,-1014.300000,-1700.300000,-136.400000,-1186.700000,-1372.700000,-125.500000,-1011.900000,376.095865,376.223524,9.004999,9.013878,367.983383,368.103423,3.465545,3.776242,false,3,4,false,true,694.196930,694.529810,511.703117,511.950085,0.382000,6.064000,0.812000,teleport_tsunami|teleport_tsunami|teleport_tsunami|teleport_tsunami,52|55|58|61,53|56|59|62,21.172860|511.703117|161.320953,21.174985|511.950085|161.404740,300-400,351-500,contains_correction_at_least_100m
SITE1_P12,P12,SITE1,map,A,3,11,1,P12_race_map_A_11.csv,3,4,5,5,6,15:49:25.857,15:49:29.804,15:49:29.804,15:49:29.804,15:49:31.284,1364.600000,-136.900000,-2182.400000,1036.100000,-125.400000,-1926.600000,1033.500000,-123.800000,-1930.300000,1033.500000,-123.800000,-1930.300000,416.348280,416.507071,416.150958,416.357094,4.522168,4.796874,4.522168,4.796874,true,0,1,true,false,0.000000,0.000000,0.000000,0.000000,,3.947000,1.480000,teleport_map,4,5,,,400-500,351-500,direct_hit
SITE1_P12,P12,SITE1,map,A,3,11,2,P12_race_map_A_11.csv,7,8,9,9,10,15:49:31.465,15:49:35.060,15:49:35.060,15:49:35.060,15:49:36.720,1033.600000,-123.900000,-1930.300000,660.800000,-122.800000,-2101.300000,656.100000,-121.100000,-2103.900000,656.100000,-121.100000,-2103.900000,410.147339,410.148814,415.503562,415.512334,5.371220,5.633826,5.371220,5.633826,true,0,1,true,false,0.000000,0.000000,0.000000,0.000000,,3.595000,1.660000,teleport_map,8,9,,,400-500,351-500,direct_hit
SITE1_P12,P12,SITE1,map,A,3,11,3,P12_race_map_A_11.csv,11,12,13,13,14,15:49:37.068,15:49:40.124,15:49:40.124,15:49:40.124,15:49:41.733,656.100000,-121.200000,-2103.800000,193.000000,-120.500000,-2075.600000,193.500000,-118.600000,-2080.500000,193.500000,-118.600000,-2080.500000,463.957811,463.958339,463.186410,463.193156,4.925444,5.279204,4.925444,5.279204,true,0,1,true,false,0.000000,0.000000,0.000000,0.000000,,3.056000,1.609000,teleport_map,12,13,,,400-500,351-500,direct_hit
SITE1_P12,P12,SITE1,map,A,3,11,4,P12_race_map_A_11.csv,15,16,17,17,18,15:49:41.864,15:49:44.109,15:49:44.109,15:49:44.109,15:49:45.671,193.400000,-118.700000,-2080.500000,207.800000,-130.500000,-1742.200000,207.200000,-128.800000,-1746.400000,207.200000,-128.800000,-1746.400000,338.606335,338.811880,334.384883,334.537382,4.242641,4.570558,4.242641,4.570558,true,0,1,true,false,0.000000,0.000000,0.000000,0.000000,,2.245000,1.562000,teleport_map,16,17,,,300-400,200-350,direct_hit
SITE1_P12,P12,SITE1,map,A,3,11,5,P12_race_map_A_11.csv,19,20,21,21,22,15:49:45.882,15:49:48.909,15:49:48.909,15:49:48.909,15:49:50.506,207.200000,-128.800000,-1746.400000,-221.000000,-110.700000,-1770.000000,-223.500000,-109.000000,-1770.100000,-223.500000,-109.000000,-1770.100000,428.849857,429.231651,431.346091,431.795716,2.501999,3.024897,2.501999,3.024897,true,0,1,true,false,0.000000,0.000000,0.000000,0.000000,,3.027000,1.597000,teleport_map,20,21,,,400-500,351-500,direct_hit
SITE1_P12,P12,SITE1,map,A,3,11,6,P12_race_map_A_11.csv,23,24,25,28,29,15:49:50.938,15:49:53.020,15:49:53.020,15:49:56.555,15:49:58.503,-223.500000,-109.000000,-1770.100000,-640.700000,-108.700000,-1512.100000,-567.300000,-106.800000,-1543.800000,-642.700000,-107.100000,-1513.300000,490.530162,490.530254,411.594619,411.600498,79.952799,79.975371,2.332381,2.828427,false,1,2,true,false,81.335171,81.335417,81.335171,81.335417,0.719000,5.617000,1.948000,teleport_map|teleport_map,24|27,25|28,81.335171,81.335417,400-500,351-500,short_corrections_only
SITE1_P12,P12,SITE1,map,B,3,9,1,P12_race_map_B_9.csv,3,4,5,5,6,15:46:46.503,15:46:50.225,15:46:50.225,15:46:50.225,15:46:53.311,-1587.400000,-148.200000,1834.200000,-1824.000000,-155.900000,2254.000000,-1822.700000,-154.400000,2257.000000,-1822.700000,-154.400000,2257.000000,481.883388,481.944903,483.865612,483.906623,3.269557,3.597221,3.269557,3.597221,true,0,1,true,false,0.000000,0.000000,0.000000,0.000000,,3.722000,3.086000,teleport_map,4,5,,,400-500,351-500,direct_hit
SITE1_P12,P12,SITE1,map,B,3,9,3,P12_race_map_B_9.csv,15,16,17,17,18,15:47:05.936,15:47:08.488,15:47:08.488,15:47:08.488,15:47:12.615,-2183.400000,-155.200000,1964.500000,-2489.500000,-157.100000,2081.700000,-2486.600000,-155.500000,2076.600000,-2486.600000,-155.500000,2076.600000,327.769813,327.775319,323.165623,323.165871,5.866856,6.081118,5.866856,6.081118,true,0,1,true,false,0.000000,0.000000,0.000000,0.000000,,2.552000,4.127000,teleport_map,16,17,,,300-400,200-350,direct_hit
SITE1_P12,P12,SITE1,map,B,3,9,4,P12_race_map_B_9.csv,19,20,21,30,31,15:47:13.106,15:47:16.280,15:47:16.280,15:47:27.466,15:47:30.222,-2486.500000,-155.600000,2076.600000,-2630.000000,-156.100000,2448.000000,-2629.600000,-154.500000,2442.300000,-2631.400000,-154.500000,2448.500000,398.158524,398.158838,392.701031,392.702572,5.714018,5.933801,1.486607,2.184033,false,3,4,false,true,1315.402851,1315.404369,649.697914,649.697984,1.098000,14.360000,2.756000,teleport_map|teleport_map|teleport_map|teleport_map,20|23|26|29,21|24|27|30,649.697914|410.421369|255.283568,649.697984|410.421564|255.284821,300-400,351-500,contains_correction_at_least_100m
SITE1_P12,P12,SITE1,map,B,3,9,5,P12_race_map_B_9.csv,32,33,34,34,35,15:47:30.653,15:47:32.843,15:47:32.843,15:47:32.843,15:47:35.597,-2631.300000,-154.600000,2448.600000,-2978.700000,-155.900000,2306.500000,-2983.500000,-154.400000,2306.700000,-2983.500000,-154.400000,2306.700000,375.338740,375.340992,379.711009,379.711022,4.804165,5.032892,4.804165,5.032892,true,0,1,true,false,0.000000,0.000000,0.000000,0.000000,,2.190000,2.754000,teleport_map,33,34,,,300-400,351-500,direct_hit
SITE1_P12,P12,SITE1,map,B,3,9,6,P12_race_map_B_9.csv,36,37,38,38,39,15:47:36.429,15:47:39.786,15:47:39.786,15:47:39.786,15:47:42.737,-2983.600000,-154.500000,2306.600000,-2999.000000,-156.000000,1931.000000,-3001.900000,-154.200000,1933.100000,-3001.900000,-154.200000,1933.100000,375.915576,375.918568,373.943164,373.943218,3.580503,4.007493,3.580503,4.007493,true,0,1,true,false,0.000000,0.000000,0.000000,0.000000,,3.357000,2.951000,teleport_map,37,38,,,300-400,351-500,direct_hit
SITE1_P12,P12,SITE1,map,C,3,10,1,P12_race_map_C_10.csv,3,4,5,5,6,15:48:30.398,15:48:34.220,15:48:34.220,15:48:34.220,15:48:39.745,-2003.200000,-141.900000,179.600000,-2299.700000,-147.700000,56.800000,-2297.900000,-146.100000,58.600000,-2297.900000,-146.100000,58.600000,320.923807,320.976214,313.009728,313.039263,2.545584,3.006659,2.545584,3.006659,true,0,1,true,false,0.000000,0.000000,0.000000,0.000000,,3.822000,5.525000,teleport_map,4,5,,,300-400,200-350,direct_hit
SITE1_P12,P12,SITE1,map,C,3,10,2,P12_race_map_C_10.csv,7,8,9,9,10,15:48:40.015,15:48:43.287,15:48:43.287,15:48:43.287,15:48:46.392,-2297.800000,-146.300000,58.600000,-2303.900000,-147.000000,-387.200000,-2302.600000,-145.400000,-387.900000,-2302.600000,-145.400000,-387.900000,445.841732,445.842282,446.524736,446.525453,1.476482,2.177154,1.476482,2.177154,true,0,1,true,false,0.000000,0.000000,0.000000,0.000000,,3.272000,3.105000,teleport_map,8,9,,,400-500,351-500,direct_hit
SITE1_P12,P12,SITE1,map,C,3,10,3,P12_race_map_C_10.csv,11,12,13,13,14,15:48:46.700,15:48:50.746,15:48:50.746,15:48:50.746,15:48:56.790,-2302.600000,-145.500000,-387.900000,-1943.900000,-143.600000,-367.100000,-1943.900000,-142.000000,-367.600000,-1943.900000,-142.000000,-367.600000,359.302561,359.307584,369.663699,369.682215,0.500000,1.676305,0.500000,1.676305,true,0,1,true,false,0.000000,0.000000,0.000000,0.000000,,4.046000,6.044000,teleport_map,12,13,,,300-400,351-500,direct_hit
SITE1_P12,P12,SITE1,map,C,3,10,4,P12_race_map_C_10.csv,15,16,17,17,18,15:48:57.203,15:48:59.828,15:48:59.828,15:48:59.828,15:49:02.132,-1943.800000,-142.100000,-367.700000,-2025.000000,-148.600000,-798.000000,-2024.300000,-146.900000,-800.800000,-2024.300000,-146.900000,-800.800000,437.894428,437.942667,440.499455,440.526707,2.886174,3.349627,2.886174,3.349627,true,0,1,true,false,0.000000,0.000000,0.000000,0.000000,,2.625000,2.304000,teleport_map,16,17,,,400-500,351-500,direct_hit
SITE1_P12,P12,SITE1,map,C,3,10,5,P12_race_map_C_10.csv,19,20,21,21,22,15:49:03.080,15:49:06.841,15:49:06.841,15:49:06.841,15:49:08.766,-2024.300000,-147.000000,-800.800000,-1819.400000,-140.800000,-1190.000000,-1821.200000,-139.300000,-1191.500000,-1821.200000,-139.300000,-1191.500000,439.841619,439.885315,440.425079,440.490647,2.343075,2.782086,2.343075,2.782086,true,0,1,true,false,0.000000,0.000000,0.000000,0.000000,,3.761000,1.925000,teleport_map,20,21,,,400-500,351-500,direct_hit
SITE1_P12,P12,SITE1,map,C,3,10,6,P12_race_map_C_10.csv,23,24,25,25,26,15:49:09.143,15:49:13.830,15:49:13.830,15:49:13.830,15:49:15.611,-1821.300000,-139.400000,-1191.600000,-1375.200000,-127.000000,-1014.300000,-1375.400000,-125.400000,-1016.500000,-1375.400000,-125.400000,-1016.500000,480.042186,480.202312,479.011284,479.212917,2.209072,2.727636,2.209072,2.727636,true,0,1,true,false,0.000000,0.000000,0.000000,0.000000,,4.687000,1.781000,teleport_map,24,25,,,400-500,351-500,direct_hit
SITE1_P12,P12,SITE1,tsunami,A,2,5,1,P12_race_tsunami_A_5.csv,3,4,5,5,6,15:33:07.172,15:33:10.010,15:33:10.011,15:33:10.011,15:33:11.749,1364.500000,-136.900000,-2182.200000,1036.100000,-125.400000,-1926.600000,1040.300000,-123.800000,-1930.100000,1040.300000,-123.800000,-1930.100000,416.146513,416.305381,410.682420,410.891299,5.467175,5.696490,5.467175,5.696490,true,0,1,true,false,0.000000,0.000000,0.000000,0.000000,,2.839000,1.738000,teleport_tsunami,4,5,,,400-500,351-500,direct_hit
SITE1_P12,P12,SITE1,tsunami,A,2,5,2,P12_race_tsunami_A_5.csv,7,8,9,12,13,15:33:12.148,15:33:17.220,15:33:17.220,15:33:20.155,15:33:23.889,1040.300000,-123.800000,-1930.200000,660.800000,-122.800000,-2101.300000,621.700000,-119.900000,-2125.900000,660.900000,-121.100000,-2099.600000,416.287713,416.288914,462.087059,462.103517,46.194913,46.285851,1.702939,2.406242,false,1,2,true,false,47.122182,47.135019,47.122182,47.135019,1.368000,8.007000,3.734000,teleport_tsunami|teleport_tsunami,8|11,9|12,47.122182,47.135019,400-500,351-500,short_corrections_only
SITE1_P12,P12,SITE1,tsunami,A,2,5,3,P12_race_tsunami_A_5.csv,14,15,16,19,20,15:33:25.341,15:33:28.513,15:33:28.513,15:33:31.412,15:33:33.994,660.700000,-121.100000,-2099.700000,193.000000,-120.500000,-2075.600000,432.000000,-121.400000,-2170.900000,196.200000,-118.800000,-2077.100000,468.320510,468.320894,239.526888,239.527076,257.299611,257.301185,3.534119,3.921734,false,1,2,false,true,253.734763,253.749128,253.734763,253.749128,0.772000,6.071000,2.582000,teleport_tsunami|teleport_tsunami,15|18,16|19,253.734763,253.749128,400-500,351-500,contains_correction_at_least_100m
SITE1_P12,P12,SITE1,tsunami,A,2,5,4,P12_race_tsunami_A_5.csv,21,22,23,26,27,15:33:35.052,15:33:37.488,15:33:37.488,15:33:40.621,15:33:42.895,196.300000,-118.800000,-2077.000000,207.800000,-130.500000,-1742.200000,206.500000,-129.100000,-1719.600000,206.900000,-128.900000,-1739.000000,334.997448,335.201700,357.545522,357.693850,22.637359,22.680608,3.324154,3.689173,false,1,2,true,false,19.109422,19.110468,19.109422,19.110468,1.814000,5.569000,2.274000,teleport_tsunami|teleport_tsunami,22|25,23|26,19.109422,19.110468,300-400,200-350,short_corrections_only
SITE1_P12,P12,SITE1,tsunami,A,2,5,5,P12_race_tsunami_A_5.csv,28,29,30,33,34,15:33:44.650,15:33:48.357,15:33:48.357,15:33:50.176,15:33:53.797,206.900000,-128.900000,-1738.900000,-221.000000,-110.700000,-1770.000000,-193.300000,-109.900000,-1770.500000,-226.800000,-108.900000,-1769.100000,429.028694,429.414555,401.445638,401.895011,27.704512,27.716060,5.869412,6.139218,false,1,2,true,false,33.529241,33.544150,33.529241,33.544150,0.745000,5.526000,3.621000,teleport_tsunami|teleport_tsunami,29|32,30|33,33.529241,33.544150,400-500,351-500,short_corrections_only
SITE1_P12,P12,SITE1,tsunami,A,2,5,6,P12_race_tsunami_A_5.csv,35,36,37,40,41,15:33:54.441,15:33:57.256,15:33:57.256,15:33:59.285,15:34:01.369,-226.700000,-108.900000,-1769.000000,-640.700000,-108.700000,-1512.100000,-626.100000,-107.100000,-1517.000000,-639.200000,-107.100000,-1511.900000,487.230551,487.230592,472.254550,472.257980,15.400325,15.483217,1.513275,2.202272,false,1,2,true,false,14.057738,14.057738,14.057738,14.057738,0.707000,4.844000,2.084000,teleport_tsunami|teleport_tsunami,36|39,37|40,14.057738,14.057738,400-500,351-500,short_corrections_only
SITE1_P12,P12,SITE1,tsunami,B,2,6,1,P12_race_tsunami_B_6.csv,3,4,5,5,6,15:34:24.848,15:34:27.644,15:34:27.644,15:34:27.644,15:34:29.043,-1587.600000,-148.100000,1834.200000,-1824.000000,-155.900000,2254.000000,-1821.600000,-154.400000,2255.300000,-1821.600000,-154.400000,2255.300000,481.785222,481.848358,481.748077,481.789269,2.729469,3.114482,2.729469,3.114482,true,0,1,true,false,0.000000,0.000000,0.000000,0.000000,,2.796000,1.399000,teleport_tsunami,4,5,,,400-500,351-500,direct_hit
SITE1_P12,P12,SITE1,tsunami,B,2,6,2,P12_race_tsunami_B_6.csv,7,8,9,12,13,15:34:29.495,15:34:33.619,15:34:33.620,15:34:35.551,15:34:40.425,-1821.600000,-154.400000,2255.200000,-2183.500000,-156.800000,1969.600000,-2181.400000,-155.000000,1977.100000,-2183.700000,-155.100000,1972.300000,461.019490,461.025737,454.747897,454.748293,7.788453,7.993748,2.707397,3.196873,false,1,2,true,false,5.412947,5.412947,5.412947,5.412947,0.774000,6.056000,4.874000,teleport_tsunami|teleport_tsunami,8|11,9|12,5.412947,5.412947,400-500,351-500,short_corrections_only
SITE1_P12,P12,SITE1,tsunami,B,2,6,3,P12_race_tsunami_B_6.csv,15,16,17,17,18,15:34:45.318,15:34:46.514,15:34:46.514,15:34:46.514,15:34:48.651,-2183.800000,-155.100000,1972.300000,-2489.500000,-157.100000,2081.700000,-2495.300000,-155.500000,2086.600000,-2495.300000,-155.500000,2086.600000,324.685771,324.691931,331.808288,331.808529,7.592760,7.759510,7.592760,7.759510,true,0,1,true,false,0.000000,0.000000,0.000000,0.000000,,1.196000,2.137000,teleport_tsunami,16,17,,,300-400,200-350,direct_hit
SITE1_P12,P12,SITE1,tsunami,B,2,6,4,P12_race_tsunami_B_6.csv,19,20,21,27,28,15:34:49.684,15:34:51.142,15:34:51.142,15:34:55.851,15:34:57.304,-2495.200000,-155.500000,2086.600000,-2630.000000,-156.100000,2448.000000,-2510.700000,-155.200000,2157.400000,-2631.600000,-154.500000,2450.100000,385.721402,385.721869,72.476824,72.477445,314.135082,314.136372,2.640076,3.087070,false,2,3,false,true,316.761997,316.762843,289.584616,289.585462,0.425000,6.167000,1.453000,teleport_tsunami|teleport_tsunami|teleport_tsunami,20|23|26,21|24|27,289.584616|27.177380,289.585462|27.177380,300-400,351-500,contains_correction_at_least_100m
SITE1_P12,P12,SITE1,tsunami,B,2,6,5,P12_race_tsunami_B_6.csv,29,30,31,37,38,15:34:57.735,15:35:00.142,15:35:00.142,15:35:06.241,15:35:08.345,-2631.700000,-154.500000,2450.000000,-2978.700000,-155.900000,2306.500000,-2855.000000,-154.400000,2324.900000,-2980.500000,-154.300000,2307.200000,375.501332,375.503941,255.954879,255.954898,125.060985,125.069980,1.931321,2.507987,false,2,3,false,true,164.335106,164.335140,145.593441,145.593475,0.575000,8.506000,2.104000,teleport_tsunami|teleport_tsunami|teleport_tsunami,30|33|36,31|34|37,145.593441|18.741665,145.593475|18.741665,300-400,351-500,contains_correction_at_least_100m
SITE1_P12,P12,SITE1,tsunami,B,2,6,6,P12_race_tsunami_B_6.csv,39,40,41,44,45,15:35:08.809,15:35:12.490,15:35:12.490,15:35:13.984,15:35:15.895,-2980.500000,-154.300000,2307.000000,-2999.000000,-156.000000,1931.000000,-2999.800000,-154.300000,1942.100000,-2999.900000,-154.300000,1932.800000,376.454845,376.458683,365.410044,365.410044,11.128791,11.257886,2.012461,2.634388,false,1,2,true,false,9.400532,9.400532,9.400532,9.400532,0.598000,5.175000,1.911000,teleport_tsunami|teleport_tsunami,40|43,41|44,9.400532,9.400532,300-400,351-500,short_corrections_only
SITE1_P12,P12,SITE1,tsunami,C,2,7,1,P12_race_tsunami_C_7.csv,3,4,5,8,9,15:35:36.633,15:35:38.450,15:35:38.450,15:35:40.721,15:35:42.566,-2003.500000,-141.800000,179.600000,-2299.700000,-147.700000,56.800000,-2266.900000,-145.900000,75.200000,-2297.500000,-146.200000,59.700000,320.646659,320.700935,283.335349,283.365012,37.608510,37.651560,3.640055,3.937004,false,1,2,true,false,34.301749,34.303061,34.301749,34.303061,0.618000,4.088000,1.845000,teleport_tsunami|teleport_tsunami,4|7,5|8,34.301749,34.303061,300-400,200-350,short_corrections_only
SITE1_P12,P12,SITE1,tsunami,C,2,7,2,P12_race_tsunami_C_7.csv,10,11,12,18,19,15:35:42.952,15:35:43.877,15:35:43.877,15:35:49.464,15:35:50.925,-2297.500000,-146.200000,59.700000,-2303.900000,-147.000000,-387.200000,-2302.800000,-146.000000,61.100000,-2305.000000,-145.400000,-389.700000,446.945824,446.946540,5.481788,5.485435,448.301350,448.302465,2.731300,3.165438,false,2,3,false,true,450.806764,450.808140,418.104317,418.105082,0.645000,6.512000,1.461000,teleport_tsunami|teleport_tsunami|teleport_tsunami,11|14|17,12|15|18,418.104317|32.702446,418.105082|32.703058,400-500,351-500,contains_correction_at_least_100m
SITE1_P12,P12,SITE1,tsunami,C,2,7,3,P12_race_tsunami_C_7.csv,20,21,22,25,26,15:35:51.300,15:35:54.126,15:35:54.127,15:35:56.948,15:35:59.028,-2304.900000,-145.400000,-389.700000,-1943.900000,-143.600000,-367.100000,-1919.400000,-141.400000,-365.600000,-1940.700000,-141.800000,-366.400000,361.706732,361.711211,386.252586,386.273297,24.545875,24.644269,3.275668,3.737646,false,1,2,true,false,21.215089,21.218860,21.215089,21.218860,1.342000,5.648000,2.080000,teleport_tsunami|teleport_tsunami,21|24,22|25,21.215089,21.218860,300-400,351-500,short_corrections_only
SITE1_P12,P12,SITE1,tsunami,C,2,7,4,P12_race_tsunami_C_7.csv,27,28,29,29,30,15:36:00.764,15:36:02.798,15:36:02.798,15:36:02.798,15:36:04.593,-1940.600000,-141.800000,-366.400000,-2025.000000,-148.600000,-798.000000,-2028.600000,-147.000000,-798.900000,-2028.600000,-147.000000,-798.900000,439.774851,439.827421,441.361813,441.391278,3.710795,4.041039,3.710795,4.041039,true,0,1,true,false,0.000000,0.000000,0.000000,0.000000,,2.034000,1.795000,teleport_tsunami,28,29,,,400-500,351-500,direct_hit
SITE1_P12,P12,SITE1,tsunami,C,2,7,5,P12_race_tsunami_C_7.csv,31,32,33,36,37,15:36:05.086,15:36:05.137,15:36:05.137,15:36:11.340,15:36:13.013,-2028.500000,-147.000000,-798.900000,-1819.400000,-140.800000,-1190.000000,-2019.600000,-146.000000,-829.100000,-1820.500000,-139.100000,-1183.600000,443.488467,443.531803,31.484123,31.500000,412.709159,412.741917,6.493843,6.712675,false,1,2,false,true,406.497442,406.555999,406.497442,406.555999,0.089000,6.254000,1.673000,teleport_tsunami|teleport_tsunami,32|35,33|36,406.497442,406.555999,400-500,351-500,contains_correction_at_least_100m
SITE1_P12,P12,SITE1,tsunami,C,2,7,6,P12_race_tsunami_C_7.csv,38,39,40,43,44,15:36:14.279,15:36:17.770,15:36:17.770,15:36:20.740,15:36:22.131,-1820.500000,-139.100000,-1183.500000,-1375.200000,-127.000000,-1014.300000,-1340.100000,-124.300000,-991.800000,-1373.700000,-125.300000,-1011.600000,476.361974,476.515624,517.235971,517.447669,41.692445,41.779780,3.088689,3.525621,false,1,2,true,false,38.913879,38.926726,38.913879,38.926726,1.210000,6.461000,1.391000,teleport_tsunami|teleport_tsunami,39|42,40|43,38.913879,38.926726,400-500,351-500,short_corrections_only
SITE1_P13,P13,SITE1,map,A,1,1,1,P13_race_map_A_1.csv,3,4,5,5,6,16:49:20.736,16:49:24.637,16:49:24.637,16:49:24.637,16:49:31.817,1364.400000,-137.000000,-2182.400000,1036.100000,-125.400000,-1926.600000,1038.200000,-123.800000,-1928.200000,1038.200000,-123.800000,-1928.200000,416.190497,416.352123,408.639890,408.849814,2.640076,3.087070,2.640076,3.087070,true,0,1,true,false,0.000000,0.000000,0.000000,0.000000,,3.901000,7.180000,teleport_map,4,5,,,400-500,351-500,direct_hit
SITE1_P13,P13,SITE1,map,A,1,1,2,P13_race_map_A_1.csv,7,8,9,9,10,16:49:33.387,16:49:37.338,16:49:37.338,16:49:37.338,16:49:43.473,1038.300000,-123.900000,-1928.300000,660.800000,-122.800000,-2101.300000,659.000000,-121.200000,-2098.900000,659.000000,-121.200000,-2098.900000,415.253236,415.254693,420.257362,420.260800,3.000000,3.400000,3.000000,3.400000,true,0,1,true,false,0.000000,0.000000,0.000000,0.000000,,3.951000,6.135000,teleport_map,8,9,,,400-500,351-500,direct_hit
SITE1_P13,P13,SITE1,map,A,1,1,3,P13_race_map_A_1.csv,11,12,13,13,14,16:49:46.411,16:49:50.414,16:49:50.414,16:49:50.414,16:49:56.824,659.100000,-121.200000,-2099.000000,193.000000,-120.500000,-2075.600000,195.500000,-118.800000,-2076.700000,195.500000,-118.800000,-2076.700000,466.687015,466.687540,455.583944,455.589750,2.731300,3.217142,2.731300,3.217142,true,0,1,true,false,0.000000,0.000000,0.000000,0.000000,,4.003000,6.410000,teleport_map,12,13,,,400-500,351-500,direct_hit
SITE1_P13,P13,SITE1,map,A,1,1,4,P13_race_map_A_1.csv,15,16,17,17,18,16:49:58.578,16:50:01.070,16:50:01.070,16:50:01.070,16:50:05.349,195.500000,-118.900000,-2076.700000,207.800000,-130.500000,-1742.200000,206.700000,-128.900000,-1740.100000,206.700000,-128.900000,-1740.100000,334.726067,334.927007,315.553926,315.709186,2.370654,2.860070,2.370654,2.860070,true,0,1,true,false,0.000000,0.000000,0.000000,0.000000,,2.492000,4.279000,teleport_map,16,17,,,300-400,200-350,direct_hit
SITE1_P13,P13,SITE1,map,A,1,1,5,P13_race_map_A_1.csv,19,20,21,21,22,16:50:06.812,16:50:10.035,16:50:10.035,16:50:10.035,16:50:16.192,206.800000,-129.000000,-1740.300000,-221.000000,-110.700000,-1770.000000,-216.800000,-109.200000,-1771.600000,-216.800000,-109.200000,-1771.600000,428.829721,429.220014,401.269398,401.728478,4.494441,4.738143,4.494441,4.738143,true,0,1,true,false,0.000000,0.000000,0.000000,0.000000,,3.223000,6.157000,teleport_map,20,21,,,400-500,351-500,direct_hit
SITE1_P13,P13,SITE1,map,A,1,1,6,P13_race_map_A_1.csv,23,24,25,25,26,16:50:18.123,16:50:20.726,16:50:20.726,16:50:20.726,16:50:26.933,-216.900000,-109.200000,-1771.700000,-640.700000,-108.700000,-1512.100000,-640.500000,-107.000000,-1513.400000,-640.500000,-107.000000,-1513.400000,496.989537,496.989789,473.030506,473.035622,1.315295,2.149419,1.315295,2.149419,true,0,1,true,false,0.000000,0.000000,0.000000,0.000000,,2.603000,6.207000,teleport_map,24,25,,,400-500,351-500,direct_hit
SITE1_P13,P13,SITE1,map,B,1,2,1,P13_race_map_B_2.csv,3,4,5,5,6,16:50:51.993,16:50:54.480,16:50:54.481,16:50:54.481,16:51:01.954,-1587.400000,-148.200000,1834.200000,-1824.000000,-155.900000,2254.000000,-1823.000000,-154.300000,2251.900000,-1823.000000,-154.300000,2251.900000,481.883388,481.944903,441.638370,441.680495,2.325941,2.823119,2.325941,2.823119,true,0,1,true,false,0.000000,0.000000,0.000000,0.000000,,2.488000,7.473000,teleport_map,4,5,,,400-500,351-500,direct_hit
SITE1_P13,P13,SITE1,map,B,1,2,2,P13_race_map_B_2.csv,7,8,9,9,10,16:51:03.165,16:51:07.188,16:51:07.188,16:51:07.188,16:51:12.138,-1823.000000,-154.400000,2251.800000,-2183.500000,-156.800000,1969.600000,-2181.800000,-155.100000,1971.000000,-2181.800000,-155.100000,1971.000000,457.817748,457.824038,433.976462,433.977200,2.202272,2.782086,2.202272,2.782086,true,0,1,true,false,0.000000,0.000000,0.000000,0.000000,,4.023000,4.950000,teleport_map,8,9,,,400-500,351-500,direct_hit
SITE1_P13,P13,SITE1,map,B,1,2,3,P13_race_map_B_2.csv,11,12,13,13,14,16:51:13.497,16:51:16.271,16:51:16.271,16:51:16.271,16:51:22.857,-2181.700000,-155.100000,1971.000000,-2489.500000,-157.100000,2081.700000,-2488.000000,-155.500000,2080.100000,-2488.000000,-155.500000,2080.100000,327.101406,327.107521,298.622320,298.622739,2.193171,2.714774,2.193171,2.714774,true,0,1,true,false,0.000000,0.000000,0.000000,0.000000,,2.774000,6.586000,teleport_map,12,13,,,300-400,200-350,direct_hit
SITE1_P13,P13,SITE1,map,B,1,2,4,P13_race_map_B_2.csv,15,16,17,17,18,16:51:24.303,16:51:25.799,16:51:25.799,16:51:25.799,16:51:30.148,-2488.000000,-155.500000,2080.000000,-2630.000000,-156.100000,2448.000000,-2628.500000,-154.500000,2445.200000,-2628.500000,-154.500000,2445.200000,394.446448,394.446904,357.403442,357.404575,3.176476,3.556684,3.176476,3.556684,true,0,1,true,false,0.000000,0.000000,0.000000,0.000000,,1.496000,4.349000,teleport_map,16,17,,,300-400,351-500,direct_hit
SITE1_P13,P13,SITE1,map,B,1,2,5,P13_race_map_B_2.csv,19,20,21,21,22,16:51:32.427,16:51:35.164,16:51:35.164,16:51:35.164,16:51:39.995,-2628.500000,-154.500000,2445.200000,-2978.700000,-155.900000,2306.500000,-2976.600000,-154.200000,2306.200000,-2976.600000,-154.200000,2306.200000,376.666603,376.669205,333.971286,333.972244,2.121320,2.718455,2.121320,2.718455,true,0,1,true,false,0.000000,0.000000,0.000000,0.000000,,2.737000,4.831000,teleport_map,20,21,,,300-400,351-500,direct_hit
SITE1_P13,P13,SITE1,map,C,1,3,1,P13_race_map_C_3.csv,3,4,5,5,6,16:52:16.532,16:52:20.505,16:52:20.506,16:52:20.506,16:52:24.097,-2003.300000,-141.900000,179.600000,-2299.700000,-147.700000,56.800000,-2302.400000,-146.100000,60.500000,-2302.400000,-146.100000,60.500000,320.831420,320.883842,321.940398,321.969113,4.580393,4.851804,4.580393,4.851804,true,0,1,true,false,0.000000,0.000000,0.000000,0.000000,,3.974000,3.591000,teleport_map,4,5,,,300-400,200-350,direct_hit
SITE1_P13,P13,SITE1,map,C,1,3,2,P13_race_map_C_3.csv,7,8,9,9,10,16:52:25.227,16:52:30.313,16:52:30.313,16:52:30.313,16:52:32.338,-2302.400000,-146.100000,60.500000,-2303.900000,-147.000000,-387.200000,-2303.300000,-145.300000,-385.600000,-2303.300000,-145.300000,-385.600000,447.702513,447.703417,446.100908,446.101457,1.708801,2.410394,1.708801,2.410394,true,0,1,true,false,0.000000,0.000000,0.000000,0.000000,,5.086000,2.025000,teleport_map,8,9,,,400-500,351-500,direct_hit
SITE1_P13,P13,SITE1,map,C,1,3,3,P13_race_map_C_3.csv,11,12,13,13,14,16:52:33.259,16:52:39.389,16:52:39.390,16:52:39.390,16:52:45.864,-2303.400000,-145.400000,-385.600000,-1943.900000,-143.600000,-367.100000,-1946.800000,-142.100000,-367.900000,-1946.800000,-142.100000,-367.900000,359.975694,359.980194,352.590102,352.602028,3.008322,3.361547,3.008322,3.361547,true,0,1,true,false,0.000000,0.000000,0.000000,0.000000,,6.131000,6.474000,teleport_map,12,13,,,300-400,351-500,direct_hit
SITE1_P13,P13,SITE1,map,C,1,3,4,P13_race_map_C_3.csv,15,16,17,17,18,16:52:46.673,16:52:50.784,16:52:50.785,16:52:50.785,16:52:52.537,-1946.600000,-142.200000,-368.200000,-2025.000000,-148.600000,-798.000000,-2021.700000,-147.000000,-794.900000,-2021.700000,-147.000000,-794.900000,436.891977,436.938852,433.159982,433.186576,4.527693,4.802083,4.527693,4.802083,true,0,1,true,false,0.000000,0.000000,0.000000,0.000000,,4.112000,1.752000,teleport_map,16,17,,,400-500,351-500,direct_hit
SITE1_P13,P13,SITE1,map,C,1,3,5,P13_race_map_C_3.csv,25,26,27,27,28,16:53:06.641,16:53:11.214,16:53:11.214,16:53:11.214,16:53:12.953,-1817.700000,-139.100000,-1190.300000,-1375.200000,-127.000000,-1014.300000,-1376.800000,-125.400000,-1015.700000,-1376.800000,-125.400000,-1015.700000,476.216600,476.370297,474.213001,474.407978,2.126029,2.660827,2.126029,2.660827,true,0,1,true,false,0.000000,0.000000,0.000000,0.000000,,4.573000,1.739000,teleport_map,26,27,,,400-500,351-500,direct_hit
SITE1_P13,P13,SITE1,tsunami,A,3,10,1,P13_race_tsunami_A_10.csv,3,4,5,8,9,17:12:28.560,17:12:31.895,17:12:31.895,17:12:34.778,17:12:37.905,1363.700000,-136.900000,-2182.200000,1036.100000,-125.400000,-1926.600000,1022.500000,-123.900000,-1917.900000,1037.500000,-123.800000,-1927.500000,415.515487,415.674596,431.592319,431.788061,16.144659,16.214191,1.664332,2.308679,false,1,2,true,false,17.786793,17.787074,17.786793,17.787074,1.881000,6.218000,3.127000,teleport_tsunami|teleport_tsunami,4|7,5|8,17.786793,17.787074,400-500,351-500,short_corrections_only
SITE1_P13,P13,SITE1,tsunami,A,3,10,2,P13_race_tsunami_A_10.csv,10,11,12,15,16,17:12:39.440,17:12:42.556,17:12:42.556,17:12:45.866,17:12:47.575,1037.500000,-123.800000,-1927.600000,660.800000,-122.800000,-2101.300000,633.100000,-119.600000,-2122.500000,656.900000,-121.100000,-2101.500000,414.818731,414.819937,448.915772,448.935419,34.881657,35.028132,3.905125,4.259108,false,1,2,true,false,31.515869,31.551545,31.515869,31.551545,2.028000,6.426000,1.709000,teleport_tsunami|teleport_tsunami,11|14,12|15,31.515869,31.551545,400-500,351-500,short_corrections_only
SITE1_P13,P13,SITE1,tsunami,A,3,10,3,P13_race_tsunami_A_10.csv,18,19,20,26,27,17:12:55.763,17:12:58.748,17:12:58.748,17:13:04.733,17:13:08.012,656.800000,-121.100000,-2101.400000,193.000000,-120.500000,-2075.600000,74.600000,-114.700000,-2101.200000,191.900000,-118.800000,-2075.300000,464.517040,464.517427,582.200034,582.235210,121.135957,121.274729,1.140175,2.046949,false,2,3,false,true,146.489521,146.574906,133.135495,133.211524,2.210000,8.970000,3.279000,teleport_tsunami|teleport_tsunami|teleport_tsunami,19|22|25,20|23|26,133.135495|13.354026,133.211524|13.363383,400-500,351-500,contains_correction_at_least_100m
SITE1_P13,P13,SITE1,tsunami,A,3,10,4,P13_race_tsunami_A_10.csv,28,29,30,33,34,17:13:09.685,17:13:12.185,17:13:12.185,17:13:15.281,17:13:17.293,192.100000,-118.800000,-2075.100000,207.800000,-130.500000,-1742.200000,210.000000,-129.200000,-1715.700000,205.500000,-128.900000,-1742.400000,333.270011,333.475321,359.845481,359.995736,26.591164,26.622922,2.308679,2.808914,false,1,2,true,false,26.914123,26.915795,26.914123,26.915795,1.605000,5.596000,2.012000,teleport_tsunami|teleport_tsunami,29|32,30|33,26.914123,26.915795,300-400,200-350,short_corrections_only
SITE1_P13,P13,SITE1,tsunami,A,3,10,5,P13_race_tsunami_A_10.csv,35,36,37,40,41,17:13:18.482,17:13:22.152,17:13:22.152,17:13:25.753,17:13:27.334,205.400000,-128.800000,-1742.400000,-221.000000,-110.700000,-1770.000000,-254.000000,-108.200000,-1764.900000,-221.700000,-109.100000,-1769.300000,427.292312,427.675496,459.950660,460.411740,33.391765,33.485221,0.989949,1.881489,false,1,2,true,false,32.261587,32.274138,32.261587,32.274138,1.474000,7.271000,1.581000,teleport_tsunami|teleport_tsunami,36|39,37|40,32.261587,32.274138,400-500,351-500,short_corrections_only
SITE1_P13,P13,SITE1,tsunami,A,3,10,6,P13_race_tsunami_A_10.csv,42,43,44,50,51,17:13:29.137,17:13:32.355,17:13:32.355,17:13:36.110,17:13:38.462,-221.600000,-109.100000,-1769.000000,-640.700000,-108.700000,-1512.100000,-599.300000,-106.500000,-1539.400000,-642.400000,-107.000000,-1511.900000,491.571378,491.571541,442.010690,442.018337,49.590826,49.639601,1.711724,2.412468,false,2,3,true,false,51.132055,51.135115,40.841768,40.844828,0.532000,6.973000,2.352000,teleport_tsunami|teleport_tsunami|teleport_tsunami,43|46|49,44|47|50,40.841768|10.290287,40.844828|10.290287,400-500,351-500,short_corrections_only
SITE1_P13,P13,SITE1,tsunami,B,3,11,1,P13_race_tsunami_B_11.csv,3,4,5,8,9,17:13:57.608,17:14:00.835,17:14:00.835,17:14:04.824,17:14:13.565,-1587.600000,-148.100000,1834.300000,-1824.000000,-155.900000,2254.000000,-1845.400000,-154.000000,2270.400000,-1831.700000,-154.300000,2259.200000,481.698090,481.761238,506.600484,506.634839,26.961454,27.028318,9.291394,9.428149,false,1,2,true,false,17.554771,17.557335,17.554771,17.557335,1.788000,7.216000,8.741000,teleport_tsunami|teleport_tsunami,4|7,5|8,17.554771,17.557335,400-500,351-500,short_corrections_only
SITE1_P13,P13,SITE1,tsunami,B,3,11,2,P13_race_tsunami_B_11.csv,10,11,12,15,16,17:14:15.464,17:14:18.858,17:14:18.858,17:14:20.400,17:14:23.347,-1831.700000,-154.200000,2259.000000,-2183.500000,-156.800000,1969.600000,-2169.200000,-155.000000,1980.900000,-2182.300000,-155.100000,1972.400000,455.538802,455.546222,437.316659,437.317390,18.225806,18.314475,3.046309,3.488553,false,1,2,true,false,15.616017,15.616338,15.616017,15.616338,0.520000,4.936000,2.947000,teleport_tsunami|teleport_tsunami,11|14,12|15,15.616017,15.616338,400-500,351-500,short_corrections_only
SITE1_P13,P13,SITE1,tsunami,B,3,11,3,P13_race_tsunami_B_11.csv,21,22,23,26,27,17:14:36.470,17:14:37.622,17:14:37.622,17:14:39.304,17:14:44.709,-2182.600000,-155.000000,1972.400000,-2489.500000,-157.100000,2081.700000,-2472.400000,-155.500000,2062.100000,-2491.500000,-155.500000,2078.500000,325.782289,325.789058,303.364682,303.365094,26.010959,26.060123,3.773592,4.098780,false,1,2,true,false,25.174789,25.174789,25.174789,25.174789,0.643000,2.834000,5.405000,teleport_tsunami|teleport_tsunami,22|25,23|26,25.174789,25.174789,300-400,200-350,short_corrections_only
SITE1_P13,P13,SITE1,tsunami,B,3,11,4,P13_race_tsunami_B_11.csv,28,29,30,36,37,17:14:46.639,17:14:47.649,17:14:47.649,17:14:51.213,17:14:52.777,-2491.300000,-155.500000,2078.800000,-2630.000000,-156.100000,2448.000000,-2542.300000,-155.000000,2258.300000,-2631.600000,-154.500000,2445.700000,394.393623,394.394080,186.604528,186.605198,208.991340,208.994234,2.801785,3.226453,false,2,3,false,true,207.691396,207.692275,181.418026,181.418715,0.607000,4.574000,1.564000,teleport_tsunami|teleport_tsunami|teleport_tsunami,29|32|35,30|33|36,181.418026|26.273371,181.418715|26.273561,300-400,351-500,contains_correction_at_least_100m
SITE1_P13,P13,SITE1,tsunami,B,3,11,5,P13_race_tsunami_B_11.csv,38,39,40,43,44,17:14:54.852,17:14:56.390,17:14:56.391,17:14:58.233,17:15:00.143,-2631.800000,-154.400000,2445.600000,-2978.700000,-155.900000,2306.500000,-2956.800000,-153.600000,2307.700000,-2984.400000,-154.300000,2306.500000,373.749140,373.752150,353.045904,353.046810,21.932852,22.053118,5.700000,5.920304,false,1,2,true,false,27.725981,27.734816,27.725981,27.734816,0.749000,3.381000,1.910000,teleport_tsunami|teleport_tsunami,39|42,40|43,27.725981,27.734816,300-400,351-500,short_corrections_only
SITE1_P13,P13,SITE1,tsunami,B,3,11,6,P13_race_tsunami_B_11.csv,45,46,47,50,51,17:15:01.613,17:15:04.595,17:15:04.597,17:15:06.131,17:15:08.140,-2984.500000,-154.300000,2306.600000,-2999.000000,-156.000000,1931.000000,-3008.400000,-154.100000,1949.000000,-3002.700000,-154.200000,1935.100000,375.879781,375.883626,358.397782,358.397838,20.306649,20.395343,5.522681,5.808614,false,1,2,true,false,15.115886,15.116216,15.115886,15.116216,0.578000,4.518000,2.009000,teleport_tsunami|teleport_tsunami,46|49,47|50,15.115886,15.116216,300-400,351-500,short_corrections_only
SITE1_P13,P13,SITE1,tsunami,C,3,9,1,P13_race_tsunami_C_9.csv,3,4,5,11,12,17:11:04.515,17:11:07.594,17:11:07.594,17:11:13.980,17:11:17.149,-2003.300000,-141.800000,179.700000,-2299.700000,-147.700000,56.800000,-2341.800000,-145.800000,40.600000,-2299.400000,-146.100000,58.400000,320.869709,320.923947,365.965927,365.987787,45.109312,45.149308,1.627882,2.282542,false,2,3,true,false,60.303569,60.304639,53.092467,53.092843,2.254000,9.465000,3.169000,teleport_tsunami|teleport_tsunami|teleport_tsunami,4|7|10,5|8|11,53.092467|7.211103,53.092843|7.211796,300-400,200-350,short_corrections_only
SITE1_P13,P13,SITE1,tsunami,C,3,9,2,P13_race_tsunami_C_9.csv,13,14,15,15,16,17:11:18.300,17:11:21.376,17:11:21.377,17:11:21.377,17:11:26.280,-2299.300000,-146.100000,58.300000,-2303.900000,-147.000000,-387.200000,-2311.500000,-145.300000,-385.800000,-2311.500000,-145.300000,-385.800000,445.523748,445.524657,444.267543,444.268264,7.727872,7.912648,7.727872,7.912648,true,0,1,true,false,0.000000,0.000000,0.000000,0.000000,,3.077000,4.903000,teleport_tsunami,14,15,,,400-500,351-500,direct_hit
SITE1_P13,P13,SITE1,tsunami,C,3,9,3,P13_race_tsunami_C_9.csv,17,18,19,22,23,17:11:27.785,17:11:32.086,17:11:32.086,17:11:34.064,17:11:36.721,-2311.300000,-145.300000,-386.000000,-1943.900000,-143.600000,-367.100000,-1959.700000,-142.500000,-363.800000,-1945.100000,-141.900000,-366.100000,367.885811,367.889739,352.300156,352.311283,16.140942,16.178381,1.562050,2.308679,false,1,2,true,false,14.795945,14.808106,14.795945,14.808106,0.583000,6.279000,2.657000,teleport_tsunami|teleport_tsunami,18|21,19|22,14.795945,14.808106,300-400,351-500,short_corrections_only
SITE1_P13,P13,SITE1,tsunami,C,3,9,4,P13_race_tsunami_C_9.csv,24,25,26,29,30,17:11:38.267,17:11:40.794,17:11:40.794,17:11:43.898,17:11:45.593,-1945.300000,-141.900000,-366.200000,-2025.000000,-148.600000,-798.000000,-2032.700000,-145.300000,-842.000000,-2027.300000,-146.800000,-802.600000,439.093760,439.144874,483.760685,483.772633,44.668669,44.790401,5.142956,5.448853,false,1,2,true,false,39.530368,39.558817,39.530368,39.558817,1.828000,5.631000,1.695000,teleport_tsunami|teleport_tsunami,25|28,26|29,39.530368,39.558817,400-500,351-500,short_corrections_only
SITE1_P13,P13,SITE1,tsunami,C,3,9,5,P13_race_tsunami_C_9.csv,31,32,33,33,34,17:11:47.158,17:11:51.696,17:11:51.696,17:11:51.696,17:11:55.077,-2027.200000,-146.800000,-802.900000,-1819.400000,-140.800000,-1190.000000,-1816.600000,-138.900000,-1192.500000,-1816.600000,-138.900000,-1192.500000,439.348666,439.389633,442.877545,442.947999,3.753665,4.207137,3.753665,4.207137,true,0,1,true,false,0.000000,0.000000,0.000000,0.000000,,4.538000,3.381000,teleport_tsunami,32,33,,,400-500,351-500,direct_hit
SITE1_P13,P13,SITE1,tsunami,C,3,9,6,P13_race_tsunami_C_9.csv,35,36,37,40,41,17:11:56.353,17:11:59.282,17:11:59.282,17:12:01.481,17:12:08.517,-1816.600000,-138.900000,-1192.200000,-1375.200000,-127.000000,-1014.300000,-1371.200000,-125.300000,-1005.800000,-1375.400000,-125.300000,-1013.300000,475.901639,476.050396,482.831358,483.022857,9.394147,9.546727,1.019804,1.982423,false,1,2,true,false,8.472308,8.472308,8.472308,8.472308,1.437000,5.128000,7.036000,teleport_tsunami|teleport_tsunami,36|39,37|40,8.472308,8.472308,400-500,351-500,short_corrections_only
SITE1_P14,P14,SITE1,map,A,1,3,1,P14_race_map_A_3.csv,3,4,5,8,9,11:27:59.744,11:28:01.500,11:28:01.500,11:28:03.764,11:28:09.163,1364.500000,-136.900000,-2182.300000,1036.100000,-125.400000,-1926.600000,1109.200000,-117.300000,-2100.600000,1036.400000,-123.800000,-1931.400000,416.207941,416.366785,268.054062,268.769678,188.731582,188.905320,4.809366,5.068530,false,1,2,false,true,112.923912,112.923912,112.923912,112.923912,1.067000,4.020000,5.399000,teleport_map|teleport_map,4|7,5|8,112.923912,112.923912,400-500,351-500,contains_correction_at_least_100m
SITE1_P14,P14,SITE1,map,A,1,3,2,P14_race_map_A_3.csv,10,11,12,15,16,11:28:09.476,11:28:11.254,11:28:11.254,11:28:14.958,11:28:19.603,1036.300000,-123.900000,-1931.400000,660.800000,-122.800000,-2101.300000,698.200000,-117.100000,-2120.400000,656.700000,-121.200000,-2097.200000,412.148347,412.149815,387.340432,387.400116,41.994881,42.379948,5.798276,6.014981,false,1,2,true,false,62.405929,62.575235,62.405929,62.575235,1.107000,5.482000,4.645000,teleport_map|teleport_map,11|14,12|15,62.405929,62.575235,400-500,351-500,short_corrections_only
SITE1_P14,P14,SITE1,map,A,1,3,3,P14_race_map_A_3.csv,17,18,19,19,20,11:28:20.011,11:28:21.658,11:28:21.658,11:28:21.658,11:28:25.836,656.600000,-121.200000,-2097.100000,193.000000,-120.500000,-2075.600000,195.200000,-118.900000,-2076.000000,195.200000,-118.900000,-2076.000000,464.098276,464.098804,381.255846,381.256174,2.236068,2.749545,2.236068,2.749545,true,0,1,true,false,0.000000,0.000000,0.000000,0.000000,,1.647000,4.178000,teleport_map,18,19,,,400-500,351-500,direct_hit
SITE1_P14,P14,SITE1,map,A,1,3,4,P14_race_map_A_3.csv,21,22,23,23,24,11:28:26.530,11:28:28.226,11:28:28.227,11:28:28.227,11:28:32.875,195.300000,-118.900000,-2076.000000,207.800000,-130.500000,-1742.200000,209.200000,-128.900000,-1743.500000,209.200000,-128.900000,-1743.500000,334.033965,334.235321,296.437683,296.623583,1.910497,2.491987,1.910497,2.491987,true,0,1,true,false,0.000000,0.000000,0.000000,0.000000,,1.697000,4.648000,teleport_map,22,23,,,300-400,200-350,direct_hit
SITE1_P14,P14,SITE1,map,A,1,3,5,P14_race_map_A_3.csv,25,26,27,27,28,11:28:33.761,11:28:35.536,11:28:35.537,11:28:35.537,11:28:38.104,209.100000,-128.900000,-1743.500000,-221.000000,-110.700000,-1770.000000,-223.700000,-109.000000,-1770.000000,-223.700000,-109.000000,-1770.000000,430.915607,431.299780,404.980555,405.426011,2.700000,3.190611,2.700000,3.190611,true,0,1,true,false,0.000000,0.000000,0.000000,0.000000,,1.776000,2.567000,teleport_map,26,27,,,400-500,351-500,direct_hit
SITE1_P14,P14,SITE1,map,A,1,3,6,P14_race_map_A_3.csv,30,31,32,32,33,11:28:41.227,11:28:42.401,11:28:42.401,11:28:42.401,11:28:47.662,-231.000000,-108.900000,-1766.500000,-640.700000,-108.700000,-1512.100000,-640.300000,-107.100000,-1511.900000,-640.300000,-107.100000,-1511.900000,482.258696,482.258738,416.059767,416.068528,0.447214,1.661325,0.447214,1.661325,true,0,1,true,false,0.000000,0.000000,0.000000,0.000000,,1.174000,5.261000,teleport_map,31,32,,,400-500,351-500,direct_hit
SITE1_P14,P14,SITE1,map,B,1,1,1,P14_race_map_B_1.csv,3,4,5,5,6,11:25:20.416,11:25:22.888,11:25:22.888,11:25:22.888,11:25:30.509,-1587.700000,-148.200000,1834.200000,-1824.000000,-155.900000,2254.000000,-1826.300000,-154.300000,2256.300000,-1826.300000,-154.300000,2256.300000,481.736162,481.797696,460.244859,460.286617,3.252691,3.624914,3.252691,3.624914,true,0,1,true,false,0.000000,0.000000,0.000000,0.000000,,2.472000,7.621000,teleport_map,4,5,,,400-500,351-500,direct_hit
SITE1_P14,P14,SITE1,map,B,1,1,2,P14_race_map_B_1.csv,7,8,9,15,16,11:25:32.287,11:25:35.122,11:25:35.122,11:25:46.474,11:25:52.835,-1826.400000,-154.300000,2256.400000,-2183.500000,-156.800000,1969.600000,-2107.500000,-158.800000,2578.200000,-2183.000000,-155.100000,1967.300000,458.011626,458.018449,427.284975,427.308671,613.326960,613.330221,2.353720,2.903446,false,2,3,false,true,623.114269,623.185373,333.985060,334.044473,2.875000,14.187000,6.361000,teleport_map|teleport_map|teleport_map,8|11|14,9|12|15,333.985060|289.129210,334.044473|289.140900,400-500,351-500,contains_correction_at_least_100m
SITE1_P14,P14,SITE1,map,B,1,1,3,P14_race_map_B_1.csv,17,18,19,19,20,11:25:53.887,11:25:56.193,11:25:56.193,11:25:56.193,11:26:01.561,-2183.200000,-155.200000,1967.200000,-2489.500000,-157.100000,2081.700000,-2490.300000,-155.500000,2080.200000,-2490.300000,-155.500000,2080.200000,327.001437,327.006957,289.308918,289.309073,1.700000,2.334524,1.700000,2.334524,true,0,1,true,false,0.000000,0.000000,0.000000,0.000000,,2.306000,5.368000,teleport_map,18,19,,,300-400,200-350,direct_hit
SITE1_P14,P14,SITE1,map,B,1,1,4,P14_race_map_B_1.csv,21,22,23,23,24,11:26:03.270,11:26:05.205,11:26:05.205,11:26:05.205,11:26:11.794,-2490.300000,-155.500000,2080.200000,-2630.000000,-156.100000,2448.000000,-2631.500000,-154.500000,2448.900000,-2631.500000,-154.500000,2448.900000,393.437327,393.437784,345.465367,345.466540,1.749286,2.370654,1.749286,2.370654,true,0,1,true,false,0.000000,0.000000,0.000000,0.000000,,1.935000,6.589000,teleport_map,22,23,,,300-400,351-500,direct_hit
SITE1_P14,P14,SITE1,map,B,1,1,5,P14_race_map_B_1.csv,25,26,27,27,28,11:26:13.296,11:26:15.686,11:26:15.686,11:26:15.686,11:26:19.951,-2631.500000,-154.600000,2448.700000,-2978.700000,-155.900000,2306.500000,-2976.600000,-154.200000,2305.700000,-2976.600000,-154.200000,2305.700000,375.191524,375.193777,351.501494,351.502646,2.247221,2.817801,2.247221,2.817801,true,0,1,true,false,0.000000,0.000000,0.000000,0.000000,,2.390000,4.265000,teleport_map,26,27,,,300-400,351-500,direct_hit
SITE1_P14,P14,SITE1,map,B,1,1,6,P14_race_map_B_1.csv,29,30,31,31,32,11:26:20.846,11:26:23.233,11:26:23.233,11:26:23.233,11:26:27.405,-2976.500000,-154.300000,2305.600000,-2999.000000,-156.000000,1931.000000,-2997.800000,-154.400000,1930.300000,-2997.800000,-154.400000,1930.300000,375.275112,375.278963,365.849204,365.849204,1.389244,2.118962,1.389244,2.118962,true,0,1,true,false,0.000000,0.000000,0.000000,0.000000,,2.387000,4.172000,teleport_map,30,31,,,300-400,351-500,direct_hit
SITE1_P14,P14,SITE1,map,C,1,2,1,P14_race_map_C_2.csv,3,4,5,5,6,11:26:55.343,11:26:56.900,11:26:56.900,11:26:56.900,11:27:00.317,-2003.300000,-141.900000,179.500000,-2299.700000,-147.700000,56.800000,-2302.300000,-146.000000,54.800000,-2302.300000,-146.000000,54.800000,320.793158,320.845586,339.211512,339.235095,3.280244,3.694591,3.280244,3.694591,true,0,1,true,false,0.000000,0.000000,0.000000,0.000000,,1.557000,3.417000,teleport_map,4,5,,,300-400,200-350,direct_hit
SITE1_P14,P14,SITE1,map,C,1,2,2,P14_race_map_C_2.csv,7,8,9,9,10,11:27:00.769,11:27:03.717,11:27:03.717,11:27:03.717,11:27:08.834,-2302.400000,-146.100000,54.600000,-2303.900000,-147.000000,-387.200000,-2305.000000,-145.300000,-385.700000,-2305.000000,-145.300000,-385.700000,441.802546,441.803463,455.162048,455.162092,1.860108,2.519921,1.860108,2.519921,true,0,1,true,false,0.000000,0.000000,0.000000,0.000000,,2.948000,5.117000,teleport_map,8,9,,,400-500,351-500,direct_hit
SITE1_P14,P14,SITE1,map,C,1,2,3,P14_race_map_C_2.csv,11,12,13,13,14,11:27:09.262,11:27:12.084,11:27:12.084,11:27:12.084,11:27:16.200,-2304.900000,-145.400000,-385.700000,-1943.900000,-143.600000,-367.100000,-1943.300000,-142.000000,-368.500000,-1943.300000,-142.000000,-368.500000,361.478851,361.483333,333.062532,333.064348,1.523155,2.209072,1.523155,2.209072,true,0,1,true,false,0.000000,0.000000,0.000000,0.000000,,2.822000,4.116000,teleport_map,12,13,,,300-400,351-500,direct_hit
SITE1_P14,P14,SITE1,map,C,1,2,4,P14_race_map_C_2.csv,15,16,17,17,18,11:27:17.036,11:27:18.842,11:27:18.842,11:27:18.842,11:27:21.633,-1943.400000,-142.100000,-368.600000,-2025.000000,-148.600000,-798.000000,-2029.600000,-147.100000,-794.400000,-2029.600000,-147.100000,-794.400000,437.084568,437.132897,445.499921,445.521649,5.841233,6.030755,5.841233,6.030755,true,0,1,true,false,0.000000,0.000000,0.000000,0.000000,,1.806000,2.791000,teleport_map,16,17,,,400-500,351-500,direct_hit
SITE1_P14,P14,SITE1,map,C,1,2,5,P14_race_map_C_2.csv,19,20,21,21,22,11:27:21.944,11:27:23.895,11:27:23.895,11:27:23.895,11:27:28.456,-2029.600000,-147.200000,-794.400000,-1819.400000,-140.800000,-1190.000000,-1819.100000,-139.100000,-1186.000000,-1819.100000,-139.100000,-1186.000000,447.977008,448.022723,437.019050,437.071951,4.011234,4.356604,4.011234,4.356604,true,0,1,true,false,0.000000,0.000000,0.000000,0.000000,,1.951000,4.561000,teleport_map,20,21,,,400-500,351-500,direct_hit
SITE1_P14,P14,SITE1,map,C,1,2,6,P14_race_map_C_2.csv,23,24,25,25,26,11:27:28.730,11:27:31.668,11:27:31.668,11:27:31.668,11:27:37.547,-1819.100000,-139.100000,-1185.900000,-1375.200000,-127.000000,-1014.300000,-1376.600000,-125.400000,-1014.500000,-1376.600000,-125.400000,-1014.500000,475.913616,476.067411,422.809945,423.051699,1.414214,2.135416,1.414214,2.135416,true,0,1,true,false,0.000000,0.000000,0.000000,0.000000,,2.938000,5.879000,teleport_map,24,25,,,400-500,351-500,direct_hit
SITE1_P14,P14,SITE1,tsunami,A,3,9,1,P14_race_tsunami_A_9.csv,3,4,5,11,12,11:53:06.736,11:53:08.738,11:53:08.738,11:53:12.808,11:53:14.708,1364.400000,-136.900000,-2182.400000,1036.100000,-125.400000,-1926.600000,1017.500000,-124.100000,-1914.300000,1037.400000,-123.800000,-1926.700000,416.190497,416.349349,438.425843,438.612654,22.299103,22.336965,1.303840,2.063977,false,2,3,true,false,34.276181,34.277799,28.872478,28.873171,1.513000,6.072000,1.900000,teleport_tsunami|teleport_tsunami|teleport_tsunami,4|7|10,5|8|11,28.872478|5.403702,28.873171|5.404628,400-500,351-500,short_corrections_only
SITE1_P14,P14,SITE1,tsunami,A,3,9,2,P14_race_tsunami_A_9.csv,14,15,16,19,20,11:53:18.902,11:53:20.516,11:53:20.517,11:53:23.323,11:53:25.084,1037.400000,-123.800000,-1926.700000,660.800000,-122.800000,-2101.300000,621.200000,-121.300000,-2118.100000,665.100000,-121.200000,-2096.300000,415.105673,415.106878,458.100862,458.107684,43.016276,43.042421,6.594695,6.786015,false,1,2,true,false,48.880773,48.881182,48.880773,48.881182,1.447000,4.421000,1.761000,teleport_tsunami|teleport_tsunami,15|18,16|19,48.880773,48.881182,400-500,351-500,short_corrections_only
SITE1_P14,P14,SITE1,tsunami,A,3,9,3,P14_race_tsunami_A_9.csv,21,22,23,29,30,11:53:26.186,11:53:32.305,11:53:32.305,11:53:37.216,11:53:38.815,665.000000,-121.100000,-2096.400000,193.000000,-120.500000,-2075.600000,80.900000,-114.900000,-2103.400000,193.600000,-119.000000,-2073.300000,472.458083,472.458464,584.141943,584.174845,115.495671,115.631354,2.376973,2.810694,false,2,3,false,true,126.785461,126.858994,121.461928,121.534522,1.605000,11.030000,1.599000,teleport_tsunami|teleport_tsunami|teleport_tsunami,22|25|28,23|26|29,121.461928|5.323533,121.534522|5.324472,400-500,351-500,contains_correction_at_least_100m
SITE1_P14,P14,SITE1,tsunami,A,3,9,4,P14_race_tsunami_A_9.csv,31,32,33,33,34,11:53:40.002,11:53:46.142,11:53:46.142,11:53:46.142,11:53:48.775,193.600000,-119.000000,-2073.300000,207.800000,-130.500000,-1742.200000,205.000000,-128.800000,-1744.000000,205.000000,-128.800000,-1744.000000,331.404360,331.603830,329.497269,329.642974,3.328663,3.737646,3.328663,3.737646,true,0,1,true,false,0.000000,0.000000,0.000000,0.000000,,6.140000,2.633000,teleport_tsunami,32,33,,,300-400,200-350,direct_hit
SITE1_P14,P14,SITE1,tsunami,A,3,9,5,P14_race_tsunami_A_9.csv,35,36,37,40,41,11:53:49.901,11:53:52.313,11:53:52.313,11:53:54.697,11:53:56.995,205.000000,-128.800000,-1744.100000,-221.000000,-110.700000,-1770.000000,-237.700000,-108.500000,-1771.900000,-226.600000,-109.000000,-1768.900000,426.786609,427.170247,443.572012,444.036282,16.807736,16.951106,5.707013,5.954830,false,1,2,true,false,11.375852,11.386835,11.375852,11.386835,1.849000,4.796000,2.298000,teleport_tsunami|teleport_tsunami,36|39,37|40,11.375852,11.386835,400-500,351-500,short_corrections_only
SITE1_P14,P14,SITE1,tsunami,A,3,9,6,P14_race_tsunami_A_9.csv,42,43,44,47,48,11:53:57.920,11:53:59.846,11:53:59.846,11:54:01.479,11:54:02.774,-226.700000,-109.000000,-1768.900000,-640.700000,-108.700000,-1512.100000,-601.100000,-106.500000,-1539.200000,-642.300000,-107.000000,-1511.900000,487.177832,487.177924,439.246457,439.253571,47.985102,48.035508,1.612452,2.343075,false,1,2,true,false,49.423982,49.426511,49.423982,49.426511,0.438000,3.559000,1.295000,teleport_tsunami|teleport_tsunami,43|46,44|47,49.423982,49.426511,400-500,351-500,short_corrections_only
SITE1_P14,P14,SITE1,tsunami,B,3,10,1,P14_race_tsunami_B_10.csv,3,4,5,8,9,11:55:02.716,11:55:04.204,11:55:04.204,11:55:05.418,11:55:06.931,-1587.500000,-148.100000,1834.300000,-1824.000000,-155.900000,2254.000000,-1825.700000,-154.000000,2238.000000,-1826.100000,-154.200000,2250.400000,481.747174,481.810315,468.735458,468.772589,16.090059,16.201852,4.167733,4.501111,false,1,2,true,false,12.410077,12.411688,12.410077,12.411688,0.475000,2.702000,1.513000,teleport_tsunami|teleport_tsunami,4|7,5|8,12.410077,12.411688,400-500,351-500,short_corrections_only
SITE1_P14,P14,SITE1,tsunami,B,3,10,2,P14_race_tsunami_B_10.csv,10,11,12,18,19,11:55:08.065,11:55:10.496,11:55:10.496,11:55:13.447,11:55:14.777,-1826.100000,-154.200000,2250.300000,-2183.500000,-156.800000,1969.600000,-2140.000000,-154.900000,1993.200000,-2189.200000,-155.100000,1971.300000,454.452693,454.460130,405.750687,405.751291,49.489494,49.525953,5.948109,6.186275,false,2,3,true,false,66.530863,66.531663,59.553757,59.553841,0.569000,5.382000,1.330000,teleport_tsunami|teleport_tsunami|teleport_tsunami,11|14|17,12|15|18,59.553757|6.977105,59.553841|6.977822,400-500,351-500,short_corrections_only
SITE1_P14,P14,SITE1,tsunami,B,3,10,3,P14_race_tsunami_B_10.csv,21,22,23,26,27,11:55:18.119,11:55:19.558,11:55:19.558,11:55:20.749,11:55:22.598,-2189.300000,-155.100000,1971.200000,-2489.500000,-157.100000,2081.700000,-2473.900000,-155.400000,2073.600000,-2490.300000,-155.400000,2081.300000,319.891060,319.897312,302.461436,302.461584,17.577542,17.659558,0.894427,1.920937,false,1,2,true,false,18.117671,18.117947,18.117671,18.117947,0.502000,2.630000,1.849000,teleport_tsunami|teleport_tsunami,22|25,23|26,18.117671,18.117947,300-400,200-350,short_corrections_only
SITE1_P14,P14,SITE1,tsunami,B,3,10,4,P14_race_tsunami_B_10.csv,28,29,30,33,34,11:55:23.278,11:55:25.038,11:55:25.038,11:55:26.416,11:55:27.582,-2490.200000,-155.400000,2081.300000,-2630.000000,-156.100000,2448.000000,-2612.900000,-154.500000,2416.500000,-2632.300000,-154.500000,2449.200000,392.444811,392.445436,356.951439,356.952574,35.842154,35.877848,2.594224,3.047950,false,1,2,true,false,38.021704,38.021836,38.021704,38.021836,0.418000,3.138000,1.166000,teleport_tsunami|teleport_tsunami,29|32,30|33,38.021704,38.021836,300-400,351-500,short_corrections_only
SITE1_P14,P14,SITE1,tsunami,B,3,10,5,P14_race_tsunami_B_10.csv,35,36,37,40,41,11:55:28.444,11:55:30.100,11:55:30.100,11:55:31.683,11:55:33.527,-2632.300000,-154.500000,2449.100000,-2978.700000,-155.900000,2306.500000,-2911.300000,-153.500000,2312.800000,-2977.900000,-154.200000,2306.700000,374.603417,374.606033,310.513591,310.515201,67.693796,67.736327,0.824621,1.889444,false,1,2,true,false,66.878771,66.882434,66.878771,66.882434,0.444000,3.239000,1.844000,teleport_tsunami|teleport_tsunami,36|39,37|40,66.878771,66.882434,300-400,351-500,short_corrections_only
SITE1_P14,P14,SITE1,tsunami,B,3,10,6,P14_race_tsunami_B_10.csv,42,43,44,47,48,11:55:34.466,11:55:35.638,11:55:35.638,11:55:36.954,11:55:37.829,-2977.900000,-154.100000,2306.700000,-2999.000000,-156.000000,1931.000000,-2986.200000,-154.100000,1959.400000,-3001.500000,-154.300000,1929.000000,376.292041,376.296838,347.399165,347.399165,31.151244,31.209133,3.201562,3.624914,false,1,2,true,false,34.033072,34.033219,34.033072,34.033219,0.449000,2.488000,0.875000,teleport_tsunami|teleport_tsunami,43|46,44|47,34.033072,34.033219,300-400,351-500,short_corrections_only
SITE1_P14,P14,SITE1,tsunami,C,3,11,1,P14_race_tsunami_C_11.csv,3,4,5,8,9,11:55:50.345,11:55:51.636,11:55:51.636,11:55:53.666,11:55:54.838,-2003.300000,-141.800000,179.600000,-2299.700000,-147.700000,56.800000,-2313.000000,-146.000000,54.200000,-2304.200000,-146.000000,59.100000,320.831420,320.885665,334.124603,334.150999,13.551753,13.657965,5.053712,5.331979,false,1,2,true,false,9.976472,9.976472,9.976472,9.976472,1.099000,3.321000,1.172000,teleport_tsunami|teleport_tsunami,4|7,5|8,9.976472,9.976472,300-400,200-350,short_corrections_only
SITE1_P14,P14,SITE1,tsunami,C,3,11,2,P14_race_tsunami_C_11.csv,10,11,12,15,16,11:55:55.977,11:55:57.403,11:55:57.403,11:55:58.410,11:55:59.858,-2304.100000,-145.900000,58.900000,-2303.900000,-147.000000,-387.200000,-2300.200000,-145.200000,-370.700000,-2304.500000,-145.300000,-381.400000,446.100045,446.101401,429.617702,429.618272,16.909760,17.005293,5.830952,6.073714,false,1,2,true,false,11.494781,11.494781,11.494781,11.494781,0.456000,2.433000,1.448000,teleport_tsunami|teleport_tsunami,11|14,12|15,11.494781,11.494781,400-500,351-500,short_corrections_only
SITE1_P14,P14,SITE1,tsunami,C,3,11,3,P14_race_tsunami_C_11.csv,17,18,19,22,23,11:56:00.736,11:56:01.820,11:56:01.820,11:56:03.411,11:56:04.507,-2304.500000,-145.300000,-381.300000,-1943.900000,-143.600000,-367.100000,-2019.400000,-144.400000,-368.500000,-1940.000000,-141.700000,-365.500000,360.879481,360.883485,285.387193,285.388612,75.512979,75.517217,4.215448,4.623851,false,1,2,true,false,79.456655,79.505975,79.456655,79.505975,0.397000,2.675000,1.096000,teleport_tsunami|teleport_tsunami,18|21,19|22,79.456655,79.505975,300-400,351-500,short_corrections_only
SITE1_P14,P14,SITE1,tsunami,C,3,11,4,P14_race_tsunami_C_11.csv,24,25,26,29,30,11:56:05.240,11:56:06.639,11:56:06.639,11:56:07.821,11:56:08.786,-1940.100000,-141.700000,-365.600000,-2025.000000,-148.600000,-798.000000,-2027.800000,-147.400000,-768.900000,-2028.100000,-147.000000,-793.500000,440.656068,440.710086,412.725308,412.764667,29.234398,29.259016,5.464430,5.693856,false,1,2,true,false,24.603252,24.606503,24.603252,24.606503,0.356000,2.581000,0.965000,teleport_tsunami|teleport_tsunami,25|28,26|29,24.603252,24.606503,400-500,351-500,short_corrections_only
SITE1_P14,P14,SITE1,tsunami,C,3,11,5,P14_race_tsunami_C_11.csv,31,32,33,36,37,11:56:09.585,11:56:11.327,11:56:11.327,11:56:13.397,11:56:14.470,-2028.100000,-147.000000,-793.500000,-1819.400000,-140.800000,-1190.000000,-2003.800000,-144.900000,-847.100000,-1822.400000,-139.100000,-1184.400000,448.071356,448.114249,58.851083,58.888539,389.337604,389.359191,6.352952,6.576473,false,1,2,false,true,382.984660,383.028576,382.984660,383.028576,0.433000,3.812000,1.073000,teleport_tsunami|teleport_tsunami,32|35,33|36,382.984660,383.028576,400-500,351-500,contains_correction_at_least_100m
SITE1_P14,P14,SITE1,tsunami,C,3,11,6,P14_race_tsunami_C_11.csv,38,39,40,46,47,11:56:15.826,11:56:19.502,11:56:19.502,11:56:22.661,11:56:23.512,-1822.400000,-139.100000,-1184.300000,-1375.200000,-127.000000,-1014.300000,-1276.100000,-122.400000,-977.600000,-1376.600000,-125.400000,-1014.300000,478.422240,478.575229,584.096379,584.335067,105.677339,105.777408,1.400000,2.126029,false,2,3,true,false,106.843606,106.882956,77.434424,77.462894,0.994000,6.835000,0.851000,teleport_tsunami|teleport_tsunami|teleport_tsunami,39|42|45,40|43|46,77.434424|29.409182,77.462894|29.420061,400-500,351-500,short_corrections_only
SITE1_P15,P15,SITE1,map,A,1,2,1,P15_race_map_A_2.csv,3,4,5,5,6,17:52:07.964,17:52:13.075,17:52:13.075,17:52:13.075,17:52:18.978,1364.400000,-136.900000,-2182.300000,1036.100000,-125.400000,-1926.600000,1036.700000,-123.900000,-1929.400000,1036.700000,-123.900000,-1929.400000,416.129042,416.287917,408.400600,408.601138,2.863564,3.232646,2.863564,3.232646,true,0,1,true,false,0.000000,0.000000,0.000000,0.000000,,5.111000,5.903000,teleport_map,4,5,,,400-500,351-500,direct_hit
SITE1_P15,P15,SITE1,map,A,1,2,2,P15_race_map_A_2.csv,7,8,9,9,10,17:52:22.440,17:52:29.274,17:52:29.274,17:52:29.274,17:52:34.548,1036.600000,-123.900000,-1929.500000,660.800000,-122.800000,-2101.300000,663.600000,-121.200000,-2100.500000,663.600000,-121.200000,-2100.500000,413.208035,413.209499,403.182862,403.191902,2.912044,3.322650,2.912044,3.322650,true,0,1,true,false,0.000000,0.000000,0.000000,0.000000,,6.834000,5.274000,teleport_map,8,9,,,400-500,351-500,direct_hit
SITE1_P15,P15,SITE1,map,A,1,2,3,P15_race_map_A_2.csv,11,12,13,13,14,17:52:37.099,17:52:44.791,17:52:44.791,17:52:44.791,17:52:47.107,663.600000,-121.300000,-2100.400000,193.000000,-120.500000,-2075.600000,197.700000,-119.200000,-2072.400000,197.700000,-119.200000,-2072.400000,471.253011,471.253690,466.740624,466.745348,5.685948,5.832667,5.685948,5.832667,true,0,1,true,false,0.000000,0.000000,0.000000,0.000000,,7.692000,2.316000,teleport_map,12,13,,,400-500,351-500,direct_hit
SITE1_P15,P15,SITE1,map,A,1,2,4,P15_race_map_A_2.csv,15,16,17,17,18,17:52:50.292,17:52:56.063,17:52:56.063,17:52:56.063,17:53:02.926,197.700000,-119.200000,-2072.300000,207.800000,-130.500000,-1742.200000,208.600000,-129.000000,-1743.200000,208.600000,-129.000000,-1743.200000,330.254478,330.447742,321.339462,321.485832,1.280625,1.972308,1.280625,1.972308,true,0,1,true,false,0.000000,0.000000,0.000000,0.000000,,5.771000,6.863000,teleport_map,16,17,,,300-400,200-350,direct_hit
SITE1_P15,P15,SITE1,map,A,1,2,5,P15_race_map_A_2.csv,19,20,21,21,22,17:53:05.394,17:53:12.050,17:53:12.050,17:53:12.050,17:53:20.055,208.600000,-129.000000,-1743.100000,-221.000000,-110.700000,-1770.000000,-219.500000,-109.300000,-1769.400000,-219.500000,-109.300000,-1769.400000,430.441367,430.830199,421.272833,421.719291,1.615549,2.137756,1.615549,2.137756,true,0,1,true,false,0.000000,0.000000,0.000000,0.000000,,6.656000,8.005000,teleport_map,20,21,,,400-500,351-500,direct_hit
SITE1_P15,P15,SITE1,map,A,1,2,6,P15_race_map_A_2.csv,23,24,25,25,26,17:53:22.290,17:53:29.258,17:53:29.260,17:53:29.260,17:53:36.668,-219.400000,-109.300000,-1769.400000,-640.700000,-108.700000,-1512.100000,-638.900000,-107.200000,-1512.100000,-638.900000,-107.200000,-1512.100000,493.656743,493.657108,480.486888,480.491478,1.800000,2.343075,1.800000,2.343075,true,0,1,true,false,0.000000,0.000000,0.000000,0.000000,,6.970000,7.408000,teleport_map,24,25,,,400-500,351-500,direct_hit
SITE1_P15,P15,SITE1,map,B,1,3,1,P15_race_map_B_3.csv,3,4,5,5,6,17:53:57.629,17:54:02.095,17:54:02.095,17:54:02.095,17:54:09.429,-1587.500000,-148.200000,1834.200000,-1824.000000,-155.900000,2254.000000,-1821.300000,-154.500000,2252.700000,-1821.300000,-154.500000,2252.700000,481.834297,481.895819,475.387442,475.430521,2.996665,3.307567,2.996665,3.307567,true,0,1,true,false,0.000000,0.000000,0.000000,0.000000,,4.466000,7.334000,teleport_map,4,5,,,400-500,351-500,direct_hit
SITE1_P15,P15,SITE1,map,B,1,3,2,P15_race_map_B_3.csv,7,8,9,9,10,17:54:12.391,17:54:19.220,17:54:19.220,17:54:19.220,17:54:21.688,-1821.300000,-154.500000,2252.600000,-2183.500000,-156.800000,1969.600000,-2185.200000,-155.200000,1972.000000,-2185.200000,-155.200000,1972.000000,459.649693,459.655447,459.441835,459.442532,2.941088,3.348134,2.941088,3.348134,true,0,1,true,false,0.000000,0.000000,0.000000,0.000000,,6.829000,2.468000,teleport_map,8,9,,,400-500,351-500,direct_hit
SITE1_P15,P15,SITE1,map,B,1,3,3,P15_race_map_B_3.csv,11,12,13,13,14,17:54:23.943,17:54:29.151,17:54:29.152,17:54:29.152,17:54:31.137,-2185.200000,-155.300000,1972.000000,-2489.500000,-157.100000,2081.700000,-2487.800000,-155.500000,2082.600000,-2487.800000,-155.500000,2082.600000,323.469597,323.474605,322.178708,322.178770,1.923538,2.501999,1.923538,2.501999,true,0,1,true,false,0.000000,0.000000,0.000000,0.000000,,5.209000,1.985000,teleport_map,12,13,,,300-400,200-350,direct_hit
SITE1_P15,P15,SITE1,map,B,1,3,4,P15_race_map_B_3.csv,15,16,17,17,18,17:54:32.660,17:54:38.446,17:54:38.446,17:54:38.446,17:54:40.458,-2487.700000,-155.600000,2082.600000,-2630.000000,-156.100000,2448.000000,-2628.400000,-154.600000,2443.000000,-2628.400000,-154.600000,2443.000000,392.130654,392.130973,386.891005,386.892298,5.249762,5.459853,5.249762,5.459853,true,0,1,true,false,0.000000,0.000000,0.000000,0.000000,,5.786000,2.012000,teleport_map,16,17,,,300-400,351-500,direct_hit
SITE1_P15,P15,SITE1,map,B,1,3,5,P15_race_map_B_3.csv,19,20,21,21,22,17:54:42.512,17:54:47.330,17:54:47.330,17:54:47.330,17:54:51.566,-2628.600000,-154.600000,2442.900000,-2978.700000,-155.900000,2306.500000,-2977.400000,-154.300000,2306.400000,-2977.400000,-154.300000,2306.400000,375.732578,375.734827,374.557993,374.558113,1.303840,2.063977,1.303840,2.063977,true,0,1,true,false,0.000000,0.000000,0.000000,0.000000,,4.818000,4.236000,teleport_map,20,21,,,300-400,351-500,direct_hit
SITE1_P15,P15,SITE1,map,B,1,3,6,P15_race_map_B_3.csv,23,24,25,25,26,17:54:53.245,17:55:02.875,17:55:02.875,17:55:02.875,17:55:06.212,-2977.300000,-154.400000,2306.300000,-2999.000000,-156.000000,1931.000000,-3003.800000,-154.300000,1931.700000,-3003.800000,-154.300000,1931.700000,375.926828,375.930233,375.628873,375.628873,4.850773,5.140039,4.850773,5.140039,true,0,1,true,false,0.000000,0.000000,0.000000,0.000000,,9.630000,3.337000,teleport_map,24,25,,,300-400,351-500,direct_hit
SITE1_P15,P15,SITE1,map,C,1,1,1,P15_race_map_C_1.csv,4,5,6,6,7,17:49:49.462,17:50:00.485,17:50:00.485,17:50:00.485,17:50:14.351,-2003.300000,-141.800000,179.500000,-2299.700000,-147.700000,56.800000,-2299.100000,-146.100000,58.800000,-2299.100000,-146.100000,58.800000,320.793158,320.847409,315.737502,315.766781,2.088061,2.630589,2.088061,2.630589,true,0,1,true,false,0.000000,0.000000,0.000000,0.000000,,11.023000,13.866000,teleport_map,5,6,,,300-400,200-350,direct_hit
SITE1_P15,P15,SITE1,map,C,1,1,2,P15_race_map_C_1.csv,8,9,10,10,11,17:50:18.719,17:50:29.523,17:50:29.525,17:50:29.525,17:50:31.783,-2299.100000,-146.200000,58.800000,-2303.900000,-147.000000,-387.200000,-2303.900000,-145.400000,-382.500000,-2303.900000,-145.400000,-382.500000,446.025829,446.026546,441.326104,441.326829,4.700000,4.964877,4.700000,4.964877,true,0,1,true,false,0.000000,0.000000,0.000000,0.000000,,10.806000,2.258000,teleport_map,9,10,,,400-500,351-500,direct_hit
SITE1_P15,P15,SITE1,map,C,1,1,3,P15_race_map_C_1.csv,12,13,14,14,15,17:50:35.275,17:50:43.333,17:50:43.335,17:50:43.335,17:50:44.955,-2303.800000,-145.400000,-382.600000,-1943.900000,-143.600000,-367.100000,-1947.300000,-142.200000,-366.000000,-1947.300000,-142.200000,-366.000000,360.233619,360.238116,356.786379,356.800729,3.573514,3.837968,3.573514,3.837968,true,0,1,true,false,0.000000,0.000000,0.000000,0.000000,,8.060000,1.620000,teleport_map,13,14,,,300-400,351-500,direct_hit
SITE1_P15,P15,SITE1,map,C,1,1,4,P15_race_map_C_1.csv,16,17,18,18,19,17:50:48.587,17:50:54.045,17:50:54.047,17:50:54.047,17:50:56.549,-1947.200000,-142.200000,-366.100000,-2025.000000,-148.600000,-798.000000,-2023.800000,-147.100000,-795.700000,-2023.800000,-147.100000,-795.700000,438.851285,438.897949,436.375664,436.403174,2.594224,2.996665,2.594224,2.996665,true,0,1,true,false,0.000000,0.000000,0.000000,0.000000,,5.460000,2.502000,teleport_map,17,18,,,400-500,351-500,direct_hit
SITE1_P15,P15,SITE1,map,C,1,1,5,P15_race_map_C_1.csv,20,21,22,22,23,17:50:58.948,17:51:09.721,17:51:09.721,17:51:09.721,17:51:13.187,-2023.900000,-147.100000,-795.600000,-1819.400000,-140.800000,-1190.000000,-1824.000000,-139.400000,-1189.800000,-1824.000000,-139.400000,-1189.800000,444.265247,444.309914,441.943073,442.010147,4.604346,4.812484,4.604346,4.812484,true,0,1,true,false,0.000000,0.000000,0.000000,0.000000,,10.773000,3.466000,teleport_map,21,22,,,400-500,351-500,direct_hit
SITE1_P15,P15,SITE1,map,C,1,1,6,P15_race_map_C_1.csv,25,26,27,27,28,17:51:27.588,17:51:32.313,17:51:32.313,17:51:32.313,17:51:34.300,-1823.900000,-139.400000,-1189.800000,-1375.200000,-127.000000,-1014.300000,-1373.000000,-125.400000,-1012.800000,-1373.000000,-125.400000,-1012.800000,481.800726,481.960268,484.396336,484.595728,2.662705,3.106445,2.662705,3.106445,true,0,1,true,false,0.000000,0.000000,0.000000,0.000000,,4.725000,1.987000,teleport_map,26,27,,,400-500,351-500,direct_hit
SITE1_P15,P15,SITE1,tsunami,A,3,11,1,P15_race_tsunami_A_11.csv,3,4,5,8,9,18:22:34.735,18:22:39.304,18:22:39.305,18:22:40.903,18:22:43.748,1364.500000,-136.900000,-2182.100000,1036.100000,-125.400000,-1926.600000,1050.800000,-124.100000,-1937.300000,1038.300000,-123.900000,-1926.500000,416.085099,416.243991,397.912968,398.118789,18.181859,18.228275,2.202272,2.664583,false,1,2,true,false,16.454179,16.455394,16.454179,16.455394,0.742000,6.168000,2.845000,teleport_tsunami|teleport_tsunami,4|7,5|8,16.454179,16.455394,400-500,351-500,short_corrections_only
SITE1_P15,P15,SITE1,tsunami,A,3,11,2,P15_race_tsunami_A_11.csv,10,11,12,15,16,18:22:45.522,18:22:52.014,18:22:52.015,18:22:55.792,18:22:58.598,1038.300000,-123.900000,-1926.600000,660.800000,-122.800000,-2101.300000,626.300000,-121.400000,-2112.300000,656.700000,-121.200000,-2102.300000,415.964349,415.965804,451.916464,451.923378,36.211186,36.238239,4.220190,4.513314,false,1,2,true,false,31.970768,31.971393,31.970768,31.971393,2.390000,10.270000,2.806000,teleport_tsunami|teleport_tsunami,11|14,12|15,31.970768,31.971393,400-500,351-500,short_corrections_only
SITE1_P15,P15,SITE1,tsunami,A,3,11,3,P15_race_tsunami_A_11.csv,17,18,19,25,26,18:23:00.594,18:23:05.767,18:23:05.767,18:23:11.755,18:23:14.025,656.600000,-121.200000,-2102.100000,193.000000,-120.500000,-2075.600000,327.400000,-118.000000,-2189.000000,194.600000,-119.000000,-2074.100000,464.356770,464.357298,340.476504,340.491542,175.849140,175.866910,2.193171,2.657066,false,2,3,false,true,197.295653,197.350536,171.592541,171.609324,1.268000,11.161000,2.270000,teleport_tsunami|teleport_tsunami|teleport_tsunami,18|21|24,19|22|25,171.592541|25.703113,171.609324|25.741212,400-500,351-500,contains_correction_at_least_100m
SITE1_P15,P15,SITE1,tsunami,A,3,11,4,P15_race_tsunami_A_11.csv,27,28,29,29,30,18:23:15.830,18:23:19.980,18:23:19.980,18:23:19.980,18:23:22.220,194.600000,-119.000000,-2074.000000,207.800000,-130.500000,-1742.200000,209.400000,-129.000000,-1741.100000,209.400000,-129.000000,-1741.100000,332.062464,332.261539,333.228825,333.378839,1.941649,2.453569,1.941649,2.453569,true,0,1,true,false,0.000000,0.000000,0.000000,0.000000,,4.150000,2.240000,teleport_tsunami,28,29,,,300-400,200-350,direct_hit
SITE1_P15,P15,SITE1,tsunami,A,3,11,5,P15_race_tsunami_A_11.csv,31,32,33,36,37,18:23:24.480,18:23:30.467,18:23:30.467,18:23:33.840,18:23:36.259,209.000000,-129.000000,-1741.100000,-221.000000,-110.700000,-1770.000000,-192.300000,-110.500000,-1764.900000,-220.400000,-109.200000,-1768.800000,430.970080,431.358436,402.005137,402.430590,29.149614,29.150300,1.341641,2.012461,false,1,2,true,false,28.369350,28.399120,28.369350,28.399120,0.944000,9.360000,2.419000,teleport_tsunami|teleport_tsunami,32|35,33|36,28.369350,28.399120,400-500,351-500,short_corrections_only
SITE1_P15,P15,SITE1,tsunami,A,3,11,6,P15_race_tsunami_A_11.csv,38,39,40,43,44,18:23:39.005,18:23:44.230,18:23:44.230,18:23:46.733,18:23:50.766,-220.200000,-109.200000,-1768.700000,-640.700000,-108.700000,-1512.100000,-611.000000,-106.800000,-1525.800000,-634.400000,-107.200000,-1513.000000,492.609186,492.609440,460.135904,460.142163,32.707491,32.762631,6.363961,6.538348,false,1,2,true,false,26.624237,26.627242,26.624237,26.627242,0.815000,7.728000,4.033000,teleport_tsunami|teleport_tsunami,39|42,40|43,26.624237,26.627242,400-500,351-500,short_corrections_only
SITE1_P15,P15,SITE1,tsunami,B,3,9,1,P15_race_tsunami_B_9.csv,3,4,5,5,6,18:19:05.678,18:19:11.115,18:19:11.116,18:19:11.116,18:19:13.428,-1587.400000,-148.100000,1834.300000,-1824.000000,-155.900000,2254.000000,-1821.700000,-154.500000,2257.900000,-1821.700000,-154.500000,2257.900000,481.796274,481.859409,484.215913,484.258206,4.527693,4.739198,4.527693,4.739198,true,0,1,true,false,0.000000,0.000000,0.000000,0.000000,,5.438000,2.312000,teleport_tsunami,4,5,,,400-500,351-500,direct_hit
SITE1_P15,P15,SITE1,tsunami,B,3,9,2,P15_race_tsunami_B_9.csv,7,8,9,12,13,18:19:15.788,18:19:21.115,18:19:21.115,18:19:24.697,18:19:27.623,-1821.900000,-154.500000,2257.900000,-2183.500000,-156.800000,1969.600000,-2199.100000,-155.000000,1961.000000,-2185.500000,-155.300000,1968.900000,462.462377,462.468096,480.030676,480.030937,17.813478,17.904189,2.118962,2.596151,false,1,2,true,false,15.709870,15.712734,15.709870,15.712734,2.244000,8.909000,2.926000,teleport_tsunami|teleport_tsunami,8|11,9|12,15.709870,15.712734,400-500,351-500,short_corrections_only
SITE1_P15,P15,SITE1,tsunami,B,3,9,3,P15_race_tsunami_B_9.csv,15,16,17,20,21,18:19:34.988,18:19:41.469,18:19:41.471,18:19:43.128,18:19:45.833,-2185.600000,-155.300000,1969.100000,-2489.500000,-157.100000,2081.700000,-2476.600000,-155.600000,2076.500000,-2487.400000,-155.600000,2082.300000,324.089448,324.094446,310.186653,310.186799,13.908630,13.989282,2.184033,2.649528,false,1,2,true,false,12.258874,12.258874,12.258874,12.258874,0.632000,8.140000,2.705000,teleport_tsunami|teleport_tsunami,16|19,17|20,12.258874,12.258874,300-400,200-350,short_corrections_only
SITE1_P15,P15,SITE1,tsunami,B,3,9,4,P15_race_tsunami_B_9.csv,22,23,24,27,28,18:19:47.414,18:19:52.511,18:19:52.511,18:19:54.454,18:19:58.471,-2487.200000,-155.600000,2082.300000,-2630.000000,-156.100000,2448.000000,-2623.800000,-154.600000,2430.000000,-2629.800000,-154.600000,2451.300000,392.591811,392.592129,373.570408,373.571747,19.037857,19.096858,3.306055,3.630427,false,1,2,true,false,22.128940,22.128940,22.128940,22.128940,0.685000,7.040000,4.017000,teleport_tsunami|teleport_tsunami,23|26,24|27,22.128940,22.128940,300-400,351-500,short_corrections_only
SITE1_P15,P15,SITE1,tsunami,B,3,9,5,P15_race_tsunami_B_9.csv,29,30,31,37,38,18:20:00.135,18:20:05.709,18:20:05.709,18:20:12.214,18:20:14.715,-2630.100000,-154.600000,2451.200000,-2978.700000,-155.900000,2306.500000,-2989.200000,-154.600000,2285.300000,-2979.000000,-154.300000,2305.300000,377.438803,377.441042,395.569994,395.569994,23.657768,23.693459,1.236932,2.022375,false,2,3,true,false,22.272496,22.276088,16.726327,16.729017,2.114000,12.079000,2.501000,teleport_tsunami|teleport_tsunami|teleport_tsunami,30|33|36,31|34|37,16.726327|5.546170,16.729017|5.547071,300-400,351-500,short_corrections_only
SITE1_P15,P15,SITE1,tsunami,B,3,9,6,P15_race_tsunami_B_9.csv,39,40,41,44,45,18:20:17.900,18:20:22.185,18:20:22.185,18:20:24.482,18:20:29.087,-2979.200000,-154.400000,2305.000000,-2999.000000,-156.000000,1931.000000,-3001.200000,-154.300000,1948.800000,-2998.900000,-154.400000,1936.200000,374.523751,374.527169,356.878747,356.878761,17.935440,18.015826,5.200961,5.441507,false,1,2,true,false,12.906587,12.906975,12.906587,12.906975,0.830000,6.582000,4.605000,teleport_tsunami|teleport_tsunami,40|43,41|44,12.906587,12.906975,300-400,351-500,short_corrections_only
SITE1_P15,P15,SITE1,tsunami,C,3,10,1,P15_race_tsunami_C_10.csv,3,4,5,8,9,18:20:54.325,18:20:57.207,18:20:57.208,18:20:58.577,18:21:02.626,-2003.200000,-141.800000,179.600000,-2299.700000,-147.700000,56.800000,-2286.900000,-146.100000,63.600000,-2298.300000,-146.200000,59.300000,320.923807,320.978037,306.499086,306.529248,14.494137,14.582181,2.865310,3.234192,false,1,2,true,false,12.219656,12.219656,12.219656,12.219656,0.569000,4.252000,4.049000,teleport_tsunami|teleport_tsunami,4|7,5|8,12.219656,12.219656,300-400,200-350,short_corrections_only
SITE1_P15,P15,SITE1,tsunami,C,3,10,2,P15_race_tsunami_C_10.csv,10,11,12,15,16,18:21:04.265,18:21:07.617,18:21:07.617,18:21:09.365,18:21:15.327,-2298.200000,-146.200000,59.300000,-2303.900000,-147.000000,-387.200000,-2305.900000,-145.300000,-368.600000,-2304.200000,-145.500000,-384.900000,446.536381,446.537098,427.969275,427.970221,18.707218,18.784302,2.319483,2.762245,false,1,2,true,false,16.288953,16.290181,16.288953,16.290181,0.517000,5.100000,5.962000,teleport_tsunami|teleport_tsunami,11|14,12|15,16.288953,16.290181,400-500,351-500,short_corrections_only
SITE1_P15,P15,SITE1,tsunami,C,3,10,3,P15_race_tsunami_C_10.csv,17,18,19,19,20,18:21:17.808,18:21:22.384,18:21:22.384,18:21:22.384,18:21:25.002,-2304.100000,-145.500000,-385.200000,-1943.900000,-143.600000,-367.100000,-1944.700000,-142.100000,-366.000000,-1944.700000,-142.100000,-366.000000,360.654475,360.659479,360.007028,360.023083,1.360147,2.024846,1.360147,2.024846,true,0,1,true,false,0.000000,0.000000,0.000000,0.000000,,4.576000,2.618000,teleport_tsunami,18,19,,,300-400,351-500,direct_hit
SITE1_P15,P15,SITE1,tsunami,C,3,10,4,P15_race_tsunami_C_10.csv,21,22,23,23,24,18:21:27.879,18:21:31.529,18:21:31.529,18:21:31.529,18:21:34.158,-1944.900000,-142.200000,-366.000000,-2025.000000,-148.600000,-798.000000,-2029.300000,-147.100000,-797.400000,-2029.300000,-147.100000,-797.400000,439.363187,439.409797,439.578571,439.605880,4.341659,4.593474,4.341659,4.593474,true,0,1,true,false,0.000000,0.000000,0.000000,0.000000,,3.650000,2.629000,teleport_tsunami,22,23,,,400-500,351-500,direct_hit
SITE1_P15,P15,SITE1,tsunami,C,3,10,5,P15_race_tsunami_C_10.csv,25,26,27,30,31,18:21:36.128,18:21:41.972,18:21:41.972,18:21:43.905,18:21:45.806,-2029.200000,-147.100000,-797.600000,-1819.400000,-140.800000,-1190.000000,-1833.300000,-139.300000,-1170.000000,-1818.200000,-139.300000,-1192.400000,444.964942,445.009539,420.783282,420.855569,24.355903,24.402049,2.683282,3.074085,false,1,2,true,false,27.014255,27.014255,27.014255,27.014255,0.718000,7.777000,1.901000,teleport_tsunami|teleport_tsunami,26|29,27|30,27.014255,27.014255,400-500,351-500,short_corrections_only
SITE1_P15,P15,SITE1,tsunami,C,3,10,6,P15_race_tsunami_C_10.csv,33,34,35,38,39,18:21:56.383,18:22:00.339,18:22:00.339,18:22:04.558,18:22:07.855,-1818.200000,-139.300000,-1191.900000,-1375.200000,-127.000000,-1014.300000,-1338.700000,-124.400000,-994.800000,-1377.400000,-125.500000,-1013.500000,477.274303,477.432770,518.429031,518.643105,41.382363,41.463960,2.340940,2.780288,false,1,2,true,false,42.894522,42.908624,42.894522,42.908624,2.422000,8.175000,3.297000,teleport_tsunami|teleport_tsunami,34|37,35|38,42.894522,42.908624,400-500,351-500,short_corrections_only
SITE1_P16,P16,SITE1,map,A,2,7,1,P16_race_map_A_7.csv,3,4,5,5,6,13:55:12.906,13:55:15.730,13:55:15.730,13:55:15.730,13:55:17.184,1364.600000,-137.000000,-2182.000000,1036.100000,-125.400000,-1926.600000,1035.200000,-123.700000,-1927.700000,1035.200000,-123.700000,-1927.700000,416.102644,416.264303,416.201538,416.410807,1.421267,2.215852,1.421267,2.215852,true,0,1,true,false,0.000000,0.000000,0.000000,0.000000,,2.824000,1.454000,teleport_map,4,5,,,400-500,351-500,direct_hit
SITE1_P16,P16,SITE1,map,A,2,7,2,P16_race_map_A_7.csv,7,8,9,9,10,13:55:17.777,13:55:21.048,13:55:21.048,13:55:21.048,13:55:22.161,1035.100000,-123.800000,-1927.600000,660.800000,-122.800000,-2101.300000,658.200000,-121.100000,-2099.800000,658.200000,-121.100000,-2099.800000,412.640497,412.641709,414.333223,414.342021,3.001666,3.449638,3.001666,3.449638,true,0,1,true,false,0.000000,0.000000,0.000000,0.000000,,3.271000,1.113000,teleport_map,8,9,,,400-500,351-500,direct_hit
SITE1_P16,P16,SITE1,map,A,2,7,3,P16_race_map_A_7.csv,11,12,13,13,14,13:55:22.559,13:55:25.560,13:55:25.561,13:55:25.561,13:55:27.172,658.200000,-121.100000,-2099.800000,193.000000,-120.500000,-2075.600000,191.000000,-118.700000,-2075.300000,191.000000,-118.700000,-2075.300000,465.829024,465.829411,467.841950,467.848106,2.022375,2.707397,2.022375,2.707397,true,0,1,true,false,0.000000,0.000000,0.000000,0.000000,,3.002000,1.611000,teleport_map,12,13,,,400-500,351-500,direct_hit
SITE1_P16,P16,SITE1,map,A,2,7,4,P16_race_map_A_7.csv,15,16,17,17,18,13:55:27.498,13:55:29.735,13:55:29.735,13:55:29.735,13:55:32.175,191.000000,-118.700000,-2075.300000,207.800000,-130.500000,-1742.200000,211.200000,-128.800000,-1741.300000,211.200000,-128.800000,-1741.300000,333.523387,333.732063,334.610281,334.762677,3.517101,3.906405,3.517101,3.906405,true,0,1,true,false,0.000000,0.000000,0.000000,0.000000,,2.237000,2.440000,teleport_map,16,17,,,300-400,200-350,direct_hit
SITE1_P16,P16,SITE1,map,A,2,7,5,P16_race_map_A_7.csv,19,20,21,21,22,13:55:32.509,13:55:35.780,13:55:35.780,13:55:35.780,13:55:40.954,211.200000,-128.800000,-1741.300000,-221.000000,-110.700000,-1770.000000,-221.800000,-109.100000,-1766.600000,-221.800000,-109.100000,-1766.600000,433.151856,433.529861,432.680217,433.123920,3.492850,3.841875,3.492850,3.841875,true,0,1,true,false,0.000000,0.000000,0.000000,0.000000,,3.271000,5.174000,teleport_map,20,21,,,400-500,351-500,direct_hit
SITE1_P16,P16,SITE1,map,A,2,7,6,P16_race_map_A_7.csv,23,24,25,25,26,13:55:41.804,13:55:44.434,13:55:44.435,13:55:44.435,13:55:45.760,-221.800000,-109.100000,-1766.700000,-640.700000,-108.700000,-1512.100000,-639.000000,-107.000000,-1513.200000,-639.000000,-107.000000,-1513.200000,490.202377,490.202540,488.178338,488.182855,2.024846,2.643861,2.024846,2.643861,true,0,1,true,false,0.000000,0.000000,0.000000,0.000000,,2.631000,1.325000,teleport_map,24,25,,,400-500,351-500,direct_hit
SITE1_P16,P16,SITE1,map,B,2,5,1,P16_race_map_B_5.csv,3,4,5,8,9,13:52:45.489,13:52:48.468,13:52:48.468,13:52:50.543,13:52:54.228,-1587.500000,-148.200000,1834.200000,-1824.000000,-155.900000,2254.000000,-1785.200000,-154.600000,2174.700000,-1825.800000,-154.200000,2253.600000,481.834297,481.895819,393.732828,393.784840,88.283237,88.292808,1.843909,2.507987,false,1,2,true,false,88.687429,88.687936,88.687429,88.687936,0.430000,5.054000,3.685000,teleport_map|teleport_map,4|7,5|8,88.687429,88.687936,400-500,351-500,short_corrections_only
SITE1_P16,P16,SITE1,map,B,2,5,2,P16_race_map_B_5.csv,10,11,12,15,16,13:52:54.815,13:52:58.832,13:52:58.832,13:53:01.916,13:53:03.773,-1826.000000,-154.300000,2253.400000,-2183.500000,-156.800000,1969.600000,-2177.300000,-155.000000,1980.800000,-2183.800000,-155.000000,1966.700000,456.452287,456.459133,444.659926,444.660477,12.801562,12.927490,2.915476,3.426368,false,1,2,true,false,15.840455,15.840770,15.840455,15.840770,1.347000,7.101000,1.857000,teleport_map|teleport_map,11|14,12|15,15.840455,15.840770,400-500,351-500,short_corrections_only
SITE1_P16,P16,SITE1,map,B,2,5,3,P16_race_map_B_5.csv,17,18,19,19,20,13:53:04.337,13:53:07.453,13:53:07.454,13:53:07.454,13:53:09.100,-2183.900000,-155.100000,1966.600000,-2489.500000,-157.100000,2081.700000,-2491.000000,-155.300000,2084.300000,-2491.000000,-155.300000,2084.300000,326.556840,326.562965,328.882502,328.882639,3.001666,3.500000,3.001666,3.500000,true,0,1,true,false,0.000000,0.000000,0.000000,0.000000,,3.117000,1.646000,teleport_map,18,19,,,300-400,200-350,direct_hit
SITE1_P16,P16,SITE1,map,B,2,5,4,P16_race_map_B_5.csv,21,22,23,26,27,13:53:09.370,13:53:13.826,13:53:13.826,13:53:17.092,13:53:21.142,-2491.000000,-155.400000,2084.300000,-2630.000000,-156.100000,2448.000000,-2623.100000,-154.400000,2445.600000,-2631.800000,-154.400000,2450.800000,389.356764,389.357394,384.692215,384.693514,7.305477,7.500667,3.328663,3.737646,false,1,2,true,false,15.852129,15.853391,15.852129,15.853391,1.171000,7.722000,4.050000,teleport_map|teleport_map,22|25,23|26,15.852129,15.853391,300-400,351-500,short_corrections_only
SITE1_P16,P16,SITE1,map,B,2,5,5,P16_race_map_B_5.csv,28,29,30,30,31,13:53:21.827,13:53:26.018,13:53:26.019,13:53:26.019,13:53:29.272,-2631.800000,-154.500000,2450.700000,-2978.700000,-155.900000,2306.500000,-2977.400000,-154.200000,2308.400000,-2977.400000,-154.200000,2308.400000,375.677055,375.679664,368.011848,368.012065,2.302173,2.861818,2.302173,2.861818,true,0,1,true,false,0.000000,0.000000,0.000000,0.000000,,4.192000,3.253000,teleport_map,29,30,,,300-400,351-500,direct_hit
SITE1_P16,P16,SITE1,map,B,2,5,6,P16_race_map_B_5.csv,32,33,34,34,35,13:53:29.673,13:53:34.116,13:53:34.116,13:53:34.116,13:53:37.529,-2977.300000,-154.300000,2308.300000,-2999.000000,-156.000000,1931.000000,-3001.500000,-154.100000,1933.400000,-3001.500000,-154.100000,1933.400000,377.923511,377.927334,372.828781,372.828794,3.465545,3.952215,3.465545,3.952215,true,0,1,true,false,0.000000,0.000000,0.000000,0.000000,,4.443000,3.413000,teleport_map,33,34,,,300-400,351-500,direct_hit
SITE1_P16,P16,SITE1,map,C,2,6,1,P16_race_map_C_6.csv,4,5,6,6,7,13:54:13.301,13:54:16.344,13:54:16.344,13:54:16.344,13:54:18.902,-2001.200000,-142.100000,176.100000,-2299.700000,-147.700000,56.800000,-2301.500000,-146.000000,58.300000,-2301.500000,-146.000000,58.300000,321.457213,321.505988,322.485473,322.510279,2.343075,2.894823,2.343075,2.894823,true,0,1,true,false,0.000000,0.000000,0.000000,0.000000,,3.043000,2.558000,teleport_map,5,6,,,300-400,200-350,direct_hit
SITE1_P16,P16,SITE1,map,C,2,6,2,P16_race_map_C_6.csv,9,10,11,11,12,13:54:24.354,13:54:26.284,13:54:26.285,13:54:26.285,13:54:28.398,-2299.900000,-146.100000,58.300000,-2303.900000,-147.000000,-387.200000,-2304.500000,-145.300000,-383.800000,-2304.500000,-145.300000,-383.800000,445.517957,445.518866,442.222896,442.223450,3.452535,3.848376,3.452535,3.848376,true,0,1,true,false,0.000000,0.000000,0.000000,0.000000,,1.931000,2.113000,teleport_map,10,11,,,400-500,351-500,direct_hit
SITE1_P16,P16,SITE1,map,C,2,6,3,P16_race_map_C_6.csv,14,15,16,16,17,13:54:31.963,13:54:35.211,13:54:35.212,13:54:35.212,13:54:37.016,-2303.600000,-145.400000,-387.000000,-1943.900000,-143.600000,-367.100000,-1948.000000,-142.100000,-369.000000,-1948.000000,-142.100000,-369.000000,360.250052,360.254549,356.050235,356.064615,4.518849,4.761302,4.518849,4.761302,true,0,1,true,false,0.000000,0.000000,0.000000,0.000000,,3.249000,1.804000,teleport_map,15,16,,,300-400,351-500,direct_hit
SITE1_P16,P16,SITE1,map,C,2,6,4,P16_race_map_C_6.csv,18,19,20,20,21,13:54:37.774,13:54:44.683,13:54:44.687,13:54:44.687,13:54:46.365,-1947.900000,-142.200000,-369.000000,-2025.000000,-148.600000,-798.000000,-2023.000000,-146.900000,-795.500000,-2023.000000,-146.900000,-795.500000,435.873158,435.920142,433.061497,433.088097,3.201562,3.624914,3.201562,3.624914,true,0,1,true,false,0.000000,0.000000,0.000000,0.000000,,6.913000,1.678000,teleport_map,19,20,,,400-500,351-500,direct_hit
SITE1_P16,P16,SITE1,map,C,2,6,5,P16_race_map_C_6.csv,23,24,25,25,26,13:54:50.340,13:54:52.033,13:54:52.033,13:54:52.033,13:54:53.449,-2022.100000,-147.000000,-796.400000,-1819.400000,-140.800000,-1190.000000,-1818.000000,-138.900000,-1190.800000,-1818.000000,-138.900000,-1190.800000,442.728190,442.771600,444.081265,444.153318,1.612452,2.491987,1.612452,2.491987,true,0,1,true,false,0.000000,0.000000,0.000000,0.000000,,1.693000,1.416000,teleport_map,24,25,,,400-500,351-500,direct_hit
SITE1_P16,P16,SITE1,map,C,2,6,6,P16_race_map_C_6.csv,27,28,29,29,30,13:54:53.988,13:54:57.805,13:54:57.806,13:54:57.806,13:54:59.558,-1818.100000,-139.000000,-1190.800000,-1375.200000,-127.000000,-1014.300000,-1376.400000,-125.300000,-1012.000000,-1376.400000,-125.300000,-1012.000000,476.773175,476.924166,476.479359,476.673410,2.594224,3.101612,2.594224,3.101612,true,0,1,true,false,0.000000,0.000000,0.000000,0.000000,,3.818000,1.752000,teleport_map,28,29,,,400-500,351-500,direct_hit
SITE1_P16,P16,SITE1,tsunami,A,1,1,1,P16_race_tsunami_A_1.csv,3,4,5,5,6,13:39:48.016,13:39:50.590,13:39:50.590,13:39:50.590,13:39:52.691,1364.600000,-136.800000,-2182.400000,1036.100000,-125.400000,-1926.600000,1039.300000,-123.700000,-1933.500000,1039.300000,-123.700000,-1933.500000,416.348280,416.504322,409.598950,409.808382,7.605919,7.793587,7.605919,7.793587,true,0,1,true,false,0.000000,0.000000,0.000000,0.000000,,2.574000,2.101000,teleport_tsunami,4,5,,,400-500,351-500,direct_hit
SITE1_P16,P16,SITE1,tsunami,A,1,1,2,P16_race_tsunami_A_1.csv,7,8,9,12,13,13:39:53.799,13:39:55.824,13:39:55.824,13:39:58.374,13:40:00.877,1039.300000,-123.700000,-1933.600000,660.800000,-122.800000,-2101.300000,604.900000,-121.300000,-2124.200000,665.200000,-121.100000,-2099.100000,413.987367,413.988345,474.375084,474.381155,60.408774,60.427394,4.919350,5.204805,false,1,2,true,false,65.162719,65.163026,65.162719,65.163026,1.128000,4.575000,2.503000,teleport_tsunami|teleport_tsunami,8|11,9|12,65.162719,65.163026,400-500,351-500,short_corrections_only
SITE1_P16,P16,SITE1,tsunami,A,1,1,3,P16_race_tsunami_A_1.csv,14,15,16,25,26,13:40:03.039,13:40:06.315,13:40:06.315,13:40:11.459,13:40:14.529,665.400000,-121.000000,-2099.300000,193.000000,-120.500000,-2075.600000,112.100000,-116.900000,-2081.700000,192.300000,-118.800000,-2077.300000,472.994133,472.994397,553.579850,553.595032,81.129649,81.209482,1.838478,2.503997,false,3,4,true,false,80.257650,80.278622,50.961358,50.971168,1.488000,8.420000,3.070000,teleport_tsunami|teleport_tsunami|teleport_tsunami|teleport_tsunami,15|18|21|24,16|19|22|25,50.961358|20.315757|8.980535,50.971168|20.321909|8.985544,400-500,351-500,short_corrections_only
SITE1_P16,P16,SITE1,tsunami,A,1,1,4,P16_race_tsunami_A_1.csv,27,28,29,29,30,13:40:15.512,13:40:17.550,13:40:17.553,13:40:17.553,13:40:19.265,192.200000,-118.700000,-2077.300000,207.800000,-130.500000,-1742.200000,209.900000,-128.800000,-1743.900000,209.900000,-128.800000,-1743.900000,335.462919,335.670389,333.869510,334.019236,2.701851,3.192178,2.701851,3.192178,true,0,1,true,false,0.000000,0.000000,0.000000,0.000000,,2.041000,1.712000,teleport_tsunami,28,29,,,300-400,200-350,direct_hit
SITE1_P16,P16,SITE1,tsunami,A,1,1,5,P16_race_tsunami_A_1.csv,31,32,33,36,37,13:40:20.428,13:40:21.980,13:40:21.980,13:40:23.929,13:40:24.846,210.000000,-128.700000,-1743.900000,-221.000000,-110.700000,-1770.000000,-237.900000,-108.700000,-1760.400000,-226.700000,-108.900000,-1769.800000,431.789544,432.164564,448.203815,448.649819,19.436306,19.538935,5.703508,5.980803,false,1,2,true,false,14.621901,14.622243,14.621901,14.622243,0.758000,3.501000,0.917000,teleport_tsunami|teleport_tsunami,32|35,33|36,14.621901,14.622243,400-500,351-500,short_corrections_only
SITE1_P16,P16,SITE1,tsunami,A,1,1,6,P16_race_tsunami_A_1.csv,38,39,40,43,44,13:40:26.430,13:40:29.099,13:40:29.099,13:40:29.992,13:40:33.112,-226.800000,-108.900000,-1769.800000,-640.700000,-108.700000,-1512.100000,-635.500000,-107.000000,-1511.600000,-641.600000,-107.000000,-1513.400000,487.567944,487.567985,483.428309,483.432043,5.223983,5.493633,1.581139,2.321637,false,1,2,true,false,6.360031,6.360818,6.360031,6.360818,0.532000,3.562000,3.120000,teleport_tsunami|teleport_tsunami,39|42,40|43,6.360031,6.360818,400-500,351-500,short_corrections_only
SITE1_P16,P16,SITE1,tsunami,B,1,2,1,P16_race_tsunami_B_2.csv,3,4,5,8,9,13:41:02.813,13:41:04.737,13:41:04.737,13:41:06.090,13:41:06.992,-1587.500000,-148.100000,1834.200000,-1824.000000,-155.900000,2254.000000,-1815.800000,-154.500000,2243.900000,-1824.100000,-154.300000,2251.800000,481.834297,481.897427,469.014904,469.058568,13.009612,13.084724,2.202272,2.722132,false,1,2,true,false,11.458621,11.460366,11.458621,11.460366,0.445000,3.277000,0.902000,teleport_tsunami|teleport_tsunami,4|7,5|8,11.458621,11.460366,400-500,351-500,short_corrections_only
SITE1_P16,P16,SITE1,tsunami,B,1,2,2,P16_race_tsunami_B_2.csv,10,11,12,15,16,13:41:08.157,13:41:10.401,13:41:10.402,13:41:12.229,13:41:13.710,-1824.300000,-154.200000,2251.900000,-2183.500000,-156.800000,1969.600000,-2169.400000,-155.000000,1982.800000,-2188.000000,-155.100000,1966.700000,456.856575,456.863973,437.617207,437.617938,19.314502,19.398196,5.353504,5.616939,false,1,2,true,false,24.600203,24.600407,24.600203,24.600407,0.469000,4.072000,1.481000,teleport_tsunami|teleport_tsunami,11|14,12|15,24.600203,24.600407,400-500,351-500,short_corrections_only
SITE1_P16,P16,SITE1,tsunami,B,1,2,3,P16_race_tsunami_B_2.csv,17,18,19,22,23,13:41:15.481,13:41:16.835,13:41:16.835,13:41:18.172,13:41:19.110,-2188.000000,-155.000000,1966.600000,-2489.500000,-157.100000,2081.700000,-2470.200000,-155.300000,2076.700000,-2487.600000,-155.400000,2079.200000,322.723194,322.730026,302.917233,302.917381,19.937151,20.018242,3.140064,3.570714,false,1,2,true,false,17.593180,17.593180,17.593180,17.593180,0.425000,2.691000,0.938000,teleport_tsunami|teleport_tsunami,18|21,19|22,17.593180,17.593180,300-400,200-350,short_corrections_only
SITE1_P16,P16,SITE1,tsunami,B,1,2,4,P16_race_tsunami_B_2.csv,24,25,26,29,30,13:41:20.649,13:41:22.199,13:41:22.200,13:41:23.952,13:41:25.692,-2487.600000,-155.300000,2079.300000,-2630.000000,-156.100000,2448.000000,-2613.300000,-154.500000,2410.600000,-2631.500000,-154.400000,2447.600000,395.243533,395.244342,354.344719,354.345622,40.959126,40.990365,1.552417,2.302173,false,1,2,true,false,41.233967,41.234088,41.233967,41.234088,0.366000,3.303000,1.740000,teleport_tsunami|teleport_tsunami,25|28,26|29,41.233967,41.234088,300-400,351-500,short_corrections_only
SITE1_P16,P16,SITE1,tsunami,B,1,2,5,P16_race_tsunami_B_2.csv,31,32,33,39,40,13:41:26.701,13:41:28.022,13:41:28.022,13:41:30.637,13:41:32.600,-2631.400000,-154.400000,2447.700000,-2978.700000,-155.900000,2306.500000,-2934.500000,-153.500000,2306.600000,-2978.400000,-154.100000,2305.400000,374.906295,374.909296,334.333396,334.334608,44.200113,44.265223,1.140175,2.130728,false,2,3,true,false,43.916399,43.922593,29.410882,29.411562,0.343000,3.936000,1.963000,teleport_tsunami|teleport_tsunami|teleport_tsunami,32|35|38,33|36|39,29.410882|14.505516,29.411562|14.511030,300-400,351-500,short_corrections_only
SITE1_P16,P16,SITE1,tsunami,B,1,2,6,P16_race_tsunami_B_2.csv,41,42,43,46,47,13:41:33.298,13:41:34.619,13:41:34.619,13:41:36.187,13:41:37.717,-2978.300000,-154.100000,2305.100000,-2999.000000,-156.000000,1931.000000,-2995.800000,-154.000000,1981.900000,-3001.400000,-154.200000,1935.400000,374.672257,374.677074,323.673431,323.673447,51.000490,51.039690,5.011986,5.325411,false,1,2,true,false,46.736709,46.737137,46.736709,46.737137,0.335000,2.889000,1.530000,teleport_tsunami|teleport_tsunami,42|45,43|46,46.736709,46.737137,300-400,351-500,short_corrections_only
SITE1_P16,P16,SITE1,tsunami,C,1,3,1,P16_race_tsunami_C_3.csv,3,4,5,5,6,13:41:56.778,13:41:57.897,13:41:57.897,13:41:57.897,13:41:58.980,-2003.500000,-141.900000,179.600000,-2299.700000,-147.700000,56.800000,-2307.300000,-145.900000,52.900000,-2307.300000,-145.900000,52.900000,320.646659,320.699111,329.107779,329.132086,8.542248,8.729834,8.542248,8.729834,true,0,1,true,false,0.000000,0.000000,0.000000,0.000000,,1.119000,1.083000,teleport_tsunami,4,5,,,300-400,200-350,direct_hit
SITE1_P16,P16,SITE1,tsunami,C,1,3,2,P16_race_tsunami_C_3.csv,7,8,9,12,13,13:41:59.987,13:42:02.251,13:42:02.252,13:42:03.152,13:42:04.776,-2307.200000,-145.900000,52.800000,-2303.900000,-147.000000,-387.200000,-2300.500000,-145.200000,-377.800000,-2304.500000,-145.300000,-388.900000,440.012375,440.013750,430.652122,430.652691,9.995999,10.156771,1.802776,2.477902,false,1,2,true,false,11.732434,11.732860,11.732434,11.732860,0.469000,3.165000,1.624000,teleport_tsunami|teleport_tsunami,8|11,9|12,11.732434,11.732860,400-500,351-500,short_corrections_only
SITE1_P16,P16,SITE1,tsunami,C,1,3,3,P16_race_tsunami_C_3.csv,14,15,16,19,20,13:42:05.911,13:42:07.575,13:42:07.575,13:42:08.983,13:42:09.703,-2304.200000,-145.300000,-388.800000,-1943.900000,-143.600000,-367.100000,-1965.200000,-142.600000,-367.400000,-1947.000000,-142.000000,-368.700000,360.952878,360.956881,339.674786,339.685516,21.302113,21.325572,3.488553,3.837968,false,1,2,true,false,18.246370,18.256232,18.246370,18.256232,0.419000,3.072000,0.720000,teleport_tsunami|teleport_tsunami,15|18,16|19,18.246370,18.256232,300-400,351-500,short_corrections_only
SITE1_P16,P16,SITE1,tsunami,C,1,3,4,P16_race_tsunami_C_3.csv,21,22,23,26,27,13:42:10.881,13:42:12.067,13:42:12.067,13:42:14.090,13:42:15.521,-1947.100000,-141.900000,-368.800000,-2025.000000,-148.600000,-798.000000,-2040.600000,-146.200000,-827.100000,-2029.600000,-146.800000,-804.500000,436.212162,436.263613,467.740462,467.760227,33.017723,33.104833,7.963040,8.163945,false,1,2,true,false,24.911242,24.918467,24.911242,24.918467,0.436000,3.209000,1.431000,teleport_tsunami|teleport_tsunami,22|25,23|26,24.911242,24.918467,400-500,351-500,short_corrections_only
SITE1_P16,P16,SITE1,tsunami,C,1,3,5,P16_race_tsunami_C_3.csv,28,29,30,36,37,13:42:16.159,13:42:18.839,13:42:18.839,13:42:22.102,13:42:23.381,-2029.600000,-146.800000,-804.600000,-1819.400000,-140.800000,-1190.000000,-1809.500000,-139.600000,-1213.700000,-1821.200000,-139.100000,-1191.800000,438.995672,439.036673,464.550126,464.605919,25.684626,25.712643,2.545584,3.061046,false,2,3,true,false,24.784170,24.838407,14.549914,14.555411,1.146000,5.943000,1.279000,teleport_tsunami|teleport_tsunami|teleport_tsunami,29|32|35,30|33|36,10.234256|14.549914,10.282996|14.555411,400-500,351-500,short_corrections_only
SITE1_P16,P16,SITE1,tsunami,C,1,3,6,P16_race_tsunami_C_3.csv,41,42,43,46,47,13:42:31.775,13:42:33.200,13:42:33.200,13:42:34.683,13:42:36.370,-1821.100000,-139.100000,-1191.600000,-1375.200000,-127.000000,-1014.300000,-1375.100000,-125.200000,-1007.000000,-1376.200000,-125.300000,-1012.300000,479.856333,480.008865,482.693650,482.893746,7.300685,7.519308,2.236068,2.808914,false,1,2,true,false,5.197115,5.198077,5.197115,5.198077,1.154000,2.908000,1.687000,teleport_tsunami|teleport_tsunami,42|45,43|46,5.197115,5.198077,400-500,351-500,short_corrections_only
SITE1_P17,P17,SITE1,map,A,2,6,1,P17_race_map_A_6.csv,3,4,5,5,6,17:03:24.378,17:03:28.152,17:03:28.152,17:03:28.152,17:03:30.344,1364.400000,-136.900000,-2182.300000,1036.100000,-125.400000,-1926.600000,1032.400000,-123.700000,-1926.900000,1032.400000,-123.700000,-1926.900000,416.129042,416.287917,418.889604,419.097530,3.712142,4.082891,3.712142,4.082891,true,0,1,true,false,0.000000,0.000000,0.000000,0.000000,,3.774000,2.192000,teleport_map,4,5,,,400-500,351-500,direct_hit
SITE1_P17,P17,SITE1,map,A,2,6,2,P17_race_map_A_6.csv,7,8,9,9,10,17:03:31.232,17:03:33.624,17:03:33.624,17:03:33.624,17:03:37.685,1032.300000,-123.700000,-1927.000000,660.800000,-122.800000,-2101.300000,663.700000,-121.200000,-2096.600000,663.700000,-121.200000,-2096.600000,410.356845,410.357832,405.746374,405.754076,5.522681,5.749783,5.522681,5.749783,true,0,1,true,false,0.000000,0.000000,0.000000,0.000000,,2.392000,4.061000,teleport_map,8,9,,,400-500,351-500,direct_hit
SITE1_P17,P17,SITE1,map,A,2,6,3,P17_race_map_A_6.csv,11,12,13,13,14,17:03:38.106,17:03:41.401,17:03:41.403,17:03:41.403,17:03:44.335,663.700000,-121.200000,-2096.600000,193.000000,-120.500000,-2075.600000,195.100000,-118.700000,-2079.200000,195.100000,-118.700000,-2079.200000,471.168218,471.168738,468.919236,468.925900,4.167733,4.539824,4.167733,4.539824,true,0,1,true,false,0.000000,0.000000,0.000000,0.000000,,3.297000,2.932000,teleport_map,12,13,,,400-500,351-500,direct_hit
SITE1_P17,P17,SITE1,map,A,2,6,4,P17_race_map_A_6.csv,15,16,17,17,18,17:03:45.427,17:03:48.988,17:03:48.988,17:03:48.988,17:03:54.047,195.100000,-118.700000,-2079.200000,207.800000,-130.500000,-1742.200000,211.000000,-128.800000,-1739.800000,211.000000,-128.800000,-1739.800000,337.239218,337.445596,341.096643,341.246143,4.000000,4.346263,4.000000,4.346263,true,0,1,true,false,0.000000,0.000000,0.000000,0.000000,,3.561000,5.059000,teleport_map,16,17,,,300-400,200-350,direct_hit
SITE1_P17,P17,SITE1,map,A,2,6,5,P17_race_map_A_6.csv,19,20,21,21,22,17:03:55.406,17:03:59.348,17:03:59.348,17:03:59.348,17:04:07.427,211.100000,-128.800000,-1739.900000,-221.000000,-110.700000,-1770.000000,-219.300000,-109.100000,-1772.900000,-219.300000,-109.100000,-1772.900000,433.147111,433.525120,431.670905,432.120192,3.361547,3.722902,3.361547,3.722902,true,0,1,true,false,0.000000,0.000000,0.000000,0.000000,,3.942000,8.079000,teleport_map,20,21,,,400-500,351-500,direct_hit
SITE1_P17,P17,SITE1,map,A,2,6,6,P17_race_map_A_6.csv,23,24,25,25,26,17:04:08.415,17:04:11.709,17:04:11.710,17:04:11.710,17:04:18.263,-219.300000,-109.100000,-1772.900000,-640.700000,-108.700000,-1512.100000,-638.800000,-106.900000,-1515.000000,-638.800000,-106.900000,-1515.000000,495.575020,495.575181,489.058626,489.063135,3.466987,3.906405,3.466987,3.906405,true,0,1,true,false,0.000000,0.000000,0.000000,0.000000,,3.295000,6.553000,teleport_map,24,25,,,400-500,351-500,direct_hit
SITE1_P17,P17,SITE1,map,B,2,7,1,P17_race_map_B_7.csv,3,4,5,5,6,17:04:32.956,17:04:35.667,17:04:35.667,17:04:35.667,17:04:39.244,-1587.600000,-148.200000,1834.200000,-1824.000000,-155.900000,2254.000000,-1822.100000,-154.200000,2250.800000,-1822.100000,-154.200000,2250.800000,481.785222,481.846749,463.612953,463.653082,3.721559,4.091455,3.721559,4.091455,true,0,1,true,false,0.000000,0.000000,0.000000,0.000000,,2.711000,3.577000,teleport_map,4,5,,,400-500,351-500,direct_hit
SITE1_P17,P17,SITE1,map,B,2,7,2,P17_race_map_B_7.csv,7,8,9,9,10,17:04:40.093,17:04:43.271,17:04:43.271,17:04:43.271,17:04:48.312,-1822.100000,-154.300000,2250.700000,-2183.500000,-156.800000,1969.600000,-2180.100000,-155.000000,1970.100000,-2180.100000,-155.000000,1970.100000,457.850598,457.857423,454.863012,454.863551,3.436568,3.879433,3.436568,3.879433,true,0,1,true,false,0.000000,0.000000,0.000000,0.000000,,3.178000,5.041000,teleport_map,8,9,,,400-500,351-500,direct_hit
SITE1_P17,P17,SITE1,map,B,2,7,3,P17_race_map_B_7.csv,11,12,13,13,14,17:04:49.325,17:04:51.264,17:04:51.264,17:04:51.264,17:04:55.667,-2180.100000,-155.000000,1970.100000,-2489.500000,-157.100000,2081.700000,-2486.300000,-155.400000,2079.700000,-2486.300000,-155.400000,2079.700000,328.911721,328.918425,318.075777,318.076029,3.773592,4.138840,3.773592,4.138840,true,0,1,true,false,0.000000,0.000000,0.000000,0.000000,,1.939000,4.403000,teleport_map,12,13,,,300-400,200-350,direct_hit
SITE1_P17,P17,SITE1,map,B,2,7,4,P17_race_map_B_7.csv,15,16,17,17,18,17:04:56.991,17:04:59.634,17:04:59.634,17:04:59.634,17:05:01.526,-2486.300000,-155.400000,2079.600000,-2630.000000,-156.100000,2448.000000,-2632.000000,-154.400000,2444.800000,-2632.000000,-154.400000,2444.800000,395.434255,395.434875,393.191467,393.192739,3.773592,4.138840,3.773592,4.138840,true,0,1,true,false,0.000000,0.000000,0.000000,0.000000,,2.643000,1.892000,teleport_map,16,17,,,300-400,351-500,direct_hit
SITE1_P17,P17,SITE1,map,B,2,7,5,P17_race_map_B_7.csv,19,20,21,21,22,17:05:03.547,17:05:06.129,17:05:06.129,17:05:06.129,17:05:10.170,-2632.100000,-154.500000,2444.800000,-2978.700000,-155.900000,2306.500000,-2976.600000,-154.100000,2304.400000,-2976.600000,-154.100000,2304.400000,373.173485,373.176111,371.385527,371.385743,2.969848,3.472751,2.969848,3.472751,true,0,1,true,false,0.000000,0.000000,0.000000,0.000000,,2.582000,4.041000,teleport_map,20,21,,,300-400,351-500,direct_hit
SITE1_P17,P17,SITE1,map,B,2,7,6,P17_race_map_B_7.csv,23,24,25,25,26,17:05:11.159,17:05:13.705,17:05:13.705,17:05:13.705,17:05:16.933,-2976.600000,-154.200000,2304.400000,-2999.000000,-156.000000,1931.000000,-2995.800000,-154.400000,1929.800000,-2995.800000,-154.400000,1929.800000,374.071277,374.075607,377.061189,377.061308,3.417601,3.773592,3.417601,3.773592,true,0,1,true,false,0.000000,0.000000,0.000000,0.000000,,2.546000,3.228000,teleport_map,24,25,,,300-400,351-500,direct_hit
SITE1_P17,P17,SITE1,map,C,2,5,1,P17_race_map_C_5.csv,3,4,5,5,6,17:02:11.593,17:02:16.642,17:02:16.642,17:02:16.642,17:02:20.852,-2003.400000,-141.900000,179.500000,-2299.700000,-147.700000,56.800000,-2299.000000,-145.900000,56.500000,-2299.000000,-145.900000,56.500000,320.700764,320.753207,320.261596,320.287839,0.761577,1.954482,0.761577,1.954482,true,0,1,true,false,0.000000,0.000000,0.000000,0.000000,,5.049000,4.210000,teleport_map,4,5,,,300-400,200-350,direct_hit
SITE1_P17,P17,SITE1,map,C,2,5,2,P17_race_map_C_5.csv,7,8,9,9,10,17:02:23.285,17:02:27.627,17:02:27.627,17:02:27.627,17:02:34.711,-2299.100000,-146.100000,56.400000,-2303.900000,-147.000000,-387.200000,-2307.700000,-145.300000,-392.400000,-2307.700000,-145.300000,-392.400000,443.625969,443.626882,448.884317,448.884718,6.440497,6.661081,6.440497,6.661081,true,0,1,true,false,0.000000,0.000000,0.000000,0.000000,,4.342000,7.084000,teleport_map,8,9,,,400-500,351-500,direct_hit
SITE1_P17,P17,SITE1,map,C,2,5,3,P17_race_map_C_5.csv,11,12,13,13,14,17:02:36.474,17:02:39.611,17:02:39.611,17:02:39.611,17:02:43.950,-2307.600000,-145.300000,-392.400000,-1943.900000,-143.600000,-367.100000,-1945.200000,-142.000000,-370.200000,-1945.200000,-142.000000,-370.200000,364.578908,364.582871,359.816134,359.828640,3.361547,3.722902,3.361547,3.722902,true,0,1,true,false,0.000000,0.000000,0.000000,0.000000,,3.137000,4.339000,teleport_map,12,13,,,300-400,351-500,direct_hit
SITE1_P17,P17,SITE1,map,C,2,5,4,P17_race_map_C_5.csv,15,16,17,17,18,17:02:44.903,17:02:48.095,17:02:48.095,17:02:48.095,17:02:53.764,-1945.300000,-142.100000,-370.200000,-2025.000000,-148.600000,-798.000000,-2024.400000,-146.800000,-801.600000,-2024.400000,-146.800000,-801.600000,435.160809,435.209352,443.528579,443.553480,3.649658,4.069398,3.649658,4.069398,true,0,1,true,false,0.000000,0.000000,0.000000,0.000000,,3.192000,5.669000,teleport_map,16,17,,,400-500,351-500,direct_hit
SITE1_P17,P17,SITE1,map,C,2,5,5,P17_race_map_C_5.csv,19,20,21,21,22,17:02:54.028,17:02:58.581,17:02:58.581,17:02:58.581,17:03:02.404,-2024.400000,-146.800000,-801.600000,-1819.400000,-140.800000,-1190.000000,-1821.100000,-139.200000,-1193.100000,-1821.100000,-139.200000,-1193.100000,439.180555,439.221539,441.138459,441.202210,3.535534,3.880722,3.535534,3.880722,true,0,1,true,false,0.000000,0.000000,0.000000,0.000000,,4.553000,3.823000,teleport_map,20,21,,,400-500,351-500,direct_hit
SITE1_P17,P17,SITE1,map,C,2,5,6,P17_race_map_C_5.csv,23,24,25,25,26,17:03:04.450,17:03:08.205,17:03:08.205,17:03:08.205,17:03:09.946,-1821.100000,-139.200000,-1193.100000,-1375.200000,-127.000000,-1014.300000,-1377.400000,-125.300000,-1018.700000,-1377.400000,-125.300000,-1018.700000,480.412583,480.567467,476.744219,476.946810,4.919350,5.204805,4.919350,5.204805,true,0,1,true,false,0.000000,0.000000,0.000000,0.000000,,3.755000,1.741000,teleport_map,24,25,,,400-500,351-500,direct_hit
SITE1_P17,P17,SITE1,tsunami,A,1,3,1,P17_race_tsunami_A_3.csv,3,4,5,8,9,16:50:52.982,16:50:55.130,16:50:55.130,16:50:57.014,16:51:00.131,1364.400000,-136.900000,-2182.500000,1036.100000,-125.400000,-1926.600000,1029.500000,-123.700000,-1920.900000,1033.500000,-123.700000,-1925.400000,416.251967,416.410795,424.961845,425.166803,8.720665,8.884819,2.863564,3.330165,false,1,2,true,false,5.800000,5.800000,5.800000,5.800000,1.458000,4.032000,3.117000,teleport_tsunami|teleport_tsunami,4|7,5|8,5.800000,5.800000,400-500,351-500,short_corrections_only
SITE1_P17,P17,SITE1,tsunami,A,1,3,2,P17_race_tsunami_A_3.csv,10,11,12,18,19,16:51:01.473,16:51:03.026,16:51:03.026,16:51:06.914,16:51:09.554,1033.400000,-123.600000,-1925.200000,660.800000,-122.800000,-2101.300000,584.500000,-121.200000,-2130.600000,658.900000,-121.000000,-2102.700000,412.118878,412.119655,493.660177,493.666011,81.732368,81.748027,2.360085,2.968164,false,2,3,true,false,79.343789,79.344487,66.784729,66.785028,1.515000,5.441000,2.640000,teleport_tsunami|teleport_tsunami|teleport_tsunami,11|14|17,12|15|18,66.784729|12.559060,66.785028|12.559459,400-500,351-500,short_corrections_only
SITE1_P17,P17,SITE1,tsunami,A,1,3,3,P17_race_tsunami_A_3.csv,20,21,22,25,26,16:51:11.012,16:51:13.023,16:51:13.023,16:51:15.885,16:51:19.612,658.800000,-121.000000,-2102.600000,193.000000,-120.500000,-2075.600000,178.100000,-117.700000,-2091.800000,191.100000,-118.600000,-2077.400000,466.581868,466.582136,480.821308,480.832632,22.010225,22.187609,2.617250,3.234192,false,1,2,true,false,19.400000,19.416488,19.400000,19.416488,2.187000,4.873000,3.727000,teleport_tsunami|teleport_tsunami,21|24,22|25,19.400000,19.416488,400-500,351-500,short_corrections_only
SITE1_P17,P17,SITE1,tsunami,A,1,3,4,P17_race_tsunami_A_3.csv,27,28,29,32,33,16:51:20.276,16:51:22.047,16:51:22.047,16:51:23.701,16:51:26.646,191.100000,-118.600000,-2077.400000,207.800000,-130.500000,-1742.200000,210.500000,-129.400000,-1795.800000,209.700000,-128.800000,-1741.600000,335.615748,335.826652,282.267462,282.473999,53.667961,53.679232,1.992486,2.619160,false,1,2,true,false,54.105915,54.109241,54.105915,54.109241,0.594000,3.425000,2.945000,teleport_tsunami|teleport_tsunami,28|31,29|32,54.105915,54.109241,300-400,200-350,short_corrections_only
SITE1_P17,P17,SITE1,tsunami,A,1,3,5,P17_race_tsunami_A_3.csv,36,37,38,41,42,16:51:32.607,16:51:34.617,16:51:34.617,16:51:37.042,16:51:39.606,209.500000,-128.800000,-1741.700000,-221.000000,-110.700000,-1770.000000,-191.700000,-110.200000,-1768.000000,-220.900000,-109.000000,-1770.300000,431.429183,431.808696,402.061102,402.491105,29.368180,29.372436,0.316228,1.729162,false,1,2,true,false,29.190752,29.215407,29.190752,29.215407,0.530000,4.435000,2.564000,teleport_tsunami|teleport_tsunami,37|40,38|41,29.190752,29.215407,400-500,351-500,short_corrections_only
SITE1_P17,P17,SITE1,tsunami,A,1,3,6,P17_race_tsunami_A_3.csv,43,44,45,48,49,16:51:40.494,16:51:42.883,16:51:42.884,16:51:44.020,16:51:46.152,-220.800000,-109.000000,-1770.300000,-640.700000,-108.700000,-1512.100000,-629.000000,-106.900000,-1517.000000,-637.800000,-107.000000,-1513.600000,492.933312,492.933403,480.404132,480.408722,12.684636,12.811713,3.264966,3.681032,false,1,2,true,false,9.433981,9.433981,9.433981,9.433981,0.485000,3.526000,2.132000,teleport_tsunami|teleport_tsunami,44|47,45|48,9.433981,9.433981,400-500,351-500,short_corrections_only
SITE1_P17,P17,SITE1,tsunami,B,1,1,1,P17_race_tsunami_B_1.csv,3,4,5,8,9,16:48:01.463,16:48:03.097,16:48:03.097,16:48:06.798,16:48:12.791,-1587.500000,-148.100000,1834.400000,-1824.000000,-155.900000,2254.000000,-1825.700000,-154.400000,2264.800000,-1825.100000,-154.200000,2257.900000,481.660056,481.723209,491.918083,491.958423,10.932978,11.035398,4.052160,4.394315,false,1,2,true,false,6.818358,6.821290,6.818358,6.821290,1.337000,5.335000,5.993000,teleport_tsunami|teleport_tsunami,4|7,5|8,6.818358,6.821290,400-500,351-500,short_corrections_only
SITE1_P17,P17,SITE1,tsunami,B,1,1,2,P17_race_tsunami_B_1.csv,10,11,12,15,16,16:48:14.690,16:48:16.252,16:48:16.252,16:48:18.454,16:48:20.713,-1825.100000,-154.200000,2257.800000,-2183.500000,-156.800000,1969.600000,-2169.400000,-155.000000,1983.900000,-2182.800000,-155.000000,1971.100000,459.901946,459.909295,439.958748,439.959475,20.082331,20.162837,1.655295,2.445404,false,1,2,true,false,18.531055,18.531055,18.531055,18.531055,1.269000,3.764000,2.259000,teleport_tsunami|teleport_tsunami,11|14,12|15,18.531055,18.531055,400-500,351-500,short_corrections_only
SITE1_P17,P17,SITE1,tsunami,B,1,1,3,P17_race_tsunami_B_1.csv,17,18,19,22,23,16:48:22.470,16:48:24.917,16:48:24.917,16:48:26.077,16:48:30.029,-2182.700000,-155.000000,1971.000000,-2489.500000,-157.100000,2081.700000,-2482.600000,-155.300000,2079.000000,-2487.700000,-155.300000,2080.700000,326.160589,326.167350,318.753839,318.753980,7.409453,7.624959,2.059126,2.734959,false,1,2,true,false,5.375872,5.375872,5.375872,5.375872,0.781000,3.607000,3.952000,teleport_tsunami|teleport_tsunami,18|21,19|22,5.375872,5.375872,300-400,200-350,short_corrections_only
SITE1_P17,P17,SITE1,tsunami,B,1,1,4,P17_race_tsunami_B_1.csv,24,25,26,29,30,16:48:31.475,16:48:33.005,16:48:33.006,16:48:34.202,16:48:39.713,-2487.700000,-155.300000,2080.700000,-2630.000000,-156.100000,2448.000000,-2621.400000,-154.300000,2431.800000,-2631.000000,-154.400000,2449.700000,393.901739,393.902551,375.695222,375.696553,18.341210,18.429324,1.972308,2.603843,false,1,2,true,false,20.264748,20.264994,20.264748,20.264994,0.688000,2.727000,5.511000,teleport_tsunami|teleport_tsunami,25|28,26|29,20.264748,20.264994,300-400,351-500,short_corrections_only
SITE1_P17,P17,SITE1,tsunami,B,1,1,5,P17_race_tsunami_B_1.csv,31,32,33,39,40,16:48:41.392,16:48:42.932,16:48:42.932,16:48:46.248,16:48:49.377,-2630.900000,-154.400000,2449.700000,-2978.700000,-155.900000,2306.500000,-2867.100000,-154.000000,2339.000000,-2978.100000,-154.100000,2306.900000,376.126415,376.129406,260.854231,260.854538,116.236010,116.251538,0.721110,1.939072,false,2,3,true,false,115.548374,115.552997,96.304154,96.304621,0.589000,4.856000,3.129000,teleport_tsunami|teleport_tsunami|teleport_tsunami,32|35|38,33|36|39,96.304154|19.244220,96.304621|19.248377,300-400,351-500,short_corrections_only
SITE1_P17,P17,SITE1,tsunami,B,1,1,6,P17_race_tsunami_B_1.csv,41,42,43,49,50,16:48:51.015,16:48:53.496,16:48:53.497,16:48:56.461,16:48:59.897,-2978.200000,-154.100000,2306.800000,-2999.000000,-156.000000,1931.000000,-2999.800000,-154.100000,1973.800000,-2999.800000,-154.200000,1932.300000,376.375185,376.379981,333.699805,333.699805,42.807476,42.849621,1.526434,2.360085,false,2,3,true,false,41.501241,41.501389,33.800592,33.800740,0.564000,5.446000,3.436000,teleport_tsunami|teleport_tsunami|teleport_tsunami,42|45|48,43|46|49,33.800592|7.700649,33.800740|7.700649,300-400,351-500,short_corrections_only
SITE1_P17,P17,SITE1,tsunami,C,1,2,1,P17_race_tsunami_C_2.csv,3,4,5,8,9,16:49:27.311,16:49:29.217,16:49:29.217,16:49:30.155,16:49:35.149,-2003.300000,-141.800000,179.600000,-2299.700000,-147.700000,56.800000,-2288.400000,-145.900000,60.300000,-2299.600000,-146.000000,56.300000,320.831420,320.885665,309.054202,309.081397,11.829624,11.965785,0.509902,1.774824,false,1,2,true,false,11.798729,11.799153,11.798729,11.799153,0.573000,2.844000,4.994000,teleport_tsunami|teleport_tsunami,4|7,5|8,11.798729,11.799153,300-400,200-350,short_corrections_only
SITE1_P17,P17,SITE1,tsunami,C,1,2,2,P17_race_tsunami_C_2.csv,10,11,12,18,19,16:49:36.215,16:49:37.712,16:49:37.713,16:49:41.087,16:49:45.247,-2299.500000,-145.900000,56.200000,-2303.900000,-147.000000,-387.200000,-2303.500000,-145.100000,-368.200000,-2304.400000,-145.300000,-391.200000,443.421831,443.423195,424.418850,424.419604,19.004210,19.098953,4.031129,4.374929,false,2,3,true,false,30.264414,30.267483,26.642260,26.643949,0.420000,4.872000,4.160000,teleport_tsunami|teleport_tsunami|teleport_tsunami,11|14|17,12|15|18,26.642260|3.622154,26.643949|3.623534,400-500,351-500,short_corrections_only
SITE1_P17,P17,SITE1,tsunami,C,1,2,3,P17_race_tsunami_C_2.csv,20,21,22,22,23,16:49:46.637,16:49:48.047,16:49:48.047,16:49:48.047,16:49:50.063,-2304.300000,-145.300000,-391.200000,-1943.900000,-143.600000,-367.100000,-1949.200000,-142.200000,-368.600000,-1949.200000,-142.200000,-368.600000,361.204886,361.208887,355.818451,355.831955,5.508176,5.683309,5.508176,5.683309,true,0,1,true,false,0.000000,0.000000,0.000000,0.000000,,1.410000,2.016000,teleport_tsunami,21,22,,,300-400,351-500,direct_hit
SITE1_P17,P17,SITE1,tsunami,C,1,2,4,P17_race_tsunami_C_2.csv,24,25,26,29,30,16:49:51.628,16:49:52.923,16:49:52.923,16:49:54.632,16:49:56.481,-1949.200000,-142.200000,-368.700000,-2025.000000,-148.600000,-798.000000,-2024.400000,-147.200000,-773.100000,-2025.400000,-146.900000,-794.800000,435.940512,435.987488,411.332469,411.362857,24.907228,24.946543,3.224903,3.645545,false,1,2,true,false,21.723029,21.725101,21.723029,21.725101,0.524000,3.004000,1.849000,teleport_tsunami|teleport_tsunami,25|28,26|29,21.723029,21.725101,400-500,351-500,short_corrections_only
SITE1_P17,P17,SITE1,tsunami,C,1,2,5,P17_race_tsunami_C_2.csv,32,33,34,37,38,16:49:59.724,16:50:01.492,16:50:01.493,16:50:03.728,16:50:07.990,-2025.400000,-146.900000,-794.800000,-1819.400000,-140.800000,-1190.000000,-1856.000000,-138.900000,-1160.200000,-1821.100000,-139.100000,-1185.800000,445.666961,445.708705,402.757396,402.836840,47.197458,47.235686,4.531004,4.839421,false,1,2,true,false,43.201852,43.202315,43.201852,43.202315,0.678000,4.004000,4.262000,teleport_tsunami|teleport_tsunami,33|36,34|37,43.201852,43.202315,400-500,351-500,short_corrections_only
SITE1_P17,P17,SITE1,tsunami,C,1,2,6,P17_race_tsunami_C_2.csv,39,40,41,56,57,16:50:08.963,16:50:10.834,16:50:10.834,16:50:25.602,16:50:30.459,-1821.100000,-139.100000,-1185.800000,-1375.200000,-127.000000,-1014.300000,-1587.700000,-132.400000,-1167.200000,-1378.400000,-125.300000,-1018.900000,477.743718,477.896924,234.139958,234.235800,261.791253,261.846940,5.603570,5.855766,false,5,6,false,true,542.835455,543.078612,332.536509,332.699098,0.945000,16.639000,4.857000,teleport_tsunami|teleport_tsunami|teleport_tsunami|teleport_tsunami|teleport_tsunami|teleport_tsunami,40|43|46|49|52|55,41|44|47|50|53|56,332.536509|83.915434|41.752844|71.047590|13.583078,332.699098|83.992619|41.752844|71.047660|13.586390,400-500,351-500,contains_correction_at_least_100m
SITE1_P18,P18,SITE1,map,A,2,5,1,P18_race_map_A_5.csv,3,4,5,5,6,14:05:56.492,14:06:02.819,14:06:02.819,14:06:02.819,14:06:09.039,1364.500000,-136.900000,-2182.400000,1036.100000,-125.400000,-1926.600000,1036.400000,-123.900000,-1927.600000,1036.400000,-123.900000,-1927.600000,416.269384,416.428205,407.192203,407.396490,1.044031,1.827567,1.044031,1.827567,true,0,1,true,false,0.000000,0.000000,0.000000,0.000000,,6.327000,6.220000,teleport_map,4,5,,,400-500,351-500,direct_hit
SITE1_P18,P18,SITE1,map,A,2,5,2,P18_race_map_A_5.csv,7,8,9,9,10,14:06:10.687,14:06:14.670,14:06:14.672,14:06:14.672,14:06:17.209,1036.500000,-123.900000,-1927.800000,660.800000,-122.800000,-2101.300000,659.200000,-121.300000,-2097.500000,659.200000,-121.300000,-2097.500000,413.826945,413.828406,413.757078,413.765247,4.123106,4.387482,4.123106,4.387482,true,0,1,true,false,0.000000,0.000000,0.000000,0.000000,,3.985000,2.537000,teleport_map,8,9,,,400-500,351-500,direct_hit
SITE1_P18,P18,SITE1,map,A,2,5,3,P18_race_map_A_5.csv,11,12,13,13,14,14:06:18.919,14:06:22.459,14:06:22.460,14:06:22.460,14:06:26.390,659.100000,-121.300000,-2097.400000,193.000000,-120.500000,-2075.600000,195.700000,-118.900000,-2079.100000,195.700000,-118.900000,-2079.100000,466.609526,466.610212,463.761199,463.767409,4.420407,4.701064,4.420407,4.701064,true,0,1,true,false,0.000000,0.000000,0.000000,0.000000,,3.541000,3.930000,teleport_map,12,13,,,400-500,351-500,direct_hit
SITE1_P18,P18,SITE1,map,A,2,5,4,P18_race_map_A_5.csv,15,16,17,17,18,14:06:29.824,14:06:33.675,14:06:33.676,14:06:33.676,14:06:36.562,195.600000,-118.900000,-2079.100000,207.800000,-130.500000,-1742.200000,209.500000,-129.000000,-1738.700000,209.500000,-129.000000,-1738.700000,337.120824,337.320337,340.683680,340.833361,3.891015,4.170132,3.891015,4.170132,true,0,1,true,false,0.000000,0.000000,0.000000,0.000000,,3.852000,2.886000,teleport_map,16,17,,,300-400,200-350,direct_hit
SITE1_P18,P18,SITE1,map,A,2,5,5,P18_race_map_A_5.csv,19,20,21,21,22,14:06:38.189,14:06:43.368,14:06:43.368,14:06:43.368,14:06:45.921,209.400000,-129.000000,-1738.700000,-221.000000,-110.700000,-1770.000000,-217.600000,-109.400000,-1767.500000,-217.600000,-109.400000,-1767.500000,431.536615,431.924461,427.863647,428.312339,4.220190,4.415880,4.220190,4.415880,true,0,1,true,false,0.000000,0.000000,0.000000,0.000000,,5.179000,2.553000,teleport_map,20,21,,,400-500,351-500,direct_hit
SITE1_P18,P18,SITE1,map,A,2,5,6,P18_race_map_A_5.csv,23,24,25,25,26,14:06:46.842,14:06:49.586,14:06:49.586,14:06:49.586,14:06:51.411,-217.500000,-109.400000,-1767.400000,-640.700000,-108.700000,-1512.100000,-640.500000,-107.200000,-1509.600000,-640.500000,-107.200000,-1509.600000,494.243189,494.243685,495.368388,495.373273,2.507987,2.922328,2.507987,2.922328,true,0,1,true,false,0.000000,0.000000,0.000000,0.000000,,2.744000,1.825000,teleport_map,24,25,,,400-500,351-500,direct_hit
SITE1_P18,P18,SITE1,map,B,2,6,1,P18_race_map_B_6.csv,3,4,5,5,6,14:07:16.754,14:07:20.431,14:07:20.431,14:07:20.431,14:07:23.996,-1587.600000,-148.200000,1834.200000,-1824.000000,-155.900000,2254.000000,-1822.500000,-154.500000,2254.400000,-1822.500000,-154.500000,2254.400000,481.785222,481.846749,479.010156,479.052909,1.552417,2.090454,1.552417,2.090454,true,0,1,true,false,0.000000,0.000000,0.000000,0.000000,,3.677000,3.565000,teleport_map,4,5,,,400-500,351-500,direct_hit
SITE1_P18,P18,SITE1,map,B,2,6,2,P18_race_map_B_6.csv,7,8,9,9,10,14:07:25.029,14:07:29.890,14:07:29.890,14:07:29.890,14:07:32.566,-1822.400000,-154.500000,2254.400000,-2183.500000,-156.800000,1969.600000,-2181.700000,-155.200000,1970.200000,-2181.700000,-155.200000,1970.200000,459.895912,459.901663,458.111482,458.112017,1.897367,2.481935,1.897367,2.481935,true,0,1,true,false,0.000000,0.000000,0.000000,0.000000,,4.861000,2.676000,teleport_map,8,9,,,400-500,351-500,direct_hit
SITE1_P18,P18,SITE1,map,B,2,6,3,P18_race_map_B_6.csv,11,12,13,13,14,14:07:33.463,14:07:36.134,14:07:36.135,14:07:36.135,14:07:37.917,-2181.700000,-155.200000,1970.300000,-2489.500000,-157.100000,2081.700000,-2494.300000,-155.600000,2079.800000,-2494.300000,-155.600000,2079.800000,327.338968,327.344482,331.256577,331.256819,5.162364,5.375872,5.162364,5.375872,true,0,1,true,false,0.000000,0.000000,0.000000,0.000000,,2.672000,1.782000,teleport_map,12,13,,,300-400,200-350,direct_hit
SITE1_P18,P18,SITE1,map,B,2,6,4,P18_race_map_B_6.csv,15,16,17,17,18,14:07:39.277,14:07:43.238,14:07:43.239,14:07:43.239,14:07:45.245,-2494.200000,-155.600000,2079.800000,-2630.000000,-156.100000,2448.000000,-2633.000000,-154.600000,2444.700000,-2633.000000,-154.600000,2444.700000,392.444748,392.445066,390.406775,390.408056,4.459821,4.705316,4.459821,4.705316,true,0,1,true,false,0.000000,0.000000,0.000000,0.000000,,3.962000,2.006000,teleport_map,16,17,,,300-400,351-500,direct_hit
SITE1_P18,P18,SITE1,map,B,2,6,5,P18_race_map_B_6.csv,19,20,21,21,22,14:07:46.442,14:07:50.156,14:07:50.156,14:07:50.156,14:07:52.351,-2633.000000,-154.600000,2444.700000,-2978.700000,-155.900000,2306.500000,-2981.200000,-154.400000,2306.300000,-2981.200000,-154.400000,2306.300000,372.300591,372.302861,374.789874,374.789928,2.507987,2.922328,2.507987,2.922328,true,0,1,true,false,0.000000,0.000000,0.000000,0.000000,,3.714000,2.195000,teleport_map,20,21,,,300-400,351-500,direct_hit
SITE1_P18,P18,SITE1,map,B,2,6,6,P18_race_map_B_6.csv,23,24,25,25,26,14:07:54.994,14:07:58.671,14:07:58.671,14:07:58.671,14:08:01.167,-2981.300000,-154.400000,2306.300000,-2999.000000,-156.000000,1931.000000,-2999.500000,-154.500000,1932.200000,-2999.500000,-154.500000,1932.200000,375.717154,375.720561,374.442572,374.442626,1.300000,1.984943,1.300000,1.984943,true,0,1,true,false,0.000000,0.000000,0.000000,0.000000,,3.677000,2.496000,teleport_map,24,25,,,300-400,351-500,direct_hit
SITE1_P18,P18,SITE1,map,C,2,7,1,P18_race_map_C_7.csv,3,4,5,5,6,14:08:17.161,14:08:19.338,14:08:19.340,14:08:19.340,14:08:20.896,-2003.300000,-141.900000,179.600000,-2299.700000,-147.700000,56.800000,-2301.800000,-146.100000,57.300000,-2301.800000,-146.100000,57.300000,320.831420,320.883842,322.544710,322.572054,2.158703,2.687006,2.158703,2.687006,true,0,1,true,false,0.000000,0.000000,0.000000,0.000000,,2.179000,1.556000,teleport_map,4,5,,,300-400,200-350,direct_hit
SITE1_P18,P18,SITE1,map,C,2,7,2,P18_race_map_C_7.csv,7,8,9,9,10,14:08:21.799,14:08:25.219,14:08:25.219,14:08:25.219,14:08:33.389,-2301.800000,-146.100000,57.300000,-2303.900000,-147.000000,-387.200000,-2303.300000,-145.500000,-386.600000,-2303.300000,-145.500000,-386.600000,444.504961,444.505872,425.718792,425.719368,0.848528,1.723369,0.848528,1.723369,true,0,1,true,false,0.000000,0.000000,0.000000,0.000000,,3.420000,8.170000,teleport_map,8,9,,,400-500,351-500,direct_hit
SITE1_P18,P18,SITE1,map,C,2,7,3,P18_race_map_C_7.csv,11,12,13,13,14,14:08:34.875,14:08:39.669,14:08:39.670,14:08:39.670,14:08:42.348,-2303.300000,-145.500000,-386.400000,-1943.900000,-143.600000,-367.100000,-1942.700000,-142.000000,-369.900000,-1942.700000,-142.000000,-369.900000,359.917838,359.922853,361.081777,361.097785,3.046309,3.440930,3.046309,3.440930,true,0,1,true,false,0.000000,0.000000,0.000000,0.000000,,4.795000,2.678000,teleport_map,12,13,,,300-400,351-500,direct_hit
SITE1_P18,P18,SITE1,map,C,2,7,4,P18_race_map_C_7.csv,15,16,17,17,18,14:08:43.760,14:08:47.534,14:08:47.534,14:08:47.534,14:08:51.684,-1942.700000,-142.100000,-369.900000,-2025.000000,-148.600000,-798.000000,-2024.500000,-147.000000,-800.600000,-2024.500000,-147.000000,-800.600000,435.939101,435.987557,438.300810,438.328199,2.647640,3.093542,2.647640,3.093542,true,0,1,true,false,0.000000,0.000000,0.000000,0.000000,,3.774000,4.150000,teleport_map,16,17,,,400-500,351-500,direct_hit
SITE1_P18,P18,SITE1,map,C,2,7,5,P18_race_map_C_7.csv,19,20,21,21,22,14:08:52.560,14:08:56.299,14:08:56.301,14:08:56.301,14:09:00.192,-2024.500000,-147.000000,-800.500000,-1819.400000,-140.800000,-1190.000000,-1821.000000,-139.400000,-1192.800000,-1821.000000,-139.400000,-1192.800000,440.200250,440.243910,444.279417,444.342717,3.224903,3.515679,3.224903,3.515679,true,0,1,true,false,0.000000,0.000000,0.000000,0.000000,,3.741000,3.891000,teleport_map,20,21,,,400-500,351-500,direct_hit
SITE1_P18,P18,SITE1,map,C,2,7,6,P18_race_map_C_7.csv,23,24,25,25,26,14:09:01.504,14:09:06.421,14:09:06.422,14:09:06.422,14:09:09.748,-1821.000000,-139.500000,-1192.800000,-1375.200000,-127.000000,-1014.300000,-1371.700000,-125.500000,-1015.400000,-1371.700000,-125.500000,-1015.400000,480.208174,480.370836,488.082493,488.277544,3.668787,3.963584,3.668787,3.963584,true,0,1,true,false,0.000000,0.000000,0.000000,0.000000,,4.918000,3.326000,teleport_map,24,25,,,400-500,351-500,direct_hit
SITE1_P18,P18,SITE1,tsunami,A,1,2,1,P18_race_tsunami_A_2.csv,3,4,5,8,9,13:53:14.620,13:53:16.573,13:53:16.573,13:53:18.390,13:53:21.802,1364.500000,-136.900000,-2182.300000,1036.100000,-125.400000,-1926.600000,1047.100000,-124.100000,-1935.900000,1034.700000,-123.900000,-1928.600000,416.207941,416.366785,401.815530,402.019353,14.404513,14.463056,2.441311,2.865310,false,1,2,true,false,14.288807,14.290206,14.288807,14.290206,0.863000,3.770000,3.412000,teleport_tsunami|teleport_tsunami,4|7,5|8,14.288807,14.290206,400-500,351-500,short_corrections_only
SITE1_P18,P18,SITE1,tsunami,A,1,2,2,P18_race_tsunami_A_2.csv,10,11,12,15,16,13:53:23.118,13:53:27.492,13:53:27.492,13:53:31.984,13:53:34.569,1034.700000,-123.900000,-1928.700000,660.800000,-122.800000,-2101.300000,611.100000,-121.400000,-2115.900000,663.700000,-121.300000,-2100.800000,411.815456,411.816925,463.120719,463.127466,51.800097,51.819012,2.942788,3.303029,false,1,2,true,false,54.628381,54.628472,54.628381,54.628472,2.198000,8.866000,2.585000,teleport_tsunami|teleport_tsunami,11|14,12|15,54.628381,54.628472,400-500,351-500,short_corrections_only
SITE1_P18,P18,SITE1,tsunami,A,1,2,3,P18_race_tsunami_A_2.csv,18,19,20,23,24,13:53:42.470,13:53:47.099,13:53:47.099,13:53:50.781,13:53:54.400,663.600000,-121.200000,-2100.800000,193.000000,-120.500000,-2075.600000,231.100000,-117.500000,-2119.100000,189.700000,-119.100000,-2074.300000,471.274230,471.274750,432.886983,432.902795,57.826119,57.903886,3.546830,3.813135,false,1,2,true,false,60.926595,60.947600,60.926595,60.947600,1.042000,8.311000,3.619000,teleport_tsunami|teleport_tsunami,19|22,20|23,60.926595,60.947600,400-500,351-500,short_corrections_only
SITE1_P18,P18,SITE1,tsunami,A,1,2,4,P18_race_tsunami_A_2.csv,27,28,29,32,33,13:54:02.891,13:54:06.480,13:54:06.480,13:54:10.084,13:54:13.094,189.600000,-119.000000,-2074.300000,207.800000,-130.500000,-1742.200000,209.200000,-129.000000,-1735.200000,206.000000,-129.000000,-1740.900000,332.598331,332.797085,339.665968,339.813140,7.138627,7.294518,2.220360,2.679552,false,1,2,true,false,6.313478,6.314270,6.313478,6.314270,2.518000,7.193000,3.010000,teleport_tsunami|teleport_tsunami,28|31,29|32,6.313478,6.314270,300-400,200-350,short_corrections_only
SITE1_P18,P18,SITE1,tsunami,A,1,2,5,P18_race_tsunami_A_2.csv,34,35,36,42,43,13:54:15.674,13:54:19.167,13:54:19.167,13:54:27.035,13:54:29.516,206.100000,-129.000000,-1740.900000,-221.000000,-110.700000,-1770.000000,-257.200000,-108.100000,-1771.100000,-226.800000,-109.100000,-1772.200000,428.090201,428.481166,464.283243,464.753418,36.216709,36.309916,6.203225,6.406247,false,2,3,true,false,30.426639,30.439968,27.411676,27.423348,3.512000,11.361000,2.481000,teleport_tsunami|teleport_tsunami|teleport_tsunami,35|38|41,36|39|42,27.411676|3.014963,27.423348|3.016621,400-500,351-500,short_corrections_only
SITE1_P18,P18,SITE1,tsunami,A,1,2,6,P18_race_tsunami_A_2.csv,44,45,46,55,56,13:54:31.818,13:54:35.435,13:54:35.436,13:54:46.523,13:54:48.453,-226.800000,-109.000000,-1772.100000,-640.700000,-108.700000,-1512.100000,-672.800000,-107.800000,-1489.000000,-645.000000,-107.200000,-1512.300000,488.787490,488.787582,528.262823,528.264186,39.547693,39.557932,4.304649,4.558509,false,3,4,true,false,38.795070,38.799734,19.420093,19.422410,5.114000,14.705000,1.930000,teleport_tsunami|teleport_tsunami|teleport_tsunami|teleport_tsunami,45|48|51|54,46|49|52|55,19.420093|11.941943|7.433034,19.422410|11.943618|7.433707,400-500,351-500,short_corrections_only
SITE1_P18,P18,SITE1,tsunami,B,1,3,1,P18_race_tsunami_B_3.csv,3,4,5,8,9,13:55:25.919,13:55:28.903,13:55:28.903,13:55:34.804,13:55:36.436,-1587.400000,-148.100000,1834.100000,-1824.000000,-155.900000,2254.000000,-1841.100000,-155.700000,2284.300000,-1828.500000,-154.400000,2255.000000,481.970507,482.033619,516.762741,516.818624,34.792241,34.792815,4.609772,4.847680,false,1,2,true,false,31.802516,31.829075,31.802516,31.829075,2.803000,8.885000,1.632000,teleport_tsunami|teleport_tsunami,4|7,5|8,31.802516,31.829075,400-500,351-500,short_corrections_only
SITE1_P18,P18,SITE1,tsunami,B,1,3,2,P18_race_tsunami_B_3.csv,10,11,12,15,16,13:55:38.697,13:55:41.793,13:55:41.793,13:55:45.554,13:55:47.594,-1828.500000,-154.300000,2255.100000,-2183.500000,-156.800000,1969.600000,-2209.200000,-154.400000,1962.800000,-2186.100000,-155.200000,1968.600000,455.560369,455.567229,479.970603,479.970614,26.584394,26.692508,2.785678,3.212476,false,1,2,true,false,23.647833,23.658191,23.647833,23.658191,2.258000,6.857000,2.040000,teleport_tsunami|teleport_tsunami,11|14,12|15,23.647833,23.658191,400-500,351-500,short_corrections_only
SITE1_P18,P18,SITE1,tsunami,B,1,3,3,P18_race_tsunami_B_3.csv,17,18,19,22,23,13:55:50.130,13:55:53.191,13:55:53.191,13:55:54.679,13:55:56.961,-2186.000000,-155.200000,1969.000000,-2489.500000,-157.100000,2081.700000,-2481.400000,-155.500000,2081.000000,-2489.000000,-155.500000,2080.000000,323.749193,323.754768,315.919547,315.919689,8.130191,8.286133,1.772005,2.387467,false,1,2,true,false,7.665507,7.665507,7.665507,7.665507,0.811000,4.549000,2.282000,teleport_tsunami|teleport_tsunami,18|21,19|22,7.665507,7.665507,300-400,200-350,short_corrections_only
SITE1_P18,P18,SITE1,tsunami,B,1,3,4,P18_race_tsunami_B_3.csv,24,25,26,32,33,13:55:58.414,13:56:00.936,13:56:00.936,13:56:08.702,13:56:10.599,-2489.100000,-155.500000,2080.000000,-2630.000000,-156.100000,2448.000000,-2645.300000,-155.100000,2481.300000,-2631.200000,-154.600000,2442.000000,394.051786,394.052243,430.627600,430.627786,36.646692,36.660333,6.118823,6.300000,false,2,3,true,false,56.067260,56.071640,48.984181,48.987856,2.859000,10.288000,1.897000,teleport_tsunami|teleport_tsunami|teleport_tsunami,25|28|31,26|29|32,48.984181|7.083078,48.987856|7.083784,300-400,351-500,short_corrections_only
SITE1_P18,P18,SITE1,tsunami,B,1,3,5,P18_race_tsunami_B_3.csv,34,35,36,39,40,13:56:13.278,13:56:15.613,13:56:15.613,13:56:22.206,13:56:25.194,-2631.200000,-154.500000,2442.000000,-2978.700000,-155.900000,2306.500000,-3011.500000,-154.700000,2281.300000,-2975.300000,-154.300000,2307.400000,372.983244,372.985871,412.859032,412.859080,41.362785,41.380188,3.517101,3.863936,false,1,2,true,false,44.723260,44.725049,44.723260,44.725049,2.523000,8.928000,2.988000,teleport_tsunami|teleport_tsunami,35|38,36|39,44.723260,44.725049,300-400,351-500,short_corrections_only
SITE1_P18,P18,SITE1,tsunami,B,1,3,6,P18_race_tsunami_B_3.csv,41,42,43,46,47,13:56:27.473,13:56:32.524,13:56:32.524,13:56:34.591,13:56:36.662,-2975.200000,-154.200000,2307.400000,-2999.000000,-156.000000,1931.000000,-3004.400000,-154.200000,1963.900000,-3000.600000,-154.400000,1931.600000,377.151694,377.155989,344.738872,344.738872,33.340216,33.388771,1.708801,2.340940,false,1,2,true,false,32.522761,32.523376,32.522761,32.523376,0.764000,7.118000,2.071000,teleport_tsunami|teleport_tsunami,42|45,43|46,32.522761,32.523376,300-400,351-500,short_corrections_only
SITE1_P18,P18,SITE1,tsunami,C,1,1,1,P18_race_tsunami_C_1.csv,3,4,5,11,12,13:51:04.096,13:51:06.231,13:51:06.231,13:51:18.227,13:51:21.561,-2003.400000,-141.800000,179.400000,-2299.700000,-147.700000,56.800000,-2337.200000,-146.000000,50.600000,-2299.400000,-146.200000,55.600000,320.662517,320.716791,357.787479,357.812129,38.009078,38.047076,1.236932,1.944222,false,2,3,true,false,48.194461,48.197321,43.246734,43.248584,4.426000,14.131000,3.334000,teleport_tsunami|teleport_tsunami|teleport_tsunami,4|7|10,5|8|11,43.246734|4.947727,43.248584|4.948737,300-400,200-350,short_corrections_only
SITE1_P18,P18,SITE1,tsunami,C,1,1,2,P18_race_tsunami_C_1.csv,13,14,15,18,19,13:51:26.498,13:51:28.677,13:51:28.677,13:51:34.353,13:51:36.668,-2299.600000,-146.200000,55.800000,-2303.900000,-147.000000,-387.200000,-2317.600000,-145.500000,-448.400000,-2306.200000,-145.500000,-392.800000,443.020869,443.021591,504.521199,504.521684,62.714671,62.732607,6.053924,6.236986,false,1,2,true,false,56.716841,56.716841,56.716841,56.716841,3.391000,7.855000,2.315000,teleport_tsunami|teleport_tsunami,14|17,15|18,56.716841,56.716841,400-500,351-500,short_corrections_only
SITE1_P18,P18,SITE1,tsunami,C,1,1,3,P18_race_tsunami_C_1.csv,20,21,22,25,26,13:51:38.681,13:51:42.210,13:51:42.210,13:51:46.037,13:51:50.581,-2306.100000,-145.500000,-392.900000,-1943.900000,-143.600000,-367.100000,-1933.200000,-141.600000,-369.700000,-1943.900000,-142.000000,-368.700000,363.117722,363.122693,373.620998,373.641352,11.011358,11.191515,1.600000,2.262742,false,1,2,true,false,10.729865,10.737318,10.729865,10.737318,2.765000,7.356000,4.544000,teleport_tsunami|teleport_tsunami,21|24,22|25,10.729865,10.737318,300-400,351-500,short_corrections_only
SITE1_P18,P18,SITE1,tsunami,C,1,1,4,P18_race_tsunami_C_1.csv,27,28,29,32,33,13:51:52.942,13:51:58.299,13:51:58.299,13:52:04.455,13:52:09.006,-1944.200000,-142.000000,-368.700000,-2025.000000,-148.600000,-798.000000,-2028.300000,-146.500000,-821.700000,-2026.100000,-147.100000,-797.500000,436.837647,436.887503,460.740502,460.762477,23.928644,24.020616,1.208305,1.926136,false,1,2,true,false,24.481830,24.489181,24.481830,24.489181,3.763000,11.513000,4.551000,teleport_tsunami|teleport_tsunami,28|31,29|32,24.481830,24.489181,400-500,351-500,short_corrections_only
SITE1_P18,P18,SITE1,tsunami,C,1,1,5,P18_race_tsunami_C_1.csv,34,35,36,39,40,13:52:11.640,13:52:15.535,13:52:15.535,13:52:19.378,13:52:24.110,-2026.300000,-147.000000,-797.500000,-1819.400000,-140.800000,-1190.000000,-1848.700000,-139.000000,-1162.400000,-1824.400000,-139.400000,-1188.600000,443.693430,443.736746,405.824802,405.903646,40.252329,40.292555,5.192302,5.377732,false,1,2,true,false,35.666231,35.668473,35.666231,35.668473,1.214000,7.738000,4.732000,teleport_tsunami|teleport_tsunami,35|38,36|39,35.666231,35.668473,400-500,351-500,short_corrections_only
SITE1_P18,P18,SITE1,tsunami,C,1,1,6,P18_race_tsunami_C_1.csv,41,42,43,46,47,13:52:25.996,13:52:31.874,13:52:31.874,13:52:36.619,13:52:39.977,-1824.400000,-139.400000,-1188.600000,-1375.200000,-127.000000,-1014.300000,-1366.800000,-125.200000,-1005.300000,-1374.400000,-125.400000,-1012.900000,481.831018,481.990550,492.946904,493.151386,12.310971,12.441865,1.612452,2.271563,false,1,2,true,false,10.677547,10.679419,10.677547,10.679419,2.984000,10.623000,3.358000,teleport_tsunami|teleport_tsunami,42|45,43|46,10.677547,10.679419,400-500,351-500,short_corrections_only
SITE1_P19,P19,SITE1,map,A,2,5,1,P19_race_map_A_5.csv,3,4,5,5,6,16:09:10.189,16:09:14.675,16:09:14.675,16:09:14.675,16:09:18.817,1364.500000,-136.900000,-2182.400000,1036.100000,-125.400000,-1926.600000,1037.100000,-123.900000,-1926.700000,1037.100000,-123.900000,-1926.700000,416.269384,416.428205,415.498183,415.701503,1.004988,1.805547,1.004988,1.805547,true,0,1,true,false,0.000000,0.000000,0.000000,0.000000,,4.486000,4.142000,teleport_map,4,5,,,400-500,351-500,direct_hit
SITE1_P19,P19,SITE1,map,A,2,5,2,P19_race_map_A_5.csv,12,13,14,14,15,16:09:28.874,16:09:31.686,16:09:31.686,16:09:31.686,16:09:35.240,663.700000,-121.200000,-2100.600000,193.000000,-120.500000,-2075.600000,194.800000,-118.900000,-2076.900000,194.800000,-118.900000,-2076.900000,471.363437,471.363957,469.498562,469.503717,2.220360,2.736786,2.220360,2.736786,true,0,1,true,false,0.000000,0.000000,0.000000,0.000000,,2.812000,3.554000,teleport_map,13,14,,,400-500,351-500,direct_hit
SITE1_P19,P19,SITE1,map,A,2,5,3,P19_race_map_A_5.csv,16,17,18,18,19,16:09:35.672,16:09:38.259,16:09:38.259,16:09:38.259,16:09:41.393,194.800000,-119.000000,-2076.800000,207.800000,-130.500000,-1742.200000,207.800000,-129.000000,-1741.400000,207.800000,-129.000000,-1741.400000,334.852445,335.049862,335.651843,335.800774,0.800000,1.700000,0.800000,1.700000,true,0,1,true,false,0.000000,0.000000,0.000000,0.000000,,2.587000,3.134000,teleport_map,17,18,,,300-400,200-350,direct_hit
SITE1_P19,P19,SITE1,map,A,2,5,4,P19_race_map_A_5.csv,20,21,22,22,23,16:09:41.767,16:09:44.021,16:09:44.021,16:09:44.021,16:09:49.029,207.800000,-129.000000,-1741.500000,-221.000000,-110.700000,-1770.000000,-217.900000,-109.300000,-1769.000000,-217.900000,-109.300000,-1769.000000,429.746076,430.135537,424.465982,424.913662,3.257299,3.545420,3.257299,3.545420,true,0,1,true,false,0.000000,0.000000,0.000000,0.000000,,2.254000,5.008000,teleport_map,21,22,,,400-500,351-500,direct_hit
SITE1_P19,P19,SITE1,map,A,2,5,5,P19_race_map_A_5.csv,24,25,26,26,27,16:09:50.219,16:09:52.380,16:09:52.380,16:09:52.380,16:09:57.007,-217.900000,-109.300000,-1769.000000,-640.700000,-108.700000,-1512.100000,-637.300000,-107.100000,-1513.300000,-637.300000,-107.100000,-1513.300000,494.729674,494.730037,478.010983,478.015596,3.605551,3.944617,3.605551,3.944617,true,0,1,true,false,0.000000,0.000000,0.000000,0.000000,,2.161000,4.627000,teleport_map,25,26,,,400-500,351-500,direct_hit
SITE1_P19,P19,SITE1,map,B,2,6,1,P19_race_map_B_6.csv,3,4,5,5,6,16:10:19.388,16:10:22.645,16:10:22.646,16:10:22.646,16:10:24.976,-1587.500000,-148.200000,1834.200000,-1824.000000,-155.900000,2254.000000,-1824.900000,-154.400000,2253.200000,-1824.900000,-154.400000,2253.200000,481.834297,481.895819,481.629785,481.669690,1.204159,1.923538,1.204159,1.923538,true,0,1,true,false,0.000000,0.000000,0.000000,0.000000,,3.258000,2.330000,teleport_map,4,5,,,400-500,351-500,direct_hit
SITE1_P19,P19,SITE1,map,B,2,6,2,P19_race_map_B_6.csv,7,8,9,9,10,16:10:25.259,16:10:27.907,16:10:27.907,16:10:27.907,16:10:32.713,-1824.900000,-154.400000,2253.100000,-2183.500000,-156.800000,1969.600000,-2184.000000,-155.200000,1969.800000,-2184.000000,-155.200000,1969.800000,457.128221,457.134521,443.191482,443.192035,0.538516,1.688194,0.538516,1.688194,true,0,1,true,false,0.000000,0.000000,0.000000,0.000000,,2.648000,4.806000,teleport_map,8,9,,,400-500,351-500,direct_hit
SITE1_P19,P19,SITE1,map,B,2,6,3,P19_race_map_B_6.csv,11,12,13,13,14,16:10:32.970,16:10:35.908,16:10:35.908,16:10:35.908,16:10:40.863,-2184.000000,-155.200000,1969.800000,-2489.500000,-157.100000,2081.700000,-2490.800000,-155.500000,2081.600000,-2490.800000,-155.500000,2081.600000,325.348828,325.354376,334.698252,334.698491,1.303840,2.063977,1.303840,2.063977,true,0,1,true,false,0.000000,0.000000,0.000000,0.000000,,2.938000,4.955000,teleport_map,12,13,,,300-400,200-350,direct_hit
SITE1_P19,P19,SITE1,map,B,2,6,4,P19_race_map_B_6.csv,15,16,17,17,18,16:10:42.017,16:10:44.445,16:10:44.445,16:10:44.445,16:10:46.359,-2490.900000,-155.600000,2081.600000,-2630.000000,-156.100000,2448.000000,-2627.000000,-154.500000,2451.700000,-2627.000000,-154.500000,2451.700000,391.915514,391.915833,394.331358,394.332626,4.763402,5.024938,4.763402,5.024938,true,0,1,true,false,0.000000,0.000000,0.000000,0.000000,,2.428000,1.914000,teleport_map,16,17,,,300-400,351-500,direct_hit
SITE1_P19,P19,SITE1,map,B,2,6,5,P19_race_map_B_6.csv,19,20,21,21,22,16:10:47.666,16:10:50.292,16:10:50.294,16:10:50.294,16:10:52.290,-2626.900000,-154.600000,2451.700000,-2978.700000,-155.900000,2306.500000,-2978.800000,-154.200000,2304.800000,-2978.800000,-154.200000,2304.800000,380.586758,380.588978,381.330854,381.330972,1.702939,2.406242,1.702939,2.406242,true,0,1,true,false,0.000000,0.000000,0.000000,0.000000,,2.628000,1.996000,teleport_map,20,21,,,300-400,351-500,direct_hit
SITE1_P19,P19,SITE1,map,B,2,6,6,P19_race_map_B_6.csv,23,24,25,25,26,16:10:52.973,16:10:55.981,16:10:55.981,16:10:55.981,16:10:57.936,-2978.700000,-154.300000,2304.800000,-2999.000000,-156.000000,1931.000000,-3002.100000,-154.300000,1931.700000,-3002.100000,-154.300000,1931.700000,374.350811,374.354671,373.826832,373.826845,3.178050,3.604164,3.178050,3.604164,true,0,1,true,false,0.000000,0.000000,0.000000,0.000000,,3.008000,1.955000,teleport_map,24,25,,,300-400,351-500,direct_hit
SITE1_P19,P19,SITE1,map,C,2,7,1,P19_race_map_C_7.csv,3,4,5,5,6,16:11:14.070,16:11:19.460,16:11:19.460,16:11:19.460,16:11:23.252,-2005.500000,-142.500000,167.400000,-2299.700000,-147.700000,56.800000,-2301.200000,-146.200000,53.900000,-2301.200000,-146.200000,53.900000,314.302402,314.345415,316.734494,316.757289,3.264966,3.593049,3.264966,3.593049,true,0,1,true,false,0.000000,0.000000,0.000000,0.000000,,5.390000,3.792000,teleport_map,4,5,,,300-400,200-350,direct_hit
SITE1_P19,P19,SITE1,map,C,2,7,2,P19_race_map_C_7.csv,7,8,9,9,10,16:11:23.468,16:11:26.836,16:11:26.836,16:11:26.836,16:11:29.931,-2301.100000,-146.300000,53.900000,-2303.900000,-147.000000,-387.200000,-2305.900000,-145.400000,-383.500000,-2305.900000,-145.400000,-383.500000,441.108887,441.109442,437.526331,437.527062,4.205948,4.500000,4.205948,4.500000,true,0,1,true,false,0.000000,0.000000,0.000000,0.000000,,3.368000,3.095000,teleport_map,8,9,,,400-500,351-500,direct_hit
SITE1_P19,P19,SITE1,map,C,2,7,3,P19_race_map_C_7.csv,11,12,13,13,14,16:11:31.325,16:11:35.835,16:11:35.835,16:11:35.835,16:11:37.794,-2306.000000,-145.500000,-383.500000,-1943.900000,-143.600000,-367.100000,-1946.700000,-142.000000,-365.300000,-1946.700000,-142.000000,-365.300000,362.471199,362.476179,359.760657,359.776722,3.328663,3.693237,3.328663,3.693237,true,0,1,true,false,0.000000,0.000000,0.000000,0.000000,,4.510000,1.959000,teleport_map,12,13,,,300-400,351-500,direct_hit
SITE1_P19,P19,SITE1,map,C,2,7,4,P19_race_map_C_7.csv,15,16,17,17,18,16:11:38.283,16:11:41.333,16:11:41.333,16:11:41.333,16:11:43.477,-1946.600000,-142.100000,-365.400000,-2025.000000,-148.600000,-798.000000,-2029.200000,-147.100000,-795.700000,-2029.200000,-147.100000,-795.700000,439.646813,439.694860,438.156194,438.184721,4.788528,5.017968,4.788528,5.017968,true,0,1,true,false,0.000000,0.000000,0.000000,0.000000,,3.050000,2.144000,teleport_map,16,17,,,400-500,351-500,direct_hit
SITE1_P19,P19,SITE1,map,C,2,7,5,P19_race_map_C_7.csv,19,20,21,21,22,16:11:44.225,16:11:48.158,16:11:48.158,16:11:48.158,16:11:50.823,-2029.100000,-147.200000,-795.700000,-1819.400000,-140.800000,-1190.000000,-1822.300000,-139.200000,-1187.200000,-1822.300000,-139.200000,-1187.200000,446.594425,446.640280,442.809056,442.879521,4.031129,4.337050,4.031129,4.337050,true,0,1,true,false,0.000000,0.000000,0.000000,0.000000,,3.933000,2.665000,teleport_map,20,21,,,400-500,351-500,direct_hit
SITE1_P19,P19,SITE1,map,C,2,7,6,P19_race_map_C_7.csv,23,24,25,25,26,16:11:51.736,16:11:55.940,16:11:55.940,16:11:55.940,16:12:01.055,-1822.400000,-139.300000,-1187.200000,-1375.200000,-127.000000,-1014.300000,-1380.200000,-125.500000,-1017.100000,-1380.200000,-125.500000,-1017.100000,479.460374,479.618119,473.694437,473.895410,5.730620,5.923681,5.730620,5.923681,true,0,1,true,false,0.000000,0.000000,0.000000,0.000000,,4.204000,5.115000,teleport_map,24,25,,,400-500,351-500,direct_hit
SITE1_P19,P19,SITE1,tsunami,A,1,2,1,P19_race_tsunami_A_2.csv,3,4,5,8,9,15:51:36.603,15:51:37.464,15:51:37.464,15:51:39.049,15:51:40.898,1364.300000,-136.900000,-2182.300000,1036.100000,-125.400000,-1926.600000,1027.700000,-124.000000,-1918.200000,1031.000000,-123.900000,-1924.500000,416.050153,416.209058,427.841524,428.035956,11.879394,11.961605,5.515433,5.715768,false,1,2,true,false,7.111962,7.114773,7.111962,7.114773,0.558000,2.446000,1.849000,teleport_tsunami|teleport_tsunami,4|7,5|8,7.111962,7.114773,400-500,351-500,short_corrections_only
SITE1_P19,P19,SITE1,tsunami,A,1,2,2,P19_race_tsunami_A_2.csv,10,11,12,15,16,15:51:41.906,15:51:42.970,15:51:42.970,15:51:44.760,15:51:47.246,1031.200000,-123.800000,-1924.600000,660.800000,-122.800000,-2101.300000,648.400000,-121.200000,-2112.400000,655.500000,-121.200000,-2104.400000,410.388901,410.390119,426.385600,426.393527,16.642416,16.719151,6.140033,6.345077,false,1,2,true,false,10.696261,10.696728,10.696261,10.696728,1.098000,2.854000,2.486000,teleport_tsunami|teleport_tsunami,11|14,12|15,10.696261,10.696728,400-500,351-500,short_corrections_only
SITE1_P19,P19,SITE1,tsunami,A,1,2,3,P19_race_tsunami_A_2.csv,17,18,19,22,23,15:51:48.596,15:51:49.805,15:51:49.805,15:51:50.730,15:51:52.271,655.300000,-121.200000,-2104.500000,193.000000,-120.500000,-2075.600000,203.000000,-118.900000,-2080.600000,193.000000,-118.900000,-2077.600000,463.202440,463.202968,452.931010,452.936850,11.180340,11.294246,2.000000,2.561250,false,1,2,true,false,10.536128,10.536128,10.536128,10.536128,0.579000,2.134000,1.541000,teleport_tsunami|teleport_tsunami,18|21,19|22,10.536128,10.536128,400-500,351-500,short_corrections_only
SITE1_P19,P19,SITE1,tsunami,A,1,2,4,P19_race_tsunami_A_2.csv,26,27,28,31,32,15:51:56.892,15:51:58.403,15:51:58.403,15:52:00.013,15:52:01.064,193.000000,-118.900000,-2077.500000,207.800000,-130.500000,-1742.200000,204.700000,-129.100000,-1725.800000,205.400000,-129.000000,-1740.900000,335.626474,335.826875,351.894558,352.042355,16.690416,16.749030,2.729469,3.114482,false,1,2,true,false,15.116216,15.116547,15.116216,15.116547,0.936000,3.121000,1.051000,teleport_tsunami|teleport_tsunami,27|30,28|31,15.116216,15.116547,300-400,200-350,short_corrections_only
SITE1_P19,P19,SITE1,tsunami,A,1,2,5,P19_race_tsunami_A_2.csv,33,34,35,38,39,15:52:02.465,15:52:03.604,15:52:03.604,15:52:05.231,15:52:06.477,205.400000,-129.000000,-1740.900000,-221.000000,-110.700000,-1770.000000,-243.300000,-108.500000,-1767.700000,-224.900000,-109.100000,-1770.700000,427.391823,427.783427,449.499644,449.966865,22.418296,22.525985,3.962323,4.273172,false,1,2,true,false,18.642961,18.649665,18.642961,18.649665,0.987000,2.766000,1.246000,teleport_tsunami|teleport_tsunami,34|37,35|38,18.642961,18.649665,400-500,351-500,short_corrections_only
SITE1_P19,P19,SITE1,tsunami,A,1,2,6,P19_race_tsunami_A_2.csv,40,41,42,45,46,15:52:07.795,15:52:09.241,15:52:09.241,15:52:10.284,15:52:11.152,-225.000000,-109.100000,-1770.600000,-640.700000,-108.700000,-1512.100000,-629.200000,-107.100000,-1525.100000,-645.300000,-107.200000,-1510.300000,489.518886,489.519050,472.914252,472.918481,17.356555,17.430146,4.939636,5.162364,false,1,2,true,false,21.868928,21.868928,21.868928,21.868928,0.487000,2.489000,0.868000,teleport_tsunami|teleport_tsunami,41|44,42|45,21.868928,21.868928,400-500,351-500,short_corrections_only
SITE1_P19,P19,SITE1,tsunami,B,1,3,1,P19_race_tsunami_B_3.csv,3,4,5,8,9,15:52:47.337,15:52:49.029,15:52:49.029,15:52:50.163,15:52:51.548,-1587.700000,-148.100000,1834.200000,-1824.000000,-155.900000,2254.000000,-1811.800000,-154.400000,2229.700000,-1826.200000,-154.400000,2253.700000,481.736162,481.799305,454.577892,454.621546,27.190623,27.231967,2.220360,2.679552,false,1,2,true,false,28.040150,28.040150,28.040150,28.040150,0.448000,2.826000,1.385000,teleport_tsunami|teleport_tsunami,4|7,5|8,28.040150,28.040150,400-500,351-500,short_corrections_only
SITE1_P19,P19,SITE1,tsunami,B,1,3,2,P19_race_tsunami_B_3.csv,10,11,12,15,16,15:52:52.653,15:52:53.806,15:52:53.806,15:52:55.125,15:52:56.620,-1826.200000,-154.300000,2253.600000,-2183.500000,-156.800000,1969.600000,-2169.800000,-155.100000,1985.700000,-2186.300000,-155.200000,1969.300000,456.420081,456.426927,435.696420,435.697154,21.140009,21.208253,2.816026,3.238827,false,1,2,true,false,23.263921,23.264135,23.263921,23.264135,0.408000,2.472000,1.495000,teleport_tsunami|teleport_tsunami,11|14,12|15,23.263921,23.264135,400-500,351-500,short_corrections_only
SITE1_P19,P19,SITE1,tsunami,B,1,3,3,P19_race_tsunami_B_3.csv,17,18,19,19,20,15:52:57.489,15:52:58.618,15:52:58.618,15:52:58.618,15:52:59.970,-2186.400000,-155.200000,1969.300000,-2489.500000,-157.100000,2081.700000,-2492.300000,-155.500000,2078.300000,-2492.300000,-155.500000,2078.300000,323.269810,323.275393,324.739603,324.739742,4.404543,4.686150,4.404543,4.686150,true,0,1,true,false,0.000000,0.000000,0.000000,0.000000,,1.129000,1.352000,teleport_tsunami,18,19,,,300-400,200-350,direct_hit
SITE1_P19,P19,SITE1,tsunami,B,1,3,4,P19_race_tsunami_B_3.csv,21,22,23,26,27,15:53:00.749,15:53:01.723,15:53:01.723,15:53:02.904,15:53:04.013,-2492.300000,-155.500000,2078.300000,-2630.000000,-156.100000,2448.000000,-2614.500000,-154.600000,2419.700000,-2633.400000,-154.600000,2448.600000,394.511571,394.512028,362.611086,362.612203,32.266701,32.301548,3.452535,3.764306,false,1,2,true,false,34.531435,34.531435,34.531435,34.531435,0.422000,2.155000,1.109000,teleport_tsunami|teleport_tsunami,22|25,23|26,34.531435,34.531435,300-400,351-500,short_corrections_only
SITE1_P19,P19,SITE1,tsunami,B,1,3,5,P19_race_tsunami_B_3.csv,28,29,30,36,37,15:53:04.788,15:53:05.913,15:53:05.913,15:53:08.721,15:53:10.423,-2633.300000,-154.500000,2448.600000,-2978.700000,-155.900000,2306.500000,-2941.000000,-153.600000,2303.900000,-2980.400000,-154.300000,2304.200000,373.488380,373.491004,340.025558,340.026749,37.789549,37.859477,2.860070,3.277194,false,2,3,true,false,58.985948,58.994489,49.117818,49.124332,0.520000,3.933000,1.702000,teleport_tsunami|teleport_tsunami|teleport_tsunami,29|32|35,30|33|36,49.117818|9.868131,49.124332|9.870157,300-400,351-500,short_corrections_only
SITE1_P19,P19,SITE1,tsunami,B,1,3,6,P19_race_tsunami_B_3.csv,38,39,40,43,44,15:53:11.433,15:53:12.529,15:53:12.529,15:53:13.487,15:53:14.682,-2980.400000,-154.200000,2304.200000,-2999.000000,-156.000000,1931.000000,-3002.300000,-154.200000,1952.800000,-3000.300000,-154.400000,1924.400000,373.663217,373.667553,352.081766,352.081766,22.048356,22.121709,6.726812,6.914478,false,1,2,true,false,28.363709,28.364414,28.363709,28.364414,0.449000,2.054000,1.195000,teleport_tsunami|teleport_tsunami,39|42,40|43,28.363709,28.364414,300-400,351-500,short_corrections_only
SITE1_P19,P19,SITE1,tsunami,C,1,1,1,P19_race_tsunami_C_1.csv,3,4,5,5,6,15:49:59.384,15:50:00.763,15:50:00.764,15:50:00.764,15:50:03.385,-2003.500000,-141.800000,179.500000,-2299.700000,-147.700000,56.800000,-2305.900000,-146.000000,49.600000,-2305.900000,-146.000000,49.600000,320.608375,320.662658,329.080233,329.107034,9.501579,9.652461,9.501579,9.652461,true,0,1,true,false,0.000000,0.000000,0.000000,0.000000,,1.380000,2.621000,teleport_tsunami,4,5,,,300-400,200-350,direct_hit
SITE1_P19,P19,SITE1,tsunami,C,1,1,2,P19_race_tsunami_C_1.csv,7,8,9,12,13,15:50:04.747,15:50:06.380,15:50:06.380,15:50:08.269,15:50:10.191,-2305.800000,-146.000000,49.600000,-2303.900000,-147.000000,-387.200000,-2306.800000,-145.500000,-401.400000,-2307.000000,-145.400000,-384.700000,436.804132,436.805277,451.001109,451.001386,14.493102,14.570518,3.982462,4.291853,false,1,2,true,false,16.602711,16.603915,16.602711,16.603915,1.380000,3.522000,1.922000,teleport_tsunami|teleport_tsunami,8|11,9|12,16.602711,16.603915,400-500,351-500,short_corrections_only
SITE1_P19,P19,SITE1,tsunami,C,1,1,3,P19_race_tsunami_C_1.csv,14,15,16,16,17,15:50:11.946,15:50:13.144,15:50:13.144,15:50:13.144,15:50:14.684,-2307.000000,-145.400000,-384.700000,-1943.900000,-143.600000,-367.100000,-1948.000000,-142.000000,-365.800000,-1948.000000,-142.000000,-365.800000,363.526299,363.530755,359.497163,359.513240,4.301163,4.589118,4.301163,4.589118,true,0,1,true,false,0.000000,0.000000,0.000000,0.000000,,1.198000,1.540000,teleport_tsunami,15,16,,,300-400,351-500,direct_hit
SITE1_P19,P19,SITE1,tsunami,C,1,1,4,P19_race_tsunami_C_1.csv,18,19,20,23,24,15:50:16.357,15:50:18.084,15:50:18.085,15:50:19.126,15:50:20.280,-1947.900000,-142.000000,-365.800000,-2025.000000,-148.600000,-798.000000,-2021.000000,-147.200000,-781.500000,-2027.500000,-146.900000,-803.000000,439.023063,439.072671,422.078310,422.110341,16.977927,17.035551,5.590170,5.842944,false,1,2,true,false,22.461077,22.463081,22.461077,22.463081,0.605000,2.769000,1.154000,teleport_tsunami|teleport_tsunami,19|22,20|23,22.461077,22.463081,400-500,351-500,short_corrections_only
SITE1_P19,P19,SITE1,tsunami,C,1,1,5,P19_race_tsunami_C_1.csv,25,26,27,30,31,15:50:20.723,15:50:21.831,15:50:21.832,15:50:23.114,15:50:24.179,-2027.500000,-146.900000,-803.000000,-1819.400000,-140.800000,-1190.000000,-1851.400000,-139.300000,-1147.800000,-1822.600000,-139.300000,-1190.100000,439.402560,439.444900,387.166954,387.241540,52.960740,52.981978,3.201562,3.535534,false,1,2,true,false,51.173528,51.173528,51.173528,51.173528,0.476000,2.391000,1.065000,teleport_tsunami|teleport_tsunami,26|29,27|30,51.173528,51.173528,400-500,351-500,short_corrections_only
SITE1_P19,P19,SITE1,tsunami,C,1,1,6,P19_race_tsunami_C_1.csv,32,33,34,37,38,15:50:25.025,15:50:27.302,15:50:27.303,15:50:28.398,15:50:29.611,-1822.600000,-139.200000,-1190.100000,-1375.200000,-127.000000,-1014.300000,-1399.500000,-125.800000,-1013.200000,-1376.700000,-125.400000,-1015.500000,480.699906,480.854697,458.592651,458.788383,24.324884,24.354466,1.920937,2.500000,false,1,2,true,false,22.915715,22.919206,22.915715,22.919206,0.463000,3.373000,1.213000,teleport_tsunami|teleport_tsunami,33|36,34|37,22.915715,22.919206,400-500,351-500,short_corrections_only
SITE1_P20,P20,SITE1,map,A,1,2,1,P20_race_map_A_2.csv,3,4,5,5,6,17:08:44.702,17:08:47.701,17:08:47.701,17:08:47.701,17:08:51.515,1364.300000,-137.000000,-2182.400000,1036.100000,-125.400000,-1926.600000,1037.600000,-123.800000,-1927.600000,1037.600000,-123.800000,-1927.600000,416.111620,416.273276,408.209272,408.419417,1.802776,2.410394,1.802776,2.410394,true,0,1,true,false,0.000000,0.000000,0.000000,0.000000,,2.999000,3.814000,teleport_map,4,5,,,400-500,351-500,direct_hit
SITE1_P20,P20,SITE1,map,A,1,2,2,P20_race_map_A_2.csv,7,8,9,9,10,17:08:51.863,17:08:55.770,17:08:55.771,17:08:55.771,17:08:57.243,1037.700000,-123.900000,-1927.800000,660.800000,-122.800000,-2101.300000,661.400000,-121.100000,-2098.300000,661.400000,-121.100000,-2098.300000,414.916690,414.918149,413.165887,413.174709,3.059412,3.500000,3.059412,3.500000,true,0,1,true,false,0.000000,0.000000,0.000000,0.000000,,3.908000,1.472000,teleport_map,8,9,,,400-500,351-500,direct_hit
SITE1_P20,P20,SITE1,map,A,1,2,3,P20_race_map_A_2.csv,11,12,13,13,14,17:08:59.055,17:09:02.111,17:09:02.112,17:09:02.112,17:09:04.598,661.300000,-121.200000,-2098.400000,193.000000,-120.500000,-2075.600000,193.500000,-118.800000,-2075.000000,193.500000,-118.800000,-2075.000000,468.854700,468.855223,468.374935,468.380582,0.781025,1.870829,0.781025,1.870829,true,0,1,true,false,0.000000,0.000000,0.000000,0.000000,,3.057000,2.486000,teleport_map,12,13,,,400-500,351-500,direct_hit
SITE1_P20,P20,SITE1,map,A,1,2,4,P20_race_map_A_2.csv,15,16,17,17,18,17:09:04.773,17:09:07.984,17:09:07.984,17:09:07.984,17:09:09.491,193.500000,-118.900000,-2075.000000,207.800000,-130.500000,-1742.200000,205.800000,-128.700000,-1746.400000,205.800000,-128.700000,-1746.400000,333.107085,333.309001,328.930053,329.079003,4.651881,4.987986,4.651881,4.987986,true,0,1,true,false,0.000000,0.000000,0.000000,0.000000,,3.211000,1.507000,teleport_map,16,17,,,300-400,200-350,direct_hit
SITE1_P20,P20,SITE1,map,A,1,2,5,P20_race_map_A_2.csv,19,20,21,21,22,17:09:10.405,17:09:13.316,17:09:13.316,17:09:13.316,17:09:14.679,205.800000,-128.700000,-1746.600000,-221.000000,-110.700000,-1770.000000,-220.600000,-109.100000,-1770.100000,-220.600000,-109.100000,-1770.100000,427.440990,427.819822,427.047082,427.496632,0.412311,1.652271,0.412311,1.652271,true,0,1,true,false,0.000000,0.000000,0.000000,0.000000,,2.911000,1.363000,teleport_map,20,21,,,400-500,351-500,direct_hit
SITE1_P20,P20,SITE1,map,A,1,2,6,P20_race_map_A_2.csv,23,24,25,25,26,17:09:15.412,17:09:18.684,17:09:18.684,17:09:18.684,17:09:20.197,-220.700000,-109.100000,-1770.100000,-640.700000,-108.700000,-1512.100000,-639.500000,-107.000000,-1514.500000,-639.500000,-107.000000,-1514.500000,492.913786,492.913948,490.703740,490.707815,2.683282,3.176476,2.683282,3.176476,true,0,1,true,false,0.000000,0.000000,0.000000,0.000000,,3.272000,1.513000,teleport_map,24,25,,,400-500,351-500,direct_hit
SITE1_P20,P20,SITE1,map,B,1,3,1,P20_race_map_B_3.csv,3,4,5,5,6,17:09:37.741,17:09:39.907,17:09:39.908,17:09:39.908,17:09:41.364,-1587.600000,-148.200000,1834.100000,-1824.000000,-155.900000,2254.000000,-1825.500000,-154.200000,2252.700000,-1825.500000,-154.200000,2252.700000,481.872359,481.933875,481.479356,481.516739,1.984943,2.613427,1.984943,2.613427,true,0,1,true,false,0.000000,0.000000,0.000000,0.000000,,2.167000,1.456000,teleport_map,4,5,,,400-500,351-500,direct_hit
SITE1_P20,P20,SITE1,map,B,1,3,2,P20_race_map_B_3.csv,7,8,9,9,10,17:09:42.431,17:09:45.823,17:09:45.823,17:09:45.823,17:09:47.910,-1825.500000,-154.300000,2252.400000,-2183.500000,-156.800000,1969.600000,-2183.600000,-155.100000,1967.000000,-2183.600000,-155.100000,1967.000000,456.223454,456.230304,458.042542,458.043426,2.601922,3.108054,2.601922,3.108054,true,0,1,true,false,0.000000,0.000000,0.000000,0.000000,,3.392000,2.087000,teleport_map,8,9,,,400-500,351-500,direct_hit
SITE1_P20,P20,SITE1,map,B,1,3,3,P20_race_map_B_3.csv,11,12,13,13,14,17:09:48.295,17:09:51.166,17:09:51.166,17:09:51.166,17:09:52.553,-2183.600000,-155.200000,1966.900000,-2489.500000,-157.100000,2081.700000,-2486.900000,-155.300000,2086.300000,-2486.900000,-155.300000,2086.300000,326.732077,326.737601,325.882694,325.882755,5.283938,5.582114,5.283938,5.582114,true,0,1,true,false,0.000000,0.000000,0.000000,0.000000,,2.871000,1.387000,teleport_map,12,13,,,300-400,200-350,direct_hit
SITE1_P20,P20,SITE1,map,B,1,3,4,P20_race_map_B_3.csv,15,16,17,17,18,17:09:53.306,17:09:55.308,17:09:55.308,17:09:55.308,17:09:56.904,-2487.000000,-155.400000,2086.200000,-2630.000000,-156.100000,2448.000000,-2627.900000,-154.500000,2445.800000,-2627.900000,-154.500000,2445.800000,389.035011,389.035641,386.182340,386.183389,3.041381,3.436568,3.041381,3.436568,true,0,1,true,false,0.000000,0.000000,0.000000,0.000000,,2.002000,1.596000,teleport_map,16,17,,,300-400,351-500,direct_hit
SITE1_P20,P20,SITE1,map,B,1,3,5,P20_race_map_B_3.csv,19,20,21,21,22,17:09:57.331,17:09:59.283,17:09:59.283,17:09:59.283,17:10:00.945,-2628.000000,-154.500000,2445.700000,-2978.700000,-155.900000,2306.500000,-2980.400000,-154.400000,2307.900000,-2980.400000,-154.400000,2307.900000,377.315690,377.318287,378.384196,378.384210,2.202272,2.664583,2.202272,2.664583,true,0,1,true,false,0.000000,0.000000,0.000000,0.000000,,1.952000,1.662000,teleport_map,20,21,,,300-400,351-500,direct_hit
SITE1_P20,P20,SITE1,map,B,1,3,6,P20_race_map_B_3.csv,23,24,25,25,26,17:10:01.333,17:10:04.647,17:10:04.647,17:10:04.647,17:10:06.560,-2980.300000,-154.400000,2307.900000,-2999.000000,-156.000000,1931.000000,-2996.700000,-154.400000,1931.900000,-2996.700000,-154.400000,1931.900000,377.363618,377.367010,376.557300,376.557313,2.469818,2.942788,2.469818,2.942788,true,0,1,true,false,0.000000,0.000000,0.000000,0.000000,,3.314000,1.913000,teleport_map,24,25,,,300-400,351-500,direct_hit
SITE1_P20,P20,SITE1,map,C,1,1,1,P20_race_map_C_1.csv,3,4,5,5,6,17:07:25.564,17:07:29.333,17:07:29.333,17:07:29.333,17:07:35.082,-2003.300000,-141.900000,179.400000,-2299.700000,-147.700000,56.800000,-2298.400000,-146.100000,54.100000,-2298.400000,-146.100000,54.100000,320.754922,320.807357,321.480637,321.510746,2.996665,3.397058,2.996665,3.397058,true,0,1,true,false,0.000000,0.000000,0.000000,0.000000,,3.769000,5.749000,teleport_map,4,5,,,300-400,200-350,direct_hit
SITE1_P20,P20,SITE1,map,C,1,1,2,P20_race_map_C_1.csv,7,8,9,9,10,17:07:36.215,17:07:45.992,17:07:45.996,17:07:45.996,17:07:49.832,-2298.400000,-146.200000,53.800000,-2303.900000,-147.000000,-387.200000,-2300.100000,-145.400000,-392.000000,-2300.100000,-145.400000,-392.000000,441.034296,441.035021,445.903241,445.903790,6.122091,6.327717,6.122091,6.327717,true,0,1,true,false,0.000000,0.000000,0.000000,0.000000,,9.781000,3.836000,teleport_map,8,9,,,400-500,351-500,direct_hit
SITE1_P20,P20,SITE1,map,C,1,1,3,P20_race_map_C_1.csv,11,12,13,13,14,17:07:52.188,17:07:54.846,17:07:54.847,17:07:54.847,17:07:57.202,-2300.000000,-145.600000,-392.000000,-1943.900000,-143.600000,-367.100000,-1943.600000,-141.900000,-364.700000,-1943.600000,-141.900000,-364.700000,356.969494,356.975097,357.551409,357.569532,2.418677,2.956349,2.418677,2.956349,true,0,1,true,false,0.000000,0.000000,0.000000,0.000000,,2.659000,2.355000,teleport_map,12,13,,,300-400,351-500,direct_hit
SITE1_P20,P20,SITE1,map,C,1,1,4,P20_race_map_C_1.csv,15,16,17,17,18,17:07:59.068,17:08:02.006,17:08:02.006,17:08:02.006,17:08:04.361,-1943.400000,-142.100000,-364.700000,-2025.000000,-148.600000,-798.000000,-2024.300000,-146.900000,-799.800000,-2024.300000,-146.900000,-799.800000,440.916602,440.964511,442.618944,442.646066,1.931321,2.572936,1.931321,2.572936,true,0,1,true,false,0.000000,0.000000,0.000000,0.000000,,2.938000,2.355000,teleport_map,16,17,,,400-500,351-500,direct_hit
SITE1_P20,P20,SITE1,map,C,1,1,5,P20_race_map_C_1.csv,19,20,21,21,22,17:08:05.655,17:08:08.000,17:08:08.001,17:08:08.001,17:08:09.987,-2024.200000,-147.000000,-799.800000,-1819.400000,-140.800000,-1190.000000,-1816.800000,-138.900000,-1186.700000,-1816.800000,-138.900000,-1186.700000,440.680247,440.723859,438.942468,439.013553,4.201190,4.610857,4.201190,4.610857,true,0,1,true,false,0.000000,0.000000,0.000000,0.000000,,2.346000,1.986000,teleport_map,20,21,,,400-500,351-500,direct_hit
SITE1_P20,P20,SITE1,map,C,1,1,6,P20_race_map_C_1.csv,24,25,26,26,27,17:08:12.922,17:08:15.287,17:08:15.289,17:08:15.289,17:08:17.176,-1816.600000,-139.000000,-1186.600000,-1375.200000,-127.000000,-1014.300000,-1374.500000,-125.400000,-1013.200000,-1374.500000,-125.400000,-1013.200000,473.836733,473.988660,474.946029,475.137854,1.303840,2.063977,1.303840,2.063977,true,0,1,true,false,0.000000,0.000000,0.000000,0.000000,,2.367000,1.887000,teleport_map,25,26,,,400-500,351-500,direct_hit
SITE1_P20,P20,SITE1,tsunami,A,3,11,1,P20_race_tsunami_A_11.csv,3,4,5,5,6,17:29:56.960,17:29:58.386,17:29:58.386,17:29:58.386,17:29:59.228,1364.500000,-136.900000,-2182.600000,1036.100000,-125.400000,-1926.600000,1041.100000,-123.800000,-1925.700000,1041.100000,-123.800000,-1925.700000,416.392315,416.551089,413.019576,413.227274,5.080354,5.326350,5.080354,5.326350,true,0,1,true,false,0.000000,0.000000,0.000000,0.000000,,1.426000,0.842000,teleport_tsunami,4,5,,,400-500,351-500,direct_hit
SITE1_P20,P20,SITE1,tsunami,A,3,11,2,P20_race_tsunami_A_11.csv,7,8,9,12,13,17:29:59.907,17:30:02.438,17:30:02.438,17:30:03.813,17:30:05.252,1041.200000,-123.800000,-1925.600000,660.800000,-122.800000,-2101.300000,655.200000,-121.100000,-2108.400000,657.800000,-121.100000,-2101.700000,419.016288,419.017482,427.096991,427.105526,9.042677,9.201087,3.026549,3.471311,false,1,2,true,false,7.022820,7.022820,7.022820,7.022820,0.760000,3.906000,1.439000,teleport_tsunami|teleport_tsunami,8|11,9|12,7.022820,7.022820,400-500,351-500,short_corrections_only
SITE1_P20,P20,SITE1,tsunami,A,3,11,3,P20_race_tsunami_A_11.csv,14,15,16,25,26,17:30:05.835,17:30:09.196,17:30:09.197,17:30:13.672,17:30:14.357,657.700000,-121.100000,-2101.800000,193.000000,-120.500000,-2075.600000,77.400000,-115.500000,-2067.800000,189.700000,-118.800000,-2072.100000,465.437998,465.438385,581.295183,581.322157,115.862850,115.970686,4.810405,5.101960,false,3,4,true,false,112.333067,112.383946,73.369817,73.409059,0.926000,7.837000,0.685000,teleport_tsunami|teleport_tsunami|teleport_tsunami|teleport_tsunami,15|18|21|24,16|19|22|25,73.369817|34.570074|4.393177,73.409059|34.577160|4.397727,400-500,351-500,short_corrections_only
SITE1_P20,P20,SITE1,tsunami,A,3,11,4,P20_race_tsunami_A_11.csv,28,29,30,30,31,17:30:17.099,17:30:18.835,17:30:18.835,17:30:18.835,17:30:20.014,189.600000,-118.800000,-2072.000000,207.800000,-130.500000,-1742.200000,208.900000,-128.800000,-1739.500000,208.900000,-128.800000,-1739.500000,330.301801,330.508956,333.059664,333.209754,2.915476,3.374907,2.915476,3.374907,true,0,1,true,false,0.000000,0.000000,0.000000,0.000000,,1.736000,1.179000,teleport_tsunami,29,30,,,300-400,200-350,direct_hit
SITE1_P20,P20,SITE1,tsunami,A,3,11,5,P20_race_tsunami_A_11.csv,32,33,34,34,35,17:30:20.455,17:30:23.043,17:30:23.043,17:30:23.043,17:30:24.708,208.900000,-128.800000,-1739.700000,-221.000000,-110.700000,-1770.000000,-227.600000,-109.000000,-1763.200000,-227.600000,-109.000000,-1763.200000,430.966472,431.346392,437.231986,437.684612,9.476286,9.627565,9.476286,9.627565,true,0,1,true,false,0.000000,0.000000,0.000000,0.000000,,2.588000,1.665000,teleport_tsunami,33,34,,,400-500,351-500,direct_hit
SITE1_P20,P20,SITE1,tsunami,A,3,11,6,P20_race_tsunami_A_11.csv,36,37,38,41,42,17:30:25.308,17:30:26.932,17:30:26.932,17:30:27.894,17:30:28.486,-227.800000,-108.900000,-1763.100000,-640.700000,-108.700000,-1512.100000,-631.800000,-107.000000,-1513.100000,-640.900000,-107.000000,-1509.400000,483.205350,483.205391,475.095780,475.099579,8.956004,9.115920,2.707397,3.196873,false,1,2,true,false,9.730879,9.730879,9.730879,9.730879,0.708000,2.586000,0.592000,teleport_tsunami|teleport_tsunami,37|40,38|41,9.730879,9.730879,400-500,351-500,short_corrections_only
SITE1_P20,P20,SITE1,tsunami,B,3,9,1,P20_race_tsunami_B_9.csv,3,4,5,8,9,17:28:28.552,17:28:30.191,17:28:30.192,17:28:32.414,17:28:34.243,-1587.600000,-148.100000,1834.300000,-1824.000000,-155.900000,2254.000000,-1832.900000,-154.400000,2270.000000,-1826.500000,-154.200000,2257.500000,481.698090,481.761238,500.006580,500.046268,18.308741,18.370084,4.301163,4.624932,false,1,2,true,false,13.954211,13.955644,13.954211,13.955644,1.246000,3.862000,1.829000,teleport_tsunami|teleport_tsunami,4|7,5|8,13.954211,13.955644,400-500,351-500,short_corrections_only
SITE1_P20,P20,SITE1,tsunami,B,3,9,2,P20_race_tsunami_B_9.csv,10,11,12,12,13,17:28:34.995,17:28:36.614,17:28:36.614,17:28:36.614,17:28:37.601,-1826.700000,-154.200000,2257.600000,-2183.500000,-156.800000,1969.600000,-2182.100000,-155.100000,1974.900000,-2182.100000,-155.100000,1974.900000,458.530522,458.537894,454.123827,454.124531,5.481788,5.739338,5.481788,5.739338,true,0,1,true,false,0.000000,0.000000,0.000000,0.000000,,1.619000,0.987000,teleport_tsunami,11,12,,,400-500,351-500,direct_hit
SITE1_P20,P20,SITE1,tsunami,B,3,9,3,P20_race_tsunami_B_9.csv,14,15,16,19,20,17:28:38.271,17:28:40.253,17:28:40.253,17:28:42.234,17:28:43.788,-2182.100000,-155.000000,1974.800000,-2489.500000,-157.100000,2081.700000,-2497.900000,-155.400000,2085.700000,-2492.200000,-155.400000,2084.700000,325.457171,325.463946,334.706513,334.706752,9.303763,9.457801,4.036087,4.379498,false,1,2,true,false,5.608921,5.608921,5.608921,5.608921,1.426000,3.963000,1.554000,teleport_tsunami|teleport_tsunami,15|18,16|19,5.608921,5.608921,300-400,200-350,short_corrections_only
SITE1_P20,P20,SITE1,tsunami,B,3,9,4,P20_race_tsunami_B_9.csv,21,22,23,23,24,17:28:44.648,17:28:46.190,17:28:46.190,17:28:46.190,17:28:47.151,-2492.300000,-155.400000,2084.800000,-2630.000000,-156.100000,2448.000000,-2632.400000,-154.400000,2445.200000,-2632.400000,-154.400000,2445.200000,388.426994,388.427625,386.636987,386.638281,3.687818,4.060788,3.687818,4.060788,true,0,1,true,false,0.000000,0.000000,0.000000,0.000000,,1.542000,0.961000,teleport_tsunami,22,23,,,300-400,351-500,direct_hit
SITE1_P20,P20,SITE1,tsunami,B,3,9,5,P20_race_tsunami_B_9.csv,25,26,27,30,31,17:28:48.363,17:28:50.738,17:28:50.738,17:28:53.037,17:28:53.856,-2632.200000,-154.400000,2445.000000,-2978.700000,-155.900000,2306.500000,-3009.400000,-154.600000,2285.200000,-2980.300000,-154.200000,2307.300000,373.154794,373.157808,409.653366,409.653414,37.365492,37.388100,1.788854,2.467793,false,1,2,true,false,36.300138,36.302342,36.300138,36.302342,1.282000,4.674000,0.819000,teleport_tsunami|teleport_tsunami,26|29,27|30,36.300138,36.302342,300-400,351-500,short_corrections_only
SITE1_P20,P20,SITE1,tsunami,B,3,9,6,P20_race_tsunami_B_9.csv,32,33,34,34,35,17:28:54.598,17:28:57.606,17:28:57.606,17:28:57.606,17:28:58.400,-2980.000000,-154.200000,2307.200000,-2999.000000,-156.000000,1931.000000,-3002.600000,-154.100000,1935.800000,-3002.600000,-154.100000,1935.800000,376.679492,376.683793,372.086979,372.086993,6.000000,6.293648,6.000000,6.293648,true,0,1,true,false,0.000000,0.000000,0.000000,0.000000,,3.008000,0.794000,teleport_tsunami,33,34,,,300-400,351-500,direct_hit
SITE1_P20,P20,SITE1,tsunami,C,3,10,1,P20_race_tsunami_C_10.csv,3,4,5,5,6,17:29:12.529,17:29:14.087,17:29:14.087,17:29:14.087,17:29:15.022,-2003.400000,-141.800000,179.400000,-2299.700000,-147.700000,56.800000,-2298.300000,-146.200000,56.300000,-2298.300000,-146.200000,56.300000,320.662517,320.716791,319.561606,319.591896,1.486607,2.111871,1.486607,2.111871,true,0,1,true,false,0.000000,0.000000,0.000000,0.000000,,1.558000,0.935000,teleport_tsunami,4,5,,,300-400,200-350,direct_hit
SITE1_P20,P20,SITE1,tsunami,C,3,10,2,P20_race_tsunami_C_10.csv,7,8,9,12,13,17:29:15.617,17:29:16.937,17:29:16.937,17:29:18.740,17:29:20.337,-2298.400000,-146.200000,56.300000,-2303.900000,-147.000000,-387.200000,-2312.000000,-145.400000,-402.100000,-2302.700000,-145.300000,-383.100000,443.534102,443.534824,458.601701,458.602399,16.959363,17.034671,4.272002,4.597826,false,1,2,true,false,21.064188,21.064425,21.064188,21.064425,1.133000,3.123000,1.597000,teleport_tsunami|teleport_tsunami,8|11,9|12,21.064188,21.064425,400-500,351-500,short_corrections_only
SITE1_P20,P20,SITE1,tsunami,C,3,10,3,P20_race_tsunami_C_10.csv,14,15,16,16,17,17:29:20.921,17:29:22.097,17:29:22.097,17:29:22.097,17:29:22.935,-2302.800000,-145.300000,-383.200000,-1943.900000,-143.600000,-367.100000,-1947.300000,-142.100000,-366.800000,-1947.300000,-142.100000,-366.800000,359.260936,359.264958,355.878083,355.892470,3.413210,3.728270,3.413210,3.728270,true,0,1,true,false,0.000000,0.000000,0.000000,0.000000,,1.176000,0.838000,teleport_tsunami,15,16,,,300-400,351-500,direct_hit
SITE1_P20,P20,SITE1,tsunami,C,3,10,4,P20_race_tsunami_C_10.csv,18,19,20,23,24,17:29:23.497,17:29:25.176,17:29:25.176,17:29:26.612,17:29:27.268,-1947.300000,-142.100000,-366.900000,-2025.000000,-148.600000,-798.000000,-2025.300000,-147.100000,-785.400000,-2026.400000,-147.000000,-794.000000,438.046230,438.094453,425.706765,425.736127,12.603571,12.692517,4.237924,4.529901,false,1,2,true,false,8.558621,8.559206,8.558621,8.559206,0.923000,3.115000,0.656000,teleport_tsunami|teleport_tsunami,19|22,20|23,8.558621,8.559206,400-500,351-500,short_corrections_only
SITE1_P20,P20,SITE1,tsunami,C,3,10,5,P20_race_tsunami_C_10.csv,25,26,27,33,34,17:29:27.796,17:29:32.747,17:29:32.747,17:29:35.431,17:29:36.342,-2026.500000,-146.900000,-794.100000,-1819.400000,-140.800000,-1190.000000,-1861.100000,-138.900000,-1163.400000,-1826.000000,-139.200000,-1182.600000,446.796620,446.838259,404.647563,404.726636,49.461601,49.498081,9.915644,10.043904,false,2,3,true,false,41.145236,41.146390,22.615260,22.616145,0.704000,7.635000,0.911000,teleport_tsunami|teleport_tsunami|teleport_tsunami,26|29|32,27|30|33,18.529976|22.615260,18.530246|22.616145,400-500,351-500,short_corrections_only
SITE1_P20,P20,SITE1,tsunami,C,3,10,6,P20_race_tsunami_C_10.csv,36,37,38,41,42,17:29:39.514,17:29:41.021,17:29:41.021,17:29:42.560,17:29:43.466,-1826.000000,-139.200000,-1182.500000,-1375.200000,-127.000000,-1014.300000,-1395.100000,-125.700000,-1014.700000,-1379.100000,-125.400000,-1012.000000,481.156814,481.311458,462.419344,462.616364,19.904020,19.946428,4.527693,4.802083,false,1,2,true,false,16.226213,16.231143,16.226213,16.231143,0.628000,3.046000,0.906000,teleport_tsunami|teleport_tsunami,37|40,38|41,16.226213,16.231143,400-500,351-500,short_corrections_only
SITE1_P21,P21,SITE1,map,A,3,11,1,P21_race_map_A_11.csv,3,4,5,5,6,10:45:54.867,10:45:57.295,10:45:57.295,10:45:57.295,10:45:58.953,1364.400000,-136.900000,-2182.400000,1036.100000,-125.400000,-1926.600000,1040.000000,-124.000000,-1930.200000,1040.000000,-124.000000,-1930.200000,416.190497,416.349349,410.901691,411.104135,5.307542,5.489080,5.307542,5.489080,true,0,1,true,false,0.000000,0.000000,0.000000,0.000000,,2.428000,1.658000,teleport_map,4,5,,,400-500,351-500,direct_hit
SITE1_P21,P21,SITE1,map,A,3,11,2,P21_race_map_A_11.csv,7,8,9,9,10,10:46:00.660,10:46:03.498,10:46:03.498,10:46:03.498,10:46:05.344,1040.000000,-124.000000,-1930.000000,660.800000,-122.800000,-2101.300000,662.100000,-121.200000,-2101.900000,662.100000,-121.200000,-2101.900000,416.096539,416.098270,415.160234,415.169014,1.431782,2.147091,1.431782,2.147091,true,0,1,true,false,0.000000,0.000000,0.000000,0.000000,,2.838000,1.846000,teleport_map,8,9,,,400-500,351-500,direct_hit
SITE1_P21,P21,SITE1,map,A,3,11,3,P21_race_map_A_11.csv,11,12,13,13,14,10:46:06.308,10:46:08.811,10:46:08.811,10:46:08.811,10:46:10.434,662.100000,-121.200000,-2101.900000,193.000000,-120.500000,-2075.600000,192.200000,-119.000000,-2074.400000,192.200000,-119.000000,-2074.400000,469.836674,469.837195,470.698173,470.703314,1.442221,2.080865,1.442221,2.080865,true,0,1,true,false,0.000000,0.000000,0.000000,0.000000,,2.503000,1.623000,teleport_map,12,13,,,400-500,351-500,direct_hit
SITE1_P21,P21,SITE1,map,A,3,11,4,P21_race_map_A_11.csv,15,16,17,17,18,10:46:11.278,10:46:14.429,10:46:14.429,10:46:14.429,10:46:16.002,192.200000,-119.000000,-2074.400000,207.800000,-130.500000,-1742.200000,206.700000,-129.000000,-1741.500000,206.700000,-129.000000,-1741.500000,332.566084,332.764857,333.215636,333.365655,1.303840,1.987461,1.303840,1.987461,true,0,1,true,false,0.000000,0.000000,0.000000,0.000000,,3.151000,1.573000,teleport_map,16,17,,,300-400,200-350,direct_hit
SITE1_P21,P21,SITE1,map,A,3,11,5,P21_race_map_A_11.csv,19,20,21,21,22,10:46:17.039,10:46:20.079,10:46:20.079,10:46:20.079,10:46:25.125,206.800000,-129.100000,-1741.500000,-221.000000,-110.700000,-1770.000000,-223.500000,-109.200000,-1767.900000,-223.500000,-109.200000,-1767.900000,428.748283,429.142925,433.631825,434.088205,3.264966,3.593049,3.264966,3.593049,true,0,1,true,false,0.000000,0.000000,0.000000,0.000000,,3.040000,5.046000,teleport_map,20,21,,,400-500,351-500,direct_hit
SITE1_P21,P21,SITE1,map,A,3,11,6,P21_race_map_A_11.csv,23,24,25,25,26,10:46:25.874,10:46:28.223,10:46:28.223,10:46:28.223,10:46:29.867,-223.300000,-109.200000,-1767.900000,-640.700000,-108.700000,-1512.100000,-637.300000,-107.300000,-1510.700000,-637.300000,-107.300000,-1510.700000,489.547138,489.547393,487.388798,487.392501,3.676955,3.934463,3.676955,3.934463,true,0,1,true,false,0.000000,0.000000,0.000000,0.000000,,2.349000,1.644000,teleport_map,24,25,,,400-500,351-500,direct_hit
SITE1_P21,P21,SITE1,map,B,3,9,1,P21_race_map_B_9.csv,3,4,5,5,6,10:43:37.887,10:43:41.388,10:43:41.388,10:43:41.388,10:43:44.274,-1587.700000,-148.200000,1834.100000,-1824.000000,-155.900000,2254.000000,-1823.700000,-154.400000,2249.700000,-1823.700000,-154.400000,2249.700000,481.823308,481.884831,477.845425,477.885645,4.310452,4.563989,4.310452,4.563989,true,0,1,true,false,0.000000,0.000000,0.000000,0.000000,,3.501000,2.886000,teleport_map,4,5,,,400-500,351-500,direct_hit
SITE1_P21,P21,SITE1,map,B,3,9,2,P21_race_map_B_9.csv,7,8,9,9,10,10:43:46.011,10:43:49.563,10:43:49.564,10:43:49.564,10:43:51.847,-1823.700000,-154.400000,2249.600000,-2183.500000,-156.800000,1969.600000,-2182.700000,-155.300000,1968.700000,-2182.700000,-155.300000,1968.700000,455.912316,455.918633,455.835288,455.836177,1.204159,1.923538,1.204159,1.923538,true,0,1,true,false,0.000000,0.000000,0.000000,0.000000,,3.553000,2.283000,teleport_map,8,9,,,400-500,351-500,direct_hit
SITE1_P21,P21,SITE1,map,B,3,9,3,P21_race_map_B_9.csv,11,12,13,13,14,10:43:53.851,10:43:56.052,10:43:56.052,10:43:56.052,10:44:01.356,-2182.800000,-155.300000,1968.700000,-2489.500000,-157.100000,2081.700000,-2492.500000,-155.600000,2083.400000,-2492.500000,-155.600000,2083.400000,326.854540,326.859496,333.228285,333.228525,3.448188,3.760319,3.448188,3.760319,true,0,1,true,false,0.000000,0.000000,0.000000,0.000000,,2.201000,5.304000,teleport_map,12,13,,,300-400,200-350,direct_hit
SITE1_P21,P21,SITE1,map,B,3,9,4,P21_race_map_B_9.csv,15,16,17,17,18,10:44:03.610,10:44:06.399,10:44:06.399,10:44:06.399,10:44:08.209,-2492.400000,-155.600000,2083.500000,-2630.000000,-156.100000,2448.000000,-2629.900000,-154.600000,2449.700000,-2629.900000,-154.600000,2449.700000,389.607508,389.607828,391.069636,391.070914,1.702939,2.269361,1.702939,2.269361,true,0,1,true,false,0.000000,0.000000,0.000000,0.000000,,2.789000,1.810000,teleport_map,16,17,,,300-400,351-500,direct_hit
SITE1_P21,P21,SITE1,map,B,3,9,5,P21_race_map_B_9.csv,19,20,21,21,22,10:44:10.226,10:44:12.775,10:44:12.775,10:44:12.775,10:44:16.577,-2630.000000,-154.700000,2449.600000,-2978.700000,-155.900000,2306.500000,-2975.400000,-154.300000,2305.200000,-2975.400000,-154.300000,2305.200000,376.920814,376.922724,372.559593,372.559807,3.546830,3.891015,3.546830,3.891015,true,0,1,true,false,0.000000,0.000000,0.000000,0.000000,,2.549000,3.802000,teleport_map,20,21,,,300-400,351-500,direct_hit
SITE1_P21,P21,SITE1,map,B,3,9,6,P21_race_map_B_9.csv,23,24,25,25,26,10:44:17.875,10:44:21.571,10:44:21.571,10:44:21.571,10:44:24.314,-2975.400000,-154.400000,2305.200000,-2999.000000,-156.000000,1931.000000,-3003.400000,-154.300000,1933.300000,-3003.400000,-154.300000,1933.300000,374.943462,374.946876,372.952557,372.952557,4.964877,5.247857,4.964877,5.247857,true,0,1,true,false,0.000000,0.000000,0.000000,0.000000,,3.696000,2.743000,teleport_map,24,25,,,300-400,351-500,direct_hit
SITE1_P21,P21,SITE1,map,C,3,10,1,P21_race_map_C_10.csv,4,5,6,6,7,10:44:47.084,10:44:50.545,10:44:50.545,10:44:50.545,10:44:55.526,-2003.400000,-141.900000,179.500000,-2299.700000,-147.700000,56.800000,-2302.500000,-146.100000,57.000000,-2302.500000,-146.100000,57.000000,320.700764,320.753207,330.235219,330.263213,2.807134,3.231099,2.807134,3.231099,true,0,1,true,false,0.000000,0.000000,0.000000,0.000000,,3.461000,4.981000,teleport_map,5,6,,,300-400,200-350,direct_hit
SITE1_P21,P21,SITE1,map,C,3,10,2,P21_race_map_C_10.csv,8,9,10,10,11,10:44:56.901,10:44:59.799,10:44:59.799,10:44:59.799,10:45:01.955,-2302.500000,-146.200000,56.900000,-2303.900000,-147.000000,-387.200000,-2304.600000,-145.600000,-387.200000,-2304.600000,-145.600000,-387.200000,444.102207,444.102927,444.104965,444.105370,0.700000,1.565248,0.700000,1.565248,true,0,1,true,false,0.000000,0.000000,0.000000,0.000000,,2.898000,2.156000,teleport_map,9,10,,,400-500,351-500,direct_hit
SITE1_P21,P21,SITE1,map,C,3,10,3,P21_race_map_C_10.csv,12,13,14,14,15,10:45:02.864,10:45:05.713,10:45:05.713,10:45:05.713,10:45:11.094,-2304.600000,-145.600000,-387.100000,-1943.900000,-143.600000,-367.100000,-1943.500000,-142.100000,-367.400000,-1943.500000,-142.100000,-367.400000,361.254052,361.259588,368.200448,368.217083,0.500000,1.581139,0.500000,1.581139,true,0,1,true,false,0.000000,0.000000,0.000000,0.000000,,2.849000,5.381000,teleport_map,13,14,,,300-400,351-500,direct_hit
SITE1_P21,P21,SITE1,map,C,3,10,4,P21_race_map_C_10.csv,16,17,18,18,19,10:45:12.456,10:45:15.325,10:45:15.325,10:45:15.325,10:45:18.696,-1943.600000,-142.200000,-367.400000,-2025.000000,-148.600000,-798.000000,-2026.100000,-147.200000,-794.800000,-2026.100000,-147.200000,-794.800000,438.226334,438.273066,433.287953,433.316801,3.383785,3.661967,3.383785,3.661967,true,0,1,true,false,0.000000,0.000000,0.000000,0.000000,,2.869000,3.371000,teleport_map,17,18,,,400-500,351-500,direct_hit
SITE1_P21,P21,SITE1,map,C,3,10,5,P21_race_map_C_10.csv,20,21,22,22,23,10:45:19.937,10:45:22.104,10:45:22.104,10:45:22.104,10:45:26.099,-2026.100000,-147.200000,-794.800000,-1819.400000,-140.800000,-1190.000000,-1821.200000,-139.400000,-1191.700000,-1821.200000,-139.400000,-1191.700000,445.990953,446.036871,447.258460,447.328224,2.475884,2.844293,2.475884,2.844293,true,0,1,true,false,0.000000,0.000000,0.000000,0.000000,,2.167000,3.995000,teleport_map,21,22,,,400-500,351-500,direct_hit
SITE1_P21,P21,SITE1,map,C,3,10,6,P21_race_map_C_10.csv,25,26,27,27,28,10:45:31.855,10:45:33.586,10:45:33.586,10:45:33.586,10:45:37.262,-1821.200000,-139.500000,-1191.700000,-1375.200000,-127.000000,-1014.300000,-1375.500000,-125.500000,-1014.500000,-1375.500000,-125.500000,-1014.500000,479.986208,480.148946,465.722933,465.924393,0.360555,1.542725,0.360555,1.542725,true,0,1,true,false,0.000000,0.000000,0.000000,0.000000,,1.731000,3.676000,teleport_map,26,27,,,400-500,351-500,direct_hit
SITE1_P21,P21,SITE1,tsunami,A,2,5,1,P21_race_tsunami_A_5.csv,3,4,5,11,12,10:32:44.697,10:32:48.108,10:32:48.109,10:32:54.986,10:32:58.435,1364.400000,-136.900000,-2182.400000,1036.100000,-125.400000,-1926.600000,1014.800000,-124.700000,-1908.300000,1038.400000,-124.000000,-1931.100000,416.190497,416.349349,444.242017,444.409507,28.081667,28.090390,5.053712,5.244044,false,2,3,true,false,43.442884,43.451276,38.127811,38.136203,2.024000,10.289000,3.449000,teleport_tsunami|teleport_tsunami|teleport_tsunami,4|7|10,5|8|11,38.127811|5.315073,38.136203|5.315073,400-500,351-500,short_corrections_only
SITE1_P21,P21,SITE1,tsunami,A,2,5,2,P21_race_tsunami_A_5.csv,13,14,15,18,19,10:33:00.258,10:33:02.785,10:33:02.785,10:33:05.493,10:33:07.845,1038.300000,-123.900000,-1931.100000,660.800000,-122.800000,-2101.300000,651.800000,-121.100000,-2114.800000,659.700000,-121.300000,-2105.300000,414.094542,414.096003,427.934504,427.943665,16.224981,16.313798,4.148494,4.411349,false,1,2,true,false,12.050726,12.052386,12.050726,12.052386,1.750000,5.235000,2.352000,teleport_tsunami|teleport_tsunami,14|17,15|18,12.050726,12.052386,400-500,351-500,short_corrections_only
SITE1_P21,P21,SITE1,tsunami,A,2,5,3,P21_race_tsunami_A_5.csv,20,21,22,25,26,10:33:09.474,10:33:11.593,10:33:11.593,10:33:13.408,10:33:15.105,659.600000,-121.200000,-2105.300000,193.000000,-120.500000,-2075.600000,210.100000,-119.400000,-2074.600000,194.800000,-119.100000,-2076.600000,467.544276,467.544800,450.547156,450.550752,17.129215,17.164498,2.059126,2.489980,false,1,2,true,false,15.331014,15.333949,15.331014,15.333949,0.704000,3.934000,1.697000,teleport_tsunami|teleport_tsunami,21|24,22|25,15.331014,15.333949,400-500,351-500,short_corrections_only
SITE1_P21,P21,SITE1,tsunami,A,2,5,4,P21_race_tsunami_A_5.csv,27,28,29,29,30,10:33:16.622,10:33:18.917,10:33:18.917,10:33:18.917,10:33:20.567,194.800000,-119.000000,-2076.500000,207.800000,-130.500000,-1742.200000,208.700000,-129.100000,-1737.500000,208.700000,-129.100000,-1737.500000,334.552671,334.750265,339.284851,339.435148,4.785394,4.985980,4.785394,4.985980,true,0,1,true,false,0.000000,0.000000,0.000000,0.000000,,2.295000,1.650000,teleport_tsunami,28,29,,,300-400,200-350,direct_hit
SITE1_P21,P21,SITE1,tsunami,A,2,5,5,P21_race_tsunami_A_5.csv,31,32,33,33,34,10:33:21.993,10:33:24.387,10:33:24.387,10:33:24.387,10:33:25.992,208.700000,-129.100000,-1737.600000,-221.000000,-110.700000,-1770.000000,-220.500000,-109.300000,-1769.200000,-220.500000,-109.300000,-1769.200000,430.919772,431.312427,430.361708,430.816945,0.943398,1.688194,0.943398,1.688194,true,0,1,true,false,0.000000,0.000000,0.000000,0.000000,,2.394000,1.605000,teleport_tsunami,32,33,,,400-500,351-500,direct_hit
SITE1_P21,P21,SITE1,tsunami,A,2,5,6,P21_race_tsunami_A_5.csv,35,36,37,40,41,10:33:26.893,10:33:28.830,10:33:28.830,10:33:33.299,10:33:34.776,-220.500000,-109.300000,-1769.100000,-640.700000,-108.700000,-1512.100000,-667.000000,-107.800000,-1488.000000,-644.400000,-107.200000,-1510.400000,492.561712,492.562077,527.616774,527.618906,35.672118,35.683470,4.071855,4.339355,false,1,2,true,false,31.890594,31.896238,31.890594,31.896238,2.995000,6.406000,1.477000,teleport_tsunami|teleport_tsunami,36|39,37|40,31.890594,31.896238,400-500,351-500,short_corrections_only
SITE1_P21,P21,SITE1,tsunami,B,2,6,1,P21_race_tsunami_B_6.csv,3,4,5,5,6,10:34:01.146,10:34:03.153,10:34:03.153,10:34:03.153,10:34:04.627,-1587.700000,-148.100000,1834.300000,-1824.000000,-155.900000,2254.000000,-1825.100000,-154.500000,2256.500000,-1825.100000,-154.500000,2256.500000,481.649022,481.712175,484.280053,484.322341,2.731300,3.069202,2.731300,3.069202,true,0,1,true,false,0.000000,0.000000,0.000000,0.000000,,2.007000,1.474000,teleport_tsunami,4,5,,,400-500,351-500,direct_hit
SITE1_P21,P21,SITE1,tsunami,B,2,6,2,P21_race_tsunami_B_6.csv,7,8,9,9,10,10:34:06.459,10:34:08.522,10:34:08.522,10:34:08.522,10:34:09.893,-1825.100000,-154.500000,2256.400000,-2183.500000,-156.800000,1969.600000,-2182.100000,-155.200000,1972.000000,-2182.100000,-155.200000,1972.000000,459.025925,459.031687,456.434398,456.434935,2.778489,3.206244,2.778489,3.206244,true,0,1,true,false,0.000000,0.000000,0.000000,0.000000,,2.063000,1.371000,teleport_tsunami,8,9,,,400-500,351-500,direct_hit
SITE1_P21,P21,SITE1,tsunami,B,2,6,3,P21_race_tsunami_B_6.csv,11,12,13,16,17,10:34:11.267,10:34:13.390,10:34:13.390,10:34:16.626,10:34:18.321,-2182.300000,-155.200000,1972.000000,-2489.500000,-157.100000,2081.700000,-2498.400000,-155.600000,2085.300000,-2493.300000,-155.600000,2081.400000,326.199218,326.204752,335.791751,335.791989,9.600521,9.716995,3.811824,4.096340,false,1,2,true,false,6.262587,6.262587,6.262587,6.262587,2.425000,5.359000,1.695000,teleport_tsunami|teleport_tsunami,12|15,13|16,6.262587,6.262587,300-400,200-350,short_corrections_only
SITE1_P21,P21,SITE1,tsunami,B,2,6,4,P21_race_tsunami_B_6.csv,18,19,20,23,24,10:34:20.224,10:34:22.271,10:34:22.271,10:34:24.476,10:34:26.266,-2493.100000,-155.600000,2081.500000,-2630.000000,-156.100000,2448.000000,-2627.700000,-154.600000,2455.800000,-2629.900000,-154.600000,2450.200000,391.233766,391.234086,397.765823,397.767080,8.132035,8.269220,2.202272,2.664583,false,1,2,true,false,5.913544,5.913544,5.913544,5.913544,1.585000,4.252000,1.790000,teleport_tsunami|teleport_tsunami,19|22,20|23,5.913544,5.913544,300-400,351-500,short_corrections_only
SITE1_P21,P21,SITE1,tsunami,B,2,6,5,P21_race_tsunami_B_6.csv,25,26,27,30,31,10:34:27.379,10:34:29.141,10:34:29.141,10:34:31.214,10:34:32.657,-2629.800000,-154.600000,2450.100000,-2978.700000,-155.900000,2306.500000,-2937.800000,-153.800000,2310.500000,-2975.800000,-154.300000,2305.400000,377.295865,377.298105,338.159962,338.160908,41.095134,41.148755,3.101612,3.489986,false,1,2,true,false,38.340709,38.343970,38.340709,38.343970,0.679000,3.835000,1.443000,teleport_tsunami|teleport_tsunami,26|29,27|30,38.340709,38.343970,300-400,351-500,short_corrections_only
SITE1_P21,P21,SITE1,tsunami,B,2,6,6,P21_race_tsunami_B_6.csv,32,33,34,37,38,10:34:34.015,10:34:36.300,10:34:36.300,10:34:37.740,10:34:39.471,-2975.800000,-154.300000,2305.300000,-2999.000000,-156.000000,1931.000000,-3001.600000,-154.300000,1936.900000,-3000.600000,-154.400000,1931.500000,375.018306,375.022159,369.302315,369.302315,6.447480,6.667833,1.676305,2.317326,false,1,2,true,false,5.474486,5.475400,5.474486,5.475400,0.941000,3.725000,1.731000,teleport_tsunami|teleport_tsunami,33|36,34|37,5.474486,5.475400,300-400,351-500,short_corrections_only
SITE1_P21,P21,SITE1,tsunami,C,2,7,1,P21_race_tsunami_C_7.csv,3,4,5,8,9,10:34:58.925,10:35:01.031,10:35:01.032,10:35:02.847,10:35:04.277,-2003.400000,-141.800000,179.600000,-2299.700000,-147.700000,56.800000,-2288.900000,-146.200000,60.800000,-2298.800000,-146.300000,56.200000,320.739037,320.793298,309.230804,309.262106,11.516944,11.614215,1.081665,1.769181,false,1,2,true,false,10.916501,10.916501,10.916501,10.916501,0.966000,3.922000,1.430000,teleport_tsunami|teleport_tsunami,4|7,5|8,10.916501,10.916501,300-400,200-350,short_corrections_only
SITE1_P21,P21,SITE1,tsunami,C,2,7,2,P21_race_tsunami_C_7.csv,10,11,12,15,16,10:35:05.505,10:35:08.398,10:35:08.398,10:35:11.143,10:35:12.649,-2298.800000,-146.200000,56.200000,-2303.900000,-147.000000,-387.200000,-2304.300000,-145.600000,-396.000000,-2305.000000,-145.600000,-391.400000,443.429329,443.430051,452.233446,452.233844,8.809086,8.919641,4.341659,4.561798,false,1,2,true,false,4.517743,4.517743,4.517743,4.517743,1.868000,5.638000,1.506000,teleport_tsunami|teleport_tsunami,11|14,12|15,4.517743,4.517743,400-500,351-500,short_corrections_only
SITE1_P21,P21,SITE1,tsunami,C,2,7,3,P21_race_tsunami_C_7.csv,17,18,19,19,20,10:35:13.946,10:35:16.130,10:35:16.130,10:35:16.130,10:35:17.788,-2304.800000,-145.500000,-391.300000,-1943.900000,-143.600000,-367.100000,-1944.000000,-142.000000,-367.400000,-1944.000000,-142.000000,-367.400000,361.710450,361.715441,361.584126,361.601065,0.316228,1.630951,0.316228,1.630951,true,0,1,true,false,0.000000,0.000000,0.000000,0.000000,,2.184000,1.658000,teleport_tsunami,18,19,,,300-400,351-500,direct_hit
SITE1_P21,P21,SITE1,tsunami,C,2,7,4,P21_race_tsunami_C_7.csv,21,22,23,26,27,10:35:19.275,10:35:20.934,10:35:20.934,10:35:22.239,10:35:24.108,-1944.000000,-142.000000,-367.700000,-2025.000000,-148.600000,-798.000000,-2025.800000,-147.300000,-788.100000,-2026.400000,-147.100000,-797.400000,437.857385,437.907125,428.284251,428.317044,9.932271,10.016986,1.523155,2.137756,false,1,2,true,false,9.326307,9.328451,9.326307,9.328451,0.634000,2.964000,1.869000,teleport_tsunami|teleport_tsunami,22|25,23|26,9.326307,9.328451,400-500,351-500,short_corrections_only
SITE1_P21,P21,SITE1,tsunami,C,2,7,5,P21_race_tsunami_C_7.csv,28,29,30,33,34,10:35:24.973,10:35:27.552,10:35:27.552,10:35:29.219,10:35:30.486,-2026.500000,-147.100000,-797.400000,-1819.400000,-140.800000,-1190.000000,-1835.400000,-139.200000,-1175.800000,-1821.800000,-139.400000,-1190.700000,443.875174,443.919880,423.917174,423.990778,21.392522,21.452273,2.500000,2.865310,false,1,2,true,false,20.173497,20.173745,20.173497,20.173745,0.689000,4.246000,1.267000,teleport_tsunami|teleport_tsunami,29|32,30|33,20.173497,20.173745,400-500,351-500,short_corrections_only
SITE1_P21,P21,SITE1,tsunami,C,2,7,6,P21_race_tsunami_C_7.csv,35,36,37,40,41,10:35:31.584,10:35:35.162,10:35:35.162,10:35:38.121,10:35:39.516,-1821.800000,-139.400000,-1190.800000,-1375.200000,-127.000000,-1014.300000,-1344.900000,-124.500000,-998.500000,-1372.900000,-125.500000,-1013.400000,480.212255,480.372324,514.210949,514.426778,34.172065,34.263392,2.469818,2.889637,false,1,2,true,false,31.442964,31.458862,31.442964,31.458862,1.622000,6.537000,1.395000,teleport_tsunami|teleport_tsunami,36|39,37|40,31.442964,31.458862,400-500,351-500,short_corrections_only
SITE1_P22,P22,SITE1,map,A,3,10,1,P22_race_map_A_10.csv,3,4,5,5,6,13:00:32.079,13:00:36.079,13:00:36.079,13:00:36.079,13:00:37.670,1364.600000,-136.900000,-2182.200000,1036.100000,-125.400000,-1926.600000,1035.600000,-123.900000,-1924.900000,1035.600000,-123.900000,-1924.900000,416.225432,416.384270,417.648141,417.850416,1.772005,2.321637,1.772005,2.321637,true,0,1,true,false,0.000000,0.000000,0.000000,0.000000,,4.000000,1.591000,teleport_map,4,5,,,400-500,351-500,direct_hit
SITE1_P22,P22,SITE1,map,A,3,10,2,P22_race_map_A_10.csv,7,8,9,9,10,13:00:38.407,13:00:41.887,13:00:41.887,13:00:41.887,13:00:45.454,1035.700000,-124.000000,-1924.900000,660.800000,-122.800000,-2101.300000,657.400000,-121.300000,-2105.100000,657.400000,-121.300000,-2105.100000,414.327129,414.328867,419.026169,419.034867,5.099020,5.315073,5.099020,5.315073,true,0,1,true,false,0.000000,0.000000,0.000000,0.000000,,3.480000,3.567000,teleport_map,8,9,,,400-500,351-500,direct_hit
SITE1_P22,P22,SITE1,map,A,3,10,3,P22_race_map_A_10.csv,11,12,13,13,14,13:00:45.894,13:00:48.607,13:00:48.608,13:00:48.608,13:00:51.930,657.400000,-121.300000,-2105.000000,193.000000,-120.500000,-2075.600000,192.000000,-118.900000,-2075.500000,192.000000,-118.900000,-2075.500000,465.329690,465.330377,466.340348,466.346524,1.004988,1.889444,1.004988,1.889444,true,0,1,true,false,0.000000,0.000000,0.000000,0.000000,,2.714000,3.322000,teleport_map,12,13,,,400-500,351-500,direct_hit
SITE1_P22,P22,SITE1,map,A,3,10,4,P22_race_map_A_10.csv,15,16,17,17,18,13:00:52.389,13:00:58.108,13:00:58.108,13:00:58.108,13:01:00.130,192.000000,-118.900000,-2075.400000,207.800000,-130.500000,-1742.200000,206.500000,-129.000000,-1742.100000,206.500000,-129.000000,-1742.100000,333.574399,333.776033,333.715163,333.867968,1.303840,1.987461,1.303840,1.987461,true,0,1,true,false,0.000000,0.000000,0.000000,0.000000,,5.719000,2.022000,teleport_map,16,17,,,300-400,200-350,direct_hit
SITE1_P22,P22,SITE1,map,A,3,10,5,P22_race_map_A_10.csv,19,20,21,21,22,13:01:00.961,13:01:04.232,13:01:04.232,13:01:04.232,13:01:05.951,206.400000,-129.100000,-1742.000000,-221.000000,-110.700000,-1770.000000,-219.100000,-109.300000,-1767.100000,-219.100000,-109.300000,-1767.100000,428.316192,428.711231,426.233797,426.688809,3.466987,3.738984,3.466987,3.738984,true,0,1,true,false,0.000000,0.000000,0.000000,0.000000,,3.271000,1.719000,teleport_map,20,21,,,400-500,351-500,direct_hit
SITE1_P22,P22,SITE1,map,A,3,10,6,P22_race_map_A_10.csv,23,24,25,25,26,13:01:06.919,13:01:09.740,13:01:09.740,13:01:09.740,13:01:11.780,-219.100000,-109.400000,-1767.000000,-640.700000,-108.700000,-1512.100000,-640.900000,-107.100000,-1511.300000,-640.900000,-107.100000,-1511.300000,492.666794,492.667291,493.252197,493.257103,0.824621,1.800000,0.824621,1.800000,true,0,1,true,false,0.000000,0.000000,0.000000,0.000000,,2.821000,2.040000,teleport_map,24,25,,,400-500,351-500,direct_hit
SITE1_P22,P22,SITE1,map,B,3,11,1,P22_race_map_B_11.csv,3,4,5,5,6,13:01:23.660,13:01:26.078,13:01:26.078,13:01:26.078,13:01:27.673,-1587.500000,-148.200000,1834.200000,-1824.000000,-155.900000,2254.000000,-1824.200000,-154.300000,2251.400000,-1824.200000,-154.300000,2251.400000,481.834297,481.895819,479.669397,479.709464,2.607681,3.059412,2.607681,3.059412,true,0,1,true,false,0.000000,0.000000,0.000000,0.000000,,2.418000,1.595000,teleport_map,4,5,,,400-500,351-500,direct_hit
SITE1_P22,P22,SITE1,map,B,3,11,2,P22_race_map_B_11.csv,7,8,9,9,10,13:01:28.309,13:01:31.351,13:01:31.351,13:01:31.351,13:01:34.871,-1824.300000,-154.400000,2251.400000,-2183.500000,-156.800000,1969.600000,-2185.400000,-155.300000,1968.400000,-2185.400000,-155.300000,1968.400000,456.547785,456.554093,458.783402,458.784285,2.247221,2.701851,2.247221,2.701851,true,0,1,true,false,0.000000,0.000000,0.000000,0.000000,,3.042000,3.520000,teleport_map,8,9,,,400-500,351-500,direct_hit
SITE1_P22,P22,SITE1,map,B,3,11,3,P22_race_map_B_11.csv,11,12,13,13,14,13:01:35.238,13:01:38.184,13:01:38.184,13:01:38.184,13:01:39.824,-2185.400000,-155.300000,1968.400000,-2489.500000,-157.100000,2081.700000,-2487.600000,-155.500000,2082.100000,-2487.600000,-155.500000,2082.100000,324.520724,324.525715,322.881604,322.881743,1.941649,2.515949,1.941649,2.515949,true,0,1,true,false,0.000000,0.000000,0.000000,0.000000,,2.946000,1.640000,teleport_map,12,13,,,300-400,200-350,direct_hit
SITE1_P22,P22,SITE1,map,B,3,11,4,P22_race_map_B_11.csv,15,16,17,17,18,13:01:40.655,13:01:42.711,13:01:42.711,13:01:42.711,13:01:45.459,-2487.600000,-155.600000,2082.100000,-2630.000000,-156.100000,2448.000000,-2635.100000,-154.600000,2448.600000,-2635.100000,-154.600000,2448.600000,392.632869,392.633188,395.160486,395.161511,5.135173,5.349766,5.135173,5.349766,true,0,1,true,false,0.000000,0.000000,0.000000,0.000000,,2.056000,2.748000,teleport_map,16,17,,,300-400,351-500,direct_hit
SITE1_P22,P22,SITE1,map,B,3,11,5,P22_race_map_B_11.csv,19,20,21,21,22,13:01:46.199,13:01:48.823,13:01:48.823,13:01:48.823,13:01:52.678,-2635.200000,-154.700000,2448.600000,-2978.700000,-155.900000,2306.500000,-2980.900000,-154.400000,2306.300000,-2980.900000,-154.400000,2306.300000,371.731973,371.733910,379.883166,379.883219,2.209072,2.670206,2.209072,2.670206,true,0,1,true,false,0.000000,0.000000,0.000000,0.000000,,2.624000,3.855000,teleport_map,20,21,,,300-400,351-500,direct_hit
SITE1_P22,P22,SITE1,map,B,3,11,6,P22_race_map_B_11.csv,23,24,25,25,26,13:01:53.349,13:02:01.880,13:02:01.880,13:02:01.880,13:02:03.993,-2980.900000,-154.500000,2306.200000,-2999.000000,-156.000000,1931.000000,-3001.500000,-154.400000,1930.700000,-3001.500000,-154.400000,1930.700000,375.636327,375.639322,376.064635,376.064649,2.517936,2.983287,2.517936,2.983287,true,0,1,true,false,0.000000,0.000000,0.000000,0.000000,,8.531000,2.113000,teleport_map,24,25,,,300-400,351-500,direct_hit
SITE1_P22,P22,SITE1,map,C,3,9,1,P22_race_map_C_9.csv,3,4,5,5,6,12:59:12.075,12:59:19.074,12:59:19.074,12:59:19.074,12:59:24.203,-2003.200000,-141.900000,179.500000,-2299.700000,-147.700000,56.800000,-2296.200000,-146.300000,57.000000,-2296.200000,-146.300000,57.000000,320.885556,320.937969,315.655334,315.690323,3.505710,3.774917,3.505710,3.774917,true,0,1,true,false,0.000000,0.000000,0.000000,0.000000,,6.999000,5.129000,teleport_map,4,5,,,300-400,200-350,direct_hit
SITE1_P22,P22,SITE1,map,C,3,9,2,P22_race_map_C_9.csv,7,8,9,9,10,12:59:25.355,12:59:33.216,12:59:33.216,12:59:33.216,12:59:36.478,-2296.200000,-146.500000,56.900000,-2303.900000,-147.000000,-387.200000,-2303.200000,-145.500000,-387.100000,-2303.200000,-145.500000,-387.100000,444.166748,444.167029,444.055177,444.056089,0.707107,1.658312,0.707107,1.658312,true,0,1,true,false,0.000000,0.000000,0.000000,0.000000,,7.861000,3.262000,teleport_map,8,9,,,400-500,351-500,direct_hit
SITE1_P22,P22,SITE1,map,C,3,9,3,P22_race_map_C_9.csv,11,12,13,13,14,12:59:37.636,12:59:42.116,12:59:42.116,12:59:42.116,12:59:44.403,-2303.100000,-145.600000,-387.100000,-1943.900000,-143.600000,-367.100000,-1946.000000,-142.200000,-369.600000,-1946.000000,-142.200000,-369.600000,359.756362,359.761921,357.528544,357.543774,3.264966,3.552464,3.264966,3.552464,true,0,1,true,false,0.000000,0.000000,0.000000,0.000000,,4.480000,2.287000,teleport_map,12,13,,,300-400,351-500,direct_hit
SITE1_P22,P22,SITE1,map,C,3,9,4,P22_race_map_C_9.csv,15,16,17,17,18,12:59:45.744,12:59:49.160,12:59:49.160,12:59:49.160,12:59:51.468,-1946.000000,-142.400000,-369.600000,-2025.000000,-148.600000,-798.000000,-2023.500000,-147.000000,-796.100000,-2023.500000,-147.000000,-796.100000,435.623186,435.667304,433.582530,433.609098,2.420744,2.901724,2.420744,2.901724,true,0,1,true,false,0.000000,0.000000,0.000000,0.000000,,3.416000,2.308000,teleport_map,16,17,,,400-500,351-500,direct_hit
SITE1_P22,P22,SITE1,map,C,3,9,5,P22_race_map_C_9.csv,19,20,21,21,22,12:59:52.468,12:59:56.652,12:59:56.652,12:59:56.652,12:59:59.485,-2023.500000,-147.100000,-796.200000,-1819.400000,-140.800000,-1190.000000,-1820.900000,-139.300000,-1189.300000,-1820.900000,-139.300000,-1189.300000,443.548475,443.593215,442.326802,442.393818,1.655295,2.233831,1.655295,2.233831,true,0,1,true,false,0.000000,0.000000,0.000000,0.000000,,4.184000,2.833000,teleport_map,20,21,,,400-500,351-500,direct_hit
SITE1_P22,P22,SITE1,map,C,3,9,6,P22_race_map_C_9.csv,24,25,26,26,27,13:00:07.703,13:00:11.037,13:00:11.037,13:00:11.037,13:00:14.589,-1820.800000,-139.300000,-1189.300000,-1375.200000,-127.000000,-1014.300000,-1375.800000,-125.500000,-1011.700000,-1375.800000,-125.500000,-1011.700000,478.732034,478.890019,479.455212,479.650904,2.668333,3.061046,2.668333,3.061046,true,0,1,true,false,0.000000,0.000000,0.000000,0.000000,,3.334000,3.552000,teleport_map,25,26,,,400-500,351-500,direct_hit
SITE1_P22,P22,SITE1,tsunami,A,1,1,1,P22_race_tsunami_A_1.csv,3,4,5,41,42,12:32:09.976,12:32:12.208,12:32:12.208,12:32:47.404,12:32:49.424,1364.400000,-136.900000,-2182.400000,1036.100000,-125.400000,-1926.600000,1213.000000,-128.400000,-2123.900000,1041.100000,-123.800000,-1923.300000,416.190497,416.349349,162.308995,162.531412,264.992264,265.009245,5.990826,6.200806,false,12,13,false,true,1620.795464,1623.946028,492.328508,492.566188,0.642000,37.428000,2.020000,teleport_tsunami|teleport_tsunami|teleport_tsunami|teleport_tsunami|teleport_tsunami|teleport_tsunami|teleport_tsunami|teleport_tsunami|teleport_tsunami|teleport_tsunami|teleport_tsunami|teleport_tsunami|teleport_tsunami,4|7|10|13|16|19|22|25|28|31|34|37|40,5|8|11|14|17|20|23|26|29|32|35|38|41,492.328508|358.132099|432.511098|173.653045|48.332184|22.122613|13.743726|8.316850|11.346365|27.456511|23.971024|8.881441,492.566188|359.067417|433.334444|173.923748|48.703183|22.195720|13.749545|8.365405|11.374533|27.503091|24.225193|8.937561,400-500,351-500,contains_correction_at_least_100m
SITE1_P22,P22,SITE1,tsunami,A,1,1,2,P22_race_tsunami_A_1.csv,43,44,45,48,49,12:32:50.312,12:32:52.127,12:32:52.128,12:32:54.440,12:32:57.420,1041.200000,-123.800000,-1923.300000,660.800000,-122.800000,-2101.300000,855.600000,-118.000000,-2036.300000,667.300000,-121.200000,-2100.100000,419.985905,419.987095,217.293258,217.370651,205.358321,205.414410,6.609841,6.800735,false,1,2,false,true,198.814813,198.840564,198.814813,198.840564,0.765000,4.128000,2.980000,teleport_tsunami|teleport_tsunami,44|47,45|48,198.814813,198.840564,400-500,351-500,contains_correction_at_least_100m
SITE1_P22,P22,SITE1,tsunami,A,1,1,3,P22_race_tsunami_A_1.csv,50,51,52,61,62,12:32:58.260,12:33:01.116,12:33:01.116,12:33:06.877,12:33:08.875,667.300000,-121.200000,-2100.100000,193.000000,-120.500000,-2075.600000,305.500000,-118.700000,-2176.500000,196.000000,-118.900000,-2077.200000,474.932353,474.932869,369.778582,369.787033,151.119357,151.130076,3.400000,3.757659,false,3,4,true,false,151.526319,151.533116,74.572917,74.577208,1.434000,8.617000,1.998000,teleport_tsunami|teleport_tsunami|teleport_tsunami|teleport_tsunami,51|54|57|60,52|55|58|61,71.810445|74.572917|5.142956,71.812951|74.577208|5.142956,400-500,351-500,short_corrections_only
SITE1_P22,P22,SITE1,tsunami,A,1,1,4,P22_race_tsunami_A_1.csv,63,64,65,68,69,12:33:10.318,12:33:12.629,12:33:12.629,12:33:15.147,12:33:16.962,196.100000,-118.900000,-2077.200000,207.800000,-130.500000,-1742.200000,212.100000,-129.100000,-1728.700000,210.100000,-129.000000,-1738.900000,335.204251,335.404905,348.867095,349.016174,14.168274,14.237275,4.022437,4.293018,false,1,2,true,false,10.296116,10.296601,10.296116,10.296601,0.976000,4.829000,1.815000,teleport_tsunami|teleport_tsunami,64|67,65|68,10.296116,10.296601,300-400,200-350,short_corrections_only
SITE1_P22,P22,SITE1,tsunami,A,1,1,5,P22_race_tsunami_A_1.csv,70,71,72,72,73,12:33:17.613,12:33:20.427,12:33:20.428,12:33:20.428,12:33:22.181,210.100000,-129.000000,-1738.900000,-221.000000,-110.700000,-1770.000000,-214.200000,-109.400000,-1771.300000,-214.200000,-109.400000,-1771.300000,432.220337,432.607570,425.535251,425.991009,6.923150,7.044147,6.923150,7.044147,true,0,1,true,false,0.000000,0.000000,0.000000,0.000000,,2.815000,1.753000,teleport_tsunami,71,72,,,400-500,351-500,direct_hit
SITE1_P22,P22,SITE1,tsunami,A,1,1,6,P22_race_tsunami_A_1.csv,74,75,76,76,77,12:33:22.811,12:33:24.583,12:33:24.583,12:33:24.583,12:33:26.006,-214.200000,-109.300000,-1771.300000,-640.700000,-108.700000,-1512.100000,-633.700000,-107.200000,-1511.100000,-633.700000,-107.200000,-1511.100000,499.086055,499.086415,493.643890,493.648357,7.071068,7.228416,7.071068,7.228416,true,0,1,true,false,0.000000,0.000000,0.000000,0.000000,,1.772000,1.423000,teleport_tsunami,75,76,,,400-500,351-500,direct_hit
SITE1_P22,P22,SITE1,tsunami,B,1,2,1,P22_race_tsunami_B_2.csv,3,4,5,8,9,12:33:45.056,12:33:46.686,12:33:46.687,12:33:49.215,12:33:52.181,-1587.600000,-148.100000,1834.200000,-1824.000000,-155.900000,2254.000000,-1829.000000,-154.500000,2264.600000,-1825.100000,-154.400000,2256.600000,481.785222,481.848358,493.475552,493.517051,11.720068,11.803389,2.823119,3.196873,false,1,2,true,false,8.810221,8.810789,8.810221,8.810789,1.145000,4.159000,2.966000,teleport_tsunami|teleport_tsunami,4|7,5|8,8.810221,8.810789,400-500,351-500,short_corrections_only
SITE1_P22,P22,SITE1,tsunami,B,1,2,2,P22_race_tsunami_B_2.csv,10,11,12,15,16,12:33:52.622,12:33:54.772,12:33:54.772,12:33:56.573,12:33:57.745,-1825.200000,-154.400000,2256.600000,-2183.500000,-156.800000,1969.600000,-2142.900000,-155.000000,1999.500000,-2187.300000,-155.200000,1965.800000,459.072859,459.079133,408.697565,408.698006,50.421920,50.454038,5.374012,5.607138,false,1,2,true,false,55.680517,55.680876,55.680517,55.680876,0.638000,3.951000,1.172000,teleport_tsunami|teleport_tsunami,11|14,12|15,55.680517,55.680876,400-500,351-500,short_corrections_only
SITE1_P22,P22,SITE1,tsunami,B,1,2,3,P22_race_tsunami_B_2.csv,17,18,19,19,20,12:33:58.359,12:34:00.474,12:34:00.474,12:34:00.474,12:34:01.827,-2187.300000,-155.100000,1965.900000,-2489.500000,-157.100000,2081.700000,-2487.700000,-155.500000,2081.600000,-2487.700000,-155.500000,2081.600000,323.627069,323.633249,321.910935,321.911183,1.802776,2.410394,1.802776,2.410394,true,0,1,true,false,0.000000,0.000000,0.000000,0.000000,,2.115000,1.353000,teleport_tsunami,18,19,,,300-400,200-350,direct_hit
SITE1_P22,P22,SITE1,tsunami,B,1,2,4,P22_race_tsunami_B_2.csv,21,22,23,26,27,12:34:02.390,12:34:04.385,12:34:04.385,12:34:05.701,12:34:07.064,-2487.600000,-155.500000,2081.600000,-2630.000000,-156.100000,2448.000000,-2627.400000,-154.500000,2438.200000,-2628.400000,-154.600000,2445.000000,393.098868,393.099326,383.024281,383.025587,10.139033,10.264502,3.400000,3.716181,false,1,2,true,false,6.888396,6.889122,6.888396,6.889122,0.861000,3.311000,1.363000,teleport_tsunami|teleport_tsunami,22|25,23|26,6.888396,6.889122,300-400,351-500,short_corrections_only
SITE1_P22,P22,SITE1,tsunami,B,1,2,5,P22_race_tsunami_B_2.csv,28,29,30,33,34,12:34:07.596,12:34:09.631,12:34:09.631,12:34:11.372,12:34:12.648,-2628.400000,-154.500000,2444.900000,-2978.700000,-155.900000,2306.500000,-2879.800000,-153.900000,2334.700000,-2972.300000,-154.200000,2307.800000,376.649240,376.651842,274.492259,274.492914,102.841869,102.861314,6.530697,6.748333,false,1,2,true,false,96.332030,96.332497,96.332030,96.332497,0.712000,3.776000,1.276000,teleport_tsunami|teleport_tsunami,29|32,30|33,96.332030,96.332497,300-400,351-500,short_corrections_only
SITE1_P22,P22,SITE1,tsunami,B,1,2,6,P22_race_tsunami_B_2.csv,35,36,37,40,41,12:34:13.146,12:34:16.522,12:34:16.522,12:34:19.073,12:34:20.403,-2972.200000,-154.200000,2307.900000,-2999.000000,-156.000000,1931.000000,-3000.000000,-154.300000,1915.600000,-2997.800000,-154.400000,1928.300000,377.851624,377.855912,393.283778,393.283791,15.432433,15.525785,2.954657,3.360060,false,1,2,true,false,12.906587,12.906587,12.906587,12.906587,0.732000,5.927000,1.330000,teleport_tsunami|teleport_tsunami,36|39,37|40,12.906587,12.906587,300-400,351-500,short_corrections_only
SITE1_P22,P22,SITE1,tsunami,C,1,3,1,P22_race_tsunami_C_3.csv,3,4,5,8,9,12:34:46.331,12:34:47.685,12:34:47.685,12:34:49.514,12:34:51.035,-2003.400000,-141.800000,179.500000,-2299.700000,-147.700000,56.800000,-2309.200000,-146.100000,50.900000,-2301.600000,-146.100000,54.000000,320.700764,320.755031,331.740260,331.768127,11.183023,11.296902,3.383785,3.742993,false,1,2,true,false,8.041144,8.041144,8.041144,8.041144,0.962000,3.183000,1.521000,teleport_tsunami|teleport_tsunami,4|7,5|8,8.041144,8.041144,300-400,200-350,short_corrections_only
SITE1_P22,P22,SITE1,tsunami,C,1,3,2,P22_race_tsunami_C_3.csv,10,11,12,15,16,12:34:51.549,12:34:54.465,12:34:54.465,12:34:57.123,12:34:58.458,-2301.600000,-146.000000,53.900000,-2303.900000,-147.000000,-387.200000,-2300.400000,-145.800000,-418.400000,-2301.900000,-145.500000,-389.000000,441.105996,441.107130,472.301524,472.301567,31.395700,31.418625,2.690725,3.080584,false,1,2,true,false,29.333428,29.334962,29.333428,29.334962,0.798000,5.574000,1.335000,teleport_tsunami|teleport_tsunami,11|14,12|15,29.333428,29.334962,400-500,351-500,short_corrections_only
SITE1_P22,P22,SITE1,tsunami,C,1,3,3,P22_race_tsunami_C_3.csv,17,18,19,19,20,12:34:58.938,12:35:01.718,12:35:01.719,12:35:01.719,12:35:04.446,-2301.900000,-145.500000,-389.000000,-1943.900000,-143.600000,-367.100000,-1937.500000,-141.900000,-367.200000,-1937.500000,-141.900000,-367.200000,358.669221,358.674253,365.151325,365.170070,6.400781,6.622688,6.400781,6.622688,true,0,1,true,false,0.000000,0.000000,0.000000,0.000000,,2.781000,2.727000,teleport_tsunami,18,19,,,300-400,351-500,direct_hit
SITE1_P22,P22,SITE1,tsunami,C,1,3,4,P22_race_tsunami_C_3.csv,21,22,23,23,24,12:35:04.810,12:35:07.618,12:35:07.618,12:35:07.618,12:35:09.730,-1937.400000,-141.800000,-367.300000,-2025.000000,-148.600000,-798.000000,-2028.100000,-147.000000,-802.100000,-2028.100000,-147.000000,-802.100000,439.518202,439.570802,444.179783,444.210221,5.140039,5.383308,5.140039,5.383308,true,0,1,true,false,0.000000,0.000000,0.000000,0.000000,,2.808000,2.112000,teleport_tsunami,22,23,,,400-500,351-500,direct_hit
SITE1_P22,P22,SITE1,tsunami,C,1,3,5,P22_race_tsunami_C_3.csv,25,26,27,30,31,12:35:10.172,12:35:12.535,12:35:12.535,12:35:14.450,12:35:15.542,-2028.100000,-147.000000,-802.100000,-1819.400000,-140.800000,-1190.000000,-1829.900000,-139.200000,-1177.100000,-1821.300000,-139.400000,-1186.900000,440.479398,440.523030,424.155915,424.227628,16.633100,16.709877,3.635932,3.896152,false,1,2,true,false,13.038405,13.038788,13.038405,13.038788,1.013000,4.278000,1.092000,teleport_tsunami|teleport_tsunami,26|29,27|30,13.038405,13.038788,400-500,351-500,short_corrections_only
SITE1_P22,P22,SITE1,tsunami,C,1,3,6,P22_race_tsunami_C_3.csv,32,33,34,37,38,12:35:16.009,12:35:19.077,12:35:19.077,12:35:20.552,12:35:22.715,-1821.300000,-139.300000,-1186.900000,-1375.200000,-127.000000,-1014.300000,-1386.500000,-125.600000,-1012.800000,-1377.000000,-125.500000,-1014.200000,478.326217,478.484336,468.360812,468.561138,11.399123,11.484773,1.802776,2.345208,false,1,2,true,false,9.602604,9.604686,9.602604,9.604686,0.820000,4.543000,2.163000,teleport_tsunami|teleport_tsunami,33|36,34|37,9.602604,9.604686,400-500,351-500,short_corrections_only
SITE1_P23,P23,SITE1,map,A,1,1,1,P23_race_map_A_1.csv,4,5,6,6,7,13:49:04.401,13:49:10.503,13:49:10.504,13:49:10.504,13:49:13.277,1364.400000,-136.900000,-2182.200000,1036.100000,-125.400000,-1926.600000,1038.200000,-123.900000,-1931.300000,1038.200000,-123.900000,-1931.300000,416.067603,416.226501,411.530376,411.735655,5.147815,5.361903,5.147815,5.361903,true,0,1,true,false,0.000000,0.000000,0.000000,0.000000,,6.103000,2.773000,teleport_map,5,6,,,400-500,351-500,direct_hit
SITE1_P23,P23,SITE1,map,A,1,1,2,P23_race_map_A_1.csv,8,9,10,10,11,13:49:16.225,13:49:23.019,13:49:23.020,13:49:23.020,13:49:25.630,1038.200000,-123.900000,-1931.400000,660.800000,-122.800000,-2101.300000,659.500000,-121.200000,-2101.500000,659.500000,-121.200000,-2101.500000,413.880140,413.881601,415.188788,415.197567,1.315295,2.071232,1.315295,2.071232,true,0,1,true,false,0.000000,0.000000,0.000000,0.000000,,6.795000,2.610000,teleport_map,9,10,,,400-500,351-500,direct_hit
SITE1_P23,P23,SITE1,map,A,1,1,3,P23_race_map_A_1.csv,12,13,14,14,15,13:49:27.202,13:49:32.459,13:49:32.459,13:49:32.459,13:49:33.978,659.500000,-121.200000,-2101.500000,193.000000,-120.500000,-2075.600000,197.900000,-118.900000,-2079.600000,197.900000,-118.900000,-2079.600000,467.218429,467.218953,462.119216,462.124940,6.325346,6.524569,6.325346,6.524569,true,0,1,true,false,0.000000,0.000000,0.000000,0.000000,,5.257000,1.519000,teleport_map,13,14,,,400-500,351-500,direct_hit
SITE1_P23,P23,SITE1,map,A,1,1,4,P23_race_map_A_1.csv,16,17,18,18,19,13:49:36.074,13:49:40.020,13:49:40.020,13:49:40.020,13:49:49.357,197.900000,-118.900000,-2079.600000,207.800000,-130.500000,-1742.200000,209.400000,-129.000000,-1743.500000,209.400000,-129.000000,-1743.500000,337.545212,337.744474,333.051618,333.201711,2.061553,2.549510,2.061553,2.549510,true,0,1,true,false,0.000000,0.000000,0.000000,0.000000,,3.946000,9.337000,teleport_map,17,18,,,300-400,200-350,direct_hit
SITE1_P23,P23,SITE1,map,A,1,1,5,P23_race_map_A_1.csv,20,21,22,22,23,13:49:51.241,13:49:59.213,13:49:59.213,13:49:59.213,13:50:06.221,209.400000,-129.000000,-1743.600000,-221.000000,-110.700000,-1770.000000,-218.000000,-109.300000,-1768.600000,-218.000000,-109.300000,-1768.600000,431.208905,431.597046,425.987946,426.434028,3.310589,3.594440,3.310589,3.594440,true,0,1,true,false,0.000000,0.000000,0.000000,0.000000,,7.972000,7.008000,teleport_map,21,22,,,400-500,351-500,direct_hit
SITE1_P23,P23,SITE1,map,A,1,1,6,P23_race_map_A_1.csv,24,25,26,26,27,13:50:08.558,13:50:14.016,13:50:14.016,13:50:14.016,13:50:19.827,-218.100000,-109.300000,-1768.500000,-640.700000,-108.700000,-1512.100000,-638.200000,-107.100000,-1514.500000,-638.200000,-107.100000,-1514.500000,494.299221,494.299585,485.323861,485.328847,3.465545,3.817067,3.465545,3.817067,true,0,1,true,false,0.000000,0.000000,0.000000,0.000000,,5.458000,5.811000,teleport_map,25,26,,,400-500,351-500,direct_hit
SITE1_P23,P23,SITE1,map,B,1,2,1,P23_race_map_B_2.csv,3,4,5,5,6,13:50:52.824,13:50:57.412,13:50:57.413,13:50:57.413,13:51:01.798,-1587.400000,-148.200000,1834.300000,-1824.000000,-155.900000,2254.000000,-1821.600000,-154.400000,2252.100000,-1821.600000,-154.400000,2252.100000,481.796274,481.857801,465.629950,465.675316,3.061046,3.408812,3.061046,3.408812,true,0,1,true,false,0.000000,0.000000,0.000000,0.000000,,4.589000,4.385000,teleport_map,4,5,,,400-500,351-500,direct_hit
SITE1_P23,P23,SITE1,map,B,1,2,2,P23_race_map_B_2.csv,12,13,14,14,15,13:51:18.754,13:51:23.053,13:51:23.053,13:51:23.053,13:51:24.572,-2182.200000,-155.200000,1972.600000,-2489.500000,-157.100000,2081.700000,-2485.600000,-155.400000,2084.700000,-2485.600000,-155.400000,2084.700000,326.092165,326.097700,323.447013,323.447074,4.920366,5.205766,4.920366,5.205766,true,0,1,true,false,0.000000,0.000000,0.000000,0.000000,,4.299000,1.519000,teleport_map,13,14,,,300-400,200-350,direct_hit
SITE1_P23,P23,SITE1,map,B,1,2,3,P23_race_map_B_2.csv,16,17,18,18,19,13:51:26.900,13:51:31.285,13:51:31.285,13:51:31.285,13:51:34.993,-2485.600000,-155.400000,2084.800000,-2630.000000,-156.100000,2448.000000,-2629.400000,-154.600000,2447.400000,-2629.400000,-154.600000,2447.400000,390.852402,390.853029,380.020052,380.021118,0.848528,1.723369,0.848528,1.723369,true,0,1,true,false,0.000000,0.000000,0.000000,0.000000,,4.385000,3.708000,teleport_map,17,18,,,300-400,351-500,direct_hit
SITE1_P23,P23,SITE1,map,B,1,2,4,P23_race_map_B_2.csv,20,21,22,22,23,13:51:36.812,13:51:42.370,13:51:42.370,13:51:42.370,13:51:46.771,-2629.500000,-154.600000,2447.300000,-2978.700000,-155.900000,2306.500000,-2978.400000,-154.400000,2308.500000,-2978.400000,-154.400000,2308.500000,376.517304,376.519548,371.178569,371.178690,2.022375,2.517936,2.022375,2.517936,true,0,1,true,false,0.000000,0.000000,0.000000,0.000000,,5.558000,4.401000,teleport_map,21,22,,,300-400,351-500,direct_hit
SITE1_P23,P23,SITE1,map,B,1,2,5,P23_race_map_B_2.csv,26,27,28,28,29,13:51:53.389,13:52:04.885,13:52:04.885,13:52:04.885,13:52:07.960,-2978.400000,-154.400000,2308.500000,-2999.000000,-156.000000,1931.000000,-3001.000000,-154.300000,1933.500000,-3001.000000,-154.300000,1933.500000,378.061648,378.065034,370.771048,370.771102,3.201562,3.624914,3.201562,3.624914,true,0,1,true,false,0.000000,0.000000,0.000000,0.000000,,11.496000,3.075000,teleport_map,27,28,,,300-400,351-500,direct_hit
SITE1_P23,P23,SITE1,map,C,1,3,1,P23_race_map_C_3.csv,4,5,6,6,7,13:52:35.096,13:52:36.966,13:52:36.966,13:52:36.966,13:52:38.611,-2003.400000,-141.900000,179.400000,-2299.700000,-147.700000,56.800000,-2301.500000,-146.100000,55.100000,-2301.500000,-146.100000,55.100000,320.662517,320.714967,322.976934,323.004241,2.475884,2.947881,2.475884,2.947881,true,0,1,true,false,0.000000,0.000000,0.000000,0.000000,,1.870000,1.645000,teleport_map,5,6,,,300-400,200-350,direct_hit
SITE1_P23,P23,SITE1,map,C,1,3,2,P23_race_map_C_3.csv,8,9,10,10,11,13:52:39.267,13:52:44.818,13:52:44.818,13:52:44.818,13:52:46.850,-2301.400000,-146.100000,55.200000,-2303.900000,-147.000000,-387.200000,-2303.700000,-145.500000,-388.100000,-2303.700000,-145.500000,-388.100000,442.407064,442.407979,443.405965,443.406247,0.921954,1.760682,0.921954,1.760682,true,0,1,true,false,0.000000,0.000000,0.000000,0.000000,,5.551000,2.032000,teleport_map,9,10,,,400-500,351-500,direct_hit
SITE1_P23,P23,SITE1,map,C,1,3,3,P23_race_map_C_3.csv,12,13,14,14,15,13:52:47.778,13:52:53.713,13:52:53.713,13:52:53.713,13:52:55.323,-2303.700000,-145.500000,-388.100000,-1943.900000,-143.600000,-367.100000,-1944.600000,-142.100000,-370.300000,-1944.600000,-142.100000,-370.300000,360.412319,360.417328,359.540888,359.556032,3.275668,3.602777,3.275668,3.602777,true,0,1,true,false,0.000000,0.000000,0.000000,0.000000,,5.935000,1.610000,teleport_map,13,14,,,300-400,351-500,direct_hit
SITE1_P23,P23,SITE1,map,C,1,3,4,P23_race_map_C_3.csv,16,17,18,18,19,13:52:56.250,13:53:02.295,13:53:02.296,13:53:02.296,13:53:04.729,-1944.600000,-142.200000,-370.400000,-2025.000000,-148.600000,-798.000000,-2024.800000,-147.000000,-799.200000,-2024.800000,-147.000000,-799.200000,435.093002,435.140069,436.235579,436.263097,1.216553,2.009975,1.216553,2.009975,true,0,1,true,false,0.000000,0.000000,0.000000,0.000000,,6.046000,2.433000,teleport_map,17,18,,,400-500,351-500,direct_hit
SITE1_P23,P23,SITE1,map,C,1,3,5,P23_race_map_C_3.csv,20,21,22,22,23,13:53:05.255,13:53:09.086,13:53:09.086,13:53:09.086,13:53:10.795,-2024.800000,-147.100000,-799.100000,-1819.400000,-140.800000,-1190.000000,-1822.700000,-139.400000,-1190.600000,-1822.700000,-139.400000,-1190.600000,441.578951,441.623890,440.540861,440.606412,3.354102,3.634556,3.354102,3.634556,true,0,1,true,false,0.000000,0.000000,0.000000,0.000000,,3.831000,1.709000,teleport_map,21,22,,,400-500,351-500,direct_hit
SITE1_P23,P23,SITE1,map,C,1,3,6,P23_race_map_C_3.csv,24,25,26,26,27,13:53:11.321,13:53:16.863,13:53:16.863,13:53:16.863,13:53:19.428,-1822.800000,-139.400000,-1190.500000,-1375.200000,-127.000000,-1014.300000,-1377.100000,-125.500000,-1013.700000,-1377.100000,-125.500000,-1013.700000,481.032431,481.192228,479.392949,479.594422,1.992486,2.493993,1.992486,2.493993,true,0,1,true,false,0.000000,0.000000,0.000000,0.000000,,5.542000,2.565000,teleport_map,25,26,,,400-500,351-500,direct_hit
SITE1_P23,P23,SITE1,tsunami,A,2,7,1,P23_race_tsunami_A_7.csv,3,4,5,8,9,14:04:10.252,14:04:14.373,14:04:14.373,14:04:15.642,14:04:19.488,1364.500000,-136.900000,-2182.400000,1036.100000,-125.400000,-1926.600000,1042.700000,-123.900000,-1926.000000,1038.700000,-123.900000,-1926.200000,416.269384,416.428205,411.456195,411.661511,6.627217,6.794851,2.630589,3.028201,false,1,2,true,false,4.004997,4.004997,4.004997,4.004997,0.791000,5.390000,3.846000,teleport_tsunami|teleport_tsunami,4|7,5|8,4.004997,4.004997,400-500,351-500,short_corrections_only
SITE1_P23,P23,SITE1,tsunami,A,2,7,2,P23_race_tsunami_A_7.csv,10,11,12,15,16,14:04:20.354,14:04:26.599,14:04:26.600,14:04:29.930,14:04:32.347,1038.900000,-123.900000,-1926.300000,660.800000,-122.800000,-2101.300000,651.800000,-120.600000,-2114.400000,656.800000,-121.200000,-2106.000000,416.634864,416.636316,430.381250,430.393901,15.893709,16.045249,6.171710,6.375735,false,1,2,true,false,9.571834,9.590620,9.571834,9.590620,1.863000,9.576000,2.417000,teleport_tsunami|teleport_tsunami,11|14,12|15,9.571834,9.590620,400-500,351-500,short_corrections_only
SITE1_P23,P23,SITE1,tsunami,A,2,7,3,P23_race_tsunami_A_7.csv,17,18,19,22,23,14:04:34.191,14:04:38.297,14:04:38.297,14:04:41.076,14:04:43.567,656.800000,-121.200000,-2106.000000,193.000000,-120.500000,-2075.600000,193.000000,-119.300000,-2067.800000,192.000000,-119.100000,-2072.900000,464.795224,464.795751,465.370476,465.374355,7.800000,7.891768,2.879236,3.201562,false,1,2,true,false,4.981967,4.990992,4.981967,4.990992,1.844000,6.885000,2.491000,teleport_tsunami|teleport_tsunami,18|21,19|22,4.981967,4.990992,400-500,351-500,short_corrections_only
SITE1_P23,P23,SITE1,tsunami,A,2,7,4,P23_race_tsunami_A_7.csv,24,25,26,26,27,14:04:44.138,14:04:51.071,14:04:51.071,14:04:51.071,14:04:52.993,191.900000,-119.100000,-2072.900000,207.800000,-130.500000,-1742.200000,202.600000,-129.100000,-1737.400000,202.600000,-129.100000,-1737.400000,331.082014,331.278221,335.670583,335.819505,7.076722,7.213876,7.076722,7.213876,true,0,1,true,false,0.000000,0.000000,0.000000,0.000000,,6.933000,1.922000,teleport_tsunami,25,26,,,300-400,200-350,direct_hit
SITE1_P23,P23,SITE1,tsunami,A,2,7,5,P23_race_tsunami_A_7.csv,28,29,30,33,34,14:04:53.729,14:04:59.995,14:04:59.996,14:05:02.077,14:05:03.911,202.500000,-129.100000,-1737.600000,-221.000000,-110.700000,-1770.000000,-211.100000,-109.500000,-1773.800000,-221.200000,-109.200000,-1771.400000,424.737578,425.135943,415.181165,415.643549,10.604244,10.671926,1.414214,2.061553,false,1,2,true,false,10.381233,10.385567,10.381233,10.385567,0.826000,8.348000,1.834000,teleport_tsunami|teleport_tsunami,29|32,30|33,10.381233,10.385567,400-500,351-500,short_corrections_only
SITE1_P23,P23,SITE1,tsunami,A,2,7,6,P23_race_tsunami_A_7.csv,35,36,37,40,41,14:05:04.568,14:05:08.993,14:05:08.994,14:05:10.573,14:05:13.813,-221.100000,-109.200000,-1771.200000,-640.700000,-108.700000,-1512.100000,-640.000000,-107.000000,-1524.500000,-643.100000,-107.100000,-1515.600000,493.150048,493.150302,486.146171,486.151149,12.419742,12.535549,4.243819,4.535416,false,1,2,true,false,9.424436,9.424967,9.424436,9.424967,0.664000,6.005000,3.240000,teleport_tsunami|teleport_tsunami,36|39,37|40,9.424436,9.424967,400-500,351-500,short_corrections_only
SITE1_P23,P23,SITE1,tsunami,B,2,5,1,P23_race_tsunami_B_5.csv,3,4,5,8,9,14:01:10.599,14:01:13.846,14:01:13.846,14:01:15.706,14:01:19.139,-1587.500000,-148.100000,1834.200000,-1824.000000,-155.900000,2254.000000,-1814.300000,-154.600000,2248.800000,-1822.100000,-154.500000,2252.400000,481.834297,481.897427,472.579517,472.624216,11.005908,11.082419,2.483948,2.851315,false,1,2,true,false,8.633076,8.633655,8.633076,8.633655,0.750000,5.107000,3.433000,teleport_tsunami|teleport_tsunami,4|7,5|8,8.633076,8.633655,400-500,351-500,short_corrections_only
SITE1_P23,P23,SITE1,tsunami,B,2,5,2,P23_race_tsunami_B_5.csv,10,11,12,18,19,14:01:21.236,14:01:24.424,14:01:24.424,14:01:31.954,14:01:34.654,-1822.200000,-154.500000,2252.400000,-2183.500000,-156.800000,1969.600000,-2161.000000,-155.100000,1996.000000,-2185.500000,-155.200000,1968.300000,458.817535,458.823299,424.883984,424.884408,34.687318,34.728950,2.385372,2.872281,false,2,3,true,false,53.592989,53.593588,45.244337,45.244337,1.152000,10.718000,2.700000,teleport_tsunami|teleport_tsunami|teleport_tsunami,11|14|17,12|15|18,45.244337|8.348653,45.244337|8.349251,400-500,351-500,short_corrections_only
SITE1_P23,P23,SITE1,tsunami,B,2,5,3,P23_race_tsunami_B_5.csv,20,21,22,25,26,14:01:37.814,14:01:41.170,14:01:41.170,14:01:43.732,14:01:46.653,-2185.500000,-155.200000,1968.500000,-2489.500000,-157.100000,2081.700000,-2473.400000,-155.500000,2075.100000,-2486.700000,-155.500000,2080.000000,324.392108,324.397673,307.001580,307.001726,17.400287,17.473695,3.275668,3.645545,false,1,2,true,false,14.173920,14.173920,14.173920,14.173920,1.133000,5.918000,2.921000,teleport_tsunami|teleport_tsunami,21|24,22|25,14.173920,14.173920,300-400,200-350,short_corrections_only
SITE1_P23,P23,SITE1,tsunami,B,2,5,4,P23_race_tsunami_B_5.csv,27,28,29,35,36,14:01:48.487,14:01:51.565,14:01:51.565,14:02:02.559,14:02:04.757,-2486.800000,-155.500000,2080.100000,-2630.000000,-156.100000,2448.000000,-2644.100000,-155.900000,2472.800000,-2628.800000,-154.500000,2443.100000,394.786841,394.787297,423.032599,423.032788,28.528056,28.528757,5.044799,5.292447,false,2,3,true,false,62.432459,62.452877,47.986352,48.006770,2.818000,14.072000,2.198000,teleport_tsunami|teleport_tsunami|teleport_tsunami,28|31|34,29|32|35,47.986352|14.446107,48.006770|14.446107,300-400,351-500,short_corrections_only
SITE1_P23,P23,SITE1,tsunami,B,2,5,5,P23_race_tsunami_B_5.csv,37,38,39,42,43,14:02:07.356,14:02:17.331,14:02:17.331,14:02:21.092,14:02:24.008,-2628.700000,-154.500000,2442.800000,-2978.700000,-155.900000,2306.500000,-2990.100000,-154.400000,2295.900000,-2980.100000,-154.300000,2305.400000,375.603102,375.605711,390.114816,390.114829,15.566631,15.638734,1.780449,2.393742,false,1,2,true,false,13.588230,13.588598,13.588230,13.588598,2.530000,13.736000,2.916000,teleport_tsunami|teleport_tsunami,38|41,39|42,13.588230,13.588598,300-400,351-500,short_corrections_only
SITE1_P23,P23,SITE1,tsunami,B,2,5,6,P23_race_tsunami_B_5.csv,44,45,46,49,50,14:02:27.980,14:02:30.815,14:02:30.815,14:02:32.450,14:02:34.889,-2980.200000,-154.300000,2305.200000,-2999.000000,-156.000000,1931.000000,-2997.400000,-154.500000,1948.700000,-2999.600000,-154.400000,1934.300000,374.671963,374.675820,356.914682,356.914738,17.772169,17.835358,3.354102,3.716181,false,1,2,true,false,14.567086,14.567429,14.567086,14.567429,0.735000,4.470000,2.439000,teleport_tsunami|teleport_tsunami,45|48,46|49,14.567086,14.567429,300-400,351-500,short_corrections_only
SITE1_P23,P23,SITE1,tsunami,C,2,6,1,P23_race_tsunami_C_6.csv,3,4,5,8,9,14:02:55.089,14:02:58.910,14:02:58.911,14:03:00.928,14:03:04.055,-2003.400000,-141.800000,179.600000,-2299.700000,-147.700000,56.800000,-2280.800000,-146.000000,63.800000,-2301.400000,-146.100000,55.700000,320.739037,320.793298,300.600067,300.629406,20.154652,20.226221,2.024846,2.580698,false,1,2,true,false,22.135266,22.135492,22.135266,22.135492,0.722000,5.839000,3.127000,teleport_tsunami|teleport_tsunami,4|7,5|8,22.135266,22.135492,300-400,200-350,short_corrections_only
SITE1_P23,P23,SITE1,tsunami,C,2,6,2,P23_race_tsunami_C_6.csv,10,11,12,12,13,14:03:06.527,14:03:09.521,14:03:09.522,14:03:09.522,14:03:11.516,-2301.400000,-146.100000,55.700000,-2303.900000,-147.000000,-387.200000,-2304.200000,-145.400000,-386.200000,-2304.200000,-145.400000,-386.200000,442.907056,442.907970,441.908871,441.909425,1.044031,1.910497,1.044031,1.910497,true,0,1,true,false,0.000000,0.000000,0.000000,0.000000,,2.995000,1.994000,teleport_tsunami,11,12,,,400-500,351-500,direct_hit
SITE1_P23,P23,SITE1,tsunami,C,2,6,3,P23_race_tsunami_C_6.csv,14,15,16,16,17,14:03:14.820,14:03:17.632,14:03:17.632,14:03:17.632,14:03:20.975,-2304.200000,-145.400000,-386.300000,-1943.900000,-143.600000,-367.100000,-1940.400000,-141.900000,-367.400000,-1940.400000,-141.900000,-367.400000,360.811211,360.815701,364.290612,364.307425,3.512834,3.902563,3.512834,3.902563,true,0,1,true,false,0.000000,0.000000,0.000000,0.000000,,2.812000,3.343000,teleport_tsunami,15,16,,,300-400,351-500,direct_hit
SITE1_P23,P23,SITE1,tsunami,C,2,6,4,P23_race_tsunami_C_6.csv,18,19,20,23,24,14:03:23.274,14:03:26.388,14:03:26.388,14:03:29.919,14:03:32.249,-1940.400000,-141.900000,-367.300000,-2025.000000,-148.600000,-798.000000,-2019.800000,-147.200000,-775.900000,-2025.200000,-147.000000,-798.800000,438.930120,438.981252,416.243102,416.276843,22.703524,22.746648,0.824621,1.800000,false,1,2,true,false,23.528068,23.528918,23.528068,23.528918,0.879000,6.645000,2.330000,teleport_tsunami|teleport_tsunami,19|22,20|23,23.528068,23.528918,400-500,351-500,short_corrections_only
SITE1_P23,P23,SITE1,tsunami,C,2,6,5,P23_race_tsunami_C_6.csv,25,26,27,30,31,14:03:33.597,14:03:37.142,14:03:37.142,14:03:39.850,14:03:42.402,-2025.300000,-147.000000,-798.800000,-1819.400000,-140.800000,-1190.000000,-1839.900000,-139.100000,-1173.900000,-1821.300000,-139.300000,-1189.500000,442.077199,442.120674,418.417459,418.492031,26.066454,26.121830,1.964688,2.471841,false,1,2,true,false,24.199380,24.200207,24.199380,24.200207,1.068000,6.253000,2.552000,teleport_tsunami|teleport_tsunami,26|29,27|30,24.199380,24.200207,400-500,351-500,short_corrections_only
SITE1_P23,P23,SITE1,tsunami,C,2,6,6,P23_race_tsunami_C_6.csv,32,33,34,37,38,14:03:44.081,14:03:47.890,14:03:47.891,14:03:49.778,14:03:52.268,-1821.200000,-139.300000,-1189.500000,-1375.200000,-127.000000,-1014.300000,-1388.500000,-125.700000,-1013.500000,-1376.900000,-125.500000,-1014.000000,479.177462,479.335300,467.124491,467.322426,13.324038,13.387307,1.726268,2.286919,false,1,2,true,false,11.610771,11.612493,11.610771,11.612493,0.862000,5.697000,2.490000,teleport_tsunami|teleport_tsunami,33|36,34|37,11.610771,11.612493,400-500,351-500,short_corrections_only
SITE1_P24,P24,SITE1,map,A,2,7,1,P24_race_map_A_7.csv,3,4,5,5,6,10:15:05.230,10:15:07.915,10:15:07.915,10:15:07.915,10:15:09.861,1364.400000,-136.900000,-2182.200000,1036.100000,-125.400000,-1926.600000,1036.300000,-123.800000,-1930.200000,1036.300000,-123.800000,-1930.200000,416.067603,416.226501,413.627852,413.835245,3.605551,3.944617,3.605551,3.944617,true,0,1,true,false,0.000000,0.000000,0.000000,0.000000,,2.685000,1.946000,teleport_map,4,5,,,400-500,351-500,direct_hit
SITE1_P24,P24,SITE1,map,A,2,7,2,P24_race_map_A_7.csv,7,8,9,9,10,10:15:10.121,10:15:12.797,10:15:12.798,10:15:12.798,10:15:14.781,1036.300000,-123.800000,-1930.200000,660.800000,-122.800000,-2101.300000,660.600000,-121.100000,-2102.000000,660.600000,-121.100000,-2102.000000,412.644472,412.645683,413.117090,413.125272,0.728011,1.849324,0.728011,1.849324,true,0,1,true,false,0.000000,0.000000,0.000000,0.000000,,2.677000,1.983000,teleport_map,8,9,,,400-500,351-500,direct_hit
SITE1_P24,P24,SITE1,map,A,2,7,3,P24_race_map_A_7.csv,11,12,13,13,14,10:15:15.171,10:15:18.032,10:15:18.032,10:15:18.032,10:15:19.293,660.600000,-121.100000,-2102.000000,193.000000,-120.500000,-2075.600000,193.900000,-119.100000,-2073.600000,193.900000,-119.100000,-2073.600000,468.344659,468.345044,467.563311,467.567589,2.193171,2.601922,2.193171,2.601922,true,0,1,true,false,0.000000,0.000000,0.000000,0.000000,,2.861000,1.261000,teleport_map,12,13,,,400-500,351-500,direct_hit
SITE1_P24,P24,SITE1,map,A,2,7,4,P24_race_map_A_7.csv,15,16,17,17,18,10:15:19.578,10:15:22.387,10:15:22.387,10:15:22.387,10:15:23.351,194.000000,-119.100000,-2073.600000,207.800000,-130.500000,-1742.200000,205.700000,-128.800000,-1746.300000,205.700000,-128.800000,-1746.300000,331.687202,331.883052,327.509053,327.652667,4.606517,4.910193,4.606517,4.910193,true,0,1,true,false,0.000000,0.000000,0.000000,0.000000,,2.809000,0.964000,teleport_map,16,17,,,300-400,200-350,direct_hit
SITE1_P24,P24,SITE1,map,A,2,7,5,P24_race_map_A_7.csv,19,20,21,21,22,10:15:23.768,10:15:26.446,10:15:26.446,10:15:26.446,10:15:27.726,205.700000,-128.800000,-1746.300000,-221.000000,-110.700000,-1770.000000,-219.300000,-109.200000,-1770.900000,-219.300000,-109.200000,-1770.900000,427.357672,427.740798,425.711358,426.162316,1.923538,2.439262,1.923538,2.439262,true,0,1,true,false,0.000000,0.000000,0.000000,0.000000,,2.678000,1.280000,teleport_map,20,21,,,400-500,351-500,direct_hit
SITE1_P24,P24,SITE1,map,A,2,7,6,P24_race_map_A_7.csv,23,24,25,25,26,10:15:28.164,10:15:30.137,10:15:30.137,10:15:30.137,10:15:31.251,-219.300000,-109.200000,-1770.900000,-640.700000,-108.700000,-1512.100000,-638.300000,-107.100000,-1511.400000,-638.300000,-107.100000,-1511.400000,494.525429,494.525682,492.850129,492.854603,2.500000,2.968164,2.500000,2.968164,true,0,1,true,false,0.000000,0.000000,0.000000,0.000000,,1.973000,1.114000,teleport_map,24,25,,,400-500,351-500,direct_hit
SITE1_P24,P24,SITE1,map,B,2,5,1,P24_race_map_B_5.csv,3,4,5,8,9,10:13:07.975,10:13:10.993,10:13:10.993,10:13:17.433,10:13:20.206,-1587.500000,-148.100000,1834.200000,-1824.000000,-155.900000,2254.000000,-1829.400000,-154.100000,2238.200000,-1825.600000,-154.300000,2252.100000,481.834297,481.897427,470.883860,470.922085,16.697305,16.794047,2.483948,2.954657,false,1,2,true,false,14.480677,14.481022,14.480677,14.481022,3.676000,9.458000,2.773000,teleport_map|teleport_map,4|7,5|8,14.480677,14.481022,400-500,351-500,short_corrections_only
SITE1_P24,P24,SITE1,map,B,2,5,2,P24_race_map_B_5.csv,10,11,12,12,13,10:13:21.517,10:13:25.052,10:13:25.052,10:13:25.052,10:13:27.956,-1825.700000,-154.300000,2252.200000,-2183.500000,-156.800000,1969.600000,-2182.200000,-155.100000,1968.800000,-2182.200000,-155.100000,1968.800000,455.942540,455.949394,455.498760,455.499462,1.526434,2.284732,1.526434,2.284732,true,0,1,true,false,0.000000,0.000000,0.000000,0.000000,,3.535000,2.904000,teleport_map,11,12,,,400-500,351-500,direct_hit
SITE1_P24,P24,SITE1,map,B,2,5,3,P24_race_map_B_5.csv,14,15,16,16,17,10:13:28.343,10:13:33.098,10:13:33.098,10:13:33.098,10:13:34.736,-2182.200000,-155.100000,1968.800000,-2489.500000,-157.100000,2081.700000,-2487.400000,-155.300000,2082.000000,-2487.400000,-155.300000,2082.000000,327.383109,327.389218,325.516943,325.517081,2.121320,2.782086,2.121320,2.782086,true,0,1,true,false,0.000000,0.000000,0.000000,0.000000,,4.755000,1.638000,teleport_map,15,16,,,300-400,200-350,direct_hit
SITE1_P24,P24,SITE1,map,B,2,5,4,P24_race_map_B_5.csv,18,19,20,20,21,10:13:35.049,10:13:39.116,10:13:39.116,10:13:39.116,10:13:41.395,-2487.400000,-155.300000,2082.000000,-2630.000000,-156.100000,2448.000000,-2631.900000,-154.500000,2443.400000,-2631.900000,-154.500000,2443.400000,392.798625,392.799440,389.217433,389.218255,4.976947,5.227810,4.976947,5.227810,true,0,1,true,false,0.000000,0.000000,0.000000,0.000000,,4.067000,2.279000,teleport_map,19,20,,,300-400,351-500,direct_hit
SITE1_P24,P24,SITE1,map,B,2,5,5,P24_race_map_B_5.csv,22,23,24,24,25,10:13:42.296,10:13:46.634,10:13:46.634,10:13:46.634,10:13:48.224,-2631.900000,-154.500000,2443.400000,-2978.700000,-155.900000,2306.500000,-2981.000000,-154.300000,2304.800000,-2981.000000,-154.300000,2304.800000,372.842929,372.845558,375.607202,375.607255,2.860070,3.277194,2.860070,3.277194,true,0,1,true,false,0.000000,0.000000,0.000000,0.000000,,4.338000,1.590000,teleport_map,23,24,,,300-400,351-500,direct_hit
SITE1_P24,P24,SITE1,map,B,2,5,6,P24_race_map_B_5.csv,26,27,28,28,29,10:13:48.639,10:13:53.224,10:13:53.224,10:13:53.224,10:13:54.951,-2981.000000,-154.400000,2304.900000,-2999.000000,-156.000000,1931.000000,-3001.000000,-154.200000,1930.300000,-3001.000000,-154.200000,1930.300000,374.333020,374.336440,375.133523,375.133536,2.118962,2.780288,2.118962,2.780288,true,0,1,true,false,0.000000,0.000000,0.000000,0.000000,,4.585000,1.727000,teleport_map,27,28,,,300-400,351-500,direct_hit
SITE1_P24,P24,SITE1,map,C,2,6,1,P24_race_map_C_6.csv,3,4,5,5,6,10:14:14.585,10:14:17.487,10:14:17.488,10:14:17.488,10:14:18.797,-2003.300000,-141.900000,179.500000,-2299.700000,-147.700000,56.800000,-2299.800000,-146.000000,56.400000,-2299.800000,-146.000000,56.400000,320.793158,320.845586,321.131079,321.157251,0.412311,1.749286,0.412311,1.749286,true,0,1,true,false,0.000000,0.000000,0.000000,0.000000,,2.903000,1.309000,teleport_map,4,5,,,300-400,200-350,direct_hit
SITE1_P24,P24,SITE1,map,C,2,6,2,P24_race_map_C_6.csv,7,8,9,9,10,10:14:19.073,10:14:22.078,10:14:22.078,10:14:22.078,10:14:23.586,-2299.800000,-146.100000,56.400000,-2303.900000,-147.000000,-387.200000,-2300.200000,-145.500000,-390.900000,-2300.200000,-145.500000,-390.900000,443.618947,443.619860,447.300179,447.300581,5.232590,5.443345,5.232590,5.443345,true,0,1,true,false,0.000000,0.000000,0.000000,0.000000,,3.005000,1.508000,teleport_map,8,9,,,400-500,351-500,direct_hit
SITE1_P24,P24,SITE1,map,C,2,6,3,P24_race_map_C_6.csv,11,12,13,13,14,10:14:24.098,10:14:27.458,10:14:27.458,10:14:27.458,10:14:28.854,-2300.200000,-145.500000,-390.800000,-1943.900000,-143.600000,-367.100000,-1946.800000,-142.200000,-371.400000,-1946.800000,-142.200000,-371.400000,357.087356,357.092411,353.932084,353.947468,5.186521,5.372150,5.186521,5.372150,true,0,1,true,false,0.000000,0.000000,0.000000,0.000000,,3.360000,1.396000,teleport_map,12,13,,,300-400,351-500,direct_hit
SITE1_P24,P24,SITE1,map,C,2,6,4,P24_race_map_C_6.csv,15,16,17,17,18,10:14:29.177,10:14:32.149,10:14:32.149,10:14:32.149,10:14:34.068,-1946.800000,-142.200000,-371.500000,-2025.000000,-148.600000,-798.000000,-2021.000000,-146.900000,-799.600000,-2021.000000,-146.900000,-799.600000,433.609836,433.657065,434.482738,434.509252,4.308132,4.631414,4.308132,4.631414,true,0,1,true,false,0.000000,0.000000,0.000000,0.000000,,2.972000,1.919000,teleport_map,16,17,,,400-500,351-500,direct_hit
SITE1_P24,P24,SITE1,map,C,2,6,5,P24_race_map_C_6.csv,19,20,21,21,22,10:14:34.322,10:14:37.900,10:14:37.900,10:14:37.900,10:14:39.374,-2021.000000,-147.000000,-799.500000,-1819.400000,-140.800000,-1190.000000,-1818.200000,-139.100000,-1190.800000,-1818.200000,-139.100000,-1190.800000,439.468782,439.512514,440.641895,440.712707,1.442221,2.229350,1.442221,2.229350,true,0,1,true,false,0.000000,0.000000,0.000000,0.000000,,3.578000,1.474000,teleport_map,20,21,,,400-500,351-500,direct_hit
SITE1_P24,P24,SITE1,map,C,2,6,6,P24_race_map_C_6.csv,23,24,25,25,26,10:14:39.695,10:14:42.965,10:14:42.965,10:14:42.965,10:14:47.471,-1818.200000,-139.100000,-1190.800000,-1375.200000,-127.000000,-1014.300000,-1375.000000,-125.300000,-1017.200000,-1375.000000,-125.300000,-1017.200000,476.866071,477.019559,474.757075,474.957598,2.906888,3.367492,2.906888,3.367492,true,0,1,true,false,0.000000,0.000000,0.000000,0.000000,,3.270000,4.506000,teleport_map,24,25,,,400-500,351-500,direct_hit
SITE1_P24,P24,SITE1,tsunami,A,3,10,1,P24_race_tsunami_A_10.csv,3,4,5,8,9,10:22:12.851,10:22:15.032,10:22:15.032,10:22:16.337,10:22:17.781,1364.500000,-136.900000,-2182.300000,1036.100000,-125.400000,-1926.600000,1049.800000,-124.000000,-1931.900000,1036.400000,-123.800000,-1928.300000,416.207941,416.366785,402.164456,402.371296,14.689452,14.756016,1.726268,2.353720,false,1,2,true,false,13.778607,13.780058,13.778607,13.780058,0.564000,3.486000,1.444000,teleport_tsunami|teleport_tsunami,4|7,5|8,13.778607,13.780058,400-500,351-500,short_corrections_only
SITE1_P24,P24,SITE1,tsunami,A,3,10,2,P24_race_tsunami_A_10.csv,10,11,12,15,16,10:22:18.163,10:22:21.411,10:22:21.411,10:22:23.523,10:22:25.238,1036.400000,-123.700000,-1928.300000,660.800000,-122.800000,-2101.300000,642.600000,-121.100000,-2110.800000,657.700000,-121.100000,-2104.500000,413.526734,413.527714,434.033052,434.040839,20.530222,20.600485,4.455334,4.768648,false,1,2,true,false,16.192900,16.192900,16.192900,16.192900,1.236000,5.360000,1.715000,teleport_tsunami|teleport_tsunami,11|14,12|15,16.192900,16.192900,400-500,351-500,short_corrections_only
SITE1_P24,P24,SITE1,tsunami,A,3,10,3,P24_race_tsunami_A_10.csv,17,18,19,22,23,10:22:26.581,10:22:28.267,10:22:28.268,10:22:29.991,10:22:31.152,657.500000,-121.100000,-2104.700000,193.000000,-120.500000,-2075.600000,214.200000,-118.600000,-2086.800000,194.000000,-118.700000,-2078.800000,465.410636,465.411023,443.661245,443.668288,23.976655,24.051819,3.352611,3.805260,false,1,2,true,false,21.819487,21.819716,21.819487,21.819716,0.616000,3.410000,1.161000,teleport_tsunami|teleport_tsunami,18|21,19|22,21.819487,21.819716,400-500,351-500,short_corrections_only
SITE1_P24,P24,SITE1,tsunami,A,3,10,4,P24_race_tsunami_A_10.csv,26,27,28,28,29,10:22:36.640,10:22:38.811,10:22:38.811,10:22:38.811,10:22:40.395,194.100000,-118.700000,-2078.700000,207.800000,-130.500000,-1742.200000,206.600000,-128.700000,-1749.200000,206.600000,-128.700000,-1749.200000,336.778770,336.985430,329.737016,329.888618,7.102112,7.326664,7.102112,7.326664,true,0,1,true,false,0.000000,0.000000,0.000000,0.000000,,2.171000,1.584000,teleport_tsunami,27,28,,,300-400,200-350,direct_hit
SITE1_P24,P24,SITE1,tsunami,A,3,10,5,P24_race_tsunami_A_10.csv,30,31,32,35,36,10:22:41.548,10:22:43.050,10:22:43.050,10:22:44.525,10:22:45.986,206.500000,-128.700000,-1749.300000,-221.000000,-110.700000,-1770.000000,-206.300000,-109.700000,-1768.900000,-220.900000,-109.100000,-1771.800000,428.000864,428.379201,413.265048,413.701583,14.741099,14.774979,1.802776,2.410394,false,1,2,true,false,14.807093,14.819244,14.807093,14.819244,0.512000,2.977000,1.461000,teleport_tsunami|teleport_tsunami,31|34,32|35,14.807093,14.819244,400-500,351-500,short_corrections_only
SITE1_P24,P24,SITE1,tsunami,A,3,10,6,P24_race_tsunami_A_10.csv,37,38,39,42,43,10:22:46.704,10:22:48.168,10:22:48.168,10:22:49.387,10:22:50.942,-220.800000,-109.100000,-1771.800000,-640.700000,-108.700000,-1512.100000,-622.900000,-106.900000,-1526.000000,-637.000000,-107.000000,-1517.000000,493.720670,493.720832,471.277042,471.282177,22.584287,22.655904,6.140033,6.371028,false,1,2,true,false,16.727522,16.727821,16.727522,16.727821,0.490000,2.683000,1.555000,teleport_tsunami|teleport_tsunami,38|41,39|42,16.727522,16.727821,400-500,351-500,short_corrections_only
SITE1_P24,P24,SITE1,tsunami,B,3,11,1,P24_race_tsunami_B_11.csv,3,4,5,8,9,10:23:17.082,10:23:18.874,10:23:18.875,10:23:20.217,10:23:21.271,-1587.500000,-148.100000,1834.300000,-1824.000000,-155.900000,2254.000000,-1807.700000,-154.100000,2218.800000,-1824.100000,-154.200000,2252.200000,481.747174,481.810315,443.089483,443.130105,38.790849,38.832589,1.802776,2.477902,false,1,2,true,false,37.209139,37.209676,37.209139,37.209676,0.409000,3.135000,1.054000,teleport_tsunami|teleport_tsunami,4|7,5|8,37.209139,37.209676,400-500,351-500,short_corrections_only
SITE1_P24,P24,SITE1,tsunami,B,3,11,2,P24_race_tsunami_B_11.csv,10,11,12,15,16,10:23:22.291,10:23:23.827,10:23:23.827,10:23:25.092,10:23:26.444,-1824.200000,-154.200000,2252.100000,-2183.500000,-156.800000,1969.600000,-2166.200000,-155.000000,1972.500000,-2184.900000,-155.100000,1967.500000,457.058793,457.066188,441.746715,441.747439,17.541380,17.633491,2.523886,3.043025,false,1,2,true,false,19.453534,19.453791,19.453534,19.453791,0.538000,2.801000,1.352000,teleport_tsunami|teleport_tsunami,11|14,12|15,19.453534,19.453791,400-500,351-500,short_corrections_only
SITE1_P24,P24,SITE1,tsunami,B,3,11,3,P24_race_tsunami_B_11.csv,17,18,19,22,23,10:23:27.428,10:23:29.157,10:23:29.158,10:23:30.908,10:23:31.901,-2184.900000,-155.100000,1967.500000,-2489.500000,-157.100000,2081.700000,-2497.600000,-155.400000,2088.100000,-2492.500000,-155.400000,2081.200000,325.304165,325.310313,335.150190,335.150324,10.323275,10.462313,3.041381,3.484250,false,1,2,true,false,8.381527,8.381527,8.381527,8.381527,1.296000,3.480000,0.993000,teleport_tsunami|teleport_tsunami,18|21,19|22,8.381527,8.381527,300-400,200-350,short_corrections_only
SITE1_P24,P24,SITE1,tsunami,B,3,11,4,P24_race_tsunami_B_11.csv,24,25,26,29,30,10:23:32.991,10:23:35.331,10:23:35.332,10:23:36.238,10:23:36.948,-2492.400000,-155.400000,2081.200000,-2630.000000,-156.100000,2448.000000,-2622.900000,-154.400000,2435.700000,-2628.500000,-154.400000,2444.400000,391.760131,391.760756,377.757197,377.758521,14.202113,14.303496,3.900000,4.254409,false,1,2,true,false,10.346497,10.346497,10.346497,10.346497,0.539000,3.247000,0.710000,teleport_tsunami|teleport_tsunami,25|28,26|29,10.346497,10.346497,300-400,351-500,short_corrections_only
SITE1_P24,P24,SITE1,tsunami,B,3,11,5,P24_race_tsunami_B_11.csv,31,32,33,39,40,10:23:37.975,10:23:39.449,10:23:39.449,10:23:43.096,10:23:43.938,-2628.500000,-154.400000,2444.300000,-2978.700000,-155.900000,2306.500000,-2862.000000,-154.200000,2344.900000,-2980.400000,-154.200000,2303.200000,376.336126,376.339116,253.776693,253.776772,122.855403,122.867164,3.712142,4.082891,false,2,3,false,true,143.507192,143.507787,134.533342,134.533379,0.415000,5.121000,0.842000,teleport_tsunami|teleport_tsunami|teleport_tsunami,32|35|38,33|36|39,134.533342|8.973851,134.533379|8.974408,300-400,351-500,contains_correction_at_least_100m
SITE1_P24,P24,SITE1,tsunami,B,3,11,6,P24_race_tsunami_B_11.csv,41,42,43,46,47,10:23:45.007,10:23:47.227,10:23:47.228,10:23:48.126,10:23:49.319,-2980.500000,-154.200000,2303.000000,-2999.000000,-156.000000,1931.000000,-2999.100000,-154.200000,1951.000000,-2999.200000,-154.300000,1932.400000,372.459729,372.464079,352.491078,352.491078,20.000250,20.081086,1.414214,2.211334,false,1,2,true,false,18.600269,18.600538,18.600269,18.600538,0.472000,3.119000,1.193000,teleport_tsunami|teleport_tsunami,42|45,43|46,18.600269,18.600538,300-400,351-500,short_corrections_only
SITE1_P24,P24,SITE1,tsunami,C,3,9,1,P24_race_tsunami_C_9.csv,3,4,5,11,12,10:20:52.245,10:20:54.016,10:20:54.016,10:20:56.355,10:20:58.918,-2003.300000,-141.800000,179.500000,-2299.700000,-147.700000,56.800000,-2275.600000,-145.900000,64.900000,-2297.400000,-146.200000,55.200000,320.793158,320.847409,295.432649,295.461097,25.424791,25.488429,2.801785,3.178050,false,2,3,true,false,23.993339,23.996683,17.454226,17.454512,0.510000,4.110000,2.563000,teleport_tsunami|teleport_tsunami|teleport_tsunami,4|7|10,5|8|11,17.454226|6.539113,17.454512|6.542171,300-400,200-350,short_corrections_only
SITE1_P24,P24,SITE1,tsunami,C,3,9,2,P24_race_tsunami_C_9.csv,13,14,15,18,19,10:20:59.999,10:21:01.524,10:21:01.524,10:21:03.766,10:21:04.689,-2297.500000,-146.100000,55.100000,-2303.900000,-147.000000,-387.200000,-2306.500000,-145.400000,-403.100000,-2304.500000,-145.400000,-393.700000,442.346301,442.347217,458.288381,458.288915,16.111176,16.190429,6.527634,6.720863,false,1,2,true,false,9.512623,9.512623,9.512623,9.512623,1.488000,3.767000,0.923000,teleport_tsunami|teleport_tsunami,14|17,15|18,9.512623,9.512623,400-500,351-500,short_corrections_only
SITE1_P24,P24,SITE1,tsunami,C,3,9,3,P24_race_tsunami_C_9.csv,20,21,22,25,26,10:21:05.615,10:21:07.580,10:21:07.580,10:21:08.976,10:21:10.434,-2304.500000,-145.400000,-393.700000,-1943.900000,-143.600000,-367.100000,-1963.400000,-142.700000,-371.900000,-1948.100000,-142.200000,-370.700000,361.579756,361.584236,341.795919,341.806583,20.082082,20.102239,5.531727,5.706137,false,1,2,true,false,15.355129,15.363268,15.355129,15.363268,0.482000,3.361000,1.458000,teleport_tsunami|teleport_tsunami,21|24,22|25,15.355129,15.363268,300-400,351-500,short_corrections_only
SITE1_P24,P24,SITE1,tsunami,C,3,9,4,P24_race_tsunami_C_9.csv,27,28,29,32,33,10:21:11.986,10:21:13.742,10:21:13.743,10:21:15.808,10:21:17.163,-1948.200000,-142.100000,-370.700000,-2025.000000,-148.600000,-798.000000,-2032.300000,-146.500000,-816.100000,-2025.600000,-146.900000,-801.700000,434.146899,434.195555,453.270306,453.291661,19.516660,19.629315,3.748333,4.115823,false,1,2,true,false,15.791770,15.794619,15.791770,15.794619,1.260000,3.822000,1.355000,teleport_tsunami|teleport_tsunami,28|31,29|32,15.791770,15.794619,400-500,351-500,short_corrections_only
SITE1_P24,P24,SITE1,tsunami,C,3,9,5,P24_race_tsunami_C_9.csv,34,35,36,42,43,10:21:18.579,10:21:19.904,10:21:19.904,10:21:24.290,10:21:25.519,-2025.500000,-146.900000,-801.900000,-1819.400000,-140.800000,-1190.000000,-1953.600000,-142.100000,-945.000000,-1821.300000,-139.200000,-1190.700000,439.430108,439.472445,160.147495,160.219412,279.346810,279.349834,2.024846,2.580698,false,2,3,false,true,279.195344,279.211783,255.777188,255.793628,0.456000,5.711000,1.229000,teleport_tsunami|teleport_tsunami|teleport_tsunami,35|38|41,36|39|42,255.777188|23.418155,255.793628|23.418155,400-500,351-500,contains_correction_at_least_100m
SITE1_P24,P24,SITE1,tsunami,C,3,9,6,P24_race_tsunami_C_9.csv,47,48,49,91,92,10:21:34.486,10:21:35.884,10:21:35.884,10:21:51.964,10:21:53.379,-1821.200000,-139.200000,-1190.800000,-1375.200000,-127.000000,-1014.300000,-1539.800000,-132.000000,-1161.000000,-1372.600000,-125.300000,-1017.300000,479.654303,479.809431,282.973497,283.065081,220.485941,220.542626,3.969887,4.318565,false,14,15,false,true,418.538911,418.797604,183.431322,183.529425,0.414000,17.478000,1.415000,teleport_tsunami|teleport_tsunami|teleport_tsunami|teleport_tsunami|teleport_tsunami|teleport_tsunami|teleport_tsunami|teleport_tsunami|teleport_tsunami|teleport_tsunami|teleport_tsunami|teleport_tsunami|teleport_tsunami|teleport_tsunami|teleport_tsunami,48|51|54|57|60|63|66|69|72|75|78|81|84|87|90,49|52|55|58|61|64|67|70|73|76|79|82|85|88|91,183.431322|22.568341|12.277622|10.920165|19.159593|23.740261|16.236379|19.215098|4.800000|8.302409|10.111874|6.000000|77.458440|4.317407,183.529425|22.576315|12.292274|10.924285|19.172376|23.742157|16.239150|19.215098|4.866210|8.304818|10.113852|6.000833|77.498774|4.322037,400-500,351-500,contains_correction_at_least_100m
SITE2_P01,P01,SITE2,map,A,2,7,1,P01_race_map_A_7.csv,3,4,5,5,6,09:37:56.715,09:37:59.739,09:37:59.739,09:37:59.739,09:38:01.818,1364.500000,-136.900000,-2182.300000,1036.100000,-125.400000,-1926.600000,1036.200000,-123.900000,-1924.500000,1036.200000,-123.900000,-1924.500000,416.207941,416.366785,417.422723,417.625107,2.102380,2.582634,2.102380,2.582634,true,0,1,true,false,0.000000,0.000000,0.000000,0.000000,,3.024000,2.079000,teleport_map,4,5,,,400-500,351-500,direct_hit
SITE2_P01,P01,SITE2,map,A,2,7,2,P01_race_map_A_7.csv,7,8,9,9,10,09:38:02.601,09:38:09.567,09:38:09.567,09:38:09.567,09:38:14.368,1036.200000,-124.000000,-1924.500000,660.800000,-122.800000,-2101.300000,656.500000,-121.300000,-2103.100000,656.500000,-121.300000,-2103.100000,414.949876,414.951612,419.607019,419.615705,4.661545,4.896938,4.661545,4.896938,true,0,1,true,false,0.000000,0.000000,0.000000,0.000000,,6.966000,4.801000,teleport_map,8,9,,,400-500,351-500,direct_hit
SITE2_P01,P01,SITE2,map,A,2,7,3,P01_race_map_A_7.csv,12,13,14,14,15,09:38:19.520,09:38:21.900,09:38:21.900,09:38:21.900,09:38:26.015,656.500000,-121.300000,-2103.200000,193.000000,-120.500000,-2075.600000,190.300000,-119.000000,-2072.600000,190.300000,-119.000000,-2072.600000,464.321020,464.321710,467.196629,467.201809,4.036087,4.305810,4.036087,4.305810,true,0,1,true,false,0.000000,0.000000,0.000000,0.000000,,2.380000,4.115000,teleport_map,13,14,,,400-500,351-500,direct_hit
SITE2_P01,P01,SITE2,map,A,2,7,4,P01_race_map_A_7.csv,16,17,18,18,19,09:38:26.650,09:38:29.744,09:38:29.744,09:38:29.744,09:38:31.527,190.300000,-119.000000,-2072.600000,207.800000,-130.500000,-1742.200000,205.500000,-129.100000,-1738.900000,205.500000,-129.100000,-1738.900000,330.863129,331.062925,334.046000,334.198653,4.022437,4.259108,4.022437,4.259108,true,0,1,true,false,0.000000,0.000000,0.000000,0.000000,,3.094000,1.783000,teleport_map,17,18,,,300-400,200-350,direct_hit
SITE2_P01,P01,SITE2,map,A,2,7,5,P01_race_map_A_7.csv,20,21,22,22,23,09:38:32.626,09:38:35.419,09:38:35.419,09:38:35.419,09:38:36.842,205.500000,-129.100000,-1739.000000,-221.000000,-110.700000,-1770.000000,-218.600000,-109.400000,-1767.300000,-218.600000,-109.400000,-1767.300000,427.625128,428.020806,425.043174,425.499459,3.612478,3.839271,3.612478,3.839271,true,0,1,true,false,0.000000,0.000000,0.000000,0.000000,,2.793000,1.423000,teleport_map,21,22,,,400-500,351-500,direct_hit
SITE2_P01,P01,SITE2,map,A,2,7,6,P01_race_map_A_7.csv,24,25,26,26,27,09:38:37.217,09:38:40.444,09:38:40.444,09:38:40.444,09:38:42.814,-218.600000,-109.400000,-1767.300000,-640.700000,-108.700000,-1512.100000,-637.800000,-107.200000,-1511.800000,-637.800000,-107.200000,-1511.800000,493.249886,493.250383,490.926563,490.931492,2.915476,3.278719,2.915476,3.278719,true,0,1,true,false,0.000000,0.000000,0.000000,0.000000,,3.227000,2.370000,teleport_map,25,26,,,400-500,351-500,direct_hit
SITE2_P01,P01,SITE2,map,B,2,5,1,P01_race_map_B_5.csv,3,4,5,8,9,09:34:00.181,09:34:05.636,09:34:05.636,09:34:12.209,09:34:14.708,-1587.500000,-148.200000,1834.200000,-1824.000000,-155.900000,2254.000000,-1821.700000,-154.600000,2260.300000,-1822.200000,-154.500000,2256.400000,481.834297,481.895819,486.220989,486.263108,6.706713,6.831544,3.000000,3.310589,false,1,2,true,false,3.931921,3.931921,3.931921,3.931921,3.489000,12.028000,2.499000,teleport_map|teleport_map,4|7,5|8,3.931921,3.931921,400-500,351-500,short_corrections_only
SITE2_P01,P01,SITE2,map,B,2,5,2,P01_race_map_B_5.csv,10,11,12,15,16,09:34:17.598,09:34:32.435,09:34:32.435,09:34:40.873,09:34:45.161,-1822.400000,-154.600000,2256.700000,-2183.500000,-156.800000,1969.600000,-1880.100000,-155.000000,1896.300000,-2181.300000,-155.200000,1970.200000,461.323769,461.329015,364.989657,364.989877,312.128900,312.134090,2.280351,2.785678,false,1,2,false,true,310.012338,310.012484,310.012338,310.012484,3.067000,23.275000,4.288000,teleport_map|teleport_map,11|14,12|15,310.012338,310.012484,400-500,351-500,contains_correction_at_least_100m
SITE2_P01,P01,SITE2,map,B,2,5,3,P01_race_map_B_5.csv,17,18,19,19,20,09:34:46.216,09:34:50.859,09:34:50.859,09:34:50.859,09:35:06.931,-2181.200000,-155.200000,1970.200000,-2489.500000,-157.100000,2081.700000,-2489.300000,-155.600000,2083.800000,-2489.300000,-155.600000,2083.800000,327.843164,327.848669,328.341073,328.341316,2.109502,2.588436,2.109502,2.588436,true,0,1,true,false,0.000000,0.000000,0.000000,0.000000,,4.643000,16.072000,teleport_map,18,19,,,300-400,200-350,direct_hit
SITE2_P01,P01,SITE2,map,B,2,5,4,P01_race_map_B_5.csv,21,22,23,23,24,09:35:07.916,09:35:12.564,09:35:12.565,09:35:12.565,09:35:15.666,-2489.300000,-155.500000,2083.800000,-2630.000000,-156.100000,2448.000000,-2629.300000,-154.600000,2447.300000,-2629.300000,-154.600000,2447.300000,390.433259,390.433720,389.528240,389.529280,0.989949,1.797220,0.989949,1.797220,true,0,1,true,false,0.000000,0.000000,0.000000,0.000000,,4.649000,3.101000,teleport_map,22,23,,,300-400,351-500,direct_hit
SITE2_P01,P01,SITE2,map,B,2,5,5,P01_race_map_B_5.csv,25,26,27,30,31,09:35:18.173,09:35:21.562,09:35:21.562,09:35:26.337,09:35:32.722,-2629.300000,-154.700000,2447.300000,-2978.700000,-155.900000,2306.500000,-2978.300000,-154.500000,2313.000000,-2976.900000,-154.300000,2308.100000,376.702801,376.704712,373.948512,373.948566,6.512296,6.661081,2.408319,2.891366,false,1,2,true,false,5.069517,5.070503,5.069517,5.070503,1.492000,8.164000,6.385000,teleport_map|teleport_map,26|29,27|30,5.069517,5.070503,300-400,351-500,short_corrections_only
SITE2_P01,P01,SITE2,map,B,2,5,6,P01_race_map_B_5.csv,32,33,34,34,35,09:35:35.472,09:35:39.171,09:35:39.171,09:35:39.171,09:35:43.118,-2976.900000,-154.400000,2308.100000,-2999.000000,-156.000000,1931.000000,-3000.300000,-154.400000,1933.400000,-3000.300000,-154.400000,1933.400000,377.747032,377.750420,375.423734,375.423747,2.729469,3.163858,2.729469,3.163858,true,0,1,true,false,0.000000,0.000000,0.000000,0.000000,,3.699000,3.947000,teleport_map,33,34,,,300-400,351-500,direct_hit
SITE2_P01,P01,SITE2,map,C,2,6,1,P01_race_map_C_6.csv,3,4,5,5,6,09:36:12.476,09:36:21.713,09:36:21.713,09:36:21.713,09:36:24.155,-2002.100000,-142.300000,169.100000,-2299.700000,-147.700000,56.800000,-2302.700000,-146.100000,59.600000,-2302.700000,-146.100000,59.600000,318.083401,318.129235,319.922819,319.946589,4.103657,4.404543,4.103657,4.404543,true,0,1,true,false,0.000000,0.000000,0.000000,0.000000,,9.237000,2.442000,teleport_map,4,5,,,300-400,200-350,direct_hit
SITE2_P01,P01,SITE2,map,C,2,6,2,P01_race_map_C_6.csv,7,8,9,9,10,09:36:25.615,09:36:32.399,09:36:32.399,09:36:32.399,09:36:37.620,-2302.800000,-146.200000,59.600000,-2303.900000,-147.000000,-387.200000,-2304.000000,-145.500000,-384.800000,-2304.000000,-145.500000,-384.800000,446.801354,446.802070,444.401620,444.402171,2.402082,2.831960,2.402082,2.831960,true,0,1,true,false,0.000000,0.000000,0.000000,0.000000,,6.784000,5.221000,teleport_map,8,9,,,400-500,351-500,direct_hit
SITE2_P01,P01,SITE2,map,C,2,6,3,P01_race_map_C_6.csv,11,12,13,13,14,09:36:38.013,09:36:44.308,09:36:44.308,09:36:44.308,09:36:55.286,-2304.000000,-145.500000,-384.800000,-1943.900000,-143.600000,-367.100000,-1944.700000,-142.100000,-366.900000,-1944.700000,-142.100000,-366.900000,360.534742,360.539748,359.745605,359.760740,0.824621,1.711724,0.824621,1.711724,true,0,1,true,false,0.000000,0.000000,0.000000,0.000000,,6.295000,10.978000,teleport_map,12,13,,,300-400,351-500,direct_hit
SITE2_P01,P01,SITE2,map,C,2,6,4,P01_race_map_C_6.csv,15,16,17,17,18,09:36:56.593,09:37:00.894,09:37:00.895,09:37:00.895,09:37:05.382,-1944.800000,-142.200000,-366.800000,-2025.000000,-148.600000,-798.000000,-2023.100000,-147.000000,-797.300000,-2023.100000,-147.000000,-797.300000,438.594893,438.641585,437.580633,437.608067,2.024846,2.580698,2.024846,2.580698,true,0,1,true,false,0.000000,0.000000,0.000000,0.000000,,4.302000,4.487000,teleport_map,16,17,,,400-500,351-500,direct_hit
SITE2_P01,P01,SITE2,map,C,2,6,5,P01_race_map_C_6.csv,19,20,21,21,22,09:37:06.958,09:37:11.927,09:37:11.927,09:37:11.927,09:37:17.269,-2023.100000,-147.100000,-797.400000,-1819.400000,-140.800000,-1190.000000,-1820.900000,-139.400000,-1190.800000,-1820.900000,-139.400000,-1190.800000,442.299050,442.343916,442.275898,442.342921,1.700000,2.202272,1.700000,2.202272,true,0,1,true,false,0.000000,0.000000,0.000000,0.000000,,4.969000,5.342000,teleport_map,20,21,,,400-500,351-500,direct_hit
SITE2_P01,P01,SITE2,map,C,2,6,6,P01_race_map_C_6.csv,24,25,26,26,27,09:37:27.118,09:37:29.293,09:37:29.293,09:37:29.293,09:37:31.226,-1820.900000,-139.400000,-1190.900000,-1375.200000,-127.000000,-1014.300000,-1376.200000,-125.500000,-1013.700000,-1376.200000,-125.500000,-1013.700000,479.412192,479.572528,478.611534,478.813335,1.166190,1.900000,1.166190,1.900000,true,0,1,true,false,0.000000,0.000000,0.000000,0.000000,,2.175000,1.933000,teleport_map,25,26,,,400-500,351-500,direct_hit
SITE2_P01,P01,SITE2,tsunami,A,3,10,1,P01_race_tsunami_A_10.csv,3,4,5,5,6,09:48:28.510,09:48:29.983,09:48:29.983,09:48:29.983,09:48:32.230,1364.500000,-136.900000,-2182.200000,1036.100000,-125.400000,-1926.600000,1035.300000,-123.900000,-1927.800000,1035.300000,-123.900000,-1927.800000,416.146513,416.305381,416.043267,416.246321,1.442221,2.080865,1.442221,2.080865,true,0,1,true,false,0.000000,0.000000,0.000000,0.000000,,1.473000,2.247000,teleport_tsunami,4,5,,,400-500,351-500,direct_hit
SITE2_P01,P01,SITE2,tsunami,A,3,10,2,P01_race_tsunami_A_10.csv,7,8,9,12,13,09:48:33.135,09:48:36.177,09:48:36.177,09:48:38.065,09:48:40.478,1035.300000,-123.900000,-1927.900000,660.800000,-122.800000,-2101.300000,650.400000,-120.300000,-2114.400000,657.700000,-121.200000,-2103.500000,412.695784,412.697250,427.703472,427.718622,16.726327,16.912126,3.801316,4.124318,false,1,2,true,false,13.118689,13.149525,13.118689,13.149525,1.102000,4.930000,2.413000,teleport_tsunami|teleport_tsunami,8|11,9|12,13.118689,13.149525,400-500,351-500,short_corrections_only
SITE2_P01,P01,SITE2,tsunami,A,3,10,3,P01_race_tsunami_A_10.csv,15,16,17,20,21,09:48:44.501,09:48:45.876,09:48:45.877,09:48:47.952,09:48:49.976,657.600000,-121.200000,-2103.600000,193.000000,-120.500000,-2075.600000,213.600000,-118.200000,-2093.800000,195.400000,-118.900000,-2077.100000,465.442972,465.443498,444.108140,444.118273,27.488179,27.584235,2.830194,3.251154,false,1,2,true,false,24.707286,24.717200,24.707286,24.717200,1.097000,3.451000,2.024000,teleport_tsunami|teleport_tsunami,16|19,17|20,24.707286,24.717200,400-500,351-500,short_corrections_only
SITE2_P01,P01,SITE2,tsunami,A,3,10,4,P01_race_tsunami_A_10.csv,22,23,24,27,28,09:48:50.735,09:48:51.933,09:48:51.935,09:48:52.881,09:48:55.652,195.400000,-118.900000,-2077.000000,207.800000,-130.500000,-1742.200000,211.400000,-128.700000,-1754.400000,207.700000,-129.000000,-1744.100000,335.029551,335.230309,322.996532,323.145169,12.720063,12.846789,1.902630,2.422808,false,1,2,true,false,10.944405,10.948516,10.944405,10.948516,0.491000,2.146000,2.771000,teleport_tsunami|teleport_tsunami,23|26,24|27,10.944405,10.948516,300-400,200-350,short_corrections_only
SITE2_P01,P01,SITE2,tsunami,A,3,10,5,P01_race_tsunami_A_10.csv,29,30,31,34,35,09:48:56.425,09:48:57.835,09:48:57.835,09:48:59.458,09:49:02.609,207.700000,-129.000000,-1744.200000,-221.000000,-110.700000,-1770.000000,-200.700000,-110.300000,-1758.800000,-216.200000,-109.500000,-1766.700000,429.475645,429.865351,408.660886,409.088511,23.184693,23.188144,5.824946,5.947268,false,1,2,true,false,17.397126,17.415510,17.397126,17.415510,0.459000,3.033000,3.151000,teleport_tsunami|teleport_tsunami,30|33,31|34,17.397126,17.415510,400-500,351-500,short_corrections_only
SITE2_P01,P01,SITE2,tsunami,A,3,10,6,P01_race_tsunami_A_10.csv,36,37,38,44,45,09:49:03.278,09:49:04.632,09:49:04.632,09:49:07.739,09:49:11.046,-216.200000,-109.400000,-1766.700000,-640.700000,-108.700000,-1512.100000,-598.600000,-106.700000,-1536.200000,-638.900000,-107.200000,-1512.800000,494.996374,494.996869,446.497492,446.505655,48.509999,48.551210,1.931321,2.445404,false,2,3,true,false,46.614647,46.617826,39.324928,39.328107,0.461000,4.461000,3.307000,teleport_tsunami|teleport_tsunami|teleport_tsunami,37|40|43,38|41|44,39.324928|7.289719,39.328107|7.289719,400-500,351-500,short_corrections_only
SITE2_P01,P01,SITE2,tsunami,B,3,11,1,P01_race_tsunami_B_11.csv,3,4,5,8,9,09:49:27.402,09:49:28.933,09:49:28.933,09:49:30.262,09:49:32.166,-1587.500000,-148.100000,1834.200000,-1824.000000,-155.900000,2254.000000,-1808.900000,-154.700000,2235.000000,-1823.200000,-154.500000,2253.700000,481.834297,481.897427,457.884920,457.932484,24.269528,24.299177,0.854400,1.640122,false,1,2,true,false,23.541028,23.541878,23.541028,23.541878,0.461000,2.860000,1.904000,teleport_tsunami|teleport_tsunami,4|7,5|8,23.541028,23.541878,400-500,351-500,short_corrections_only
SITE2_P01,P01,SITE2,tsunami,B,3,11,2,P01_race_tsunami_B_11.csv,10,11,12,15,16,09:49:33.129,09:49:34.613,09:49:34.613,09:49:35.915,09:49:37.365,-1823.200000,-154.400000,2253.700000,-2183.500000,-156.800000,1969.600000,-2152.300000,-155.100000,1987.900000,-2181.800000,-155.200000,1972.100000,458.834284,458.840561,423.032446,423.033025,36.170845,36.210772,3.023243,3.420526,false,1,2,true,false,33.464758,33.464907,33.464758,33.464907,0.529000,2.786000,1.450000,teleport_tsunami|teleport_tsunami,11|14,12|15,33.464758,33.464907,400-500,351-500,short_corrections_only
SITE2_P01,P01,SITE2,tsunami,B,3,11,3,P01_race_tsunami_B_11.csv,18,19,20,23,24,09:49:40.070,09:49:41.197,09:49:41.197,09:49:42.803,09:49:45.322,-2181.800000,-155.200000,1972.200000,-2489.500000,-157.100000,2081.700000,-2434.400000,-155.600000,2051.700000,-2490.200000,-155.500000,2083.200000,326.603031,326.608558,264.815049,264.815351,62.737628,62.755558,1.655295,2.302173,false,1,2,true,false,64.077219,64.077297,64.077219,64.077297,0.414000,2.733000,2.519000,teleport_tsunami|teleport_tsunami,19|22,20|23,64.077219,64.077297,300-400,200-350,short_corrections_only
SITE2_P01,P01,SITE2,tsunami,B,3,11,4,P01_race_tsunami_B_11.csv,25,26,27,30,31,09:49:46.101,09:49:49.407,09:49:49.407,09:49:51.721,09:49:53.719,-2490.100000,-155.500000,2083.200000,-2630.000000,-156.100000,2448.000000,-2622.800000,-154.600000,2426.200000,-2628.700000,-154.600000,2443.400000,390.705836,390.706296,367.774782,367.775883,22.958223,23.007173,4.780167,5.009990,false,1,2,true,false,18.183784,18.183784,18.183784,18.183784,0.410000,5.620000,1.998000,teleport_tsunami|teleport_tsunami,26|29,27|30,18.183784,18.183784,300-400,351-500,short_corrections_only
SITE2_P01,P01,SITE2,tsunami,B,3,11,5,P01_race_tsunami_B_11.csv,32,33,34,43,44,09:49:55.104,09:49:56.582,09:49:56.583,09:50:03.020,09:50:05.094,-2628.800000,-154.600000,2443.300000,-2978.700000,-155.900000,2306.500000,-2910.200000,-153.700000,2319.000000,-2977.000000,-154.300000,2308.200000,375.691695,375.693945,307.630379,307.631695,69.631171,69.665917,2.404163,2.887906,false,3,4,true,false,67.721458,67.727387,37.237213,37.237213,0.567000,7.916000,2.074000,teleport_tsunami|teleport_tsunami|teleport_tsunami|teleport_tsunami,33|36|39|42,34|37|40|43,37.237213|24.614833|5.869412,37.237213|24.619911|5.870264,300-400,351-500,short_corrections_only
SITE2_P01,P01,SITE2,tsunami,B,3,11,6,P01_race_tsunami_B_11.csv,45,46,47,50,51,09:50:06.044,09:50:08.829,09:50:08.829,09:50:11.050,09:50:13.788,-2977.000000,-154.300000,2308.200000,-2999.000000,-156.000000,1931.000000,-2992.600000,-154.500000,1927.700000,-2997.700000,-154.600000,1930.400000,377.841025,377.844849,380.819655,380.819708,7.200694,7.355270,1.431782,2.002498,false,1,2,true,false,5.635601,5.635601,5.635601,5.635601,0.326000,5.006000,2.738000,teleport_tsunami|teleport_tsunami,46|49,47|50,5.635601,5.635601,300-400,351-500,short_corrections_only
SITE2_P01,P01,SITE2,tsunami,C,3,9,1,P01_race_tsunami_C_9.csv,3,4,5,11,12,09:46:59.148,09:47:01.022,09:47:01.022,09:47:03.746,09:47:06.257,-2003.400000,-141.800000,179.600000,-2299.700000,-147.700000,56.800000,-2251.700000,-146.100000,78.300000,-2297.900000,-146.300000,58.500000,320.739037,320.793298,268.168939,268.203412,52.595152,52.619483,2.475884,2.844293,false,2,3,true,false,50.226580,50.227569,45.169901,45.169901,0.423000,4.598000,2.511000,teleport_tsunami|teleport_tsunami|teleport_tsunami,4|7|10,5|8|11,45.169901|5.056679,45.169901|5.057667,300-400,200-350,short_corrections_only
SITE2_P01,P01,SITE2,tsunami,C,3,9,2,P01_race_tsunami_C_9.csv,13,14,15,24,25,09:47:07.037,09:47:08.117,09:47:08.117,09:47:12.120,09:47:15.126,-2297.900000,-146.300000,58.500000,-2303.900000,-147.000000,-387.200000,-2309.800000,-145.200000,-284.600000,-2304.900000,-145.500000,-384.800000,445.740384,445.740934,343.306306,343.308069,102.769499,102.785262,2.600000,3.001666,false,3,4,true,false,100.350337,100.351254,69.045275,69.045565,0.402000,5.083000,3.006000,teleport_tsunami|teleport_tsunami|teleport_tsunami|teleport_tsunami,14|17|20|23,15|18|21|24,69.045275|23.342022|7.963040,69.045565|23.342022|7.963667,400-500,351-500,short_corrections_only
SITE2_P01,P01,SITE2,tsunami,C,3,9,3,P01_race_tsunami_C_9.csv,26,27,28,40,41,09:47:16.346,09:47:17.082,09:47:17.082,09:47:22.174,09:47:27.691,-2304.800000,-145.500000,-384.800000,-1943.900000,-143.600000,-367.100000,-2006.700000,-144.500000,-371.200000,-1946.800000,-142.200000,-366.600000,361.333779,361.338775,298.410070,298.411746,62.933695,62.940130,2.942788,3.258834,false,4,5,true,false,60.087197,60.132512,24.539967,24.556466,0.343000,5.828000,5.517000,teleport_tsunami|teleport_tsunami|teleport_tsunami|teleport_tsunami|teleport_tsunami,27|30|33|36|39,28|31|34|37|40,15.247295|15.164762|24.539967|5.135173,15.255491|15.176627|24.556466|5.143928,300-400,351-500,short_corrections_only
SITE2_P01,P01,SITE2,tsunami,C,3,9,4,P01_race_tsunami_C_9.csv,42,43,44,47,48,09:47:28.856,09:47:30.453,09:47:30.453,09:47:32.353,09:47:35.295,-1946.800000,-142.200000,-366.600000,-2025.000000,-148.600000,-798.000000,-2025.900000,-147.300000,-784.500000,-2026.100000,-147.200000,-793.100000,438.430382,438.477092,425.320138,425.350714,13.529967,13.592277,5.021952,5.213444,false,1,2,true,false,8.602325,8.602906,8.602325,8.602906,0.450000,3.497000,2.942000,teleport_tsunami|teleport_tsunami,43|46,44|47,8.602325,8.602906,400-500,351-500,short_corrections_only
SITE2_P01,P01,SITE2,tsunami,C,3,9,5,P01_race_tsunami_C_9.csv,49,50,51,60,61,09:47:36.182,09:47:37.917,09:47:37.917,09:47:41.973,09:47:44.475,-2026.100000,-147.200000,-793.100000,-1819.400000,-140.800000,-1190.000000,-1876.600000,-140.400000,-1112.900000,-1823.500000,-139.400000,-1185.800000,447.498045,447.543808,353.018824,353.084310,96.001302,96.002135,5.869412,6.034070,false,3,4,true,false,90.148646,90.159202,51.722819,51.726299,0.397000,5.791000,2.502000,teleport_tsunami|teleport_tsunami|teleport_tsunami|teleport_tsunami,50|53|56|59,51|54|57|60,18.305191|51.722819|20.120636,18.312018|51.726299|20.120885,400-500,351-500,short_corrections_only
SITE2_P01,P01,SITE2,tsunami,C,3,9,6,P01_race_tsunami_C_9.csv,65,66,67,88,89,09:47:53.713,09:47:54.828,09:47:54.829,09:48:03.581,09:48:06.300,-1823.500000,-139.400000,-1185.800000,-1375.200000,-127.000000,-1014.300000,-1565.500000,-132.600000,-1165.200000,-1379.100000,-125.500000,-1017.500000,479.984521,480.144666,258.821097,258.910409,242.868071,242.932624,5.044799,5.263079,false,7,8,false,true,278.704641,278.855076,125.166170,125.220845,0.345000,9.868000,2.719000,teleport_tsunami|teleport_tsunami|teleport_tsunami|teleport_tsunami|teleport_tsunami|teleport_tsunami|teleport_tsunami|teleport_tsunami,66|69|72|75|78|81|84|87,67|70|73|76|79|82|85|88,125.166170|49.019384|8.809086|44.928499|16.831518|17.907540|16.042444,125.220845|49.042329|8.865664|44.939626|16.832706|17.908657|16.045249,400-500,351-500,contains_correction_at_least_100m
SITE2_P02,P02,SITE2,map,A,2,6,1,P02_race_map_A_6.csv,3,4,5,5,6,12:20:51.360,12:20:53.293,12:20:53.293,12:20:53.293,12:20:54.676,1364.500000,-136.900000,-2182.300000,1036.100000,-125.400000,-1926.600000,1039.400000,-123.800000,-1923.400000,1039.400000,-123.800000,-1923.400000,416.207941,416.366785,415.595019,415.801431,4.596738,4.867237,4.596738,4.867237,true,0,1,true,false,0.000000,0.000000,0.000000,0.000000,,1.933000,1.383000,teleport_map,4,5,,,400-500,351-500,direct_hit
SITE2_P02,P02,SITE2,map,A,2,6,2,P02_race_map_A_6.csv,7,8,9,15,16,12:20:54.907,12:20:58.363,12:20:58.363,12:21:05.311,12:21:07.556,1039.400000,-123.800000,-1923.400000,660.800000,-122.800000,-2101.300000,663.200000,-121.400000,-2092.900000,658.800000,-121.200000,-2103.000000,418.313722,418.314917,412.621727,412.628707,8.736132,8.847599,2.624881,3.074085,false,2,3,true,false,20.349780,20.351369,12.587692,12.589281,0.902000,10.404000,2.245000,teleport_map|teleport_map|teleport_map,8|11|14,9|12|15,12.587692|7.762087,12.589281|7.762087,400-500,351-500,short_corrections_only
SITE2_P02,P02,SITE2,map,A,2,6,3,P02_race_map_A_6.csv,17,18,19,25,26,12:21:07.754,12:21:10.300,12:21:10.300,12:21:14.625,12:21:16.523,658.800000,-121.200000,-2103.100000,193.000000,-120.500000,-2075.600000,196.600000,-119.300000,-2070.100000,190.500000,-118.800000,-2076.800000,466.611069,466.611594,463.376564,463.380459,6.573431,6.682066,2.773085,3.252691,false,2,3,true,false,13.949143,13.967221,10.965856,10.982258,0.618000,6.871000,1.898000,teleport_map|teleport_map|teleport_map,18|21|24,19|22|25,2.983287|10.965856,2.984962|10.982258,400-500,351-500,short_corrections_only
SITE2_P02,P02,SITE2,map,A,2,6,4,P02_race_map_A_6.csv,27,28,29,32,33,12:21:16.707,12:21:19.783,12:21:19.783,12:21:22.536,12:21:23.968,190.500000,-118.900000,-2076.700000,207.800000,-130.500000,-1742.200000,214.900000,-128.800000,-1751.000000,207.100000,-128.900000,-1745.700000,334.947070,335.147878,326.612691,326.762697,11.307077,11.434159,3.569314,3.911521,false,1,2,true,false,9.486833,9.487360,9.486833,9.487360,0.649000,5.829000,1.432000,teleport_map|teleport_map,28|31,29|32,9.486833,9.487360,300-400,200-350,short_corrections_only
SITE2_P02,P02,SITE2,map,A,2,6,5,P02_race_map_A_6.csv,34,35,36,36,37,12:21:24.220,12:21:26.376,12:21:26.377,12:21:26.377,12:21:27.472,207.100000,-128.900000,-1745.800000,-221.000000,-110.700000,-1770.000000,-217.600000,-109.300000,-1771.400000,-217.600000,-109.300000,-1771.400000,428.783454,429.169535,425.470857,425.922070,3.676955,3.934463,3.676955,3.934463,true,0,1,true,false,0.000000,0.000000,0.000000,0.000000,,2.157000,1.095000,teleport_map,35,36,,,400-500,351-500,direct_hit
SITE2_P02,P02,SITE2,map,A,2,6,6,P02_race_map_A_6.csv,38,39,40,40,41,12:21:27.607,12:21:29.993,12:21:29.993,12:21:29.993,12:21:30.940,-217.600000,-109.300000,-1771.400000,-640.700000,-108.700000,-1512.100000,-636.400000,-107.100000,-1515.700000,-636.400000,-107.100000,-1515.700000,496.235932,496.236295,490.689240,490.694172,5.608030,5.831809,5.608030,5.831809,true,0,1,true,false,0.000000,0.000000,0.000000,0.000000,,2.386000,0.947000,teleport_map,39,40,,,400-500,351-500,direct_hit
SITE2_P02,P02,SITE2,map,B,2,7,1,P02_race_map_B_7.csv,3,4,5,8,9,12:21:45.456,12:21:48.015,12:21:48.016,12:21:50.287,12:21:52.542,-1587.500000,-148.100000,1834.100000,-1824.000000,-155.900000,2254.000000,-1817.300000,-154.500000,2245.000000,-1828.100000,-154.300000,2252.000000,481.921425,481.984543,470.793851,470.837350,11.220071,11.307077,4.561798,4.834253,false,1,2,true,false,12.841339,12.844843,12.841339,12.844843,0.643000,4.831000,2.255000,teleport_map|teleport_map,4|7,5|8,12.841339,12.844843,400-500,351-500,short_corrections_only
SITE2_P02,P02,SITE2,map,B,2,7,2,P02_race_map_B_7.csv,10,11,12,18,19,12:21:52.684,12:21:56.783,12:21:56.783,12:22:00.660,12:22:02.347,-1828.100000,-154.300000,2252.000000,-2183.500000,-156.800000,1969.600000,-2181.800000,-155.100000,1977.000000,-2179.500000,-155.200000,1964.700000,453.937132,453.944016,448.027555,448.028269,7.592760,7.780745,6.325346,6.524569,false,2,3,true,false,14.947397,14.947397,11.950732,11.950732,0.872000,7.976000,1.687000,teleport_map|teleport_map|teleport_map,11|14|17,12|15|18,2.996665|11.950732,2.996665|11.950732,400-500,351-500,short_corrections_only
SITE2_P02,P02,SITE2,map,B,2,7,3,P02_race_map_B_7.csv,20,21,22,28,29,12:22:03.003,12:22:05.262,12:22:05.263,12:22:09.195,12:22:11.897,-2179.500000,-155.200000,1964.700000,-2489.500000,-157.100000,2081.700000,-2483.800000,-155.600000,2076.700000,-2493.600000,-155.600000,2077.900000,331.344232,331.349679,324.256827,324.257074,7.582216,7.729166,5.590170,5.787918,false,2,3,true,false,24.755447,24.755970,15.202960,15.202960,0.639000,6.192000,2.702000,teleport_map|teleport_map|teleport_map,21|24|27,22|25|28,15.202960|9.552487,15.202960|9.553010,300-400,200-350,short_corrections_only
SITE2_P02,P02,SITE2,map,B,2,7,4,P02_race_map_B_7.csv,30,31,32,35,36,12:22:12.080,12:22:14.209,12:22:14.209,12:22:16.986,12:22:18.326,-2493.600000,-155.600000,2077.900000,-2630.000000,-156.100000,2448.000000,-2626.900000,-154.500000,2438.200000,-2627.600000,-154.500000,2448.500000,394.435001,394.435318,384.167906,384.169481,10.278619,10.402404,2.451530,2.927456,false,1,2,true,false,10.323759,10.324243,10.323759,10.324243,0.577000,4.906000,1.340000,teleport_map|teleport_map,31|34,32|35,10.323759,10.324243,300-400,351-500,short_corrections_only
SITE2_P02,P02,SITE2,map,B,2,7,5,P02_race_map_B_7.csv,37,38,39,42,43,12:22:18.550,12:22:20.563,12:22:20.563,12:22:22.659,12:22:24.402,-2627.600000,-154.600000,2448.400000,-2978.700000,-155.900000,2306.500000,-2972.000000,-154.200000,2303.700000,-2978.700000,-154.300000,2306.500000,378.690929,378.693161,373.563181,373.563395,7.261543,7.457882,0.000000,1.600000,false,1,2,true,false,7.316420,7.319153,7.316420,7.319153,0.612000,4.109000,1.743000,teleport_map|teleport_map,38|41,39|42,7.316420,7.319153,300-400,351-500,short_corrections_only
SITE2_P02,P02,SITE2,map,B,2,7,6,P02_race_map_B_7.csv,44,45,46,49,50,12:22:24.640,12:22:27.585,12:22:27.585,12:22:29.795,12:22:31.050,-2978.800000,-154.400000,2306.500000,-2999.000000,-156.000000,1931.000000,-3003.100000,-154.300000,1936.300000,-2998.200000,-154.500000,1927.700000,376.042936,376.046340,370.996671,370.996685,6.700746,6.913031,3.395585,3.712142,false,1,2,true,false,9.848858,9.853426,9.848858,9.853426,0.708000,5.155000,1.255000,teleport_map|teleport_map,45|48,46|49,9.848858,9.853426,300-400,351-500,short_corrections_only
SITE2_P02,P02,SITE2,map,C,2,5,1,P02_race_map_C_5.csv,4,5,6,6,7,12:19:53.116,12:19:54.388,12:19:54.389,12:19:54.389,12:19:55.557,-2003.300000,-141.900000,179.500000,-2299.700000,-147.700000,56.800000,-2295.400000,-146.400000,56.500000,-2295.400000,-146.400000,56.500000,320.793158,320.845586,316.940704,316.972649,4.310452,4.502222,4.310452,4.502222,true,0,1,true,false,0.000000,0.000000,0.000000,0.000000,,1.273000,1.168000,teleport_map,5,6,,,300-400,200-350,direct_hit
SITE2_P02,P02,SITE2,map,C,2,5,2,P02_race_map_C_5.csv,8,9,10,13,14,12:19:55.822,12:19:59.137,12:19:59.137,12:20:03.756,12:20:05.848,-2295.400000,-146.500000,56.500000,-2303.900000,-147.000000,-387.200000,-2300.600000,-145.500000,-381.300000,-2303.300000,-145.500000,-389.000000,443.781410,443.781692,437.830881,437.832023,6.760178,6.924594,1.897367,2.418677,false,1,2,true,false,8.159657,8.159657,8.159657,8.159657,1.105000,7.934000,2.092000,teleport_map|teleport_map,9|12,10|13,8.159657,8.159657,400-500,351-500,short_corrections_only
SITE2_P02,P02,SITE2,map,C,2,5,3,P02_race_map_C_5.csv,15,16,17,17,18,12:20:06.768,12:20:11.956,12:20:11.956,12:20:11.956,12:20:13.243,-2303.300000,-145.500000,-388.900000,-1943.900000,-143.600000,-367.100000,-1941.700000,-142.000000,-371.500000,-1941.700000,-142.000000,-371.500000,360.060550,360.065563,362.018397,362.034363,4.919350,5.173007,4.919350,5.173007,true,0,1,true,false,0.000000,0.000000,0.000000,0.000000,,5.188000,1.287000,teleport_map,16,17,,,300-400,351-500,direct_hit
SITE2_P02,P02,SITE2,map,C,2,5,4,P02_race_map_C_5.csv,19,20,21,21,22,12:20:13.791,12:20:16.628,12:20:16.628,12:20:16.628,12:20:17.778,-1941.700000,-142.100000,-371.600000,-2025.000000,-148.600000,-798.000000,-2023.100000,-147.000000,-799.000000,-2023.100000,-147.000000,-799.000000,434.460412,434.509033,435.101149,435.128740,2.147091,2.677686,2.147091,2.677686,true,0,1,true,false,0.000000,0.000000,0.000000,0.000000,,2.837000,1.150000,teleport_map,20,21,,,400-500,351-500,direct_hit
SITE2_P02,P02,SITE2,map,C,2,5,5,P02_race_map_C_5.csv,23,24,25,28,29,12:20:18.505,12:20:21.727,12:20:21.727,12:20:25.764,12:20:27.102,-2023.200000,-147.000000,-799.000000,-1819.400000,-140.800000,-1190.000000,-1825.700000,-139.300000,-1194.400000,-1817.300000,-139.100000,-1189.200000,440.925663,440.969251,441.981233,442.048301,7.684400,7.829432,2.247221,2.817801,false,1,2,true,false,9.879271,9.881295,9.879271,9.881295,0.817000,7.259000,1.338000,teleport_map|teleport_map,24|27,25|28,9.879271,9.881295,400-500,351-500,short_corrections_only
SITE2_P02,P02,SITE2,map,C,2,5,6,P02_race_map_C_5.csv,30,31,32,32,33,12:20:27.474,12:20:31.490,12:20:31.490,12:20:31.490,12:20:33.193,-1817.300000,-139.100000,-1189.100000,-1375.200000,-127.000000,-1014.300000,-1372.000000,-125.500000,-1015.600000,-1372.000000,-125.500000,-1015.600000,475.402408,475.556369,477.942517,478.135974,3.453983,3.765634,3.453983,3.765634,true,0,1,true,false,0.000000,0.000000,0.000000,0.000000,,4.016000,1.703000,teleport_map,31,32,,,400-500,351-500,direct_hit
SITE2_P02,P02,SITE2,tsunami,A,3,9,1,P02_race_tsunami_A_9.csv,3,4,5,11,12,12:27:15.862,12:27:17.117,12:27:17.117,12:27:20.524,12:27:21.797,1364.500000,-136.900000,-2182.300000,1036.100000,-125.400000,-1926.600000,1211.900000,-128.400000,-2124.400000,1036.800000,-123.900000,-1927.300000,416.207941,416.366785,163.215103,163.436287,264.632727,264.649731,0.989949,1.797220,false,2,3,false,true,267.801437,267.841199,173.211374,173.244740,0.380000,4.662000,1.273000,teleport_tsunami|teleport_tsunami|teleport_tsunami,4|7|10,5|8|11,173.211374|94.590063,173.244740|94.596459,400-500,351-500,contains_correction_at_least_100m
SITE2_P02,P02,SITE2,tsunami,A,3,9,2,P02_race_tsunami_A_9.csv,13,14,15,18,19,12:27:22.161,12:27:24.235,12:27:24.236,12:27:27.206,12:27:28.313,1036.700000,-123.900000,-1927.400000,660.800000,-122.800000,-2101.300000,589.400000,-121.400000,-2122.200000,658.900000,-121.200000,-2101.600000,414.176315,414.177776,487.877372,487.883777,74.396035,74.409206,1.923538,2.501999,false,1,2,true,false,72.392817,72.393439,72.392817,72.393439,0.503000,5.045000,1.107000,teleport_tsunami|teleport_tsunami,14|17,15|18,72.392817,72.393439,400-500,351-500,short_corrections_only
SITE2_P02,P02,SITE2,tsunami,A,3,9,3,P02_race_tsunami_A_9.csv,21,22,23,32,33,12:27:31.651,12:27:33.412,12:27:33.412,12:27:41.407,12:27:42.837,658.700000,-121.100000,-2101.700000,193.000000,-120.500000,-2075.600000,73.400000,-115.300000,-2091.700000,187.400000,-118.500000,-2080.500000,466.430809,466.431195,585.385420,585.414153,120.678789,120.790770,7.441102,7.705193,false,3,4,false,true,1608.832569,1609.895836,835.059878,835.605792,0.480000,9.756000,1.430000,teleport_tsunami|teleport_tsunami|teleport_tsunami|teleport_tsunami,22|25|28|31,23|26|29|32,835.059878|757.076284|16.696407,835.605792|757.582860|16.707184,400-500,351-500,contains_correction_at_least_100m
SITE2_P02,P02,SITE2,tsunami,A,3,9,4,P02_race_tsunami_A_9.csv,34,35,36,39,40,12:27:43.124,12:27:44.865,12:27:44.865,12:27:48.562,12:27:49.438,187.400000,-118.400000,-2080.500000,207.800000,-130.500000,-1742.200000,209.800000,-129.100000,-1726.500000,206.300000,-129.000000,-1740.200000,338.914517,339.130447,354.707993,354.869342,15.826876,15.888675,2.500000,2.915476,false,1,2,true,false,13.946326,13.946684,13.946326,13.946684,1.706000,5.438000,0.876000,teleport_tsunami|teleport_tsunami,35|38,36|39,13.946326,13.946684,300-400,200-350,short_corrections_only
SITE2_P02,P02,SITE2,tsunami,A,3,9,5,P02_race_tsunami_A_9.csv,41,42,43,49,50,12:27:50.277,12:27:52.413,12:27:52.413,12:27:55.446,12:27:56.344,206.200000,-129.000000,-1740.100000,-221.000000,-110.700000,-1770.000000,-244.900000,-108.400000,-1769.300000,-221.900000,-109.200000,-1769.000000,428.245082,428.635906,452.044080,452.513215,23.910249,24.020616,1.345362,2.014944,false,2,3,true,false,22.818858,22.829626,15.701274,15.709233,1.414000,5.169000,0.898000,teleport_tsunami|teleport_tsunami|teleport_tsunami,42|45|48,43|46|49,15.701274|7.117584,15.709233|7.120393,400-500,351-500,short_corrections_only
SITE2_P02,P02,SITE2,tsunami,A,3,9,6,P02_race_tsunami_A_9.csv,51,52,53,56,57,12:27:57.446,12:27:59.924,12:27:59.925,12:28:02.560,12:28:03.564,-222.000000,-109.200000,-1769.000000,-640.700000,-108.700000,-1512.100000,-668.900000,-107.700000,-1488.900000,-642.700000,-107.200000,-1506.900000,491.230394,491.230648,527.423568,527.425701,36.516845,36.530535,5.571355,5.769749,false,1,2,true,false,31.565963,31.569922,31.565963,31.569922,1.415000,5.114000,1.004000,teleport_tsunami|teleport_tsunami,52|55,53|56,31.565963,31.569922,400-500,351-500,short_corrections_only
SITE2_P02,P02,SITE2,tsunami,B,3,10,1,P02_race_tsunami_B_10.csv,3,4,5,8,9,12:28:16.869,12:28:19.069,12:28:19.070,12:28:20.973,12:28:23.818,-1587.700000,-148.200000,1834.300000,-1824.000000,-155.900000,2254.000000,-1830.000000,-154.400000,2262.600000,-1824.100000,-154.400000,2255.800000,481.649022,481.710567,492.087574,492.126630,10.486181,10.592922,1.802776,2.345208,false,1,2,true,false,8.861715,8.861715,8.861715,8.861715,1.283000,4.104000,2.845000,teleport_tsunami|teleport_tsunami,4|7,5|8,8.861715,8.861715,400-500,351-500,short_corrections_only
SITE2_P02,P02,SITE2,tsunami,B,3,10,2,P02_race_tsunami_B_10.csv,10,11,12,15,16,12:28:25.374,12:28:27.897,12:28:27.897,12:28:28.998,12:28:30.203,-1824.300000,-154.400000,2255.900000,-2183.500000,-156.800000,1969.600000,-2178.100000,-155.100000,1972.200000,-2183.200000,-155.200000,1970.300000,459.339014,459.345284,453.497663,453.498203,5.993330,6.229767,0.761577,1.772005,false,1,2,true,false,5.442426,5.442426,5.442426,5.442426,0.564000,3.624000,1.205000,teleport_tsunami|teleport_tsunami,11|14,12|15,5.442426,5.442426,400-500,351-500,short_corrections_only
SITE2_P02,P02,SITE2,tsunami,B,3,10,3,P02_race_tsunami_B_10.csv,18,19,20,23,24,12:28:35.790,12:28:37.204,12:28:37.204,12:28:38.958,12:28:42.013,-2183.200000,-155.200000,1970.300000,-2489.500000,-157.100000,2081.700000,-2498.600000,-155.500000,2086.100000,-2493.300000,-155.500000,2083.700000,325.928903,325.934441,335.986309,335.986443,10.107918,10.233768,4.294182,4.582576,false,1,2,true,false,5.636488,5.636488,5.636488,5.636488,1.250000,3.168000,3.055000,teleport_tsunami|teleport_tsunami,19|22,20|23,5.636488,5.636488,300-400,200-350,short_corrections_only
SITE2_P02,P02,SITE2,tsunami,B,3,10,4,P02_race_tsunami_B_10.csv,25,26,27,30,31,12:28:42.728,12:28:43.327,12:28:43.327,12:28:45.119,12:28:45.979,-2493.400000,-155.500000,2083.800000,-2630.000000,-156.100000,2448.000000,-2540.600000,-154.900000,2233.900000,-2629.300000,-154.600000,2448.000000,388.974549,388.975012,157.346274,157.347418,232.015452,232.018555,0.700000,1.655295,false,1,2,false,true,231.839017,231.839362,231.839017,231.839362,0.274000,2.391000,0.860000,teleport_tsunami|teleport_tsunami,26|29,27|30,231.839017,231.839362,300-400,351-500,contains_correction_at_least_100m
SITE2_P02,P02,SITE2,tsunami,B,3,10,5,P02_race_tsunami_B_10.csv,33,34,35,44,45,12:28:48.391,12:28:49.175,12:28:49.176,12:28:54.541,12:28:56.812,-2629.400000,-154.600000,2448.000000,-2978.700000,-155.900000,2306.500000,-2775.300000,-155.200000,2381.600000,-2983.400000,-154.400000,2306.100000,376.872313,376.874555,160.299002,160.300125,216.821516,216.822646,4.716991,4.949747,false,3,4,false,true,237.129552,237.137338,129.281863,129.288399,0.332000,6.150000,2.271000,teleport_tsunami|teleport_tsunami|teleport_tsunami|teleport_tsunami,34|37|40|43,35|38|41|44,129.281863|100.024647|7.823043,129.288399|100.025897|7.823043,300-400,351-500,contains_correction_at_least_100m
SITE2_P02,P02,SITE2,tsunami,B,3,10,6,P02_race_tsunami_B_10.csv,46,47,48,51,52,12:28:57.480,12:29:00.000,12:29:00.000,12:29:01.356,12:29:02.676,-2983.400000,-154.400000,2306.000000,-2999.000000,-156.000000,1931.000000,-2999.100000,-154.400000,1946.200000,-2999.500000,-154.500000,1931.800000,375.324340,375.327750,360.142375,360.142375,15.200329,15.284306,0.943398,1.772005,false,1,2,true,false,14.405554,14.405902,14.405554,14.405902,0.449000,3.876000,1.320000,teleport_tsunami|teleport_tsunami,47|50,48|51,14.405554,14.405902,300-400,351-500,short_corrections_only
SITE2_P02,P02,SITE2,tsunami,C,3,11,1,P02_race_tsunami_C_11.csv,3,4,5,5,6,12:34:17.815,12:34:19.064,12:34:19.064,12:34:19.064,12:34:21.114,-2003.400000,-141.800000,179.500000,-2299.700000,-147.700000,56.800000,-2296.100000,-146.400000,57.000000,-2296.100000,-146.400000,57.000000,320.700764,320.755031,317.300394,317.333736,3.605551,3.832754,3.605551,3.832754,true,0,1,true,false,0.000000,0.000000,0.000000,0.000000,,1.249000,2.050000,teleport_tsunami,4,5,,,300-400,200-350,direct_hit
SITE2_P02,P02,SITE2,tsunami,C,3,11,2,P02_race_tsunami_C_11.csv,7,8,9,12,13,12:34:22.163,12:34:26.830,12:34:26.830,12:34:30.216,12:34:31.032,-2296.500000,-146.400000,57.100000,-2303.900000,-147.000000,-387.200000,-2309.000000,-145.800000,-425.900000,-2304.300000,-145.500000,-387.300000,444.361621,444.362026,483.161722,483.162095,39.034600,39.053041,0.412311,1.555635,false,1,2,true,false,38.838769,38.839928,38.838769,38.839928,1.736000,8.053000,0.816000,teleport_tsunami|teleport_tsunami,8|11,9|12,38.838769,38.839928,400-500,351-500,short_corrections_only
SITE2_P02,P02,SITE2,tsunami,C,3,11,3,P02_race_tsunami_C_11.csv,14,15,16,16,17,12:34:32.176,12:34:33.985,12:34:33.985,12:34:33.985,12:34:34.833,-2304.200000,-145.500000,-387.400000,-1943.900000,-143.600000,-367.100000,-1941.400000,-141.900000,-367.800000,-1941.400000,-141.900000,-367.800000,360.871418,360.876419,363.329052,363.346887,2.596151,3.103224,2.596151,3.103224,true,0,1,true,false,0.000000,0.000000,0.000000,0.000000,,1.809000,0.848000,teleport_tsunami,15,16,,,300-400,351-500,direct_hit
SITE2_P02,P02,SITE2,tsunami,C,3,11,4,P02_race_tsunami_C_11.csv,18,19,20,20,21,12:34:35.272,12:34:41.019,12:34:41.019,12:34:41.019,12:34:42.013,-1941.400000,-141.900000,-367.800000,-2025.000000,-148.600000,-798.000000,-2024.600000,-147.000000,-794.800000,-2024.600000,-147.000000,-794.800000,438.247647,438.298859,435.030160,435.060053,3.224903,3.600000,3.224903,3.600000,true,0,1,true,false,0.000000,0.000000,0.000000,0.000000,,5.747000,0.994000,teleport_tsunami,19,20,,,400-500,351-500,direct_hit
SITE2_P02,P02,SITE2,tsunami,C,3,11,5,P02_race_tsunami_C_11.csv,22,23,24,27,28,12:34:42.703,12:34:44.484,12:34:44.484,12:34:46.094,12:34:46.823,-2024.600000,-147.000000,-794.800000,-1819.400000,-140.800000,-1190.000000,-1858.800000,-139.200000,-1155.600000,-1818.600000,-139.100000,-1187.600000,445.297743,445.340903,397.072135,397.148738,52.304111,52.328577,2.529822,3.047950,false,1,2,true,false,51.365553,51.365650,51.365553,51.365650,0.505000,3.391000,0.729000,teleport_tsunami|teleport_tsunami,23|26,24|27,51.365553,51.365650,400-500,351-500,short_corrections_only
SITE2_P02,P02,SITE2,tsunami,C,3,11,6,P02_race_tsunami_C_11.csv,29,30,31,52,53,12:34:47.856,12:34:49.192,12:34:49.192,12:35:03.281,12:35:03.970,-1818.600000,-139.100000,-1187.500000,-1375.200000,-127.000000,-1014.300000,-1524.800000,-131.300000,-1161.400000,-1380.200000,-125.500000,-1012.500000,476.027100,476.180858,294.957031,295.060146,209.806029,209.850089,5.314132,5.521775,false,7,8,false,true,548.878911,549.047704,167.429149,167.509880,0.412000,15.425000,0.689000,teleport_tsunami|teleport_tsunami|teleport_tsunami|teleport_tsunami|teleport_tsunami|teleport_tsunami|teleport_tsunami|teleport_tsunami,30|33|36|39|42|45|48|51,31|34|37|40|43|46|49|52,167.429149|121.276543|108.583332|58.671373|41.209829|26.504717|25.203968,167.509880|121.284624|108.596639|58.673503|41.217593|26.541665|25.223798,400-500,351-500,contains_correction_at_least_100m
SITE2_P03,P03,SITE2,map,A,2,5,1,P03_race_map_A_5.csv,3,4,5,5,6,09:01:22.793,09:01:26.847,09:01:26.847,09:01:26.847,09:01:28.802,1364.400000,-136.900000,-2182.300000,1036.100000,-125.400000,-1926.600000,1035.600000,-123.900000,-1927.000000,1035.600000,-123.900000,-1927.000000,416.129042,416.287917,416.278188,416.481128,0.640312,1.630951,0.640312,1.630951,true,0,1,true,false,0.000000,0.000000,0.000000,0.000000,,4.054000,1.955000,teleport_map,4,5,,,400-500,351-500,direct_hit
SITE2_P03,P03,SITE2,map,A,2,5,2,P03_race_map_A_5.csv,7,8,9,9,10,09:01:31.418,09:01:36.231,09:01:36.231,09:01:36.231,09:01:39.332,1035.800000,-124.000000,-1927.100000,660.800000,-122.800000,-2101.300000,661.900000,-121.200000,-2100.800000,661.900000,-121.200000,-2100.800000,413.485961,413.487702,412.319839,412.328680,1.208305,2.004994,1.208305,2.004994,true,0,1,true,false,0.000000,0.000000,0.000000,0.000000,,4.813000,3.101000,teleport_map,8,9,,,400-500,351-500,direct_hit
SITE2_P03,P03,SITE2,map,A,2,5,3,P03_race_map_A_5.csv,11,12,13,13,14,09:01:41.718,09:01:47.607,09:01:47.607,09:01:47.607,09:01:53.453,661.800000,-121.200000,-2100.800000,193.000000,-120.500000,-2075.600000,193.700000,-119.100000,-2073.000000,193.700000,-119.100000,-2073.000000,469.476815,469.477337,468.094713,468.098569,2.692582,3.034798,2.692582,3.034798,true,0,1,true,false,0.000000,0.000000,0.000000,0.000000,,5.889000,5.846000,teleport_map,12,13,,,400-500,351-500,direct_hit
SITE2_P03,P03,SITE2,map,A,2,5,4,P03_race_map_A_5.csv,16,17,18,18,19,09:02:00.717,09:02:02.944,09:02:02.945,09:02:02.945,09:02:05.167,193.600000,-119.100000,-2073.000000,207.800000,-130.500000,-1742.200000,207.100000,-129.000000,-1740.000000,207.100000,-129.000000,-1740.000000,331.104636,331.300830,333.273536,333.423529,2.308679,2.753180,2.308679,2.753180,true,0,1,true,false,0.000000,0.000000,0.000000,0.000000,,2.228000,2.222000,teleport_map,17,18,,,300-400,200-350,direct_hit
SITE2_P03,P03,SITE2,map,A,2,5,5,P03_race_map_A_5.csv,20,21,22,22,23,09:02:07.684,09:02:14.266,09:02:14.266,09:02:14.266,09:02:15.861,207.200000,-129.100000,-1740.100000,-221.000000,-110.700000,-1770.000000,-218.300000,-109.200000,-1772.000000,-218.300000,-109.200000,-1772.000000,429.242647,429.636835,426.694106,427.153251,3.360060,3.679674,3.360060,3.679674,true,0,1,true,false,0.000000,0.000000,0.000000,0.000000,,6.582000,1.595000,teleport_map,21,22,,,400-500,351-500,direct_hit
SITE2_P03,P03,SITE2,map,A,2,5,6,P03_race_map_A_5.csv,24,25,26,26,27,09:02:18.125,09:02:22.579,09:02:22.579,09:02:22.579,09:02:25.298,-218.300000,-109.200000,-1772.000000,-640.700000,-108.700000,-1512.100000,-640.700000,-107.100000,-1512.600000,-640.700000,-107.100000,-1512.600000,495.953395,495.953647,495.776774,495.780808,0.500000,1.676305,0.500000,1.676305,true,0,1,true,false,0.000000,0.000000,0.000000,0.000000,,4.454000,2.719000,teleport_map,25,26,,,400-500,351-500,direct_hit
SITE2_P03,P03,SITE2,map,B,2,6,1,P03_race_map_B_6.csv,3,4,5,5,6,09:02:47.331,09:02:50.783,09:02:50.783,09:02:50.783,09:02:52.955,-1587.600000,-148.200000,1834.200000,-1824.000000,-155.900000,2254.000000,-1823.400000,-154.300000,2249.200000,-1823.400000,-154.300000,2249.200000,481.785222,481.846749,477.311890,477.350867,4.837355,5.095096,4.837355,5.095096,true,0,1,true,false,0.000000,0.000000,0.000000,0.000000,,3.452000,2.172000,teleport_map,4,5,,,400-500,351-500,direct_hit
SITE2_P03,P03,SITE2,map,B,2,6,2,P03_race_map_B_6.csv,7,8,9,9,10,09:02:54.967,09:03:00.736,09:03:00.736,09:03:00.736,09:03:02.425,-1823.300000,-154.300000,2249.100000,-2183.500000,-156.800000,1969.600000,-2187.800000,-155.200000,1966.500000,-2187.800000,-155.200000,1966.500000,455.921364,455.928218,461.280327,461.281205,5.300943,5.537147,5.300943,5.537147,true,0,1,true,false,0.000000,0.000000,0.000000,0.000000,,5.769000,1.689000,teleport_map,8,9,,,400-500,351-500,direct_hit
SITE2_P03,P03,SITE2,map,B,2,6,3,P03_race_map_B_6.csv,11,12,13,13,14,09:03:04.327,09:03:07.909,09:03:07.909,09:03:07.909,09:03:09.728,-2188.000000,-155.200000,1966.400000,-2489.500000,-157.100000,2081.700000,-2492.000000,-155.500000,2084.100000,-2492.000000,-155.500000,2084.100000,322.794579,322.800170,325.953616,325.953862,3.465545,3.817067,3.465545,3.817067,true,0,1,true,false,0.000000,0.000000,0.000000,0.000000,,3.582000,1.819000,teleport_map,12,13,,,300-400,200-350,direct_hit
SITE2_P03,P03,SITE2,map,B,2,6,4,P03_race_map_B_6.csv,15,16,17,17,18,09:03:11.206,09:03:15.847,09:03:15.847,09:03:15.847,09:03:19.398,-2492.000000,-155.500000,2084.200000,-2630.000000,-156.100000,2448.000000,-2630.500000,-154.600000,2444.800000,-2630.500000,-154.600000,2444.800000,389.094384,389.094847,383.556319,383.557375,3.238827,3.569314,3.238827,3.569314,true,0,1,true,false,0.000000,0.000000,0.000000,0.000000,,4.641000,3.551000,teleport_map,16,17,,,300-400,351-500,direct_hit
SITE2_P03,P03,SITE2,map,B,2,6,5,P03_race_map_B_6.csv,20,21,22,22,23,09:03:25.124,09:03:29.091,09:03:29.091,09:03:29.091,09:03:30.966,-2630.400000,-154.600000,2444.700000,-2978.700000,-155.900000,2306.500000,-2977.400000,-154.300000,2305.400000,-2977.400000,-154.300000,2305.400000,374.716066,374.718321,373.916421,373.916541,1.702939,2.336664,1.702939,2.336664,true,0,1,true,false,0.000000,0.000000,0.000000,0.000000,,3.967000,1.875000,teleport_map,21,22,,,300-400,351-500,direct_hit
SITE2_P03,P03,SITE2,map,B,2,6,6,P03_race_map_B_6.csv,27,28,29,29,30,09:03:39.913,09:03:46.194,09:03:46.194,09:03:46.194,09:03:48.346,-2977.400000,-154.400000,2305.400000,-2999.000000,-156.000000,1931.000000,-2998.800000,-154.400000,1929.100000,-2998.800000,-154.400000,1929.100000,375.022559,375.025972,377.007851,377.007865,1.910497,2.491987,1.910497,2.491987,true,0,1,true,false,0.000000,0.000000,0.000000,0.000000,,6.281000,2.152000,teleport_map,28,29,,,300-400,351-500,direct_hit
SITE2_P03,P03,SITE2,map,C,2,7,1,P03_race_map_C_7.csv,3,4,5,5,6,09:04:09.175,09:04:15.764,09:04:15.764,09:04:15.764,09:04:19.318,-2003.300000,-141.900000,179.500000,-2299.700000,-147.700000,56.800000,-2297.300000,-146.200000,58.100000,-2297.300000,-146.200000,58.100000,320.793158,320.845586,314.118608,314.150840,2.729469,3.114482,2.729469,3.114482,true,0,1,true,false,0.000000,0.000000,0.000000,0.000000,,6.589000,3.554000,teleport_map,4,5,,,300-400,200-350,direct_hit
SITE2_P03,P03,SITE2,map,C,2,7,2,P03_race_map_C_7.csv,7,8,9,9,10,09:04:19.735,09:04:28.520,09:04:28.520,09:04:28.520,09:04:33.667,-2297.300000,-146.200000,58.000000,-2303.900000,-147.000000,-387.200000,-2304.500000,-145.400000,-385.500000,-2304.500000,-145.400000,-385.500000,445.248919,445.249638,435.605797,435.606531,1.802776,2.410394,1.802776,2.410394,true,0,1,true,false,0.000000,0.000000,0.000000,0.000000,,8.785000,5.147000,teleport_map,8,9,,,400-500,351-500,direct_hit
SITE2_P03,P03,SITE2,map,C,2,7,3,P03_race_map_C_7.csv,11,12,13,16,17,09:04:35.074,09:04:38.953,09:04:38.954,09:04:42.882,09:04:44.292,-2304.300000,-145.500000,-385.500000,-1943.900000,-143.600000,-367.100000,-1973.800000,-144.100000,-404.300000,-1941.700000,-141.900000,-366.500000,360.869395,360.874396,331.034273,331.037234,47.726827,47.729446,2.280351,2.844293,false,1,2,true,false,49.590826,49.639601,49.590826,49.639601,0.815000,7.808000,1.410000,teleport_map|teleport_map,12|15,13|16,49.590826,49.639601,300-400,351-500,short_corrections_only
SITE2_P03,P03,SITE2,map,C,2,7,4,P03_race_map_C_7.csv,18,19,20,20,21,09:04:44.899,09:04:51.663,09:04:51.663,09:04:51.663,09:04:53.381,-1941.700000,-142.000000,-366.600000,-2025.000000,-148.600000,-798.000000,-2025.600000,-147.100000,-796.000000,-2025.600000,-147.100000,-796.000000,439.368695,439.418263,437.519794,437.550694,2.088061,2.570992,2.088061,2.570992,true,0,1,true,false,0.000000,0.000000,0.000000,0.000000,,6.764000,1.718000,teleport_map,19,20,,,400-500,351-500,direct_hit
SITE2_P03,P03,SITE2,map,C,2,7,5,P03_race_map_C_7.csv,22,23,24,24,25,09:04:56.595,09:05:00.659,09:05:00.659,09:05:00.659,09:05:03.405,-2025.600000,-147.100000,-796.000000,-1819.400000,-140.800000,-1190.000000,-1820.900000,-139.300000,-1190.000000,-1820.900000,-139.300000,-1190.000000,444.695896,444.740520,443.956259,444.023029,1.500000,2.121320,1.500000,2.121320,true,0,1,true,false,0.000000,0.000000,0.000000,0.000000,,4.064000,2.746000,teleport_map,23,24,,,400-500,351-500,direct_hit
SITE2_P03,P03,SITE2,map,C,2,7,6,P03_race_map_C_7.csv,26,27,28,28,29,09:05:05.335,09:05:09.824,09:05:09.824,09:05:09.824,09:05:12.321,-1820.800000,-139.400000,-1190.000000,-1375.200000,-127.000000,-1014.300000,-1375.400000,-125.500000,-1012.900000,-1375.400000,-125.500000,-1012.900000,478.988361,479.148839,479.410742,479.612208,1.414214,2.061553,1.414214,2.061553,true,0,1,true,false,0.000000,0.000000,0.000000,0.000000,,4.489000,2.497000,teleport_map,27,28,,,400-500,351-500,direct_hit
SITE2_P03,P03,SITE2,tsunami,A,3,11,1,P03_race_tsunami_A_11.csv,3,4,5,8,9,09:23:33.265,09:23:42.063,09:23:42.064,09:23:46.551,09:23:48.510,1364.500000,-136.900000,-2182.400000,1036.100000,-125.400000,-1926.600000,1044.800000,-124.000000,-1930.400000,1038.000000,-123.900000,-1926.500000,416.269384,416.428205,407.077499,407.281843,9.493682,9.596353,1.902630,2.422808,false,1,2,true,false,7.839005,7.839643,7.839005,7.839643,3.914000,13.286000,1.959000,teleport_tsunami|teleport_tsunami,4|7,5|8,7.839005,7.839643,400-500,351-500,short_corrections_only
SITE2_P03,P03,SITE2,tsunami,A,3,11,2,P03_race_tsunami_A_11.csv,10,11,12,12,13,09:23:49.814,09:23:52.411,09:23:52.411,09:23:52.411,09:23:54.247,1038.000000,-123.900000,-1926.700000,660.800000,-122.800000,-2101.300000,655.600000,-121.200000,-2106.700000,655.600000,-121.200000,-2106.700000,415.650093,415.651549,422.646140,422.654765,7.496666,7.665507,7.496666,7.665507,true,0,1,true,false,0.000000,0.000000,0.000000,0.000000,,2.597000,1.836000,teleport_tsunami,11,12,,,400-500,351-500,direct_hit
SITE2_P03,P03,SITE2,tsunami,A,3,11,3,P03_race_tsunami_A_11.csv,14,15,16,19,20,09:23:55.462,09:23:59.661,09:23:59.661,09:24:01.574,09:24:02.988,655.500000,-121.200000,-2106.700000,193.000000,-120.500000,-2075.600000,220.800000,-119.100000,-2078.600000,197.900000,-119.000000,-2076.100000,463.544453,463.544982,435.607277,435.612339,27.961402,27.996428,4.925444,5.148786,false,1,2,true,false,23.036059,23.036276,23.036059,23.036276,0.695000,6.112000,1.414000,teleport_tsunami|teleport_tsunami,15|18,16|19,23.036059,23.036276,400-500,351-500,short_corrections_only
SITE2_P03,P03,SITE2,tsunami,A,3,11,4,P03_race_tsunami_A_11.csv,21,22,23,26,27,09:24:04.467,09:24:08.100,09:24:08.101,09:24:10.201,09:24:12.825,197.800000,-119.000000,-2076.000000,207.800000,-130.500000,-1742.200000,213.900000,-129.000000,-1731.400000,209.300000,-129.000000,-1740.400000,333.949757,334.147707,344.975898,345.120805,12.403629,12.493999,2.343075,2.782086,false,1,2,true,false,10.153325,10.153325,10.153325,10.153325,1.309000,5.734000,2.624000,teleport_tsunami|teleport_tsunami,22|25,23|26,10.153325,10.153325,300-400,200-350,short_corrections_only
SITE2_P03,P03,SITE2,tsunami,A,3,11,5,P03_race_tsunami_A_11.csv,28,29,30,33,34,09:24:14.064,09:24:16.997,09:24:16.997,09:24:19.451,09:24:21.974,209.200000,-129.000000,-1740.500000,-221.000000,-110.700000,-1770.000000,-232.400000,-108.600000,-1774.500000,-224.000000,-109.000000,-1770.600000,431.210262,431.598401,442.906943,443.376499,12.256019,12.434629,3.059412,3.500000,false,1,2,true,false,9.037699,9.046546,9.037699,9.046546,1.529000,5.387000,2.523000,teleport_tsunami|teleport_tsunami,29|32,30|33,9.037699,9.046546,400-500,351-500,short_corrections_only
SITE2_P03,P03,SITE2,tsunami,A,3,11,6,P03_race_tsunami_A_11.csv,35,36,37,37,38,09:24:24.102,09:24:27.919,09:24:27.919,09:24:27.919,09:24:30.628,-224.100000,-109.000000,-1770.700000,-640.700000,-108.700000,-1512.100000,-642.300000,-107.100000,-1513.000000,-642.300000,-107.100000,-1513.000000,490.336130,490.336221,491.223503,491.227178,1.835756,2.435159,1.835756,2.435159,true,0,1,true,false,0.000000,0.000000,0.000000,0.000000,,3.817000,2.709000,teleport_tsunami,36,37,,,400-500,351-500,direct_hit
SITE2_P03,P03,SITE2,tsunami,B,3,9,1,P03_race_tsunami_B_9.csv,3,4,5,8,9,09:21:04.828,09:21:08.057,09:21:08.057,09:21:09.997,09:21:11.391,-1587.600000,-148.100000,1834.300000,-1824.000000,-155.900000,2254.000000,-1812.500000,-154.400000,2232.500000,-1823.000000,-154.400000,2253.500000,481.698090,481.761238,457.321823,457.365215,24.382371,24.428467,1.118034,1.870829,false,1,2,true,false,23.523605,23.523605,23.523605,23.523605,0.677000,5.169000,1.394000,teleport_tsunami|teleport_tsunami,4|7,5|8,23.523605,23.523605,400-500,351-500,short_corrections_only
SITE2_P03,P03,SITE2,tsunami,B,3,9,2,P03_race_tsunami_B_9.csv,10,11,12,15,16,09:21:12.410,09:21:15.898,09:21:15.898,09:21:18.396,09:21:19.632,-1822.900000,-154.300000,2253.400000,-2183.500000,-156.800000,1969.600000,-2192.100000,-154.900000,1961.000000,-2183.500000,-155.200000,1968.800000,458.884299,458.891109,470.963268,470.963650,12.162237,12.309752,0.800000,1.788854,false,1,2,true,false,11.469089,11.470833,11.469089,11.470833,1.576000,5.986000,1.236000,teleport_tsunami|teleport_tsunami,11|14,12|15,11.469089,11.470833,400-500,351-500,short_corrections_only
SITE2_P03,P03,SITE2,tsunami,B,3,9,3,P03_race_tsunami_B_9.csv,18,19,20,20,21,09:21:28.168,09:21:30.259,09:21:30.259,09:21:30.259,09:21:31.774,-2183.600000,-155.200000,1968.700000,-2489.500000,-157.100000,2081.700000,-2487.900000,-155.400000,2086.000000,-2487.900000,-155.400000,2086.000000,326.103986,326.109521,326.089451,326.089512,4.588028,4.892852,4.588028,4.892852,true,0,1,true,false,0.000000,0.000000,0.000000,0.000000,,2.091000,1.515000,teleport_tsunami,19,20,,,300-400,200-350,direct_hit
SITE2_P03,P03,SITE2,tsunami,B,3,9,4,P03_race_tsunami_B_9.csv,22,23,24,24,25,09:21:32.661,09:21:38.656,09:21:38.656,09:21:38.656,09:21:40.511,-2487.900000,-155.400000,2086.000000,-2630.000000,-156.100000,2448.000000,-2635.100000,-154.600000,2448.700000,-2635.100000,-154.600000,2448.700000,388.891257,388.891887,391.432152,391.432970,5.147815,5.361903,5.147815,5.361903,true,0,1,true,false,0.000000,0.000000,0.000000,0.000000,,5.995000,1.855000,teleport_tsunami,23,24,,,300-400,351-500,direct_hit
SITE2_P03,P03,SITE2,tsunami,B,3,9,5,P03_race_tsunami_B_9.csv,26,27,28,31,32,09:21:42.201,09:21:44.363,09:21:44.363,09:21:46.997,09:21:48.406,-2635.000000,-154.600000,2448.800000,-2978.700000,-155.900000,2306.500000,-2895.800000,-153.700000,2320.700000,-2983.200000,-154.400000,2307.900000,371.993253,371.995524,290.561956,290.563349,84.107372,84.136140,4.712749,4.945705,false,1,2,true,false,88.317892,88.320666,88.317892,88.320666,0.495000,4.796000,1.409000,teleport_tsunami|teleport_tsunami,27|30,28|31,88.317892,88.320666,300-400,351-500,short_corrections_only
SITE2_P03,P03,SITE2,tsunami,B,3,9,6,P03_race_tsunami_B_9.csv,33,34,35,35,36,09:21:51.240,09:21:56.503,09:21:56.503,09:21:56.503,09:21:57.609,-2983.300000,-154.400000,2307.800000,-2999.000000,-156.000000,1931.000000,-2997.400000,-154.400000,1934.900000,-2997.400000,-154.400000,1934.900000,377.126941,377.130336,373.166478,373.166478,4.215448,4.508880,4.215448,4.508880,true,0,1,true,false,0.000000,0.000000,0.000000,0.000000,,5.263000,1.106000,teleport_tsunami,34,35,,,300-400,351-500,direct_hit
SITE2_P03,P03,SITE2,tsunami,C,3,10,1,P03_race_tsunami_C_10.csv,3,4,5,8,9,09:22:13.354,09:22:16.111,09:22:16.111,09:22:18.731,09:22:19.960,-2003.200000,-141.800000,179.600000,-2299.700000,-147.700000,56.800000,-2304.600000,-146.000000,46.000000,-2300.000000,-146.100000,55.200000,320.923807,320.978037,329.683060,329.709812,11.859595,11.980818,1.627882,2.282542,false,1,2,true,false,10.196568,10.197058,10.196568,10.197058,0.452000,5.377000,1.229000,teleport_tsunami|teleport_tsunami,4|7,5|8,10.196568,10.197058,300-400,200-350,short_corrections_only
SITE2_P03,P03,SITE2,tsunami,C,3,10,2,P03_race_tsunami_C_10.csv,10,11,12,15,16,09:22:21.828,09:22:27.700,09:22:27.700,09:22:30.332,09:22:31.520,-2300.000000,-146.100000,55.100000,-2303.900000,-147.000000,-387.200000,-2309.700000,-145.500000,-403.000000,-2304.700000,-145.500000,-390.200000,442.317194,442.318110,458.202684,458.203077,16.830924,16.897633,3.104835,3.448188,false,1,2,true,false,13.593013,13.593013,13.593013,13.593013,1.652000,8.504000,1.188000,teleport_tsunami|teleport_tsunami,11|14,12|15,13.593013,13.593013,400-500,351-500,short_corrections_only
SITE2_P03,P03,SITE2,tsunami,C,3,10,3,P03_race_tsunami_C_10.csv,17,18,19,22,23,09:22:32.227,09:22:38.747,09:22:38.747,09:22:41.811,09:22:43.109,-2304.700000,-145.500000,-390.300000,-1943.900000,-143.600000,-367.100000,-1916.800000,-141.400000,-365.800000,-1941.900000,-141.900000,-366.600000,361.545129,361.550121,388.672947,388.694572,27.131163,27.220213,2.061553,2.672078,false,1,2,true,false,25.112746,25.117723,25.112746,25.117723,1.675000,9.584000,1.298000,teleport_tsunami|teleport_tsunami,18|21,19|22,25.112746,25.117723,300-400,351-500,short_corrections_only
SITE2_P03,P03,SITE2,tsunami,C,3,10,4,P03_race_tsunami_C_10.csv,24,25,26,29,30,09:22:43.952,09:22:46.769,09:22:46.769,09:22:48.115,09:22:49.440,-1941.900000,-141.900000,-366.700000,-2025.000000,-148.600000,-798.000000,-2024.300000,-147.200000,-788.000000,-2024.100000,-147.000000,-796.500000,439.232626,439.283724,429.282483,429.315199,10.024470,10.121759,1.749286,2.370654,false,1,2,true,false,8.402381,8.402976,8.402381,8.402976,0.707000,4.163000,1.325000,teleport_tsunami|teleport_tsunami,25|28,26|29,8.402381,8.402976,400-500,351-500,short_corrections_only
SITE2_P03,P03,SITE2,tsunami,C,3,10,5,P03_race_tsunami_C_10.csv,33,34,35,38,39,09:22:57.374,09:22:59.276,09:22:59.277,09:23:03.147,09:23:05.077,-2024.000000,-147.000000,-796.400000,-1819.400000,-140.800000,-1190.000000,-1814.400000,-139.200000,-1236.700000,-1819.000000,-139.300000,-1194.600000,443.601307,443.644633,487.643569,487.705946,46.966903,46.994149,4.617359,4.854894,false,1,2,true,false,42.041527,42.041646,42.041527,42.041646,1.297000,5.773000,1.930000,teleport_tsunami|teleport_tsunami,34|37,35|38,42.041527,42.041646,400-500,351-500,short_corrections_only
SITE2_P03,P03,SITE2,tsunami,C,3,10,6,P03_race_tsunami_C_10.csv,41,42,43,46,47,09:23:10.854,09:23:12.586,09:23:12.586,09:23:17.470,09:23:18.665,-1818.900000,-139.300000,-1194.600000,-1375.200000,-127.000000,-1014.300000,-1319.100000,-123.900000,-986.900000,-1370.800000,-125.500000,-1011.400000,478.934004,479.091922,541.238700,541.457745,62.433725,62.510639,5.269725,5.479051,false,1,2,true,false,57.073724,57.093432,57.073724,57.093432,0.806000,6.616000,1.195000,teleport_tsunami|teleport_tsunami,42|45,43|46,57.073724,57.093432,400-500,351-500,short_corrections_only
SITE2_P04,P04,SITE2,map,A,1,1,1,P04_race_map_A_1.csv,3,4,5,5,6,10:33:04.635,10:33:09.502,10:33:09.502,10:33:09.502,10:33:11.831,1364.500000,-136.900000,-2182.400000,1036.100000,-125.400000,-1926.600000,1035.400000,-123.900000,-1926.500000,1035.400000,-123.900000,-1926.500000,416.269384,416.428205,416.883221,417.085866,0.707107,1.658312,0.707107,1.658312,true,0,1,true,false,0.000000,0.000000,0.000000,0.000000,,4.867000,2.329000,teleport_map,4,5,,,400-500,351-500,direct_hit
SITE2_P04,P04,SITE2,map,A,1,1,2,P04_race_map_A_1.csv,7,8,9,9,10,10:33:13.192,10:33:18.359,10:33:18.359,10:33:18.359,10:33:20.624,1035.400000,-123.900000,-1926.500000,660.800000,-122.800000,-2101.300000,665.100000,-121.200000,-2100.800000,665.100000,-121.200000,-2100.800000,413.376584,413.378047,409.222922,409.231182,4.328972,4.615192,4.328972,4.615192,true,0,1,true,false,0.000000,0.000000,0.000000,0.000000,,5.167000,2.265000,teleport_map,8,9,,,400-500,351-500,direct_hit
SITE2_P04,P04,SITE2,map,A,1,1,3,P04_race_map_A_1.csv,11,12,13,13,14,10:33:21.692,10:33:25.696,10:33:25.696,10:33:25.696,10:33:28.109,665.100000,-121.300000,-2100.800000,193.000000,-120.500000,-2075.600000,195.700000,-119.000000,-2074.500000,195.700000,-119.000000,-2074.500000,472.772091,472.772768,470.130620,470.136246,2.915476,3.278719,2.915476,3.278719,true,0,1,true,false,0.000000,0.000000,0.000000,0.000000,,4.004000,2.413000,teleport_map,12,13,,,400-500,351-500,direct_hit
SITE2_P04,P04,SITE2,map,A,1,1,4,P04_race_map_A_1.csv,15,16,17,17,18,10:33:29.001,10:33:32.457,10:33:32.457,10:33:32.457,10:33:34.405,195.700000,-119.000000,-2074.500000,207.800000,-130.500000,-1742.200000,206.300000,-129.000000,-1741.200000,206.300000,-129.000000,-1741.200000,332.520225,332.719026,333.468514,333.618420,1.802776,2.345208,1.802776,2.345208,true,0,1,true,false,0.000000,0.000000,0.000000,0.000000,,3.456000,1.948000,teleport_map,16,17,,,300-400,200-350,direct_hit
SITE2_P04,P04,SITE2,map,A,1,1,5,P04_race_map_A_1.csv,19,20,21,21,22,10:33:34.929,10:33:38.665,10:33:38.665,10:33:38.665,10:33:40.789,206.300000,-129.000000,-1741.300000,-221.000000,-110.700000,-1770.000000,-219.900000,-109.200000,-1766.600000,-219.900000,-109.200000,-1766.600000,428.262746,428.653555,426.956204,427.410447,3.573514,3.875564,3.573514,3.875564,true,0,1,true,false,0.000000,0.000000,0.000000,0.000000,,3.736000,2.124000,teleport_map,20,21,,,400-500,351-500,direct_hit
SITE2_P04,P04,SITE2,map,A,1,1,6,P04_race_map_A_1.csv,23,24,25,25,26,10:33:42.011,10:33:45.956,10:33:45.956,10:33:45.956,10:33:47.845,-219.900000,-109.300000,-1766.600000,-640.700000,-108.700000,-1512.100000,-641.900000,-107.200000,-1510.800000,-641.900000,-107.200000,-1510.800000,491.775243,491.775609,493.475065,493.479534,1.769181,2.319483,1.769181,2.319483,true,0,1,true,false,0.000000,0.000000,0.000000,0.000000,,3.945000,1.889000,teleport_map,24,25,,,400-500,351-500,direct_hit
SITE2_P04,P04,SITE2,map,B,1,2,1,P04_race_map_B_2.csv,3,4,5,5,6,10:34:04.483,10:34:06.734,10:34:06.734,10:34:06.734,10:34:43.901,-1587.500000,-148.200000,1834.200000,-1824.000000,-155.900000,2254.000000,-1822.300000,-154.500000,2257.200000,-1822.300000,-154.500000,2257.200000,481.834297,481.895819,485.149235,485.190138,3.623534,3.884585,3.623534,3.884585,true,0,1,true,false,0.000000,0.000000,0.000000,0.000000,,2.251000,37.167000,teleport_map,4,5,,,400-500,351-500,direct_hit
SITE2_P04,P04,SITE2,map,B,1,2,2,P04_race_map_B_2.csv,7,8,9,9,10,10:34:53.330,10:34:56.832,10:34:56.832,10:34:56.832,10:34:59.767,-1822.300000,-154.600000,2257.200000,-2183.500000,-156.800000,1969.600000,-2180.800000,-155.200000,1972.200000,-2180.800000,-155.200000,1972.200000,461.713331,461.718572,457.903440,457.903975,3.748333,4.075537,3.748333,4.075537,true,0,1,true,false,0.000000,0.000000,0.000000,0.000000,,3.502000,2.935000,teleport_map,8,9,,,400-500,351-500,direct_hit
SITE2_P04,P04,SITE2,map,B,1,2,3,P04_race_map_B_2.csv,11,12,13,13,14,10:35:00.790,10:35:03.776,10:35:03.776,10:35:03.776,10:35:05.140,-2180.800000,-155.300000,1972.200000,-2489.500000,-157.100000,2081.700000,-2488.600000,-155.600000,2082.200000,-2488.600000,-155.600000,2082.200000,327.545325,327.550271,326.865171,326.865309,1.029563,1.819341,1.029563,1.819341,true,0,1,true,false,0.000000,0.000000,0.000000,0.000000,,2.986000,1.364000,teleport_map,12,13,,,300-400,200-350,direct_hit
SITE2_P04,P04,SITE2,map,B,1,2,4,P04_race_map_B_2.csv,15,16,17,17,18,10:35:05.458,10:35:08.141,10:35:08.141,10:35:08.141,10:35:12.688,-2488.600000,-155.600000,2082.300000,-2630.000000,-156.100000,2448.000000,-2627.800000,-154.600000,2447.100000,-2627.800000,-154.600000,2447.100000,392.084748,392.085067,385.932701,385.933997,2.376973,2.810694,2.376973,2.810694,true,0,1,true,false,0.000000,0.000000,0.000000,0.000000,,2.683000,4.547000,teleport_map,16,17,,,300-400,351-500,direct_hit
SITE2_P04,P04,SITE2,map,B,1,2,5,P04_race_map_B_2.csv,19,20,21,21,22,10:35:15.334,10:35:20.540,10:35:20.540,10:35:20.540,10:35:22.483,-2627.800000,-154.700000,2447.000000,-2978.700000,-155.900000,2306.500000,-2975.900000,-154.300000,2306.100000,-2975.900000,-154.300000,2306.100000,377.982883,377.984788,375.534845,375.534965,2.828427,3.249615,2.828427,3.249615,true,0,1,true,false,0.000000,0.000000,0.000000,0.000000,,5.206000,1.943000,teleport_map,20,21,,,300-400,351-500,direct_hit
SITE2_P04,P04,SITE2,map,B,1,2,6,P04_race_map_B_2.csv,23,24,25,25,26,10:35:24.695,10:35:29.695,10:35:29.695,10:35:29.695,10:35:31.886,-2975.900000,-154.400000,2306.200000,-2999.000000,-156.000000,1931.000000,-2998.600000,-154.400000,1930.700000,-2998.600000,-154.400000,1930.700000,375.910428,375.913833,376.085695,376.085708,0.500000,1.676305,0.500000,1.676305,true,0,1,true,false,0.000000,0.000000,0.000000,0.000000,,5.000000,2.191000,teleport_map,24,25,,,300-400,351-500,direct_hit
SITE2_P04,P04,SITE2,map,C,1,3,1,P04_race_map_C_3.csv,3,4,5,5,6,10:35:52.208,10:35:55.817,10:35:55.818,10:35:55.818,10:35:58.254,-2003.300000,-141.900000,179.500000,-2299.700000,-147.700000,56.800000,-2297.700000,-146.200000,57.400000,-2297.700000,-146.200000,57.400000,320.793158,320.845586,318.715814,318.744820,2.088061,2.570992,2.088061,2.570992,true,0,1,true,false,0.000000,0.000000,0.000000,0.000000,,3.610000,2.436000,teleport_map,4,5,,,300-400,200-350,direct_hit
SITE2_P04,P04,SITE2,map,C,1,3,2,P04_race_map_C_3.csv,7,8,9,9,10,10:35:58.525,10:36:01.725,10:36:01.725,10:36:01.725,10:36:03.456,-2297.700000,-146.300000,57.400000,-2303.900000,-147.000000,-387.200000,-2302.600000,-145.600000,-387.900000,-2302.600000,-145.600000,-387.900000,444.643228,444.643779,445.326959,445.327363,1.476482,2.034699,1.476482,2.034699,true,0,1,true,false,0.000000,0.000000,0.000000,0.000000,,3.200000,1.731000,teleport_map,8,9,,,400-500,351-500,direct_hit
SITE2_P04,P04,SITE2,map,C,1,3,3,P04_race_map_C_3.csv,11,12,13,13,14,10:36:03.650,10:36:07.456,10:36:07.456,10:36:07.456,10:36:09.011,-2302.700000,-145.600000,-387.900000,-1943.900000,-143.600000,-367.100000,-1939.800000,-142.000000,-366.000000,-1939.800000,-142.000000,-366.000000,359.402393,359.407958,363.466422,363.483273,4.244997,4.536518,4.244997,4.536518,true,0,1,true,false,0.000000,0.000000,0.000000,0.000000,,3.806000,1.555000,teleport_map,12,13,,,300-400,351-500,direct_hit
SITE2_P04,P04,SITE2,map,C,1,3,4,P04_race_map_C_3.csv,15,16,17,17,18,10:36:09.470,10:36:12.596,10:36:12.596,10:36:12.596,10:36:16.775,-1939.800000,-142.100000,-366.000000,-2025.000000,-148.600000,-798.000000,-2024.800000,-147.000000,-800.100000,-2024.800000,-147.000000,-800.100000,440.321519,440.369493,446.763853,446.790723,2.109502,2.647640,2.109502,2.647640,true,0,1,true,false,0.000000,0.000000,0.000000,0.000000,,3.126000,4.179000,teleport_map,16,17,,,400-500,351-500,direct_hit
SITE2_P04,P04,SITE2,map,C,1,3,5,P04_race_map_C_3.csv,19,20,21,21,22,10:36:17.914,10:36:20.901,10:36:20.901,10:36:20.901,10:36:23.088,-2024.800000,-147.100000,-800.200000,-1819.400000,-140.800000,-1190.000000,-1818.500000,-139.300000,-1187.900000,-1818.500000,-139.300000,-1187.900000,440.605492,440.650530,439.170787,439.238284,2.284732,2.733130,2.284732,2.733130,true,0,1,true,false,0.000000,0.000000,0.000000,0.000000,,2.987000,2.187000,teleport_map,20,21,,,400-500,351-500,direct_hit
SITE2_P04,P04,SITE2,map,C,1,3,6,P04_race_map_C_3.csv,23,24,25,25,26,10:36:23.303,10:36:27.762,10:36:27.762,10:36:27.762,10:36:29.651,-1818.500000,-139.400000,-1187.800000,-1375.200000,-127.000000,-1014.300000,-1372.400000,-125.500000,-1011.700000,-1372.400000,-125.500000,-1011.700000,476.043212,476.204683,479.507258,479.708682,3.820995,4.104875,3.820995,4.104875,true,0,1,true,false,0.000000,0.000000,0.000000,0.000000,,4.459000,1.889000,teleport_map,24,25,,,400-500,351-500,direct_hit
SITE2_P04,P04,SITE2,tsunami,A,2,7,1,P04_race_tsunami_A_7.csv,3,4,5,8,9,10:51:43.202,10:51:45.239,10:51:45.239,10:51:46.265,10:51:50.136,1364.500000,-136.900000,-2182.400000,1036.100000,-125.400000,-1926.600000,1043.700000,-124.000000,-1928.000000,1039.100000,-123.900000,-1926.600000,416.269384,416.428205,409.428871,409.632042,7.727872,7.853662,3.000000,3.354102,false,1,2,true,false,4.712749,4.713809,4.712749,4.713809,0.671000,3.063000,3.871000,teleport_tsunami|teleport_tsunami,4|7,5|8,4.712749,4.713809,400-500,351-500,short_corrections_only
SITE2_P04,P04,SITE2,tsunami,A,2,7,2,P04_race_tsunami_A_7.csv,12,13,14,17,18,10:51:56.484,10:51:57.968,10:51:57.969,10:52:00.531,10:52:01.697,1039.100000,-123.900000,-1926.500000,660.800000,-122.800000,-2101.300000,628.400000,-121.400000,-2111.100000,660.200000,-121.300000,-2102.500000,416.732444,416.733896,450.279524,450.286464,33.849668,33.878607,1.341641,2.012461,false,1,2,true,false,32.749351,32.749504,32.749351,32.749504,1.256000,4.047000,1.166000,teleport_tsunami|teleport_tsunami,13|16,14|17,32.749351,32.749504,400-500,351-500,short_corrections_only
SITE2_P04,P04,SITE2,tsunami,A,2,7,3,P04_race_tsunami_A_7.csv,19,20,21,27,28,10:52:03.828,10:52:10.084,10:52:10.084,10:52:14.936,10:52:16.600,660.000000,-121.200000,-2102.600000,193.000000,-120.500000,-2075.600000,141.100000,-118.200000,-2072.500000,192.600000,-118.900000,-2076.800000,467.779863,467.780387,519.772277,519.780935,51.992499,52.043347,1.264911,2.039608,false,2,3,true,false,51.480212,51.488494,36.133226,36.133364,1.836000,11.108000,1.664000,teleport_tsunami|teleport_tsunami|teleport_tsunami,20|23|26,21|24|27,36.133226|15.346987,36.133364|15.355129,400-500,351-500,short_corrections_only
SITE2_P04,P04,SITE2,tsunami,A,2,7,4,P04_race_tsunami_A_7.csv,29,30,31,31,32,10:52:22.819,10:52:25.123,10:52:25.123,10:52:25.123,10:52:26.111,191.700000,-118.900000,-2076.600000,207.800000,-130.500000,-1742.200000,208.200000,-129.100000,-1738.500000,208.200000,-129.100000,-1738.500000,334.787350,334.988254,338.502378,338.656020,3.721559,3.976179,3.721559,3.976179,true,0,1,true,false,0.000000,0.000000,0.000000,0.000000,,2.304000,0.988000,teleport_tsunami,30,31,,,300-400,200-350,direct_hit
SITE2_P04,P04,SITE2,tsunami,A,2,7,5,P04_race_tsunami_A_7.csv,33,34,35,35,36,10:52:27.706,10:52:29.246,10:52:29.246,10:52:29.246,10:52:30.374,208.100000,-129.100000,-1738.600000,-221.000000,-110.700000,-1770.000000,-222.800000,-109.100000,-1774.200000,-222.800000,-109.100000,-1774.200000,430.247336,430.640604,432.268435,432.730863,4.569464,4.841487,4.569464,4.841487,true,0,1,true,false,0.000000,0.000000,0.000000,0.000000,,1.540000,1.128000,teleport_tsunami,34,35,,,400-500,351-500,direct_hit
SITE2_P04,P04,SITE2,tsunami,A,2,7,6,P04_race_tsunami_A_7.csv,37,38,39,42,43,10:52:31.349,10:52:32.702,10:52:32.702,10:52:34.082,10:52:35.457,-222.800000,-109.000000,-1774.100000,-640.700000,-108.700000,-1512.100000,-633.800000,-107.100000,-1524.600000,-640.400000,-107.200000,-1513.100000,493.238695,493.238786,480.802714,480.806468,14.277955,14.367324,1.044031,1.827567,false,1,2,true,false,13.209845,13.210223,13.209845,13.210223,0.713000,2.733000,1.375000,teleport_tsunami|teleport_tsunami,38|41,39|42,13.209845,13.210223,400-500,351-500,short_corrections_only
SITE2_P04,P04,SITE2,tsunami,B,2,5,1,P04_race_tsunami_B_5.csv,3,4,5,8,9,10:49:21.951,10:49:25.901,10:49:25.901,10:49:28.998,10:49:31.734,-1587.600000,-148.100000,1834.200000,-1824.000000,-155.900000,2254.000000,-1829.600000,-154.600000,2267.000000,-1824.600000,-154.500000,2256.600000,481.785222,481.848358,495.862723,495.905324,14.154858,14.214429,2.668333,3.013304,false,1,2,true,false,11.539497,11.539931,11.539497,11.539931,1.972000,7.047000,2.736000,teleport_tsunami|teleport_tsunami,4|7,5|8,11.539497,11.539931,400-500,351-500,short_corrections_only
SITE2_P04,P04,SITE2,tsunami,B,2,5,2,P04_race_tsunami_B_5.csv,10,11,12,15,16,10:49:34.123,10:49:38.392,10:49:38.392,10:49:41.256,10:49:44.375,-1824.600000,-154.400000,2256.500000,-2183.500000,-156.800000,1969.600000,-2190.900000,-155.000000,1962.300000,-2185.300000,-155.300000,1966.700000,459.478857,459.485125,469.818401,469.818784,10.394710,10.549408,3.413210,3.728270,false,1,2,true,false,7.043437,7.046276,7.043437,7.046276,1.713000,7.133000,3.119000,teleport_tsunami|teleport_tsunami,11|14,12|15,7.043437,7.046276,400-500,351-500,short_corrections_only
SITE2_P04,P04,SITE2,tsunami,B,2,5,3,P04_race_tsunami_B_5.csv,17,18,19,19,20,10:49:46.623,10:49:52.428,10:49:52.428,10:49:52.428,10:49:54.456,-2185.300000,-155.300000,1966.700000,-2489.500000,-157.100000,2081.700000,-2486.900000,-155.600000,2079.300000,-2486.900000,-155.600000,2079.300000,325.211685,325.216666,321.933720,321.933860,3.538361,3.843176,3.538361,3.843176,true,0,1,true,false,0.000000,0.000000,0.000000,0.000000,,5.805000,2.028000,teleport_tsunami,18,19,,,300-400,200-350,direct_hit
SITE2_P04,P04,SITE2,tsunami,B,2,5,4,P04_race_tsunami_B_5.csv,21,22,23,23,24,10:49:56.286,10:50:01.843,10:50:01.843,10:50:01.843,10:50:03.301,-2486.900000,-155.600000,2079.300000,-2630.000000,-156.100000,2448.000000,-2630.000000,-154.600000,2449.800000,-2630.000000,-154.600000,2449.800000,395.496271,395.496587,397.174848,397.176107,1.800000,2.343075,1.800000,2.343075,true,0,1,true,false,0.000000,0.000000,0.000000,0.000000,,5.557000,1.458000,teleport_tsunami,22,23,,,300-400,351-500,direct_hit
SITE2_P04,P04,SITE2,tsunami,B,2,5,5,P04_race_tsunami_B_5.csv,25,26,27,30,31,10:50:05.359,10:50:10.651,10:50:10.651,10:50:15.525,10:50:16.665,-2630.000000,-154.600000,2449.700000,-2978.700000,-155.900000,2306.500000,-2885.100000,-153.900000,2326.600000,-2975.100000,-154.300000,2306.800000,376.958791,376.961032,283.248336,283.249201,95.733850,95.754739,3.612478,3.950949,false,1,2,true,false,92.173803,92.174671,92.173803,92.174671,0.736000,10.166000,1.140000,teleport_tsunami|teleport_tsunami,26|29,27|30,92.173803,92.174671,300-400,351-500,short_corrections_only
SITE2_P04,P04,SITE2,tsunami,B,2,5,6,P04_race_tsunami_B_5.csv,32,33,34,34,35,10:50:19.733,10:50:23.545,10:50:23.545,10:50:23.545,10:50:24.859,-2975.000000,-154.300000,2306.700000,-2999.000000,-156.000000,1931.000000,-2997.300000,-154.500000,1934.900000,-2997.300000,-154.500000,1934.900000,376.465789,376.469627,372.468160,372.468213,4.254409,4.511097,4.254409,4.511097,true,0,1,true,false,0.000000,0.000000,0.000000,0.000000,,3.812000,1.314000,teleport_tsunami,33,34,,,300-400,351-500,direct_hit
SITE2_P04,P04,SITE2,tsunami,C,2,6,1,P04_race_tsunami_C_6.csv,3,4,5,5,6,10:50:39.917,10:50:43.304,10:50:43.304,10:50:43.304,10:50:44.595,-2003.400000,-141.800000,179.700000,-2299.700000,-147.700000,56.800000,-2301.200000,-146.100000,55.500000,-2301.200000,-146.100000,55.500000,320.777337,320.831591,322.661556,322.690207,1.984943,2.549510,1.984943,2.549510,true,0,1,true,false,0.000000,0.000000,0.000000,0.000000,,3.387000,1.291000,teleport_tsunami,4,5,,,300-400,200-350,direct_hit
SITE2_P04,P04,SITE2,tsunami,C,2,6,2,P04_race_tsunami_C_6.csv,7,8,9,9,10,10:50:46.109,10:50:48.887,10:50:48.887,10:50:48.887,10:50:50.323,-2301.200000,-146.100000,55.600000,-2303.900000,-147.000000,-387.200000,-2302.600000,-145.500000,-387.800000,-2302.600000,-145.500000,-387.800000,442.808232,442.809146,443.402210,443.402616,1.431782,2.073644,1.431782,2.073644,true,0,1,true,false,0.000000,0.000000,0.000000,0.000000,,2.778000,1.436000,teleport_tsunami,8,9,,,400-500,351-500,direct_hit
SITE2_P04,P04,SITE2,tsunami,C,2,6,3,P04_race_tsunami_C_6.csv,11,12,13,13,14,10:50:52.908,10:50:56.081,10:50:56.081,10:50:56.081,10:50:57.374,-2302.500000,-145.500000,-387.800000,-1943.900000,-143.600000,-367.100000,-1946.500000,-142.300000,-369.600000,-1946.500000,-142.300000,-369.600000,359.196952,359.201977,356.464921,356.479284,3.606938,3.834058,3.606938,3.834058,true,0,1,true,false,0.000000,0.000000,0.000000,0.000000,,3.173000,1.293000,teleport_tsunami,12,13,,,300-400,351-500,direct_hit
SITE2_P04,P04,SITE2,tsunami,C,2,6,4,P04_race_tsunami_C_6.csv,15,16,17,20,21,10:51:00.158,10:51:04.470,10:51:04.470,10:51:05.609,10:51:07.563,-1946.600000,-142.300000,-369.600000,-2025.000000,-148.600000,-798.000000,-2023.200000,-147.300000,-787.100000,-2024.700000,-147.100000,-798.700000,435.514776,435.560340,424.468856,424.498304,11.047624,11.123848,0.761577,1.682260,false,1,2,true,false,11.696581,11.698290,11.696581,11.698290,0.710000,5.451000,1.954000,teleport_tsunami|teleport_tsunami,16|19,17|20,11.696581,11.698290,400-500,351-500,short_corrections_only
SITE2_P04,P04,SITE2,tsunami,C,2,6,5,P04_race_tsunami_C_6.csv,22,23,24,27,28,10:51:09.748,10:51:11.335,10:51:11.335,10:51:14.317,10:51:15.355,-2024.700000,-147.100000,-798.700000,-1819.400000,-140.800000,-1190.000000,-1942.700000,-141.700000,-967.700000,-1817.400000,-139.300000,-1194.000000,441.886614,441.931522,187.843020,187.920622,254.204996,254.206589,4.472136,4.716991,false,1,2,false,true,258.673114,258.685195,258.673114,258.685195,0.760000,4.569000,1.038000,teleport_tsunami|teleport_tsunami,23|26,24|27,258.673114,258.685195,400-500,351-500,contains_correction_at_least_100m
SITE2_P04,P04,SITE2,tsunami,C,2,6,6,P04_race_tsunami_C_6.csv,30,31,32,35,36,10:51:25.168,10:51:26.415,10:51:26.415,10:51:28.442,10:51:30.273,-1817.400000,-139.200000,-1194.000000,-1375.200000,-127.000000,-1014.300000,-1369.800000,-125.300000,-1004.400000,-1373.300000,-125.500000,-1012.400000,477.318479,477.474366,486.100730,486.299424,11.276968,11.404385,2.687006,3.077337,false,1,2,true,false,8.600581,8.601163,8.600581,8.601163,1.495000,3.274000,1.831000,teleport_tsunami|teleport_tsunami,31|34,32|35,8.600581,8.601163,400-500,351-500,short_corrections_only
SITE2_P05,P05,SITE2,map,A,1,3,1,P05_race_map_A_3.csv,3,4,5,5,6,07:52:58.525,07:53:01.746,07:53:01.746,07:53:01.746,07:53:03.339,1364.300000,-136.900000,-2182.700000,1036.100000,-125.400000,-1926.600000,1039.000000,-123.700000,-1928.400000,1039.000000,-123.700000,-1928.400000,416.296109,416.454920,412.902628,413.113568,3.413210,3.813135,3.413210,3.813135,true,0,1,true,false,0.000000,0.000000,0.000000,0.000000,,3.221000,1.593000,teleport_map,4,5,,,400-500,351-500,direct_hit
SITE2_P05,P05,SITE2,map,A,1,3,2,P05_race_map_A_3.csv,7,8,9,9,10,07:53:05.271,07:53:09.441,07:53:09.441,07:53:09.441,07:53:10.891,1039.000000,-123.700000,-1928.400000,660.800000,-122.800000,-2101.300000,660.000000,-121.000000,-2100.100000,660.000000,-121.000000,-2100.100000,415.848109,415.849083,416.170278,416.178399,1.442221,2.306513,1.442221,2.306513,true,0,1,true,false,0.000000,0.000000,0.000000,0.000000,,4.170000,1.450000,teleport_map,8,9,,,400-500,351-500,direct_hit
SITE2_P05,P05,SITE2,map,A,1,3,3,P05_race_map_A_3.csv,11,12,13,13,14,07:53:12.638,07:53:16.447,07:53:16.448,07:53:16.448,07:53:18.026,660.000000,-121.100000,-2099.800000,193.000000,-120.500000,-2075.600000,192.400000,-118.900000,-2073.300000,192.400000,-118.900000,-2073.300000,467.626603,467.626988,468.450147,468.455313,2.376973,2.865310,2.376973,2.865310,true,0,1,true,false,0.000000,0.000000,0.000000,0.000000,,3.810000,1.578000,teleport_map,12,13,,,400-500,351-500,direct_hit
SITE2_P05,P05,SITE2,map,A,1,3,4,P05_race_map_A_3.csv,15,16,17,17,18,07:53:18.791,07:53:27.857,07:53:27.858,07:53:27.858,07:53:30.765,192.400000,-118.800000,-2073.400000,207.800000,-130.500000,-1742.200000,210.500000,-128.700000,-1743.800000,210.500000,-128.700000,-1743.800000,331.557838,331.764208,330.002258,330.150723,3.138471,3.618011,3.138471,3.618011,true,0,1,true,false,0.000000,0.000000,0.000000,0.000000,,9.067000,2.907000,teleport_map,16,17,,,300-400,200-350,direct_hit
SITE2_P05,P05,SITE2,map,A,1,3,5,P05_race_map_A_3.csv,19,20,21,21,22,07:53:31.643,07:53:35.289,07:53:35.290,07:53:35.290,07:53:37.146,210.700000,-128.800000,-1743.900000,-221.000000,-110.700000,-1770.000000,-222.400000,-108.900000,-1769.500000,-222.400000,-108.900000,-1769.500000,432.488266,432.866850,433.861844,434.313412,1.486607,2.334524,1.486607,2.334524,true,0,1,true,false,0.000000,0.000000,0.000000,0.000000,,3.647000,1.856000,teleport_map,20,21,,,400-500,351-500,direct_hit
SITE2_P05,P05,SITE2,map,A,1,3,6,P05_race_map_A_3.csv,23,24,25,25,26,07:53:37.797,07:53:43.184,07:53:43.184,07:53:43.184,07:53:44.286,-222.400000,-109.000000,-1769.500000,-640.700000,-108.700000,-1512.100000,-643.300000,-106.900000,-1512.900000,-643.300000,-106.900000,-1512.900000,491.151351,491.151443,492.950677,492.954734,2.720294,3.261901,2.720294,3.261901,true,0,1,true,false,0.000000,0.000000,0.000000,0.000000,,5.387000,1.102000,teleport_map,24,25,,,400-500,351-500,direct_hit
SITE2_P05,P05,SITE2,map,B,1,1,1,P05_race_map_B_1.csv,3,4,5,8,9,07:50:08.312,07:50:12.498,07:50:12.498,07:50:18.269,07:50:21.614,-1587.600000,-148.100000,1834.000000,-1824.000000,-155.900000,2254.000000,-1817.600000,-154.400000,2255.500000,-1825.400000,-154.100000,2251.600000,481.959500,482.022614,480.168981,480.210308,6.573431,6.742403,2.778489,3.310589,false,1,2,true,false,8.720665,8.722958,8.720665,8.722958,3.017000,9.957000,3.345000,teleport_map|teleport_map,4|7,5|8,8.720665,8.722958,400-500,351-500,short_corrections_only
SITE2_P05,P05,SITE2,map,B,1,1,2,P05_race_map_B_1.csv,10,11,12,12,13,07:50:24.540,07:50:32.417,07:50:32.417,07:50:32.417,07:50:34.712,-1825.300000,-154.100000,2251.800000,-2183.500000,-156.800000,1969.600000,-2182.100000,-155.000000,1971.200000,-2182.100000,-155.000000,1971.200000,456.008860,456.016853,453.919156,453.920048,2.126029,2.785678,2.126029,2.785678,true,0,1,true,false,0.000000,0.000000,0.000000,0.000000,,7.877000,2.295000,teleport_map,11,12,,,400-500,351-500,direct_hit
SITE2_P05,P05,SITE2,map,B,1,1,3,P05_race_map_B_1.csv,14,15,16,16,17,07:50:36.382,07:50:40.264,07:50:40.264,07:50:40.264,07:50:42.808,-2182.200000,-155.000000,1971.000000,-2489.500000,-157.100000,2081.700000,-2486.500000,-155.300000,2080.900000,-2486.500000,-155.300000,2080.900000,326.630954,326.637704,323.665506,323.665645,3.104835,3.588872,3.104835,3.588872,true,0,1,true,false,0.000000,0.000000,0.000000,0.000000,,3.882000,2.544000,teleport_map,15,16,,,300-400,200-350,direct_hit
SITE2_P05,P05,SITE2,map,B,1,1,4,P05_race_map_B_1.csv,18,19,20,20,21,07:50:43.223,07:50:51.148,07:50:51.148,07:50:51.148,07:50:52.770,-2486.500000,-155.300000,2081.000000,-2630.000000,-156.100000,2448.000000,-2629.200000,-154.400000,2447.400000,-2629.200000,-154.400000,2447.400000,394.057420,394.058232,393.300826,393.301856,1.000000,1.972308,1.000000,1.972308,true,0,1,true,false,0.000000,0.000000,0.000000,0.000000,,7.925000,1.622000,teleport_map,19,20,,,300-400,351-500,direct_hit
SITE2_P05,P05,SITE2,map,B,1,1,5,P05_race_map_B_1.csv,22,23,24,24,25,07:50:53.972,07:50:59.385,07:50:59.385,07:50:59.385,07:51:01.142,-2629.300000,-154.400000,2447.600000,-2978.700000,-155.900000,2306.500000,-2977.700000,-154.100000,2305.500000,-2977.700000,-154.100000,2305.500000,376.815034,376.818020,376.357091,376.357211,1.414214,2.289105,1.414214,2.289105,true,0,1,true,false,0.000000,0.000000,0.000000,0.000000,,5.413000,1.757000,teleport_map,23,24,,,300-400,351-500,direct_hit
SITE2_P05,P05,SITE2,map,B,1,1,6,P05_race_map_B_1.csv,26,27,28,28,29,07:51:02.848,07:51:08.063,07:51:08.063,07:51:08.063,07:51:09.956,-2977.700000,-154.100000,2305.400000,-2999.000000,-156.000000,1931.000000,-2999.700000,-154.200000,1935.400000,-2999.700000,-154.200000,1935.400000,375.005400,375.010213,370.653477,370.653490,4.455334,4.805206,4.455334,4.805206,true,0,1,true,false,0.000000,0.000000,0.000000,0.000000,,5.215000,1.893000,teleport_map,27,28,,,300-400,351-500,direct_hit
SITE2_P05,P05,SITE2,map,C,1,2,1,P05_race_map_C_2.csv,3,4,5,8,9,07:51:29.781,07:51:33.565,07:51:33.565,07:51:37.719,07:51:39.171,-2003.300000,-141.900000,179.400000,-2299.700000,-147.700000,56.800000,-2294.400000,-146.300000,56.300000,-2299.400000,-146.000000,55.000000,320.754922,320.807357,316.058254,316.088880,5.323533,5.504544,1.824829,2.493993,false,1,2,true,false,5.166237,5.174940,5.166237,5.174940,2.031000,7.938000,1.452000,teleport_map|teleport_map,4|7,5|8,5.166237,5.174940,300-400,200-350,short_corrections_only
SITE2_P05,P05,SITE2,map,C,1,2,2,P05_race_map_C_2.csv,10,11,12,12,13,07:51:39.962,07:51:45.023,07:51:45.023,07:51:45.023,07:51:46.966,-2299.400000,-146.000000,55.100000,-2303.900000,-147.000000,-387.200000,-2304.900000,-145.200000,-383.400000,-2304.900000,-145.200000,-383.400000,442.322891,442.324022,438.634483,438.635213,3.929377,4.322037,3.929377,4.322037,true,0,1,true,false,0.000000,0.000000,0.000000,0.000000,,5.061000,1.943000,teleport_map,11,12,,,400-500,351-500,direct_hit
SITE2_P05,P05,SITE2,map,C,1,2,3,P05_race_map_C_2.csv,14,15,16,31,32,07:51:48.841,07:51:56.853,07:51:56.853,07:52:18.344,07:52:21.083,-2304.800000,-145.300000,-383.600000,-1943.900000,-143.600000,-367.100000,-1950.300000,-142.100000,-364.600000,-1940.900000,-141.800000,-368.800000,361.276985,361.280985,355.008803,355.023225,6.870953,7.032780,3.448188,3.889730,false,5,6,true,false,34.830738,34.852141,19.436563,19.449165,1.359000,29.503000,2.739000,teleport_map|teleport_map|teleport_map|teleport_map|teleport_map|teleport_map,15|18|21|24|27|30,16|19|22|25|28|31,3.257299|2.184033|5.048762|19.436563|4.904080,3.258834|2.186321|5.052722|19.449165|4.905099,300-400,351-500,short_corrections_only
SITE2_P05,P05,SITE2,map,C,1,2,4,P05_race_map_C_2.csv,33,34,35,35,36,07:52:24.043,07:52:29.520,07:52:29.520,07:52:29.520,07:52:31.747,-1940.800000,-141.800000,-368.700000,-2025.000000,-148.600000,-798.000000,-2028.400000,-146.900000,-797.700000,-2028.400000,-146.900000,-797.700000,437.479291,437.532136,437.852441,437.883318,3.413210,3.813135,3.413210,3.813135,true,0,1,true,false,0.000000,0.000000,0.000000,0.000000,,5.477000,2.227000,teleport_map,34,35,,,400-500,351-500,direct_hit
SITE2_P05,P05,SITE2,map,C,1,2,5,P05_race_map_C_2.csv,37,38,39,39,40,07:52:32.687,07:52:37.485,07:52:37.485,07:52:37.485,07:52:38.946,-2028.500000,-147.000000,-797.800000,-1819.400000,-140.800000,-1190.000000,-1822.200000,-139.200000,-1190.000000,-1822.200000,-139.200000,-1190.000000,444.458828,444.502070,443.236934,443.303812,2.800000,3.224903,2.800000,3.224903,true,0,1,true,false,0.000000,0.000000,0.000000,0.000000,,4.798000,1.461000,teleport_map,38,39,,,400-500,351-500,direct_hit
SITE2_P05,P05,SITE2,map,C,1,2,6,P05_race_map_C_2.csv,41,42,43,43,44,07:52:40.935,07:52:44.292,07:52:44.292,07:52:44.292,07:52:46.262,-1822.400000,-139.300000,-1190.200000,-1375.200000,-127.000000,-1014.300000,-1378.400000,-125.300000,-1018.200000,-1378.400000,-125.300000,-1018.200000,480.550362,480.707749,476.208379,476.414127,5.044799,5.323533,5.044799,5.323533,true,0,1,true,false,0.000000,0.000000,0.000000,0.000000,,3.357000,1.970000,teleport_map,42,43,,,400-500,351-500,direct_hit
SITE2_P05,P05,SITE2,tsunami,A,2,6,1,P05_race_tsunami_A_6.csv,3,4,5,8,9,08:06:25.270,08:06:30.116,08:06:30.116,08:06:32.143,08:06:33.940,1364.600000,-136.900000,-2182.400000,1036.100000,-125.400000,-1926.600000,1049.700000,-123.900000,-1936.100000,1037.800000,-123.700000,-1928.400000,416.348280,416.507071,399.782066,399.993375,16.589454,16.657131,2.475884,3.003331,false,1,2,true,false,14.090067,14.091487,14.090067,14.091487,0.985000,6.873000,1.797000,teleport_tsunami|teleport_tsunami,4|7,5|8,14.090067,14.091487,400-500,351-500,short_corrections_only
SITE2_P05,P05,SITE2,tsunami,A,2,6,2,P05_race_tsunami_A_6.csv,10,11,12,15,16,08:06:35.434,08:06:38.763,08:06:38.764,08:06:40.455,08:06:42.891,1037.900000,-123.700000,-1928.200000,660.800000,-122.800000,-2101.300000,746.300000,-120.200000,-2084.100000,665.200000,-121.000000,-2101.500000,414.931344,414.932320,330.658994,330.677517,87.212900,87.251648,4.404543,4.758151,false,1,2,true,false,82.966620,82.970477,82.966620,82.970477,0.490000,5.021000,2.436000,teleport_tsunami|teleport_tsunami,11|14,12|15,82.966620,82.970477,400-500,351-500,short_corrections_only
SITE2_P05,P05,SITE2,tsunami,A,2,6,3,P05_race_tsunami_A_6.csv,17,18,19,22,23,08:06:43.556,08:06:46.047,08:06:46.047,08:06:47.814,08:06:49.065,665.300000,-121.000000,-2101.500000,193.000000,-120.500000,-2075.600000,223.600000,-117.900000,-2102.700000,189.500000,-119.000000,-2071.200000,473.009619,473.009884,441.701630,441.712508,40.875054,40.957661,5.622277,5.818935,false,1,2,true,false,46.354827,46.365612,46.354827,46.365612,0.724000,4.258000,1.251000,teleport_tsunami|teleport_tsunami,18|21,19|22,46.354827,46.365612,400-500,351-500,short_corrections_only
SITE2_P05,P05,SITE2,tsunami,A,2,6,4,P05_race_tsunami_A_6.csv,24,25,26,29,30,08:06:50.989,08:06:53.244,08:06:53.244,08:06:55.623,08:06:57.091,189.400000,-118.900000,-2071.500000,207.800000,-130.500000,-1742.200000,213.900000,-128.900000,-1720.600000,204.000000,-128.700000,-1744.500000,329.813660,330.017590,351.754261,351.896377,22.444821,22.501778,4.441846,4.792703,false,1,2,true,false,25.646247,25.647027,25.646247,25.647027,1.529000,4.634000,1.468000,teleport_tsunami|teleport_tsunami,25|28,26|29,25.646247,25.647027,300-400,200-350,short_corrections_only
SITE2_P05,P05,SITE2,tsunami,A,2,6,5,P05_race_tsunami_A_6.csv,31,32,33,36,37,08:06:57.953,08:07:00.399,08:07:00.399,08:07:03.032,08:07:04.234,204.000000,-128.700000,-1744.400000,-221.000000,-110.700000,-1770.000000,-186.300000,-111.200000,-1740.400000,-222.600000,-108.900000,-1773.200000,425.770314,426.150631,390.320497,390.712605,45.609758,45.612498,3.577709,4.004997,false,1,2,true,false,49.206199,49.259923,49.206199,49.259923,0.894000,5.079000,1.202000,teleport_tsunami|teleport_tsunami,32|35,33|36,49.206199,49.259923,400-500,351-500,short_corrections_only
SITE2_P05,P05,SITE2,tsunami,A,2,6,6,P05_race_tsunami_A_6.csv,38,39,40,43,44,08:07:06.387,08:07:07.920,08:07:07.921,08:07:09.541,08:07:10.548,-222.800000,-108.900000,-1773.400000,-640.700000,-108.700000,-1512.100000,-601.500000,-106.600000,-1522.700000,-647.600000,-107.000000,-1510.200000,492.867223,492.867264,454.163165,454.168988,40.607881,40.662145,7.156815,7.355950,false,1,2,true,false,47.641998,47.643677,47.641998,47.643677,0.787000,3.154000,1.007000,teleport_tsunami|teleport_tsunami,39|42,40|43,47.641998,47.643677,400-500,351-500,short_corrections_only
SITE2_P05,P05,SITE2,tsunami,B,2,7,1,P05_race_tsunami_B_7.csv,3,4,5,8,9,08:07:27.353,08:07:28.458,08:07:28.458,08:07:30.408,08:07:32.408,-1587.200000,-148.100000,1834.200000,-1824.000000,-155.900000,2254.000000,-1808.800000,-154.000000,2218.800000,-1824.000000,-154.200000,2253.300000,481.981618,482.044728,443.873541,443.912750,38.341622,38.388670,0.700000,1.838478,false,1,2,true,false,37.608510,37.609041,37.608510,37.609041,0.584000,3.055000,2.000000,teleport_tsunami|teleport_tsunami,4|7,5|8,37.608510,37.609041,400-500,351-500,short_corrections_only
SITE2_P05,P05,SITE2,tsunami,B,2,7,2,P05_race_tsunami_B_7.csv,10,11,12,15,16,08:07:35.569,08:07:37.100,08:07:37.100,08:07:38.614,08:07:39.754,-1824.000000,-154.200000,2253.300000,-2183.500000,-156.800000,1969.600000,-2146.300000,-154.800000,2014.400000,-2180.600000,-154.900000,1973.800000,457.958448,457.965828,401.186366,401.186814,58.231263,58.265599,5.103920,5.446100,false,1,2,true,false,53.149318,53.149412,53.149318,53.149412,0.619000,3.045000,1.140000,teleport_tsunami|teleport_tsunami,11|14,12|15,53.149318,53.149412,400-500,351-500,short_corrections_only
SITE2_P05,P05,SITE2,tsunami,B,2,7,3,P05_race_tsunami_B_7.csv,17,18,19,22,23,08:07:42.176,08:07:43.633,08:07:43.633,08:07:44.976,08:07:46.274,-2180.700000,-154.900000,1973.800000,-2489.500000,-157.100000,2081.700000,-2471.900000,-155.400000,2063.700000,-2490.700000,-155.300000,2081.700000,327.108315,327.115713,304.761300,304.761710,25.174590,25.231924,1.200000,2.163331,false,1,2,true,false,26.027678,26.027870,26.027678,26.027870,0.683000,2.800000,1.298000,teleport_tsunami|teleport_tsunami,18|21,19|22,26.027678,26.027870,300-400,200-350,short_corrections_only
SITE2_P05,P05,SITE2,tsunami,B,2,7,4,P05_race_tsunami_B_7.csv,24,25,26,35,36,08:07:47.375,08:07:48.038,08:07:48.038,08:07:51.370,08:07:53.168,-2490.600000,-155.300000,2081.700000,-2630.000000,-156.100000,2448.000000,-2547.800000,-155.100000,2296.600000,-2632.700000,-154.400000,2451.100000,391.928629,391.929445,222.382216,222.382306,172.275361,172.278263,4.110961,4.448595,false,3,4,true,false,176.291858,176.293686,98.469285,98.471113,0.537000,3.995000,1.798000,teleport_tsunami|teleport_tsunami|teleport_tsunami|teleport_tsunami,25|28|31|34,26|29|32|35,98.469285|33.839622|43.982951,98.471113|33.839622|43.982951,300-400,351-500,short_corrections_only
SITE2_P05,P05,SITE2,tsunami,B,2,7,5,P05_race_tsunami_B_7.csv,37,38,39,48,49,08:07:54.413,08:07:55.098,08:07:55.099,08:07:58.282,08:07:59.637,-2632.700000,-154.400000,2451.100000,-2978.700000,-155.900000,2306.500000,-2762.900000,-155.000000,2383.700000,-2972.900000,-154.000000,2308.300000,375.000213,375.003213,146.611050,146.612278,229.193106,229.194873,6.072891,6.363175,false,3,4,true,false,224.334591,224.342754,99.270640,99.270842,0.527000,3.869000,1.355000,teleport_tsunami|teleport_tsunami|teleport_tsunami|teleport_tsunami,38|41|44|47,39|42|45|48,87.571285|37.492666|99.270640,87.572713|37.499200|99.270842,300-400,351-500,short_corrections_only
SITE2_P05,P05,SITE2,tsunami,B,2,7,6,P05_race_tsunami_B_7.csv,50,51,52,61,62,08:08:00.852,08:08:01.570,08:08:01.570,08:08:05.241,08:08:06.210,-2972.900000,-154.000000,2308.300000,-2999.000000,-156.000000,1931.000000,-2994.600000,-154.000000,2052.000000,-2999.900000,-154.200000,1928.500000,378.201666,378.206954,257.216990,257.216990,121.079974,121.096490,2.657066,3.209361,false,3,4,true,false,123.661198,123.661436,78.512419,78.512419,0.428000,4.389000,0.969000,teleport_tsunami|teleport_tsunami|teleport_tsunami|teleport_tsunami,51|54|57|60,52|55|58|61,24.146635|78.512419|21.002143,24.146635|78.512419|21.002381,300-400,351-500,short_corrections_only
SITE2_P05,P05,SITE2,tsunami,C,2,5,1,P05_race_tsunami_C_5.csv,3,4,5,8,9,08:05:18.312,08:05:20.174,08:05:20.174,08:05:22.290,08:05:24.916,-2003.400000,-141.800000,179.600000,-2299.700000,-147.700000,56.800000,-2284.100000,-145.900000,61.000000,-2300.300000,-145.900000,56.100000,320.739037,320.793298,304.726845,304.754426,16.155494,16.255461,0.921954,2.022375,false,1,2,true,false,16.924834,16.924834,16.924834,16.924834,0.928000,3.978000,2.626000,teleport_tsunami|teleport_tsunami,4|7,5|8,16.924834,16.924834,300-400,200-350,short_corrections_only
SITE2_P05,P05,SITE2,tsunami,C,2,5,2,P05_race_tsunami_C_5.csv,10,11,12,15,16,08:05:27.317,08:05:29.067,08:05:29.067,08:05:32.364,08:05:33.785,-2300.300000,-145.900000,55.900000,-2303.900000,-147.000000,-387.200000,-2308.900000,-145.500000,-419.600000,-2304.200000,-145.300000,-389.700000,443.114624,443.115989,475.577764,475.577933,32.783532,32.817831,2.517936,3.038092,false,1,2,true,false,30.054118,30.054783,30.054118,30.054783,2.193000,5.047000,1.421000,teleport_tsunami|teleport_tsunami,11|14,12|15,30.054118,30.054783,400-500,351-500,short_corrections_only
SITE2_P05,P05,SITE2,tsunami,C,2,5,3,P05_race_tsunami_C_5.csv,17,18,19,25,26,08:05:36.399,08:05:38.027,08:05:38.027,08:05:44.666,08:05:46.270,-2304.300000,-145.300000,-389.800000,-1943.900000,-143.600000,-367.100000,-1906.600000,-141.100000,-362.200000,-1944.800000,-141.900000,-368.800000,361.114179,361.118180,398.656556,398.678680,37.620473,37.703448,1.923538,2.567100,false,2,3,true,false,63.474738,63.505781,51.068288,51.084831,2.668000,8.267000,1.604000,teleport_tsunami|teleport_tsunami|teleport_tsunami,18|21|24,19|22|25,51.068288|12.406450,51.084831|12.420950,300-400,351-500,short_corrections_only
SITE2_P05,P05,SITE2,tsunami,C,2,5,4,P05_race_tsunami_C_5.csv,27,28,29,29,30,08:05:48.379,08:05:50.662,08:05:50.663,08:05:50.663,08:05:53.156,-1944.800000,-141.900000,-368.800000,-2025.000000,-148.600000,-798.000000,-2028.000000,-146.800000,-804.100000,-2028.000000,-146.800000,-804.100000,436.628767,436.680169,443.179794,443.205787,6.797794,7.032069,6.797794,7.032069,true,0,1,true,false,0.000000,0.000000,0.000000,0.000000,,2.284000,2.493000,teleport_tsunami,28,29,,,400-500,351-500,direct_hit
SITE2_P05,P05,SITE2,tsunami,C,2,5,5,P05_race_tsunami_C_5.csv,31,32,33,36,37,08:05:54.979,08:05:57.371,08:05:57.371,08:05:58.713,08:06:00.992,-2028.400000,-146.800000,-804.000000,-1819.400000,-140.800000,-1190.000000,-1823.100000,-139.100000,-1183.400000,-1822.100000,-139.100000,-1188.000000,438.949883,438.990888,431.384341,431.453057,7.566373,7.754998,3.360060,3.765634,false,1,2,true,false,4.707441,4.707441,4.707441,4.707441,0.946000,3.734000,2.279000,teleport_tsunami|teleport_tsunami,32|35,33|36,4.707441,4.707441,400-500,351-500,short_corrections_only
SITE2_P05,P05,SITE2,tsunami,C,2,5,6,P05_race_tsunami_C_5.csv,39,40,41,41,42,08:06:06.930,08:06:08.359,08:06:08.359,08:06:08.359,08:06:09.735,-1822.100000,-139.100000,-1188.000000,-1375.200000,-127.000000,-1014.300000,-1373.300000,-125.300000,-1010.300000,-1373.300000,-125.300000,-1010.300000,479.469811,479.622466,482.699420,482.896645,4.428318,4.743416,4.428318,4.743416,true,0,1,true,false,0.000000,0.000000,0.000000,0.000000,,1.429000,1.376000,teleport_tsunami,40,41,,,400-500,351-500,direct_hit
SITE2_P06,P06,SITE2,map,A,1,2,1,P06_race_map_A_2.csv,3,4,5,5,6,09:17:40.237,09:17:44.990,09:17:44.990,09:17:44.990,09:17:49.403,1364.500000,-137.000000,-2182.400000,1036.100000,-125.400000,-1926.600000,1035.000000,-123.700000,-1926.800000,1035.000000,-123.700000,-1926.800000,416.269384,416.430979,416.936110,417.145011,1.118034,2.034699,1.118034,2.034699,true,0,1,true,false,0.000000,0.000000,0.000000,0.000000,,4.753000,4.413000,teleport_map,4,5,,,400-500,351-500,direct_hit
SITE2_P06,P06,SITE2,map,A,1,2,2,P06_race_map_A_2.csv,7,8,9,9,10,09:17:50.661,09:17:56.219,09:17:56.219,09:17:56.219,09:17:59.593,1035.100000,-123.800000,-1926.900000,660.800000,-122.800000,-2101.300000,662.700000,-121.000000,-2102.800000,662.700000,-121.000000,-2102.800000,412.935649,412.936860,411.895327,411.904176,2.420744,3.016621,2.420744,3.016621,true,0,1,true,false,0.000000,0.000000,0.000000,0.000000,,5.558000,3.374000,teleport_map,8,9,,,400-500,351-500,direct_hit
SITE2_P06,P06,SITE2,map,A,1,2,3,P06_race_map_A_2.csv,11,12,13,13,14,09:18:00.802,09:18:04.063,09:18:04.063,09:18:04.063,09:18:06.565,662.700000,-121.100000,-2102.800000,193.000000,-120.500000,-2075.600000,194.500000,-118.900000,-2074.100000,194.500000,-118.900000,-2074.100000,470.486907,470.487290,469.072702,469.077861,2.121320,2.657066,2.121320,2.657066,true,0,1,true,false,0.000000,0.000000,0.000000,0.000000,,3.261000,2.502000,teleport_map,12,13,,,400-500,351-500,direct_hit
SITE2_P06,P06,SITE2,map,A,1,2,4,P06_race_map_A_2.csv,15,16,17,17,18,09:18:08.533,09:18:13.146,09:18:13.146,09:18:13.146,09:18:17.218,194.500000,-118.900000,-2074.200000,207.800000,-130.500000,-1742.200000,207.400000,-128.900000,-1739.500000,207.400000,-128.900000,-1739.500000,332.266294,332.468720,334.944667,335.093912,2.729469,3.163858,2.729469,3.163858,true,0,1,true,false,0.000000,0.000000,0.000000,0.000000,,4.613000,4.072000,teleport_map,16,17,,,300-400,200-350,direct_hit
SITE2_P06,P06,SITE2,map,A,1,2,5,P06_race_map_A_2.csv,19,20,21,21,22,09:18:18.708,09:18:22.228,09:18:22.228,09:18:22.228,09:18:27.174,207.300000,-129.000000,-1739.500000,-221.000000,-110.700000,-1770.000000,-223.200000,-109.000000,-1767.400000,-223.200000,-109.000000,-1767.400000,429.384606,429.774394,431.502920,431.961549,3.405877,3.806573,3.405877,3.806573,true,0,1,true,false,0.000000,0.000000,0.000000,0.000000,,3.520000,4.946000,teleport_map,20,21,,,400-500,351-500,direct_hit
SITE2_P06,P06,SITE2,map,A,1,2,6,P06_race_map_A_2.csv,23,24,25,25,26,09:18:28.937,09:18:33.480,09:18:33.480,09:18:33.480,09:18:36.574,-223.300000,-109.100000,-1767.400000,-640.700000,-108.700000,-1512.100000,-640.900000,-107.000000,-1511.100000,-640.900000,-107.000000,-1511.100000,489.286062,489.286225,490.064261,490.068342,1.019804,1.982423,1.019804,1.982423,true,0,1,true,false,0.000000,0.000000,0.000000,0.000000,,4.543000,3.094000,teleport_map,24,25,,,400-500,351-500,direct_hit
SITE2_P06,P06,SITE2,map,B,1,3,1,P06_race_map_B_3.csv,3,4,5,5,6,09:18:55.806,09:18:59.621,09:18:59.621,09:18:59.621,09:19:01.214,-1587.600000,-148.200000,1834.200000,-1824.000000,-155.900000,2254.000000,-1825.900000,-154.200000,2254.000000,-1825.900000,-154.200000,2254.000000,481.785222,481.846749,482.769717,482.807001,1.900000,2.549510,1.900000,2.549510,true,0,1,true,false,0.000000,0.000000,0.000000,0.000000,,3.815000,1.593000,teleport_map,4,5,,,400-500,351-500,direct_hit
SITE2_P06,P06,SITE2,map,B,1,3,2,P06_race_map_B_3.csv,7,8,9,9,10,09:19:01.964,09:19:08.433,09:19:08.433,09:19:08.433,09:19:10.489,-1825.900000,-154.200000,2254.000000,-2183.500000,-156.800000,1969.600000,-2182.100000,-155.000000,1971.900000,-2182.100000,-155.000000,1971.900000,456.903841,456.911239,454.377431,454.378323,2.692582,3.238827,2.692582,3.238827,true,0,1,true,false,0.000000,0.000000,0.000000,0.000000,,6.469000,2.056000,teleport_map,8,9,,,400-500,351-500,direct_hit
SITE2_P06,P06,SITE2,map,B,1,3,3,P06_race_map_B_3.csv,11,12,13,13,14,09:19:11.929,09:19:14.923,09:19:14.923,09:19:14.923,09:19:18.580,-2182.100000,-155.100000,1971.900000,-2489.500000,-157.100000,2081.700000,-2489.000000,-155.300000,2083.100000,-2489.000000,-155.300000,2083.100000,326.421200,326.427327,326.390594,326.390732,1.486607,2.334524,1.486607,2.334524,true,0,1,true,false,0.000000,0.000000,0.000000,0.000000,,2.994000,3.657000,teleport_map,12,13,,,300-400,200-350,direct_hit
SITE2_P06,P06,SITE2,map,B,1,3,4,P06_race_map_B_3.csv,15,16,17,17,18,09:19:20.271,09:19:24.550,09:19:24.550,09:19:24.550,09:19:26.447,-2489.000000,-155.400000,2083.100000,-2630.000000,-156.100000,2448.000000,-2630.500000,-154.400000,2445.000000,-2630.500000,-154.400000,2445.000000,391.194338,391.194964,388.579284,388.580326,3.041381,3.484250,3.041381,3.484250,true,0,1,true,false,0.000000,0.000000,0.000000,0.000000,,4.279000,1.897000,teleport_map,16,17,,,300-400,351-500,direct_hit
SITE2_P06,P06,SITE2,map,B,1,3,5,P06_race_map_B_3.csv,19,20,21,21,22,09:19:27.517,09:19:30.405,09:19:30.405,09:19:30.405,09:19:32.320,-2630.500000,-154.500000,2445.000000,-2978.700000,-155.900000,2306.500000,-2980.400000,-154.300000,2308.500000,-2980.400000,-154.300000,2308.500000,374.733892,374.736507,375.618916,375.618929,2.624881,3.074085,2.624881,3.074085,true,0,1,true,false,0.000000,0.000000,0.000000,0.000000,,2.888000,1.915000,teleport_map,20,21,,,300-400,351-500,direct_hit
SITE2_P06,P06,SITE2,map,B,1,3,6,P06_race_map_B_3.csv,23,24,25,25,26,09:19:33.490,09:19:38.541,09:19:38.541,09:19:38.541,09:19:41.114,-2980.400000,-154.400000,2308.400000,-2999.000000,-156.000000,1931.000000,-2997.300000,-154.300000,1934.400000,-2997.300000,-154.300000,1934.400000,377.858069,377.861456,374.386164,374.386164,3.801316,4.164133,3.801316,4.164133,true,0,1,true,false,0.000000,0.000000,0.000000,0.000000,,5.051000,2.573000,teleport_map,24,25,,,300-400,351-500,direct_hit
SITE2_P06,P06,SITE2,map,C,1,1,1,P06_race_map_C_1.csv,3,4,5,5,6,09:15:59.553,09:16:12.716,09:16:12.716,09:16:12.716,09:16:16.681,-2003.300000,-141.900000,179.500000,-2299.700000,-147.700000,56.800000,-2298.900000,-146.000000,57.400000,-2298.900000,-146.000000,57.400000,320.793158,320.845586,319.824593,319.850872,1.000000,1.972308,1.000000,1.972308,true,0,1,true,false,0.000000,0.000000,0.000000,0.000000,,13.163000,3.965000,teleport_map,4,5,,,300-400,200-350,direct_hit
SITE2_P06,P06,SITE2,map,C,1,1,2,P06_race_map_C_1.csv,7,8,9,9,10,09:16:18.252,09:16:25.622,09:16:25.622,09:16:25.622,09:16:29.053,-2298.900000,-146.100000,57.400000,-2303.900000,-147.000000,-387.200000,-2301.900000,-145.300000,-389.500000,-2301.900000,-145.300000,-389.500000,444.628114,444.629025,446.910069,446.910472,3.047950,3.489986,3.047950,3.489986,true,0,1,true,false,0.000000,0.000000,0.000000,0.000000,,7.370000,3.431000,teleport_map,8,9,,,400-500,351-500,direct_hit
SITE2_P06,P06,SITE2,map,C,1,1,3,P06_race_map_C_1.csv,11,12,13,13,14,09:16:33.803,09:16:38.114,09:16:38.114,09:16:38.114,09:16:40.734,-2301.900000,-145.400000,-389.600000,-1943.900000,-143.600000,-367.100000,-1942.600000,-142.000000,-370.900000,-1942.600000,-142.000000,-370.900000,358.706356,358.710872,359.786298,359.802362,4.016217,4.323193,4.016217,4.323193,true,0,1,true,false,0.000000,0.000000,0.000000,0.000000,,4.311000,2.620000,teleport_map,12,13,,,300-400,351-500,direct_hit
SITE2_P06,P06,SITE2,map,C,1,1,4,P06_race_map_C_1.csv,15,16,17,17,18,09:16:43.509,09:16:47.281,09:16:47.281,09:16:47.281,09:16:49.973,-1942.500000,-142.100000,-370.800000,-2025.000000,-148.600000,-798.000000,-2024.100000,-146.900000,-796.500000,-2024.100000,-146.900000,-796.500000,435.093197,435.141747,433.450170,433.477866,1.749286,2.439262,1.749286,2.439262,true,0,1,true,false,0.000000,0.000000,0.000000,0.000000,,3.772000,2.692000,teleport_map,16,17,,,400-500,351-500,direct_hit
SITE2_P06,P06,SITE2,map,C,1,1,5,P06_race_map_C_1.csv,19,20,21,21,22,09:16:50.928,09:16:55.624,09:16:55.625,09:16:55.625,09:16:59.253,-2024.100000,-147.000000,-796.500000,-1819.400000,-140.800000,-1190.000000,-1821.700000,-139.200000,-1189.400000,-1821.700000,-139.200000,-1189.400000,443.558722,443.602051,442.057417,442.124473,2.376973,2.865310,2.376973,2.865310,true,0,1,true,false,0.000000,0.000000,0.000000,0.000000,,4.697000,3.628000,teleport_map,20,21,,,400-500,351-500,direct_hit
SITE2_P06,P06,SITE2,map,C,1,1,6,P06_race_map_C_1.csv,24,25,26,26,27,09:17:05.435,09:17:07.466,09:17:07.467,09:17:07.467,09:17:12.452,-1821.800000,-139.300000,-1189.600000,-1375.200000,-127.000000,-1014.300000,-1375.800000,-125.300000,-1017.200000,-1375.800000,-125.300000,-1017.200000,479.772498,479.930141,478.088737,478.290759,2.961419,3.414674,2.961419,3.414674,true,0,1,true,false,0.000000,0.000000,0.000000,0.000000,,2.032000,4.985000,teleport_map,25,26,,,400-500,351-500,direct_hit
SITE2_P06,P06,SITE2,tsunami,A,2,5,1,P06_race_tsunami_A_5.csv,3,4,5,5,6,09:30:03.140,09:30:05.234,09:30:05.234,09:30:05.234,09:30:10.035,1364.500000,-136.900000,-2182.300000,1036.100000,-125.400000,-1926.600000,1032.700000,-123.700000,-1925.900000,1032.700000,-123.700000,-1925.900000,416.207941,416.366785,419.244380,419.452131,3.471311,3.865230,3.471311,3.865230,true,0,1,true,false,0.000000,0.000000,0.000000,0.000000,,2.094000,4.801000,teleport_tsunami,4,5,,,400-500,351-500,direct_hit
SITE2_P06,P06,SITE2,tsunami,A,2,5,2,P06_race_tsunami_A_5.csv,7,8,9,12,13,09:30:12.749,09:30:20.561,09:30:20.561,09:30:25.171,09:30:29.125,1032.900000,-123.700000,-1926.000000,660.800000,-122.800000,-2101.300000,634.200000,-121.100000,-2111.200000,659.800000,-121.100000,-2101.300000,411.325297,411.326282,439.614297,439.621985,28.382565,28.433431,1.000000,1.972308,false,1,2,true,false,27.447586,27.447769,27.447586,27.447769,2.891000,12.422000,3.954000,teleport_tsunami|teleport_tsunami,8|11,9|12,27.447586,27.447769,400-500,351-500,short_corrections_only
SITE2_P06,P06,SITE2,tsunami,A,2,5,3,P06_race_tsunami_A_5.csv,14,15,16,22,23,09:30:32.531,09:30:41.116,09:30:41.116,09:30:48.324,09:30:52.848,659.800000,-121.100000,-2101.300000,193.000000,-120.500000,-2075.600000,647.000000,-121.100000,-2106.700000,189.600000,-118.700000,-2075.000000,467.506930,467.507315,13.892444,13.892444,455.063963,455.064358,3.452535,3.893584,false,2,3,false,true,531.840834,531.859861,494.991818,495.002162,1.078000,15.793000,4.524000,teleport_tsunami|teleport_tsunami|teleport_tsunami,15|18|21,16|19|22,494.991818|36.849016,495.002162|36.857699,400-500,351-500,contains_correction_at_least_100m
SITE2_P06,P06,SITE2,tsunami,A,2,5,4,P06_race_tsunami_A_5.csv,24,25,26,41,42,09:30:54.516,09:30:56.962,09:30:56.962,09:31:07.039,09:31:09.057,189.600000,-118.700000,-2075.100000,207.800000,-130.500000,-1742.200000,195.700000,-121.400000,-2023.000000,209.100000,-128.800000,-1739.200000,333.397136,333.605890,52.455886,52.525327,281.060581,281.207859,3.269557,3.685105,false,5,6,false,true,298.568376,298.721149,131.773025,131.900607,0.459000,12.523000,2.018000,teleport_tsunami|teleport_tsunami|teleport_tsunami|teleport_tsunami|teleport_tsunami|teleport_tsunami,25|28|31|34|37|40,26|29|32|35|38|41,10.704205|131.773025|84.394550|67.596598|4.100000,10.721007|131.900607|84.401718|67.596598|4.101219,300-400,200-350,contains_correction_at_least_100m
SITE2_P06,P06,SITE2,tsunami,A,2,5,5,P06_race_tsunami_A_5.csv,43,44,45,48,49,09:31:12.977,09:31:16.091,09:31:16.091,09:31:18.117,09:31:20.690,209.100000,-128.800000,-1739.200000,-221.000000,-110.700000,-1770.000000,-239.600000,-108.300000,-1773.800000,-218.500000,-109.200000,-1768.700000,431.201403,431.581116,450.032054,450.498724,18.984204,19.135308,2.817801,3.192178,false,1,2,true,false,21.610414,21.629147,21.610414,21.629147,0.728000,5.140000,2.573000,teleport_tsunami|teleport_tsunami,44|47,45|48,21.610414,21.629147,400-500,351-500,short_corrections_only
SITE2_P06,P06,SITE2,tsunami,A,2,5,6,P06_race_tsunami_A_5.csv,50,51,52,55,56,09:31:22.321,09:31:24.645,09:31:24.645,09:31:25.980,09:31:28.378,-218.600000,-109.200000,-1768.700000,-640.700000,-108.700000,-1512.100000,-633.900000,-107.000000,-1513.600000,-638.600000,-107.000000,-1512.700000,493.975678,493.975931,487.391116,487.396081,6.963476,7.167984,2.184033,2.767671,false,1,2,true,false,4.687217,4.687217,4.687217,4.687217,0.633000,3.659000,2.398000,teleport_tsunami|teleport_tsunami,51|54,52|55,4.687217,4.687217,400-500,351-500,short_corrections_only
SITE2_P06,P06,SITE2,tsunami,B,2,6,1,P06_race_tsunami_B_6.csv,3,4,5,8,9,09:31:45.208,09:31:48.061,09:31:48.061,09:31:50.997,09:31:55.788,-1587.500000,-148.100000,1834.100000,-1824.000000,-155.900000,2254.000000,-1833.200000,-154.500000,2270.400000,-1825.400000,-154.200000,2256.200000,481.921425,481.984543,500.725653,500.766552,18.804255,18.856299,2.607681,3.112876,false,1,2,true,false,16.075136,16.076380,16.075136,16.076380,0.825000,5.789000,4.791000,teleport_tsunami|teleport_tsunami,4|7,5|8,16.075136,16.076380,400-500,351-500,short_corrections_only
SITE2_P06,P06,SITE2,tsunami,B,2,6,2,P06_race_tsunami_B_6.csv,10,11,12,12,13,09:31:58.235,09:32:05.499,09:32:05.499,09:32:05.499,09:32:07.499,-1825.300000,-154.200000,2256.300000,-2183.500000,-156.800000,1969.600000,-2190.700000,-155.000000,1966.800000,-2190.700000,-155.000000,1966.800000,458.807291,458.814658,466.183880,466.184566,7.725283,7.932213,7.725283,7.932213,true,0,1,true,false,0.000000,0.000000,0.000000,0.000000,,7.264000,2.000000,teleport_tsunami,11,12,,,400-500,351-500,direct_hit
SITE2_P06,P06,SITE2,tsunami,B,2,6,3,P06_race_tsunami_B_6.csv,15,16,17,17,18,09:32:12.837,09:32:14.458,09:32:14.458,09:32:14.458,09:32:16.674,-2190.700000,-155.000000,1966.700000,-2489.500000,-157.100000,2081.700000,-2496.000000,-155.400000,2082.400000,-2496.000000,-155.400000,2082.400000,320.166269,320.173156,326.488254,326.488499,6.537584,6.754998,6.537584,6.754998,true,0,1,true,false,0.000000,0.000000,0.000000,0.000000,,1.621000,2.216000,teleport_tsunami,16,17,,,300-400,200-350,direct_hit
SITE2_P06,P06,SITE2,tsunami,B,2,6,4,P06_race_tsunami_B_6.csv,19,20,21,24,25,09:32:20.303,09:32:22.761,09:32:22.761,09:32:25.468,09:32:27.533,-2495.900000,-155.400000,2082.500000,-2630.000000,-156.100000,2448.000000,-2478.100000,-154.900000,2111.700000,-2632.300000,-154.400000,2452.400000,389.323850,389.324479,34.197661,34.201316,369.013956,369.015908,4.964877,5.247857,false,1,2,false,true,373.970761,373.971095,373.970761,373.971095,0.699000,5.165000,2.065000,teleport_tsunami|teleport_tsunami,20|23,21|24,373.970761,373.971095,300-400,351-500,contains_correction_at_least_100m
SITE2_P06,P06,SITE2,tsunami,B,2,6,5,P06_race_tsunami_B_6.csv,26,27,28,34,35,09:32:29.453,09:32:30.994,09:32:30.994,09:32:35.084,09:32:36.930,-2632.300000,-154.500000,2452.200000,-2978.700000,-155.900000,2306.500000,-2640.500000,-154.500000,2433.400000,-2973.500000,-154.100000,2307.400000,375.794425,375.797033,20.510485,20.510485,361.224099,361.226812,5.277310,5.575841,false,2,3,false,true,357.647174,357.650430,290.489673,290.491067,0.607000,5.631000,1.846000,teleport_tsunami|teleport_tsunami|teleport_tsunami,27|30|33,28|31|34,290.489673|67.157501,290.491067|67.159363,300-400,351-500,contains_correction_at_least_100m
SITE2_P06,P06,SITE2,tsunami,B,2,6,6,P06_race_tsunami_B_6.csv,36,37,38,38,39,09:32:39.805,09:32:42.126,09:32:42.127,09:32:42.127,09:32:44.098,-2973.500000,-154.000000,2307.300000,-2999.000000,-156.000000,1931.000000,-3002.800000,-154.100000,1936.400000,-3002.800000,-154.100000,1936.400000,377.163015,377.168318,372.047645,372.047658,6.603030,6.870953,6.603030,6.870953,true,0,1,true,false,0.000000,0.000000,0.000000,0.000000,,2.322000,1.971000,teleport_tsunami,37,38,,,300-400,351-500,direct_hit
SITE2_P06,P06,SITE2,tsunami,C,2,7,1,P06_race_tsunami_C_7.csv,3,4,5,8,9,09:32:58.082,09:33:01.317,09:33:01.317,09:33:04.432,09:33:05.826,-2003.300000,-141.800000,179.600000,-2299.700000,-147.700000,56.800000,-2303.100000,-145.900000,45.800000,-2302.500000,-145.900000,52.200000,320.831420,320.885665,328.302422,328.328022,11.513470,11.653326,5.385165,5.678028,false,1,2,true,false,6.537584,6.537584,6.537584,6.537584,0.734000,6.350000,1.394000,teleport_tsunami|teleport_tsunami,4|7,5|8,6.537584,6.537584,300-400,200-350,short_corrections_only
SITE2_P06,P06,SITE2,tsunami,C,2,7,2,P06_race_tsunami_C_7.csv,10,11,12,15,16,09:33:08.331,09:33:10.233,09:33:10.234,09:33:11.594,09:33:12.956,-2302.400000,-145.900000,52.100000,-2303.900000,-147.000000,-387.200000,-2306.500000,-145.200000,-371.300000,-2305.700000,-145.200000,-385.300000,439.302561,439.303938,423.419851,423.420429,16.111176,16.211416,2.617250,3.176476,false,1,2,true,false,14.017489,14.017846,14.017489,14.017846,0.623000,3.263000,1.362000,teleport_tsunami|teleport_tsunami,11|14,12|15,14.017489,14.017846,400-500,351-500,short_corrections_only
SITE2_P06,P06,SITE2,tsunami,C,2,7,3,P06_race_tsunami_C_7.csv,17,18,19,19,20,09:33:15.296,09:33:17.023,09:33:17.023,09:33:17.023,09:33:18.591,-2306.000000,-145.200000,-385.200000,-1943.900000,-143.600000,-367.100000,-1950.400000,-142.200000,-368.200000,-1950.400000,-142.200000,-368.200000,362.552093,362.555623,356.010913,356.023553,6.592420,6.739436,6.592420,6.739436,true,0,1,true,false,0.000000,0.000000,0.000000,0.000000,,1.727000,1.568000,teleport_tsunami,18,19,,,300-400,351-500,direct_hit
SITE2_P06,P06,SITE2,tsunami,C,2,7,4,P06_race_tsunami_C_7.csv,21,22,23,23,24,09:33:20.765,09:33:22.802,09:33:22.802,09:33:22.802,09:33:23.795,-1950.300000,-142.200000,-368.000000,-2025.000000,-148.600000,-798.000000,-2030.300000,-147.000000,-796.000000,-2030.300000,-147.000000,-796.000000,436.440248,436.487170,435.412448,435.438905,5.664804,5.886425,5.664804,5.886425,true,0,1,true,false,0.000000,0.000000,0.000000,0.000000,,2.037000,0.993000,teleport_tsunami,22,23,,,400-500,351-500,direct_hit
SITE2_P06,P06,SITE2,tsunami,C,2,7,5,P06_race_tsunami_C_7.csv,25,26,27,30,31,09:33:24.870,09:33:26.534,09:33:26.534,09:33:29.517,09:33:31.941,-2030.200000,-147.000000,-795.900000,-1819.400000,-140.800000,-1190.000000,-1819.300000,-139.200000,-1201.700000,-1821.400000,-139.200000,-1193.900000,446.935622,446.978624,457.331882,457.398393,11.700427,11.809318,4.382921,4.665833,false,1,2,true,false,8.149233,8.149233,8.149233,8.149233,0.794000,4.647000,2.424000,teleport_tsunami|teleport_tsunami,26|29,27|30,8.149233,8.149233,400-500,351-500,short_corrections_only
SITE2_P06,P06,SITE2,tsunami,C,2,7,6,P06_race_tsunami_C_7.csv,33,34,35,38,39,09:33:42.138,09:33:45.991,09:33:45.991,09:33:48.220,09:33:50.589,-1821.500000,-139.200000,-1193.900000,-1375.200000,-127.000000,-1014.300000,-1372.400000,-125.300000,-1007.500000,-1375.500000,-125.300000,-1011.500000,481.081958,481.236626,486.246614,486.445249,7.353911,7.547847,2.816026,3.289377,false,1,2,true,false,5.108816,5.108816,5.108816,5.108816,1.846000,6.082000,2.369000,teleport_tsunami|teleport_tsunami,34|37,35|38,5.108816,5.108816,400-500,351-500,short_corrections_only
SITE2_P07,P07,SITE2,map,A,3,10,1,P07_race_map_A_10.csv,3,4,5,5,6,14:47:54.368,14:47:58.747,14:47:58.748,14:47:58.748,14:48:01.964,1364.500000,-136.900000,-2182.500000,1036.100000,-125.400000,-1926.600000,1038.100000,-123.900000,-1926.200000,1038.100000,-123.900000,-1926.200000,416.330842,416.489640,412.444057,412.645744,2.039608,2.531798,2.039608,2.531798,true,0,1,true,false,0.000000,0.000000,0.000000,0.000000,,4.380000,3.216000,teleport_map,4,5,,,400-500,351-500,direct_hit
SITE2_P07,P07,SITE2,map,A,3,10,2,P07_race_map_A_10.csv,7,8,9,9,10,14:48:02.911,14:48:07.326,14:48:07.326,14:48:07.326,14:48:10.871,1038.100000,-124.000000,-1926.100000,660.800000,-122.800000,-2101.300000,663.200000,-121.300000,-2100.900000,663.200000,-121.300000,-2100.900000,415.993185,415.994916,403.450121,403.459155,2.433105,2.858321,2.433105,2.858321,true,0,1,true,false,0.000000,0.000000,0.000000,0.000000,,4.415000,3.545000,teleport_map,8,9,,,400-500,351-500,direct_hit
SITE2_P07,P07,SITE2,map,A,3,10,3,P07_race_map_A_10.csv,11,12,13,13,14,14:48:11.617,14:48:15.641,14:48:15.641,14:48:15.641,14:48:20.486,658.100000,-121.300000,-2109.000000,193.000000,-120.500000,-2075.600000,195.100000,-118.900000,-2077.500000,195.100000,-118.900000,-2077.500000,466.297727,466.298413,460.578072,460.584325,2.831960,3.252691,2.831960,3.252691,true,0,1,true,false,0.000000,0.000000,0.000000,0.000000,,4.024000,4.845000,teleport_map,12,13,,,400-500,351-500,direct_hit
SITE2_P07,P07,SITE2,map,A,3,10,4,P07_race_map_A_10.csv,15,16,17,17,18,14:48:22.610,14:48:26.678,14:48:26.678,14:48:26.678,14:48:28.583,195.100000,-119.000000,-2077.700000,207.800000,-130.500000,-1742.200000,206.200000,-129.100000,-1741.900000,206.200000,-129.100000,-1741.900000,335.740287,335.937182,336.083353,336.235081,1.627882,2.147091,1.627882,2.147091,true,0,1,true,false,0.000000,0.000000,0.000000,0.000000,,4.068000,1.905000,teleport_map,16,17,,,300-400,200-350,direct_hit
SITE2_P07,P07,SITE2,map,A,3,10,5,P07_race_map_A_10.csv,19,20,21,21,22,14:48:29.866,14:48:35.252,14:48:35.252,14:48:35.252,14:48:38.465,206.300000,-129.100000,-1741.800000,-221.000000,-110.700000,-1770.000000,-219.200000,-109.300000,-1769.300000,-219.200000,-109.300000,-1769.300000,428.229530,428.624649,420.841490,421.288405,1.931321,2.385372,1.931321,2.385372,true,0,1,true,false,0.000000,0.000000,0.000000,0.000000,,5.386000,3.213000,teleport_map,20,21,,,400-500,351-500,direct_hit
SITE2_P07,P07,SITE2,map,A,3,10,6,P07_race_map_A_10.csv,23,24,25,28,29,14:48:39.638,14:48:41.389,14:48:41.389,14:48:45.175,14:48:47.390,-219.300000,-109.400000,-1769.300000,-640.700000,-108.700000,-1512.100000,-611.700000,-106.900000,-1538.800000,-637.500000,-107.200000,-1515.700000,493.689984,493.690480,455.091211,455.098077,39.419411,39.460487,4.816638,5.044799,false,1,2,true,false,34.497101,34.499420,34.497101,34.499420,1.821000,5.537000,2.215000,teleport_map|teleport_map,24|27,25|28,34.497101,34.499420,400-500,351-500,short_corrections_only
SITE2_P07,P07,SITE2,map,B,3,11,1,P07_race_map_B_11.csv,3,4,5,5,6,14:48:59.807,14:49:01.866,14:49:01.866,14:49:01.866,14:49:04.459,-1587.800000,-148.200000,1834.100000,-1824.000000,-155.900000,2254.000000,-1823.300000,-154.400000,2254.000000,-1823.300000,-154.400000,2254.000000,481.774273,481.835802,459.218303,459.260155,0.700000,1.655295,0.700000,1.655295,true,0,1,true,false,0.000000,0.000000,0.000000,0.000000,,2.059000,2.593000,teleport_map,4,5,,,400-500,351-500,direct_hit
SITE2_P07,P07,SITE2,map,B,3,11,2,P07_race_map_B_11.csv,7,8,9,9,10,14:49:06.439,14:49:10.507,14:49:10.507,14:49:10.507,14:49:13.730,-1823.500000,-154.500000,2254.000000,-2183.500000,-156.800000,1969.600000,-2182.700000,-155.200000,1969.900000,-2182.700000,-155.200000,1969.900000,458.784655,458.790421,444.158710,444.159262,0.854400,1.813836,0.854400,1.813836,true,0,1,true,false,0.000000,0.000000,0.000000,0.000000,,4.068000,3.223000,teleport_map,8,9,,,400-500,351-500,direct_hit
SITE2_P07,P07,SITE2,map,B,3,11,3,P07_race_map_B_11.csv,11,12,13,13,14,14:49:14.805,14:49:17.138,14:49:17.138,14:49:17.138,14:49:22.386,-2182.500000,-155.300000,1969.700000,-2489.500000,-157.100000,2081.700000,-2489.900000,-155.700000,2078.000000,-2489.900000,-155.700000,2078.000000,326.791983,326.796940,324.759126,324.759372,3.721559,3.976179,3.721559,3.976179,true,0,1,true,false,0.000000,0.000000,0.000000,0.000000,,2.333000,5.248000,teleport_map,12,13,,,300-400,200-350,direct_hit
SITE2_P07,P07,SITE2,map,B,3,11,4,P07_race_map_B_11.csv,16,17,18,18,19,14:49:31.257,14:49:33.143,14:49:33.143,14:49:33.143,14:49:37.759,-2523.000000,-155.400000,2195.500000,-2630.000000,-156.100000,2448.000000,-2629.900000,-154.600000,2445.100000,-2629.900000,-154.600000,2445.100000,274.235756,274.236650,267.617357,267.618273,2.901724,3.266497,2.901724,3.266497,true,0,1,true,false,0.000000,0.000000,0.000000,0.000000,,1.886000,4.616000,teleport_map,17,18,,,200-300,200-350,direct_hit
SITE2_P07,P07,SITE2,map,B,3,11,5,P07_race_map_B_11.csv,20,21,22,22,23,14:49:39.593,14:49:42.301,14:49:42.301,14:49:42.301,14:49:47.784,-2629.800000,-154.700000,2445.100000,-2978.700000,-155.900000,2306.500000,-2981.600000,-154.400000,2305.300000,-2981.600000,-154.400000,2305.300000,375.421323,375.423241,382.040639,382.040692,3.138471,3.478505,3.138471,3.478505,true,0,1,true,false,0.000000,0.000000,0.000000,0.000000,,2.708000,5.483000,teleport_map,21,22,,,300-400,351-500,direct_hit
SITE2_P07,P07,SITE2,map,B,3,11,6,P07_race_map_B_11.csv,24,25,26,26,27,14:49:48.605,14:49:52.463,14:49:52.463,14:49:52.463,14:49:56.718,-2981.700000,-154.500000,2305.300000,-2999.000000,-156.000000,1931.000000,-2998.800000,-154.500000,1931.000000,-2998.800000,-154.500000,1931.000000,374.699586,374.702589,367.283705,367.283719,0.200000,1.513275,0.200000,1.513275,true,0,1,true,false,0.000000,0.000000,0.000000,0.000000,,3.858000,4.255000,teleport_map,25,26,,,300-400,351-500,direct_hit
SITE2_P07,P07,SITE2,map,C,3,9,1,P07_race_map_C_9.csv,4,5,6,6,7,14:46:17.657,14:46:20.150,14:46:20.150,14:46:20.150,14:46:24.777,-2002.700000,-142.400000,171.000000,-2299.700000,-147.700000,56.800000,-2299.500000,-146.200000,56.100000,-2299.500000,-146.200000,56.100000,318.199057,318.243193,314.130673,314.161487,0.728011,1.667333,0.728011,1.667333,true,0,1,true,false,0.000000,0.000000,0.000000,0.000000,,2.493000,4.627000,teleport_map,5,6,,,300-400,200-350,direct_hit
SITE2_P07,P07,SITE2,map,C,3,9,2,P07_race_map_C_9.csv,8,9,10,10,11,14:46:30.603,14:46:38.346,14:46:38.347,14:46:38.347,14:46:44.433,-2299.500000,-146.300000,56.100000,-2303.900000,-147.000000,-387.200000,-2304.400000,-145.600000,-390.100000,-2304.400000,-145.600000,-390.100000,443.321836,443.322388,448.836195,448.836596,2.942788,3.258834,2.942788,3.258834,true,0,1,true,false,0.000000,0.000000,0.000000,0.000000,,7.744000,6.086000,teleport_map,9,10,,,400-500,351-500,direct_hit
SITE2_P07,P07,SITE2,map,C,3,9,3,P07_race_map_C_9.csv,12,13,14,14,15,14:46:47.296,14:46:53.415,14:46:53.415,14:46:53.415,14:46:56.000,-2300.300000,-145.700000,-388.300000,-1943.900000,-143.600000,-367.100000,-1941.400000,-142.000000,-367.900000,-1941.400000,-142.000000,-367.900000,357.029971,357.036147,359.579143,359.597164,2.624881,3.074085,2.624881,3.074085,true,0,1,true,false,0.000000,0.000000,0.000000,0.000000,,6.119000,2.585000,teleport_map,13,14,,,300-400,351-500,direct_hit
SITE2_P07,P07,SITE2,map,C,3,9,4,P07_race_map_C_9.csv,16,17,18,18,19,14:46:58.437,14:47:03.399,14:47:03.400,14:47:03.400,14:47:08.549,-1941.300000,-142.100000,-368.100000,-2025.000000,-148.600000,-798.000000,-2024.900000,-147.100000,-799.100000,-2024.900000,-147.100000,-799.100000,437.972259,438.020490,446.008004,446.036030,1.104536,1.862794,1.104536,1.862794,true,0,1,true,false,0.000000,0.000000,0.000000,0.000000,,4.963000,5.149000,teleport_map,17,18,,,400-500,351-500,direct_hit
SITE2_P07,P07,SITE2,map,C,3,9,5,P07_race_map_C_9.csv,21,22,23,23,24,14:47:19.127,14:47:21.749,14:47:21.749,14:47:21.749,14:47:25.841,-1943.000000,-141.900000,-960.000000,-1819.400000,-140.800000,-1190.000000,-1819.700000,-139.300000,-1191.000000,-1819.700000,-139.300000,-1191.000000,261.107181,261.109498,267.438311,267.449079,1.044031,1.827567,1.044031,1.827567,true,0,1,true,false,0.000000,0.000000,0.000000,0.000000,,2.622000,4.092000,teleport_map,22,23,,,200-300,200-350,direct_hit
SITE2_P07,P07,SITE2,map,C,3,9,6,P07_race_map_C_9.csv,25,26,27,27,28,14:47:27.032,14:47:29.316,14:47:29.316,14:47:29.316,14:47:34.970,-1819.800000,-139.400000,-1191.000000,-1375.200000,-127.000000,-1014.300000,-1372.900000,-125.400000,-1011.100000,-1372.900000,-125.400000,-1011.100000,478.426640,478.587307,430.699025,430.926502,3.940812,4.253234,3.940812,4.253234,true,0,1,true,false,0.000000,0.000000,0.000000,0.000000,,2.284000,5.654000,teleport_map,26,27,,,400-500,351-500,direct_hit
SITE2_P07,P07,SITE2,tsunami,A,1,1,1,P07_race_tsunami_A_1.csv,5,6,7,10,11,14:18:50.243,14:18:54.126,14:18:54.126,14:19:02.528,14:19:09.332,1364.600000,-136.800000,-2182.400000,1036.100000,-125.400000,-1926.600000,1025.500000,-124.000000,-1920.200000,1034.500000,-123.900000,-1927.200000,416.348280,416.504322,428.646299,428.837370,12.382245,12.461140,1.708801,2.273763,false,1,2,true,false,11.244554,11.246333,11.244554,11.246333,1.259000,12.285000,6.804000,teleport_tsunami|teleport_tsunami,6|9,7|10,11.244554,11.246333,400-500,351-500,short_corrections_only
SITE2_P07,P07,SITE2,tsunami,A,1,1,2,P07_race_tsunami_A_1.csv,12,13,14,17,18,14:19:12.944,14:19:14.801,14:19:14.802,14:19:19.290,14:19:27.392,1034.600000,-123.900000,-1927.300000,660.800000,-122.800000,-2101.300000,635.000000,-121.400000,-2116.700000,662.800000,-121.300000,-2101.800000,412.313521,412.314989,442.213206,442.220273,30.046630,30.079229,2.061553,2.549510,false,1,2,true,false,31.354266,31.354426,31.354266,31.354426,3.302000,6.346000,8.102000,teleport_tsunami|teleport_tsunami,13|16,14|17,31.354266,31.354426,400-500,351-500,short_corrections_only
SITE2_P07,P07,SITE2,tsunami,A,1,1,3,P07_race_tsunami_A_1.csv,19,20,21,24,25,14:19:30.357,14:19:33.104,14:19:33.104,14:19:37.344,14:19:40.670,662.900000,-121.300000,-2102.000000,193.000000,-120.500000,-2075.600000,106.300000,-117.200000,-2069.000000,198.200000,-119.200000,-2075.400000,470.641020,470.641700,557.577403,557.592477,86.950848,87.013447,5.203845,5.363767,false,1,2,true,false,91.937207,91.958958,91.937207,91.958958,3.025000,6.987000,3.326000,teleport_tsunami|teleport_tsunami,20|23,21|24,91.937207,91.958958,400-500,351-500,short_corrections_only
SITE2_P07,P07,SITE2,tsunami,A,1,1,4,P07_race_tsunami_A_1.csv,26,27,28,37,38,14:19:42.792,14:19:44.846,14:19:44.846,14:19:57.723,14:20:03.694,198.300000,-119.200000,-2075.200000,207.800000,-130.500000,-1742.200000,212.500000,-133.600000,-1690.000000,211.000000,-129.000000,-1741.500000,333.135483,333.327077,385.461645,385.730528,52.411163,52.502762,3.275668,3.602777,false,3,4,false,true,227.289810,227.508026,121.103262,121.294023,2.946000,14.931000,5.971000,teleport_tsunami|teleport_tsunami|teleport_tsunami|teleport_tsunami,27|30|33|36,28|31|34|37,121.103262|96.326528|9.860020,121.294023|96.353983|9.860020,300-400,200-350,contains_correction_at_least_100m
SITE2_P07,P07,SITE2,tsunami,A,1,1,5,P07_race_tsunami_A_1.csv,39,40,41,44,45,14:20:05.165,14:20:07.718,14:20:07.719,14:20:11.161,14:20:15.604,211.100000,-129.000000,-1741.700000,-221.000000,-110.700000,-1770.000000,-242.400000,-108.500000,-1772.800000,-221.000000,-109.300000,-1770.800000,433.025750,433.412263,454.565133,455.027153,21.582400,21.694239,0.800000,1.612452,false,1,2,true,false,21.176638,21.191744,21.176638,21.191744,2.608000,5.996000,4.443000,teleport_tsunami|teleport_tsunami,40|43,41|44,21.176638,21.191744,400-500,351-500,short_corrections_only
SITE2_P07,P07,SITE2,tsunami,A,1,1,6,P07_race_tsunami_A_1.csv,46,47,48,54,55,14:20:17.653,14:20:19.913,14:20:19.913,14:20:26.939,14:20:34.878,-220.900000,-109.200000,-1770.700000,-640.700000,-108.700000,-1512.100000,-657.600000,-107.400000,-1503.500000,-637.900000,-107.200000,-1514.800000,493.057806,493.058059,511.959696,511.962860,18.962331,19.006841,3.889730,4.168933,false,2,3,true,false,35.124147,35.124839,28.900000,28.900692,2.454000,9.286000,7.939000,teleport_tsunami|teleport_tsunami|teleport_tsunami,47|50|53,48|51|54,28.900000|6.224147,28.900692|6.224147,400-500,351-500,short_corrections_only
SITE2_P07,P07,SITE2,tsunami,B,1,2,1,P07_race_tsunami_B_2.csv,3,4,5,11,12,14:21:01.665,14:21:05.055,14:21:05.055,14:21:09.855,14:21:13.175,-1587.500000,-148.200000,1834.300000,-1824.000000,-155.900000,2254.000000,-1813.700000,-154.500000,2237.700000,-1824.200000,-154.400000,2254.700000,481.747174,481.808707,462.491081,462.533988,19.281597,19.332356,0.728011,1.667333,false,2,3,true,false,38.626551,38.627097,29.467949,29.467949,0.826000,8.190000,3.320000,teleport_tsunami|teleport_tsunami|teleport_tsunami,4|7|10,5|8|11,29.467949|9.158603,29.467949|9.159148,400-500,351-500,short_corrections_only
SITE2_P07,P07,SITE2,tsunami,B,1,2,2,P07_race_tsunami_B_2.csv,13,14,15,18,19,14:21:14.868,14:21:17.380,14:21:17.381,14:21:19.396,14:21:20.741,-1824.200000,-154.400000,2254.600000,-2183.500000,-156.800000,1969.600000,-2153.700000,-155.100000,1992.900000,-2187.900000,-155.200000,1965.600000,458.608210,458.614490,420.781582,420.782165,37.827635,37.865816,5.946427,6.157922,false,1,2,true,false,43.759913,43.760027,43.759913,43.760027,0.655000,4.528000,1.345000,teleport_tsunami|teleport_tsunami,14|17,15|18,43.759913,43.760027,400-500,351-500,short_corrections_only
SITE2_P07,P07,SITE2,tsunami,B,1,2,3,P07_race_tsunami_B_2.csv,22,23,24,27,28,14:21:27.240,14:21:30.250,14:21:30.250,14:21:31.991,14:21:37.576,-2187.800000,-155.200000,1965.600000,-2489.500000,-157.100000,2081.700000,-2482.100000,-155.700000,2070.100000,-2488.500000,-155.600000,2080.000000,323.267846,323.273429,312.302321,312.302722,13.759360,13.830401,1.972308,2.477902,false,1,2,true,false,11.458621,11.459058,11.458621,11.459058,0.790000,4.751000,5.585000,teleport_tsunami|teleport_tsunami,23|26,24|27,11.458621,11.459058,300-400,200-350,short_corrections_only
SITE2_P07,P07,SITE2,tsunami,B,1,2,4,P07_race_tsunami_B_2.csv,29,30,31,34,35,14:21:38.444,14:21:40.500,14:21:40.500,14:21:42.114,14:21:44.021,-2488.500000,-155.600000,2080.000000,-2630.000000,-156.100000,2448.000000,-2619.200000,-154.600000,2434.700000,-2629.700000,-154.700000,2448.000000,394.266724,394.267041,378.013994,378.015317,17.132717,17.198256,0.300000,1.431782,false,1,2,true,false,16.851409,16.851706,16.851409,16.851706,0.720000,3.670000,1.907000,teleport_tsunami|teleport_tsunami,30|33,31|34,16.851409,16.851706,300-400,351-500,short_corrections_only
SITE2_P07,P07,SITE2,tsunami,B,1,2,5,P07_race_tsunami_B_2.csv,36,37,38,41,42,14:21:45.786,14:21:47.381,14:21:47.381,14:21:49.657,14:21:50.976,-2629.600000,-154.700000,2447.700000,-2978.700000,-155.900000,2306.500000,-2918.900000,-153.600000,2307.700000,-2976.500000,-154.300000,2304.800000,376.574362,376.576274,321.394602,321.396484,59.812039,59.856244,2.780288,3.207803,false,1,2,true,false,57.672957,57.677205,57.672957,57.677205,0.749000,3.871000,1.319000,teleport_tsunami|teleport_tsunami,37|40,38|41,57.672957,57.677205,300-400,351-500,short_corrections_only
SITE2_P07,P07,SITE2,tsunami,B,1,2,6,P07_race_tsunami_B_2.csv,43,44,45,48,49,14:21:52.562,14:21:55.065,14:21:55.065,14:21:56.840,14:21:58.532,-2976.600000,-154.300000,2304.800000,-2999.000000,-156.000000,1931.000000,-2998.400000,-154.400000,1949.400000,-2998.800000,-154.400000,1927.800000,374.470560,374.474418,356.067971,356.067985,18.409780,18.479177,3.206244,3.583295,false,1,2,true,false,21.705760,21.705990,21.705760,21.705990,0.610000,4.278000,1.692000,teleport_tsunami|teleport_tsunami,44|47,45|48,21.705760,21.705990,300-400,351-500,short_corrections_only
SITE2_P07,P07,SITE2,tsunami,C,1,3,1,P07_race_tsunami_C_3.csv,3,4,5,8,9,14:22:22.222,14:22:24.209,14:22:24.209,14:22:26.776,14:22:28.798,-2003.200000,-141.900000,179.600000,-2299.700000,-147.700000,56.800000,-2308.200000,-146.200000,57.300000,-2301.800000,-146.100000,56.100000,320.923807,320.976214,328.606588,328.634721,8.514693,8.645808,2.213594,2.731300,false,1,2,true,false,6.530697,6.530697,6.530697,6.530697,1.985000,4.554000,2.022000,teleport_tsunami|teleport_tsunami,4|7,5|8,6.530697,6.530697,300-400,200-350,short_corrections_only
SITE2_P07,P07,SITE2,tsunami,C,1,3,2,P07_race_tsunami_C_3.csv,10,11,12,15,16,14:22:29.833,14:22:32.620,14:22:32.621,14:22:34.018,14:22:35.468,-2301.600000,-146.100000,56.000000,-2303.900000,-147.000000,-387.200000,-2303.600000,-145.400000,-371.000000,-2303.100000,-145.600000,-393.300000,443.205968,443.206882,427.004684,427.005258,16.202778,16.281585,6.152235,6.309517,false,1,2,true,false,22.305605,22.306501,22.305605,22.306501,0.637000,4.185000,1.450000,teleport_tsunami|teleport_tsunami,11|14,12|15,22.305605,22.306501,400-500,351-500,short_corrections_only
SITE2_P07,P07,SITE2,tsunami,C,1,3,3,P07_race_tsunami_C_3.csv,17,18,19,19,20,14:22:36.954,14:22:38.754,14:22:38.754,14:22:38.754,14:22:40.748,-2303.300000,-145.600000,-393.300000,-1943.900000,-143.600000,-367.100000,-1948.700000,-142.400000,-367.800000,-1948.700000,-142.400000,-367.800000,360.353715,360.359265,355.522883,355.538198,4.850773,4.996999,4.850773,4.996999,true,0,1,true,false,0.000000,0.000000,0.000000,0.000000,,1.800000,1.994000,teleport_tsunami,18,19,,,300-400,351-500,direct_hit
SITE2_P07,P07,SITE2,tsunami,C,1,3,4,P07_race_tsunami_C_3.csv,21,22,23,26,27,14:22:42.435,14:22:44.510,14:22:44.511,14:22:48.815,14:22:56.366,-1948.600000,-142.400000,-367.800000,-2025.000000,-148.600000,-798.000000,-2030.700000,-145.400000,-845.000000,-2024.200000,-147.100000,-797.600000,436.931345,436.975331,484.210956,484.220249,47.344377,47.452397,0.894427,1.746425,false,1,2,true,false,47.899582,47.929740,47.899582,47.929740,2.699000,6.380000,7.551000,teleport_tsunami|teleport_tsunami,22|25,23|26,47.899582,47.929740,400-500,351-500,short_corrections_only
SITE2_P07,P07,SITE2,tsunami,C,1,3,5,P07_race_tsunami_C_3.csv,28,29,30,33,34,14:22:58.942,14:23:06.876,14:23:06.876,14:23:09.735,14:23:11.478,-2023.900000,-147.100000,-797.400000,-1819.400000,-140.800000,-1190.000000,-1860.200000,-139.600000,-1147.500000,-1815.700000,-139.200000,-1195.000000,442.668058,442.712887,386.481177,386.553942,58.914260,58.926480,6.220129,6.422616,false,1,2,true,false,64.938432,64.939664,64.938432,64.939664,1.045000,10.793000,1.743000,teleport_tsunami|teleport_tsunami,29|32,30|33,64.938432,64.939664,400-500,351-500,short_corrections_only
SITE2_P07,P07,SITE2,tsunami,C,1,3,6,P07_race_tsunami_C_3.csv,35,36,37,40,41,14:23:13.286,14:23:16.156,14:23:16.156,14:23:19.802,14:23:21.521,-1815.400000,-139.100000,-1195.000000,-1375.200000,-127.000000,-1014.300000,-1264.600000,-122.200000,-974.900000,-1368.200000,-125.800000,-1014.500000,475.845069,475.998887,593.148084,593.388793,117.408347,117.506425,7.002857,7.104928,false,1,2,false,true,110.888638,110.947059,110.888638,110.947059,2.382000,6.516000,1.719000,teleport_tsunami|teleport_tsunami,36|39,37|40,110.888638,110.947059,400-500,351-500,contains_correction_at_least_100m
SITE2_P08,P08,SITE2,map,A,3,9,1,P08_race_map_A_9.csv,3,4,5,11,12,14:50:35.944,14:50:39.728,14:50:39.729,14:50:48.050,14:50:52.274,1364.400000,-136.900000,-2182.200000,1036.100000,-125.400000,-1926.600000,1027.400000,-123.800000,-1928.000000,1034.600000,-124.000000,-1926.800000,416.067603,416.226501,422.121594,422.324816,8.811924,8.956004,1.513275,2.061553,false,2,3,false,true,481.441067,482.438389,243.413065,243.899733,1.165000,12.106000,4.224000,teleport_map|teleport_map|teleport_map,4|7|10,5|8|11,238.028003|243.413065,238.538655|243.899733,400-500,351-500,contains_correction_at_least_100m
SITE2_P08,P08,SITE2,map,A,3,9,2,P08_race_map_A_9.csv,13,14,15,15,16,14:50:52.674,14:50:59.650,14:50:59.650,14:50:59.650,14:51:03.637,1034.600000,-124.000000,-1926.800000,660.800000,-122.800000,-2101.300000,664.300000,-121.300000,-2100.200000,664.300000,-121.300000,-2100.200000,412.524775,412.526520,435.412276,435.420039,3.668787,3.963584,3.668787,3.963584,true,0,1,true,false,0.000000,0.000000,0.000000,0.000000,,6.976000,3.987000,teleport_map,14,15,,,400-500,351-500,direct_hit
SITE2_P08,P08,SITE2,map,A,3,9,3,P08_race_map_A_9.csv,18,19,20,20,21,14:51:08.469,14:51:10.958,14:51:10.958,14:51:10.958,14:51:15.729,686.300000,-121.200000,-2101.300000,193.000000,-120.500000,-2075.600000,193.900000,-118.900000,-2077.100000,193.900000,-118.900000,-2077.100000,493.969007,493.969503,491.299145,491.304529,1.749286,2.370654,1.749286,2.370654,true,0,1,true,false,0.000000,0.000000,0.000000,0.000000,,2.489000,4.771000,teleport_map,19,20,,,400-500,351-500,direct_hit
SITE2_P08,P08,SITE2,map,A,3,9,4,P08_race_map_A_9.csv,31,32,33,36,37,14:51:29.279,14:51:32.968,14:51:32.968,14:51:37.550,14:51:41.593,206.900000,-129.300000,-1725.900000,-221.000000,-110.700000,-1770.000000,-214.600000,-110.200000,-1727.700000,-221.600000,-109.100000,-1773.600000,430.166503,430.568438,421.503843,421.936370,42.781421,42.784343,3.649658,3.984972,false,1,2,true,false,50.311529,50.325838,50.311529,50.325838,0.732000,8.271000,4.043000,teleport_map|teleport_map,32|35,33|36,50.311529,50.325838,400-500,351-500,short_corrections_only
SITE2_P08,P08,SITE2,map,A,3,9,5,P08_race_map_A_9.csv,38,39,40,40,41,14:51:42.439,14:51:48.131,14:51:48.132,14:51:48.132,14:51:51.494,-221.600000,-109.200000,-1773.600000,-640.700000,-108.700000,-1512.100000,-642.500000,-107.200000,-1512.200000,-642.500000,-107.200000,-1512.200000,493.990951,493.991204,502.068611,502.072594,1.802776,2.345208,1.802776,2.345208,true,0,1,true,false,0.000000,0.000000,0.000000,0.000000,,5.693000,3.362000,teleport_map,39,40,,,400-500,351-500,direct_hit
SITE2_P08,P08,SITE2,map,B,3,10,1,P08_race_map_B_10.csv,3,4,5,5,6,14:52:05.499,14:52:09.611,14:52:09.611,14:52:09.611,14:52:15.230,-1587.600000,-148.200000,1834.200000,-1824.000000,-155.900000,2254.000000,-1824.300000,-154.500000,2256.200000,-1824.300000,-154.500000,2256.200000,481.785222,481.846749,491.368395,491.410073,2.220360,2.624881,2.220360,2.624881,true,0,1,true,false,0.000000,0.000000,0.000000,0.000000,,4.112000,5.619000,teleport_map,4,5,,,400-500,351-500,direct_hit
SITE2_P08,P08,SITE2,map,B,3,10,2,P08_race_map_B_10.csv,7,8,9,9,10,14:52:18.198,14:52:24.316,14:52:24.316,14:52:24.316,14:52:26.440,-1824.400000,-154.500000,2256.400000,-2183.500000,-156.800000,1969.600000,-2179.400000,-155.200000,1964.800000,-2179.400000,-155.200000,1964.800000,459.572682,459.578437,459.407836,459.408533,6.312686,6.512296,6.312686,6.512296,true,0,1,true,false,0.000000,0.000000,0.000000,0.000000,,6.118000,2.124000,teleport_map,8,9,,,400-500,351-500,direct_hit
SITE2_P08,P08,SITE2,map,B,3,10,3,P08_race_map_B_10.csv,11,12,13,13,14,14:52:26.839,14:52:29.860,14:52:29.860,14:52:29.860,14:52:34.023,-2179.400000,-155.300000,1964.800000,-2489.500000,-157.100000,2081.700000,-2490.400000,-155.700000,2079.300000,-2490.400000,-155.700000,2079.300000,331.402505,331.407393,327.736312,327.736556,2.563201,2.920616,2.563201,2.920616,true,0,1,true,false,0.000000,0.000000,0.000000,0.000000,,3.021000,4.163000,teleport_map,12,13,,,300-400,200-350,direct_hit
SITE2_P08,P08,SITE2,map,B,3,10,4,P08_race_map_B_10.csv,15,16,17,17,18,14:52:34.743,14:52:39.132,14:52:39.132,14:52:39.132,14:52:45.017,-2490.400000,-155.700000,2079.300000,-2630.000000,-156.100000,2448.000000,-2631.300000,-154.700000,2449.300000,-2631.300000,-154.700000,2449.300000,394.243389,394.243592,386.423977,386.425271,1.838478,2.310844,1.838478,2.310844,true,0,1,true,false,0.000000,0.000000,0.000000,0.000000,,4.389000,5.885000,teleport_map,16,17,,,300-400,351-500,direct_hit
SITE2_P08,P08,SITE2,map,B,3,10,5,P08_race_map_B_10.csv,19,20,21,21,22,14:52:46.509,14:52:50.769,14:52:50.770,14:52:50.770,14:52:53.338,-2631.500000,-154.700000,2449.200000,-2978.700000,-155.900000,2306.500000,-2975.400000,-154.400000,2310.000000,-2975.400000,-154.400000,2310.000000,375.381313,375.383231,371.003841,371.003962,4.810405,5.038849,4.810405,5.038849,true,0,1,true,false,0.000000,0.000000,0.000000,0.000000,,4.261000,2.568000,teleport_map,20,21,,,300-400,351-500,direct_hit
SITE2_P08,P08,SITE2,map,B,3,10,6,P08_race_map_B_10.csv,23,24,25,25,26,14:52:54.512,14:52:59.858,14:52:59.858,14:52:59.858,14:53:02.735,-2975.300000,-154.400000,2310.000000,-2999.000000,-156.000000,1931.000000,-3003.400000,-154.300000,1928.400000,-3003.400000,-154.300000,1928.400000,379.740293,379.743664,382.633206,382.633206,5.110773,5.386093,5.110773,5.386093,true,0,1,true,false,0.000000,0.000000,0.000000,0.000000,,5.346000,2.877000,teleport_map,24,25,,,300-400,351-500,direct_hit
SITE2_P08,P08,SITE2,map,C,3,11,1,P08_race_map_C_11.csv,3,4,5,5,6,14:53:15.001,14:53:19.129,14:53:19.129,14:53:19.129,14:53:20.784,-2003.300000,-141.900000,179.500000,-2299.700000,-147.700000,56.800000,-2296.400000,-146.400000,59.700000,-2296.400000,-146.400000,59.700000,320.793158,320.845586,316.638043,316.670018,4.393177,4.581484,4.393177,4.581484,true,0,1,true,false,0.000000,0.000000,0.000000,0.000000,,4.128000,1.655000,teleport_map,4,5,,,300-400,200-350,direct_hit
SITE2_P08,P08,SITE2,map,C,3,11,2,P08_race_map_C_11.csv,7,8,9,9,10,14:53:21.472,14:53:24.729,14:53:24.729,14:53:24.729,14:53:26.339,-2296.400000,-146.400000,59.700000,-2303.900000,-147.000000,-387.200000,-2301.800000,-145.600000,-391.500000,-2301.800000,-145.600000,-391.500000,446.962929,446.963332,451.232313,451.232856,4.785394,4.985980,4.785394,4.985980,true,0,1,true,false,0.000000,0.000000,0.000000,0.000000,,3.257000,1.610000,teleport_map,8,9,,,400-500,351-500,direct_hit
SITE2_P08,P08,SITE2,map,C,3,11,3,P08_race_map_C_11.csv,11,12,13,13,14,14:53:26.709,14:53:31.206,14:53:31.207,14:53:31.207,14:53:36.459,-2301.800000,-145.600000,-391.400000,-1943.900000,-143.600000,-367.100000,-1947.800000,-142.300000,-367.600000,-1947.800000,-142.300000,-367.600000,358.723989,358.729564,352.844796,352.858414,3.931921,4.141256,3.931921,4.141256,true,0,1,true,false,0.000000,0.000000,0.000000,0.000000,,4.498000,5.252000,teleport_map,12,13,,,300-400,351-500,direct_hit
SITE2_P08,P08,SITE2,map,C,3,11,4,P08_race_map_C_11.csv,15,16,17,17,18,14:53:36.902,14:53:40.659,14:53:40.659,14:53:40.659,14:53:43.676,-1947.900000,-142.400000,-367.700000,-2025.000000,-148.600000,-798.000000,-2027.600000,-147.200000,-797.500000,-2027.600000,-147.200000,-797.500000,437.152719,437.196683,444.559928,444.584773,2.647640,2.994996,2.647640,2.994996,true,0,1,true,false,0.000000,0.000000,0.000000,0.000000,,3.757000,3.017000,teleport_map,16,17,,,400-500,351-500,direct_hit
SITE2_P08,P08,SITE2,map,C,3,11,5,P08_race_map_C_11.csv,19,20,21,21,22,14:53:44.476,14:53:48.236,14:53:48.236,14:53:48.236,14:53:49.887,-2027.600000,-147.200000,-797.500000,-1819.400000,-140.800000,-1190.000000,-1817.000000,-139.100000,-1189.900000,-1817.000000,-139.100000,-1189.900000,444.301125,444.347218,445.342700,445.414548,2.402082,2.942788,2.402082,2.942788,true,0,1,true,false,0.000000,0.000000,0.000000,0.000000,,3.760000,1.651000,teleport_map,20,21,,,400-500,351-500,direct_hit
SITE2_P08,P08,SITE2,map,C,3,11,6,P08_race_map_C_11.csv,23,24,25,25,26,14:53:50.592,14:53:55.622,14:53:55.622,14:53:55.622,14:53:57.808,-1817.000000,-139.100000,-1189.900000,-1375.200000,-127.000000,-1014.300000,-1377.700000,-125.600000,-1016.800000,-1377.700000,-125.600000,-1016.800000,475.418342,475.572297,472.173803,472.366754,3.535534,3.802631,3.535534,3.802631,true,0,1,true,false,0.000000,0.000000,0.000000,0.000000,,5.030000,2.186000,teleport_map,24,25,,,400-500,351-500,direct_hit
SITE2_P08,P08,SITE2,tsunami,A,1,3,1,P08_race_tsunami_A_3.csv,3,4,5,8,9,14:25:22.633,14:25:28.172,14:25:28.172,14:25:30.475,14:25:38.537,1364.500000,-136.900000,-2182.300000,1036.100000,-125.400000,-1926.600000,1027.900000,-123.900000,-1924.000000,1032.700000,-123.900000,-1926.100000,416.207941,416.366785,424.285812,424.484923,8.602325,8.732125,3.436568,3.749667,false,1,2,true,false,4.924429,4.924429,4.924429,4.924429,1.372000,7.842000,8.062000,teleport_tsunami|teleport_tsunami,4|7,5|8,4.924429,4.924429,400-500,351-500,short_corrections_only
SITE2_P08,P08,SITE2,tsunami,A,1,3,2,P08_race_tsunami_A_3.csv,10,11,12,15,16,14:25:44.769,14:25:51.544,14:25:51.544,14:25:54.340,14:25:56.259,1032.400000,-123.900000,-1926.200000,660.800000,-122.800000,-2101.300000,633.000000,-121.500000,-2117.400000,657.100000,-121.300000,-2105.300000,410.787743,410.789216,442.806730,442.813234,32.125535,32.151827,5.448853,5.651548,false,1,2,true,false,26.609209,26.609961,26.609209,26.609961,1.660000,9.571000,1.919000,teleport_tsunami|teleport_tsunami,11|14,12|15,26.609209,26.609961,400-500,351-500,short_corrections_only
SITE2_P08,P08,SITE2,tsunami,A,1,3,3,P08_race_tsunami_A_3.csv,17,18,19,22,23,14:25:58.461,14:26:00.595,14:26:00.595,14:26:03.159,14:26:04.097,657.000000,-121.300000,-2105.300000,193.000000,-120.500000,-2075.600000,178.000000,-118.500000,-2075.400000,189.300000,-119.000000,-2075.200000,464.949556,464.950245,479.932297,479.940465,15.001333,15.134068,3.721559,4.012481,false,1,2,true,false,10.901835,10.909170,10.901835,10.909170,1.801000,4.698000,0.938000,teleport_tsunami|teleport_tsunami,18|21,19|22,10.901835,10.909170,400-500,351-500,short_corrections_only
SITE2_P08,P08,SITE2,tsunami,A,1,3,4,P08_race_tsunami_A_3.csv,24,25,26,29,30,14:26:05.381,14:26:07.372,14:26:07.372,14:26:10.046,14:26:14.015,189.200000,-119.000000,-2075.200000,207.800000,-130.500000,-1742.200000,205.100000,-129.300000,-1724.100000,206.800000,-129.100000,-1743.600000,333.519055,333.717261,351.459841,351.610736,18.300273,18.339575,1.720465,2.218107,false,1,2,true,false,19.275113,19.276151,19.275113,19.276151,1.687000,4.665000,3.969000,teleport_tsunami|teleport_tsunami,25|28,26|29,19.275113,19.276151,300-400,200-350,short_corrections_only
SITE2_P08,P08,SITE2,tsunami,A,1,3,5,P08_race_tsunami_A_3.csv,31,32,33,36,37,14:26:15.887,14:26:18.108,14:26:18.108,14:26:21.007,14:26:22.222,206.700000,-129.000000,-1743.400000,-221.000000,-110.700000,-1770.000000,-263.400000,-107.900000,-1773.500000,-220.400000,-109.300000,-1769.900000,428.526370,428.916938,471.062650,471.534972,42.544212,42.636252,0.608276,1.526434,false,1,2,true,false,43.050784,43.073542,43.050784,43.073542,1.477000,5.120000,1.215000,teleport_tsunami|teleport_tsunami,32|35,33|36,43.050784,43.073542,400-500,351-500,short_corrections_only
SITE2_P08,P08,SITE2,tsunami,A,1,3,6,P08_race_tsunami_A_3.csv,39,40,41,44,45,14:26:30.022,14:26:32.260,14:26:32.261,14:26:33.521,14:26:37.322,-220.600000,-109.300000,-1769.800000,-640.700000,-108.700000,-1512.100000,-636.700000,-107.100000,-1519.800000,-640.100000,-107.200000,-1515.900000,492.842064,492.842429,485.426833,485.431818,8.676981,8.823265,3.847077,4.129165,false,1,2,true,false,5.307542,5.307542,5.307542,5.307542,0.670000,3.499000,3.801000,teleport_tsunami|teleport_tsunami,40|43,41|44,5.307542,5.307542,400-500,351-500,short_corrections_only
SITE2_P08,P08,SITE2,tsunami,B,1,1,1,P08_race_tsunami_B_1.csv,3,4,5,8,9,14:21:47.459,14:21:49.420,14:21:49.420,14:21:50.928,14:21:59.877,-1587.600000,-148.100000,1834.200000,-1824.000000,-155.900000,2254.000000,-1818.800000,-154.400000,2240.000000,-1825.100000,-154.400000,2253.300000,481.785222,481.848358,467.040769,467.083258,14.934524,15.009664,1.303840,1.987461,false,1,2,true,false,14.716657,14.716657,14.716657,14.716657,0.625000,3.469000,8.949000,teleport_tsunami|teleport_tsunami,4|7,5|8,14.716657,14.716657,400-500,351-500,short_corrections_only
SITE2_P08,P08,SITE2,tsunami,B,1,1,2,P08_race_tsunami_B_1.csv,10,11,12,12,13,14:22:01.734,14:22:03.102,14:22:03.103,14:22:03.103,14:22:08.800,-1825.100000,-154.400000,2253.300000,-2183.500000,-156.800000,1969.600000,-2187.300000,-155.300000,1967.600000,-2187.300000,-155.300000,1967.600000,457.095450,457.101750,461.395470,461.396348,4.294182,4.548626,4.294182,4.548626,true,0,1,true,false,0.000000,0.000000,0.000000,0.000000,,1.369000,5.697000,teleport_tsunami,11,12,,,400-500,351-500,direct_hit
SITE2_P08,P08,SITE2,tsunami,B,1,1,3,P08_race_tsunami_B_1.csv,14,15,16,19,20,14:22:11.098,14:22:13.771,14:22:13.771,14:22:15.259,14:22:17.449,-2187.400000,-155.300000,1967.700000,-2489.500000,-157.100000,2081.700000,-2477.700000,-155.500000,2079.700000,-2490.400000,-155.600000,2080.800000,322.893806,322.898823,311.156054,311.156118,11.968291,12.074767,1.272792,1.967232,false,1,2,true,false,12.747549,12.747941,12.747549,12.747941,0.698000,4.161000,2.190000,teleport_tsunami|teleport_tsunami,15|18,16|19,12.747549,12.747941,300-400,200-350,short_corrections_only
SITE2_P08,P08,SITE2,tsunami,B,1,1,4,P08_race_tsunami_B_1.csv,21,22,23,26,27,14:22:18.971,14:22:20.728,14:22:20.728,14:22:22.250,14:22:25.268,-2490.400000,-155.600000,2080.800000,-2630.000000,-156.100000,2448.000000,-2629.300000,-154.600000,2438.600000,-2632.000000,-154.700000,2444.700000,392.840935,392.841253,383.815125,383.816427,9.426028,9.544632,3.858756,4.104875,false,1,2,true,false,6.762396,6.763135,6.762396,6.763135,0.650000,3.279000,3.018000,teleport_tsunami|teleport_tsunami,22|25,23|26,6.762396,6.763135,300-400,351-500,short_corrections_only
SITE2_P08,P08,SITE2,tsunami,B,1,1,5,P08_race_tsunami_B_1.csv,28,29,30,39,40,14:22:26.691,14:22:28.084,14:22:28.085,14:22:35.099,14:22:37.708,-2632.000000,-154.600000,2444.600000,-2978.700000,-155.900000,2306.500000,-2979.000000,-154.300000,2297.800000,-2981.700000,-154.400000,2303.100000,373.192310,373.194574,376.774787,376.774906,8.705171,8.850989,4.534314,4.775982,false,3,4,false,true,206.665828,206.667973,100.601789,100.602237,0.565000,8.408000,2.609000,teleport_tsunami|teleport_tsunami|teleport_tsunami|teleport_tsunami,29|32|35|38,30|33|36|39,87.797950|18.266089|100.601789,87.799374|18.266363|100.602237,300-400,351-500,contains_correction_at_least_100m
SITE2_P08,P08,SITE2,tsunami,B,1,1,6,P08_race_tsunami_B_1.csv,41,42,43,46,47,14:22:39.334,14:22:41.584,14:22:41.584,14:22:43.036,14:22:44.739,-2981.800000,-154.400000,2303.000000,-2999.000000,-156.000000,1931.000000,-2999.800000,-154.400000,1942.200000,-2999.800000,-154.500000,1933.000000,372.397422,372.400859,361.248723,361.248723,11.228535,11.341958,2.154066,2.624881,false,1,2,true,false,9.200000,9.200000,9.200000,9.200000,0.655000,3.702000,1.703000,teleport_tsunami|teleport_tsunami,42|45,43|46,9.200000,9.200000,300-400,351-500,short_corrections_only
SITE2_P08,P08,SITE2,tsunami,C,1,2,2,P08_race_tsunami_C_2.csv,14,15,16,16,17,14:23:33.614,14:23:35.578,14:23:35.578,14:23:35.578,14:23:37.719,-2300.200000,-146.200000,56.600000,-2303.900000,-147.000000,-387.200000,-2308.300000,-145.600000,-391.600000,-2308.300000,-145.600000,-391.600000,443.815423,443.816144,448.273187,448.273588,6.222540,6.378087,6.222540,6.378087,true,0,1,true,false,0.000000,0.000000,0.000000,0.000000,,1.964000,2.141000,teleport_tsunami,15,16,,,400-500,351-500,direct_hit
SITE2_P08,P08,SITE2,tsunami,C,1,2,3,P08_race_tsunami_C_2.csv,18,19,20,23,24,14:23:39.319,14:23:41.919,14:23:41.919,14:23:43.359,14:23:46.160,-2308.200000,-145.600000,-391.500000,-1943.900000,-143.600000,-367.100000,-1955.200000,-142.500000,-366.000000,-1943.900000,-142.100000,-368.800000,365.116214,365.121692,353.919836,353.933412,11.353414,11.406577,1.700000,2.267157,false,1,2,true,false,11.666190,11.676900,11.666190,11.676900,0.571000,4.040000,2.801000,teleport_tsunami|teleport_tsunami,19|22,20|23,11.666190,11.676900,300-400,351-500,short_corrections_only
SITE2_P08,P08,SITE2,tsunami,C,1,2,4,P08_race_tsunami_C_2.csv,25,26,27,30,31,14:23:47.578,14:23:49.503,14:23:49.503,14:23:50.724,14:23:52.695,-1944.100000,-142.100000,-368.900000,-2025.000000,-148.600000,-798.000000,-2021.400000,-147.200000,-789.300000,-2024.100000,-147.100000,-796.700000,436.659616,436.707992,427.447599,427.478023,9.415413,9.518929,1.581139,2.179449,false,1,2,true,false,7.877182,7.879721,7.877182,7.879721,0.564000,3.146000,1.971000,teleport_tsunami|teleport_tsunami,26|29,27|30,7.877182,7.879721,400-500,351-500,short_corrections_only
SITE2_P08,P08,SITE2,tsunami,C,1,2,5,P08_race_tsunami_C_2.csv,32,33,34,40,41,14:23:53.551,14:23:56.648,14:23:56.648,14:24:01.816,14:24:02.850,-2024.000000,-147.100000,-796.700000,-1819.400000,-140.800000,-1190.000000,-1872.200000,-140.300000,-1123.000000,-1820.800000,-139.400000,-1193.900000,443.335144,443.379905,359.881828,359.946065,85.304396,85.305861,4.143670,4.373786,false,2,3,true,false,104.364625,104.377471,95.944411,95.951915,0.819000,8.265000,1.034000,teleport_tsunami|teleport_tsunami|teleport_tsunami,33|36|39,34|37|40,95.944411|8.420214,95.951915|8.425556,400-500,351-500,short_corrections_only
SITE2_P08,P08,SITE2,tsunami,C,1,2,6,P08_race_tsunami_C_2.csv,42,43,44,65,66,14:24:04.895,14:24:08.119,14:24:08.120,14:24:20.613,14:24:21.636,-1820.600000,-139.400000,-1194.000000,-1375.200000,-127.000000,-1014.300000,-1713.200000,-137.000000,-1186.600000,-1372.500000,-125.600000,-1016.000000,480.284551,480.444596,107.654633,107.681382,379.382775,379.514545,3.190611,3.484250,false,7,8,false,true,434.114245,434.301353,234.332349,234.455561,0.704000,15.718000,1.023000,teleport_tsunami|teleport_tsunami|teleport_tsunami|teleport_tsunami|teleport_tsunami|teleport_tsunami|teleport_tsunami|teleport_tsunami,43|46|49|52|55|58|61|64,44|47|50|53|56|59|62|65,88.431725|27.029243|4.318565|57.949288|234.332349|1.746425|20.306649,88.461630|27.044223|4.323193|57.954810|234.455561|1.746425|20.315511,400-500,351-500,contains_correction_at_least_100m
SITE2_P09,P09,SITE2,map,A,3,11,1,P09_race_map_A_11.csv,3,4,5,5,6,08:22:46.109,08:22:48.777,08:22:48.778,08:22:48.778,08:22:50.993,1364.500000,-137.000000,-2182.300000,1036.100000,-125.400000,-1926.600000,1040.900000,-123.700000,-1931.400000,1040.900000,-123.700000,-1931.400000,416.207941,416.369559,409.472551,409.685257,6.788225,6.997857,6.788225,6.997857,true,0,1,true,false,0.000000,0.000000,0.000000,0.000000,,2.669000,2.215000,teleport_map,4,5,,,400-500,351-500,direct_hit
SITE2_P09,P09,SITE2,map,A,3,11,2,P09_race_map_A_11.csv,7,8,9,9,10,08:22:51.295,08:22:54.695,08:22:54.695,08:22:54.695,08:22:55.759,1040.900000,-123.800000,-1931.500000,660.800000,-122.800000,-2101.300000,665.500000,-121.100000,-2098.700000,665.500000,-121.100000,-2098.700000,416.302834,416.304036,410.859988,410.868860,5.371220,5.633826,5.371220,5.633826,true,0,1,true,false,0.000000,0.000000,0.000000,0.000000,,3.400000,1.064000,teleport_map,8,9,,,400-500,351-500,direct_hit
SITE2_P09,P09,SITE2,map,A,3,11,3,P09_race_map_A_11.csv,11,12,13,13,14,08:22:56.072,08:22:58.935,08:22:58.935,08:22:58.935,08:22:59.945,665.600000,-121.100000,-2098.700000,193.000000,-120.500000,-2075.600000,197.700000,-118.800000,-2076.200000,197.700000,-118.800000,-2076.200000,473.164210,473.164591,468.340784,468.345951,4.738143,5.033885,4.738143,5.033885,true,0,1,true,false,0.000000,0.000000,0.000000,0.000000,,2.863000,1.010000,teleport_map,12,13,,,400-500,351-500,direct_hit
SITE2_P09,P09,SITE2,map,A,3,11,4,P09_race_map_A_11.csv,15,16,17,17,18,08:23:00.194,08:23:02.852,08:23:02.852,08:23:02.852,08:23:04.123,197.800000,-118.900000,-2076.100000,207.800000,-130.500000,-1742.200000,208.800000,-128.700000,-1745.000000,208.800000,-128.700000,-1745.000000,334.049712,334.251058,331.382619,331.530466,2.973214,3.475629,2.973214,3.475629,true,0,1,true,false,0.000000,0.000000,0.000000,0.000000,,2.658000,1.271000,teleport_map,16,17,,,300-400,200-350,direct_hit
SITE2_P09,P09,SITE2,map,A,3,11,5,P09_race_map_A_11.csv,19,20,21,21,22,08:23:04.448,08:23:07.522,08:23:07.522,08:23:07.522,08:23:08.671,208.800000,-128.800000,-1745.000000,-221.000000,-110.700000,-1770.000000,-218.900000,-109.100000,-1769.300000,-218.900000,-109.100000,-1769.300000,430.526468,430.906776,428.389752,428.842477,2.213594,2.731300,2.213594,2.731300,true,0,1,true,false,0.000000,0.000000,0.000000,0.000000,,3.074000,1.149000,teleport_map,20,21,,,400-500,351-500,direct_hit
SITE2_P09,P09,SITE2,map,A,3,11,6,P09_race_map_A_11.csv,23,24,25,25,26,08:23:08.968,08:23:11.415,08:23:11.415,08:23:11.415,08:23:12.675,-218.900000,-109.100000,-1769.200000,-640.700000,-108.700000,-1512.100000,-639.000000,-107.000000,-1513.300000,-639.000000,-107.000000,-1513.300000,493.979402,493.979564,491.903263,491.907745,2.080865,2.687006,2.080865,2.687006,true,0,1,true,false,0.000000,0.000000,0.000000,0.000000,,2.447000,1.260000,teleport_map,24,25,,,400-500,351-500,direct_hit
SITE2_P09,P09,SITE2,map,B,3,9,1,P09_race_map_B_9.csv,3,4,5,5,6,08:20:16.812,08:20:21.197,08:20:21.197,08:20:21.197,08:20:27.577,-1587.500000,-148.200000,1834.200000,-1824.000000,-155.900000,2254.000000,-1823.300000,-154.200000,2252.600000,-1823.300000,-154.200000,2252.600000,481.834297,481.895819,474.524878,474.561556,1.565248,2.310844,1.565248,2.310844,true,0,1,true,false,0.000000,0.000000,0.000000,0.000000,,4.385000,6.380000,teleport_map,4,5,,,400-500,351-500,direct_hit
SITE2_P09,P09,SITE2,map,B,3,9,2,P09_race_map_B_9.csv,7,8,9,9,10,08:20:30.237,08:20:46.743,08:20:46.743,08:20:46.743,08:20:51.549,-1823.400000,-154.200000,2252.600000,-2183.500000,-156.800000,1969.600000,-2180.900000,-155.000000,1970.600000,-2180.900000,-155.000000,1970.600000,457.996736,458.004116,441.209542,441.210267,2.785678,3.316625,2.785678,3.316625,true,0,1,true,false,0.000000,0.000000,0.000000,0.000000,,16.506000,4.806000,teleport_map,8,9,,,400-500,351-500,direct_hit
SITE2_P09,P09,SITE2,map,B,3,9,3,P09_race_map_B_9.csv,11,12,13,13,14,08:20:53.173,08:20:56.515,08:20:56.515,08:20:56.515,08:20:58.583,-2180.900000,-155.000000,1970.700000,-2489.500000,-157.100000,2081.700000,-2485.600000,-155.300000,2081.200000,-2485.600000,-155.300000,2081.200000,327.955729,327.962452,324.117787,324.118034,3.931921,4.324350,3.931921,4.324350,true,0,1,true,false,0.000000,0.000000,0.000000,0.000000,,3.342000,2.068000,teleport_map,12,13,,,300-400,200-350,direct_hit
SITE2_P09,P09,SITE2,map,B,3,9,4,P09_race_map_B_9.csv,15,16,17,17,18,08:20:59.061,08:21:01.479,08:21:01.479,08:21:01.479,08:21:04.553,-2485.600000,-155.400000,2081.200000,-2630.000000,-156.100000,2448.000000,-2629.600000,-154.400000,2445.300000,-2629.600000,-154.400000,2445.300000,394.199949,394.200571,379.694311,379.695628,2.729469,3.215587,2.729469,3.215587,true,0,1,true,false,0.000000,0.000000,0.000000,0.000000,,2.418000,3.074000,teleport_map,16,17,,,300-400,351-500,direct_hit
SITE2_P09,P09,SITE2,map,B,3,9,5,P09_race_map_B_9.csv,19,20,21,24,25,08:21:05.345,08:21:09.418,08:21:09.419,08:21:13.548,08:21:15.795,-2629.500000,-154.400000,2445.500000,-2978.700000,-155.900000,2306.500000,-2990.000000,-154.300000,2312.100000,-2983.100000,-154.300000,2303.000000,375.847895,375.850888,384.390179,384.390192,12.611503,12.712592,5.622277,5.845511,false,1,2,true,false,11.500000,11.500000,11.500000,11.500000,1.106000,8.203000,2.247000,teleport_map|teleport_map,20|23,21|24,11.500000,11.500000,300-400,351-500,short_corrections_only
SITE2_P09,P09,SITE2,map,B,3,9,6,P09_race_map_B_9.csv,26,27,28,28,29,08:21:16.206,08:21:19.231,08:21:19.231,08:21:19.231,08:21:20.918,-2983.100000,-154.300000,2302.900000,-2999.000000,-156.000000,1931.000000,-2998.800000,-154.200000,1934.700000,-2998.800000,-154.200000,1934.700000,372.239735,372.243616,368.634480,368.634480,3.705401,4.119466,3.705401,4.119466,true,0,1,true,false,0.000000,0.000000,0.000000,0.000000,,3.025000,1.687000,teleport_map,27,28,,,300-400,351-500,direct_hit
SITE2_P09,P09,SITE2,map,C,3,10,1,P09_race_map_C_10.csv,4,5,6,6,7,08:21:47.755,08:21:53.869,08:21:53.869,08:21:53.869,08:21:56.205,-2003.300000,-141.900000,179.600000,-2299.700000,-147.700000,56.800000,-2295.800000,-146.100000,55.400000,-2295.800000,-146.100000,55.400000,320.831420,320.883842,317.776478,317.805569,4.143670,4.441846,4.143670,4.441846,true,0,1,true,false,0.000000,0.000000,0.000000,0.000000,,6.114000,2.336000,teleport_map,5,6,,,300-400,200-350,direct_hit
SITE2_P09,P09,SITE2,map,C,3,10,2,P09_race_map_C_10.csv,8,9,10,10,11,08:21:56.721,08:22:01.178,08:22:01.178,08:22:01.178,08:22:02.993,-2295.800000,-146.300000,55.400000,-2303.900000,-147.000000,-387.200000,-2299.600000,-145.300000,-385.400000,-2299.600000,-145.300000,-385.400000,442.674113,442.674666,440.816379,440.817298,4.661545,4.961854,4.661545,4.961854,true,0,1,true,false,0.000000,0.000000,0.000000,0.000000,,4.457000,1.815000,teleport_map,9,10,,,400-500,351-500,direct_hit
SITE2_P09,P09,SITE2,map,C,3,10,3,P09_race_map_C_10.csv,12,13,14,14,15,08:22:03.326,08:22:08.432,08:22:08.432,08:22:08.432,08:22:10.100,-2299.700000,-145.400000,-385.300000,-1943.900000,-143.600000,-367.100000,-1942.600000,-142.000000,-370.300000,-1942.600000,-142.000000,-370.300000,356.265182,356.269729,357.314987,357.330225,3.453983,3.806573,3.453983,3.806573,true,0,1,true,false,0.000000,0.000000,0.000000,0.000000,,5.106000,1.668000,teleport_map,13,14,,,300-400,351-500,direct_hit
SITE2_P09,P09,SITE2,map,C,3,10,4,P09_race_map_C_10.csv,16,17,18,18,19,08:22:10.382,08:22:14.230,08:22:14.230,08:22:14.230,08:22:15.682,-1942.600000,-142.100000,-370.400000,-2025.000000,-148.600000,-798.000000,-2020.900000,-146.800000,-795.900000,-2020.900000,-146.800000,-795.900000,435.467014,435.515522,432.644357,432.670984,4.606517,4.945705,4.606517,4.945705,true,0,1,true,false,0.000000,0.000000,0.000000,0.000000,,3.848000,1.452000,teleport_map,17,18,,,400-500,351-500,direct_hit
SITE2_P09,P09,SITE2,map,C,3,10,5,P09_race_map_C_10.csv,20,21,22,22,23,08:22:16.810,08:22:21.045,08:22:21.046,08:22:21.046,08:22:22.560,-2021.000000,-147.000000,-795.800000,-1819.400000,-140.800000,-1190.000000,-1818.900000,-139.100000,-1188.100000,-1818.900000,-139.100000,-1188.100000,442.759754,442.803162,441.163054,441.232002,1.964688,2.598076,1.964688,2.598076,true,0,1,true,false,0.000000,0.000000,0.000000,0.000000,,4.236000,1.514000,teleport_map,21,22,,,400-500,351-500,direct_hit
SITE2_P09,P09,SITE2,map,C,3,10,6,P09_race_map_C_10.csv,24,25,26,26,27,08:22:23.353,08:22:28.282,08:22:28.283,08:22:28.283,08:22:30.146,-1819.000000,-139.200000,-1188.000000,-1375.200000,-127.000000,-1014.300000,-1374.500000,-125.300000,-1018.100000,-1374.500000,-125.300000,-1018.100000,476.581714,476.737842,475.863699,476.066665,3.863936,4.221374,3.863936,4.221374,true,0,1,true,false,0.000000,0.000000,0.000000,0.000000,,4.930000,1.863000,teleport_map,25,26,,,400-500,351-500,direct_hit
SITE2_P09,P09,SITE2,tsunami,A,1,2,1,P09_race_tsunami_A_2.csv,3,4,5,8,9,08:03:42.282,08:03:44.929,08:03:44.929,08:03:46.151,08:03:48.075,1364.600000,-136.900000,-2182.100000,1036.100000,-125.400000,-1926.600000,1047.900000,-123.800000,-1932.300000,1036.400000,-123.700000,-1926.300000,416.164030,416.322892,403.359554,403.572224,13.104579,13.201894,0.424264,1.752142,false,1,2,true,false,12.971122,12.971507,12.971122,12.971507,0.603000,3.869000,1.924000,teleport_tsunami|teleport_tsunami,4|7,5|8,12.971122,12.971507,400-500,351-500,short_corrections_only
SITE2_P09,P09,SITE2,tsunami,A,1,2,2,P09_race_tsunami_A_2.csv,11,12,13,16,17,08:03:51.769,08:03:52.792,08:03:52.792,08:03:54.600,08:03:55.888,1036.500000,-123.700000,-1926.300000,660.800000,-122.800000,-2101.300000,803.300000,-119.600000,-2060.200000,660.400000,-121.000000,-2102.200000,414.458068,414.459045,268.907884,268.939138,148.308665,148.343183,0.984886,2.051828,false,1,2,false,true,148.944318,148.950898,148.944318,148.950898,0.427000,2.831000,1.288000,teleport_tsunami|teleport_tsunami,12|15,13|16,148.944318,148.950898,400-500,351-500,contains_correction_at_least_100m
SITE2_P09,P09,SITE2,tsunami,A,1,2,3,P09_race_tsunami_A_2.csv,18,19,20,23,24,08:03:56.587,08:04:01.272,08:04:01.273,08:04:04.382,08:04:05.935,660.400000,-121.000000,-2102.300000,193.000000,-120.500000,-2075.600000,180.300000,-118.100000,-2079.000000,192.400000,-118.700000,-2075.800000,468.161991,468.162258,480.665060,480.673808,13.147243,13.364505,0.632456,1.907878,false,1,2,true,false,12.515990,12.530363,12.515990,12.530363,2.289000,7.795000,1.553000,teleport_tsunami|teleport_tsunami,19|22,20|23,12.515990,12.530363,400-500,351-500,short_corrections_only
SITE2_P09,P09,SITE2,tsunami,A,1,2,4,P09_race_tsunami_A_2.csv,25,26,27,27,28,08:04:07.849,08:04:10.622,08:04:10.622,08:04:10.622,08:04:12.374,192.300000,-118.700000,-2075.800000,207.800000,-130.500000,-1742.200000,211.200000,-128.800000,-1736.100000,211.200000,-128.800000,-1736.100000,333.959893,334.168296,340.225366,340.375249,6.983552,7.187489,6.983552,7.187489,true,0,1,true,false,0.000000,0.000000,0.000000,0.000000,,2.773000,1.752000,teleport_tsunami,26,27,,,300-400,200-350,direct_hit
SITE2_P09,P09,SITE2,tsunami,A,1,2,5,P09_race_tsunami_A_2.csv,29,30,31,34,35,08:04:14.284,08:04:17.213,08:04:17.213,08:04:19.251,08:04:20.400,211.100000,-128.800000,-1736.100000,-221.000000,-110.700000,-1770.000000,-190.800000,-110.100000,-1768.700000,-220.600000,-109.000000,-1770.100000,433.427756,433.805521,403.220002,403.653391,30.227967,30.233921,0.412311,1.749286,false,1,2,true,false,29.832868,29.853141,29.832868,29.853141,0.608000,4.967000,1.149000,teleport_tsunami|teleport_tsunami,30|33,31|34,29.832868,29.853141,400-500,351-500,short_corrections_only
SITE2_P09,P09,SITE2,tsunami,A,1,2,6,P09_race_tsunami_A_2.csv,36,37,38,41,42,08:04:22.239,08:04:24.246,08:04:24.247,08:04:25.847,08:04:27.053,-220.600000,-109.000000,-1770.100000,-640.700000,-108.700000,-1512.100000,-622.600000,-106.900000,-1519.800000,-639.200000,-107.000000,-1512.000000,492.998996,492.999087,473.554738,473.559394,19.669774,19.751962,1.503330,2.269361,false,1,2,true,false,18.250753,18.251027,18.250753,18.251027,0.494000,3.608000,1.206000,teleport_tsunami|teleport_tsunami,37|40,38|41,18.250753,18.251027,400-500,351-500,short_corrections_only
SITE2_P09,P09,SITE2,tsunami,B,1,3,1,P09_race_tsunami_B_3.csv,3,4,5,11,12,08:04:49.091,08:04:53.689,08:04:53.689,08:04:57.000,08:04:58.653,-1587.500000,-148.100000,1834.200000,-1824.000000,-155.900000,2254.000000,-1818.000000,-154.200000,2243.200000,-1824.500000,-154.200000,2255.700000,481.834297,481.897427,469.479765,469.519393,12.354756,12.471167,1.772005,2.455606,false,2,3,true,false,30.739260,30.740086,22.453730,22.453953,0.561000,7.909000,1.653000,teleport_tsunami|teleport_tsunami|teleport_tsunami,4|7|10,5|8|11,22.453730|8.285530,22.453953|8.286133,400-500,351-500,short_corrections_only
SITE2_P09,P09,SITE2,tsunami,B,1,3,2,P09_race_tsunami_B_3.csv,13,14,15,18,19,08:05:00.813,08:05:02.518,08:05:02.518,08:05:04.409,08:05:05.823,-1824.600000,-154.200000,2255.700000,-2183.500000,-156.800000,1969.600000,-2182.700000,-155.000000,1961.300000,-2183.300000,-155.000000,1966.800000,458.979760,458.987124,463.580597,463.581287,8.338465,8.530533,2.807134,3.334666,false,1,2,true,false,5.544367,5.544367,5.544367,5.544367,1.434000,3.596000,1.414000,teleport_tsunami|teleport_tsunami,14|17,15|18,5.544367,5.544367,400-500,351-500,short_corrections_only
SITE2_P09,P09,SITE2,tsunami,B,1,3,3,P09_race_tsunami_B_3.csv,20,21,22,22,23,08:05:06.979,08:05:08.743,08:05:08.743,08:05:08.743,08:05:10.149,-2183.200000,-155.000000,1966.900000,-2489.500000,-157.100000,2081.700000,-2490.800000,-155.300000,2085.100000,-2490.800000,-155.300000,2085.100000,327.106603,327.113344,329.528451,329.528588,3.640055,4.060788,3.640055,4.060788,true,0,1,true,false,0.000000,0.000000,0.000000,0.000000,,1.764000,1.406000,teleport_tsunami,21,22,,,300-400,200-350,direct_hit
SITE2_P09,P09,SITE2,tsunami,B,1,3,4,P09_race_tsunami_B_3.csv,24,25,26,29,30,08:05:11.319,08:05:13.254,08:05:13.254,08:05:14.415,08:05:15.908,-2490.700000,-155.300000,2085.100000,-2630.000000,-156.100000,2448.000000,-2620.000000,-154.400000,2431.500000,-2628.700000,-154.400000,2447.400000,388.716992,388.717815,369.745115,369.746210,19.293781,19.368531,1.431782,2.222611,false,1,2,true,false,18.124569,18.124569,18.124569,18.124569,0.521000,3.096000,1.493000,teleport_tsunami|teleport_tsunami,25|28,26|29,18.124569,18.124569,300-400,351-500,short_corrections_only
SITE2_P09,P09,SITE2,tsunami,B,1,3,5,P09_race_tsunami_B_3.csv,31,32,33,36,37,08:05:16.987,08:05:18.570,08:05:18.570,08:05:20.522,08:05:21.453,-2628.800000,-154.400000,2447.300000,-2978.700000,-155.900000,2306.500000,-2884.300000,-153.800000,2324.500000,-2974.500000,-154.100000,2307.700000,377.166608,377.169591,283.478553,283.479188,96.100780,96.123722,4.368066,4.724405,false,1,2,true,false,91.751185,91.751403,91.751185,91.751403,0.580000,3.535000,0.931000,teleport_tsunami|teleport_tsunami,32|35,33|36,91.751185,91.751403,300-400,351-500,short_corrections_only
SITE2_P09,P09,SITE2,tsunami,B,1,3,6,P09_race_tsunami_B_3.csv,38,39,40,43,44,08:05:23.223,08:05:25.293,08:05:25.293,08:05:26.371,08:05:28.104,-2974.600000,-154.100000,2307.600000,-2999.000000,-156.000000,1931.000000,-2999.400000,-154.200000,1941.300000,-2999.100000,-154.300000,1931.600000,377.389613,377.394396,367.138571,367.138584,10.307764,10.463747,0.608276,1.805547,false,1,2,true,false,9.708244,9.708244,9.708244,9.708244,0.570000,3.148000,1.733000,teleport_tsunami|teleport_tsunami,39|42,40|43,9.708244,9.708244,300-400,351-500,short_corrections_only
SITE2_P09,P09,SITE2,tsunami,C,1,1,1,P09_race_tsunami_C_1.csv,3,4,5,8,9,08:02:17.073,08:02:20.087,08:02:20.087,08:02:23.113,08:02:26.001,-2003.100000,-141.800000,179.700000,-2299.700000,-147.700000,56.800000,-2278.200000,-145.800000,66.400000,-2299.600000,-145.900000,56.600000,321.054466,321.108673,297.517899,297.544787,23.545913,23.622447,0.223607,1.813836,false,1,2,true,false,23.446322,23.446535,23.446322,23.446535,1.858000,6.040000,2.888000,teleport_tsunami|teleport_tsunami,4|7,5|8,23.446322,23.446535,300-400,200-350,short_corrections_only
SITE2_P09,P09,SITE2,tsunami,C,1,1,2,P09_race_tsunami_C_1.csv,10,11,12,15,16,08:02:28.792,08:02:30.526,08:02:30.527,08:02:34.615,08:02:36.502,-2299.600000,-145.900000,56.600000,-2303.900000,-147.000000,-387.200000,-2305.200000,-145.900000,-452.000000,-2304.000000,-145.200000,-384.300000,443.820831,443.822194,508.630829,508.630829,64.813039,64.822373,2.901724,3.414674,false,1,2,true,false,67.810619,67.814232,67.810619,67.814232,2.774000,5.823000,1.887000,teleport_tsunami|teleport_tsunami,11|14,12|15,67.810619,67.814232,400-500,351-500,short_corrections_only
SITE2_P09,P09,SITE2,tsunami,C,1,1,3,P09_race_tsunami_C_1.csv,17,18,19,19,20,08:02:38.130,08:02:40.471,08:02:40.471,08:02:40.471,08:02:43.161,-2303.900000,-145.200000,-384.400000,-1943.900000,-143.600000,-367.100000,-1946.900000,-142.100000,-369.500000,-1946.900000,-142.100000,-369.500000,360.415441,360.418992,357.210890,357.224341,3.841875,4.124318,3.841875,4.124318,true,0,1,true,false,0.000000,0.000000,0.000000,0.000000,,2.341000,2.690000,teleport_tsunami,18,19,,,300-400,351-500,direct_hit
SITE2_P09,P09,SITE2,tsunami,C,1,1,4,P09_race_tsunami_C_1.csv,21,22,23,26,27,08:02:44.892,08:02:46.796,08:02:46.796,08:02:50.224,08:02:53.311,-1947.000000,-142.100000,-369.500000,-2025.000000,-148.600000,-798.000000,-2032.000000,-146.600000,-807.900000,-2025.700000,-146.800000,-798.700000,435.541330,435.589830,446.564172,446.586845,12.124768,12.288613,0.989949,2.054264,false,1,2,true,false,10.928861,10.929318,10.928861,10.929318,2.369000,5.332000,3.087000,teleport_tsunami|teleport_tsunami,22|25,23|26,10.928861,10.929318,400-500,351-500,short_corrections_only
SITE2_P09,P09,SITE2,tsunami,C,1,1,5,P09_race_tsunami_C_1.csv,28,29,30,33,34,08:02:58.022,08:03:00.295,08:03:00.295,08:03:02.774,08:03:04.315,-2026.000000,-146.800000,-798.800000,-1819.400000,-140.800000,-1190.000000,-1955.400000,-142.200000,-938.300000,-1819.300000,-139.100000,-1193.800000,442.403662,442.444347,156.347721,156.415376,286.092450,286.095876,3.801316,4.164133,false,1,2,false,true,289.488273,289.504870,289.488273,289.504870,0.742000,4.752000,1.541000,teleport_tsunami|teleport_tsunami,29|32,30|33,289.488273,289.504870,400-500,351-500,contains_correction_at_least_100m
SITE2_P09,P09,SITE2,tsunami,C,1,1,6,P09_race_tsunami_C_1.csv,39,40,41,44,45,08:03:18.129,08:03:19.138,08:03:19.138,08:03:20.714,08:03:22.220,-1819.300000,-139.100000,-1193.700000,-1375.200000,-127.000000,-1014.300000,-1385.100000,-125.400000,-1010.000000,-1376.400000,-125.300000,-1013.200000,478.966773,479.119588,471.460847,471.659856,10.793517,10.911462,1.627882,2.353720,false,1,2,true,false,9.176056,9.176601,9.176056,9.176601,1.114000,2.585000,1.506000,teleport_tsunami|teleport_tsunami,40|43,41|44,9.176056,9.176601,400-500,351-500,short_corrections_only
SITE2_P10,P10,SITE2,map,A,3,10,1,P10_race_map_A_10.csv,3,4,5,5,6,14:02:30.449,14:02:33.729,14:02:33.729,14:02:33.729,14:02:36.406,1364.400000,-136.900000,-2182.200000,1036.100000,-125.400000,-1926.600000,1037.600000,-124.000000,-1928.700000,1037.600000,-124.000000,-1928.700000,416.067603,416.226501,408.604124,408.804562,2.580698,2.935984,2.580698,2.935984,true,0,1,true,false,0.000000,0.000000,0.000000,0.000000,,3.280000,2.677000,teleport_map,4,5,,,400-500,351-500,direct_hit
SITE2_P10,P10,SITE2,map,A,3,10,2,P10_race_map_A_10.csv,7,8,9,9,10,14:02:37.292,14:02:41.980,14:02:41.980,14:02:41.980,14:02:46.883,1037.500000,-124.000000,-1928.700000,660.800000,-122.800000,-2101.300000,664.000000,-121.300000,-2100.300000,664.000000,-121.300000,-2100.300000,414.359325,414.361062,404.775617,404.784622,3.352611,3.672874,3.352611,3.672874,true,0,1,true,false,0.000000,0.000000,0.000000,0.000000,,4.688000,4.903000,teleport_map,8,9,,,400-500,351-500,direct_hit
SITE2_P10,P10,SITE2,map,A,3,10,3,P10_race_map_A_10.csv,11,12,13,13,14,14:02:47.121,14:02:50.424,14:02:50.424,14:02:50.424,14:02:51.516,664.000000,-121.300000,-2100.400000,193.000000,-120.500000,-2075.600000,195.600000,-119.000000,-2076.100000,195.600000,-119.000000,-2076.100000,471.652457,471.653135,469.024733,469.029892,2.647640,3.043025,2.647640,3.043025,true,0,1,true,false,0.000000,0.000000,0.000000,0.000000,,3.303000,1.092000,teleport_map,12,13,,,400-500,351-500,direct_hit
SITE2_P10,P10,SITE2,map,A,3,10,4,P10_race_map_A_10.csv,15,16,17,17,18,14:02:52.263,14:03:00.034,14:03:00.034,14:03:00.034,14:03:01.050,195.500000,-119.100000,-2076.000000,207.800000,-130.500000,-1742.200000,208.000000,-128.900000,-1747.200000,208.000000,-128.900000,-1747.200000,334.026541,334.221020,329.037521,329.183429,5.003998,5.253570,5.003998,5.253570,true,0,1,true,false,0.000000,0.000000,0.000000,0.000000,,7.771000,1.016000,teleport_map,16,17,,,300-400,200-350,direct_hit
SITE2_P10,P10,SITE2,map,A,3,10,5,P10_race_map_A_10.csv,19,20,21,21,22,14:03:02.057,14:03:06.900,14:03:06.900,14:03:06.900,14:03:10.142,208.000000,-129.000000,-1747.300000,-221.000000,-110.700000,-1770.000000,-220.000000,-109.300000,-1770.800000,-220.000000,-109.300000,-1770.800000,429.600151,429.989744,428.644666,429.097122,1.280625,1.897367,1.280625,1.897367,true,0,1,true,false,0.000000,0.000000,0.000000,0.000000,,4.843000,3.242000,teleport_map,20,21,,,400-500,351-500,direct_hit
SITE2_P10,P10,SITE2,map,A,3,10,6,P10_race_map_A_10.csv,23,24,25,25,26,14:03:10.553,14:03:14.353,14:03:14.353,14:03:14.353,14:03:15.725,-220.000000,-109.300000,-1770.800000,-640.700000,-108.700000,-1512.100000,-636.600000,-107.200000,-1512.900000,-636.600000,-107.200000,-1512.900000,493.876685,493.877049,489.967315,489.971397,4.177320,4.438468,4.177320,4.438468,true,0,1,true,false,0.000000,0.000000,0.000000,0.000000,,3.800000,1.372000,teleport_map,24,25,,,400-500,351-500,direct_hit
SITE2_P10,P10,SITE2,map,B,3,11,1,P10_race_map_B_11.csv,3,4,5,5,6,14:03:33.424,14:03:37.121,14:03:37.121,14:03:37.121,14:03:39.806,-1587.600000,-148.200000,1834.100000,-1824.000000,-155.900000,2254.000000,-1823.300000,-154.400000,2250.400000,-1823.300000,-154.400000,2250.400000,481.872359,481.933875,476.952251,476.992547,3.667424,3.962323,3.667424,3.962323,true,0,1,true,false,0.000000,0.000000,0.000000,0.000000,,3.697000,2.685000,teleport_map,4,5,,,400-500,351-500,direct_hit
SITE2_P10,P10,SITE2,map,B,3,11,2,P10_race_map_B_11.csv,7,8,9,9,10,14:03:45.274,14:03:55.976,14:03:55.976,14:03:55.976,14:03:56.775,-1823.200000,-154.400000,2250.200000,-2183.500000,-156.800000,1969.600000,-2188.000000,-155.300000,1969.200000,-2188.000000,-155.300000,1969.200000,456.675432,456.681738,460.478056,460.478935,4.517743,4.760252,4.517743,4.760252,true,0,1,true,false,0.000000,0.000000,0.000000,0.000000,,10.702000,0.799000,teleport_map,8,9,,,400-500,351-500,direct_hit
SITE2_P10,P10,SITE2,map,B,3,11,3,P10_race_map_B_11.csv,11,12,13,13,14,14:03:59.457,14:04:02.511,14:04:02.511,14:04:02.511,14:04:04.167,-2188.200000,-155.400000,1969.200000,-2489.500000,-157.100000,2081.700000,-2487.600000,-155.600000,2081.700000,-2487.600000,-155.600000,2081.700000,321.617692,321.622185,319.932024,319.932087,1.900000,2.420744,1.900000,2.420744,true,0,1,true,false,0.000000,0.000000,0.000000,0.000000,,3.054000,1.656000,teleport_map,12,13,,,300-400,200-350,direct_hit
SITE2_P10,P10,SITE2,map,B,3,11,4,P10_race_map_B_11.csv,15,16,17,17,18,14:04:05.837,14:04:15.043,14:04:15.044,14:04:15.044,14:04:16.275,-2487.600000,-155.600000,2081.800000,-2630.000000,-156.100000,2448.000000,-2629.600000,-154.700000,2444.300000,-2629.600000,-154.700000,2444.300000,392.912458,392.912777,389.320241,389.321281,3.721559,3.976179,3.721559,3.976179,true,0,1,true,false,0.000000,0.000000,0.000000,0.000000,,9.207000,1.231000,teleport_map,16,17,,,300-400,351-500,direct_hit
SITE2_P10,P10,SITE2,map,B,3,11,5,P10_race_map_B_11.csv,19,20,21,21,22,14:04:17.351,14:04:20.237,14:04:20.237,14:04:20.237,14:04:21.885,-2629.600000,-154.700000,2444.200000,-2978.700000,-155.900000,2306.500000,-2977.800000,-154.400000,2307.600000,-2977.800000,-154.400000,2307.600000,375.276032,375.277950,374.128922,374.128975,1.421267,2.066398,1.421267,2.066398,true,0,1,true,false,0.000000,0.000000,0.000000,0.000000,,2.886000,1.648000,teleport_map,20,21,,,300-400,351-500,direct_hit
SITE2_P10,P10,SITE2,map,B,3,11,6,P10_race_map_B_11.csv,23,24,25,28,29,14:04:22.623,14:04:31.702,14:04:31.702,14:04:37.227,14:04:43.388,-2977.700000,-154.500000,2307.300000,-2999.000000,-156.000000,1931.000000,-2850.000000,-154.800000,2273.600000,-2997.100000,-154.600000,1933.200000,376.902348,376.905333,132.071874,132.072215,373.598394,373.600321,2.906888,3.226453,false,1,2,false,true,363.923124,363.923137,363.923124,363.923137,2.237000,14.604000,6.161000,teleport_map|teleport_map,24|27,25|28,363.923124,363.923137,300-400,351-500,contains_correction_at_least_100m
SITE2_P10,P10,SITE2,map,C,3,9,1,P10_race_map_C_9.csv,3,4,5,5,6,14:00:56.778,14:01:01.221,14:01:01.221,14:01:01.221,14:01:04.309,-2003.300000,-141.900000,179.500000,-2299.700000,-147.700000,56.800000,-2294.700000,-146.500000,53.500000,-2294.700000,-146.500000,53.500000,320.793158,320.845586,317.382561,317.417359,5.990826,6.109828,5.990826,6.109828,true,0,1,true,false,0.000000,0.000000,0.000000,0.000000,,4.443000,3.088000,teleport_map,4,5,,,300-400,200-350,direct_hit
SITE2_P10,P10,SITE2,map,C,3,9,2,P10_race_map_C_9.csv,7,8,9,9,10,14:01:05.504,14:01:11.633,14:01:11.633,14:01:11.633,14:01:14.593,-2294.400000,-146.600000,53.500000,-2303.900000,-147.000000,-387.200000,-2300.000000,-145.600000,-385.800000,-2300.000000,-145.600000,-385.800000,440.802382,440.802564,439.435684,439.436821,4.143670,4.373786,4.143670,4.373786,true,0,1,true,false,0.000000,0.000000,0.000000,0.000000,,6.129000,2.960000,teleport_map,8,9,,,400-500,351-500,direct_hit
SITE2_P10,P10,SITE2,map,C,3,9,3,P10_race_map_C_9.csv,11,12,13,13,14,14:01:15.081,14:01:27.610,14:01:27.611,14:01:27.611,14:01:33.441,-2300.000000,-145.600000,-385.700000,-1943.900000,-143.600000,-367.100000,-1946.500000,-142.300000,-368.100000,-1946.500000,-142.300000,-368.100000,356.585432,356.591040,351.206848,351.220529,2.785678,3.074085,2.785678,3.074085,true,0,1,true,false,0.000000,0.000000,0.000000,0.000000,,12.530000,5.830000,teleport_map,12,13,,,300-400,351-500,direct_hit
SITE2_P10,P10,SITE2,map,C,3,9,4,P10_race_map_C_9.csv,15,16,17,17,18,14:01:34.791,14:01:40.348,14:01:40.348,14:01:40.348,14:01:48.020,-1946.500000,-142.400000,-368.100000,-2025.000000,-148.600000,-798.000000,-2024.300000,-147.100000,-797.700000,-2024.300000,-147.100000,-797.700000,437.008307,437.052285,436.471694,436.498087,0.761577,1.682260,0.761577,1.682260,true,0,1,true,false,0.000000,0.000000,0.000000,0.000000,,5.557000,7.672000,teleport_map,16,17,,,400-500,351-500,direct_hit
SITE2_P10,P10,SITE2,map,C,3,9,5,P10_race_map_C_9.csv,19,20,21,21,22,14:01:49.549,14:01:53.858,14:01:53.858,14:01:53.858,14:02:02.436,-2024.300000,-147.200000,-797.800000,-1819.400000,-140.800000,-1190.000000,-1821.300000,-139.500000,-1190.100000,-1821.300000,-139.500000,-1190.100000,442.498418,442.544698,441.756607,441.821978,1.902630,2.304344,1.902630,2.304344,true,0,1,true,false,0.000000,0.000000,0.000000,0.000000,,4.309000,8.578000,teleport_map,20,21,,,400-500,351-500,direct_hit
SITE2_P10,P10,SITE2,tsunami,A,2,7,1,P10_race_tsunami_A_7.csv,3,4,5,5,6,13:52:03.554,13:52:06.009,13:52:06.009,13:52:06.009,13:52:06.969,1364.600000,-136.900000,-2182.300000,1036.100000,-125.400000,-1926.600000,1041.900000,-124.000000,-1932.200000,1041.900000,-124.000000,-1932.200000,416.286848,416.445663,408.271111,408.474858,8.062258,8.182909,8.062258,8.182909,true,0,1,true,false,0.000000,0.000000,0.000000,0.000000,,2.455000,0.960000,teleport_tsunami,4,5,,,400-500,351-500,direct_hit
SITE2_P10,P10,SITE2,tsunami,A,2,7,2,P10_race_tsunami_A_7.csv,7,8,9,12,13,13:52:09.188,13:52:15.003,13:52:15.003,13:52:18.872,13:52:19.890,1041.700000,-124.000000,-1932.300000,660.800000,-122.800000,-2101.300000,638.400000,-121.400000,-2115.100000,657.900000,-121.300000,-2103.500000,416.708303,416.710031,442.794230,442.801863,26.309694,26.346916,3.640055,3.937004,false,1,2,true,false,22.587829,22.588050,22.587829,22.588050,1.658000,9.684000,1.018000,teleport_tsunami|teleport_tsunami,8|11,9|12,22.587829,22.588050,400-500,351-500,short_corrections_only
SITE2_P10,P10,SITE2,tsunami,A,2,7,3,P10_race_tsunami_A_7.csv,14,15,16,22,23,13:52:21.896,13:52:28.685,13:52:28.685,13:52:34.037,13:52:35.048,657.900000,-121.200000,-2103.700000,193.000000,-120.500000,-2075.600000,116.100000,-117.300000,-2076.000000,197.700000,-119.100000,-2076.100000,465.748451,465.748977,542.507631,542.521649,76.901040,76.967591,4.726521,4.929503,false,2,3,true,false,81.400869,81.422366,51.800869,51.808687,1.526000,12.141000,1.011000,teleport_tsunami|teleport_tsunami|teleport_tsunami,15|18|21,16|19|22,51.800869|29.600000,51.808687|29.613679,400-500,351-500,short_corrections_only
SITE2_P10,P10,SITE2,tsunami,A,2,7,4,P10_race_tsunami_A_7.csv,24,25,26,26,27,13:52:36.057,13:52:40.349,13:52:40.349,13:52:40.349,13:52:41.570,197.600000,-119.100000,-2076.100000,207.800000,-130.500000,-1742.200000,208.500000,-129.000000,-1742.100000,208.500000,-129.000000,-1742.100000,334.055759,334.250221,334.177812,334.324423,0.707107,1.658312,0.707107,1.658312,true,0,1,true,false,0.000000,0.000000,0.000000,0.000000,,4.292000,1.221000,teleport_tsunami,25,26,,,300-400,200-350,direct_hit
SITE2_P10,P10,SITE2,tsunami,A,2,7,5,P10_race_tsunami_A_7.csv,28,29,30,33,34,13:52:42.521,13:52:46.830,13:52:46.830,13:52:48.470,13:52:49.819,208.400000,-129.000000,-1742.100000,-221.000000,-110.700000,-1770.000000,-211.800000,-109.500000,-1772.900000,-219.600000,-109.300000,-1770.800000,430.305438,430.694393,421.327284,421.778295,9.646243,9.720597,1.612452,2.135416,false,1,2,true,false,8.052329,8.057915,8.052329,8.057915,0.875000,5.949000,1.349000,teleport_tsunami|teleport_tsunami,29|32,30|33,8.052329,8.057915,400-500,351-500,short_corrections_only
SITE2_P10,P10,SITE2,tsunami,A,2,7,6,P10_race_tsunami_A_7.csv,35,36,37,37,38,13:52:50.628,13:52:53.818,13:52:53.819,13:52:53.819,13:52:54.604,-219.600000,-109.300000,-1770.800000,-640.700000,-108.700000,-1512.100000,-638.100000,-107.200000,-1512.100000,-638.100000,-107.200000,-1512.100000,494.217462,494.217826,492.004004,492.008486,2.600000,3.001666,2.600000,3.001666,true,0,1,true,false,0.000000,0.000000,0.000000,0.000000,,3.191000,0.785000,teleport_tsunami,36,37,,,400-500,351-500,direct_hit
SITE2_P10,P10,SITE2,tsunami,B,2,5,1,P10_race_tsunami_B_5.csv,3,4,5,5,6,13:49:28.177,13:49:31.815,13:49:31.816,13:49:31.816,13:49:33.309,-1587.500000,-148.100000,1834.200000,-1824.000000,-155.900000,2254.000000,-1821.100000,-154.400000,2249.200000,-1821.100000,-154.400000,2249.200000,481.834297,481.897427,476.228895,476.270564,5.608030,5.805170,5.608030,5.805170,true,0,1,true,false,0.000000,0.000000,0.000000,0.000000,,3.639000,1.493000,teleport_tsunami,4,5,,,400-500,351-500,direct_hit
SITE2_P10,P10,SITE2,tsunami,B,2,5,2,P10_race_tsunami_B_5.csv,7,8,9,12,13,13:49:35.680,13:49:39.956,13:49:39.956,13:49:43.254,13:49:44.954,-1821.200000,-154.400000,2249.100000,-2183.500000,-156.800000,1969.600000,-2187.900000,-155.200000,1961.500000,-2183.700000,-155.300000,1967.900000,457.582277,457.588571,466.028594,466.029280,9.217917,9.355747,1.711724,2.275961,false,1,2,true,false,7.378347,7.379024,7.378347,7.379024,2.345000,7.574000,1.700000,teleport_tsunami|teleport_tsunami,8|11,9|12,7.378347,7.379024,400-500,351-500,short_corrections_only
SITE2_P10,P10,SITE2,tsunami,B,2,5,3,P10_race_tsunami_B_5.csv,14,15,16,16,17,13:49:46.376,13:49:50.710,13:49:50.710,13:49:50.710,13:49:51.704,-2183.800000,-155.200000,1967.700000,-2489.500000,-157.100000,2081.700000,-2494.200000,-155.600000,2081.000000,-2494.200000,-155.600000,2081.000000,326.264448,326.269980,330.431612,330.431854,4.751842,4.982971,4.751842,4.982971,true,0,1,true,false,0.000000,0.000000,0.000000,0.000000,,4.334000,0.994000,teleport_tsunami,15,16,,,300-400,200-350,direct_hit
SITE2_P10,P10,SITE2,tsunami,B,2,5,4,P10_race_tsunami_B_5.csv,18,19,20,26,27,13:49:53.192,13:49:55.660,13:49:55.660,13:49:59.975,13:50:01.167,-2494.200000,-155.600000,2081.100000,-2630.000000,-156.100000,2448.000000,-2571.200000,-155.100000,2340.900000,-2627.500000,-154.600000,2445.900000,391.225319,391.225638,270.970552,270.971013,122.179581,122.183673,3.264966,3.593049,false,2,3,false,true,119.149965,119.151071,112.958842,112.959949,0.801000,6.783000,1.192000,teleport_tsunami|teleport_tsunami|teleport_tsunami,19|22|25,20|23|26,112.958842|6.191123,112.959949|6.191123,300-400,351-500,contains_correction_at_least_100m
SITE2_P10,P10,SITE2,tsunami,B,2,5,5,P10_race_tsunami_B_5.csv,28,29,30,33,34,13:50:02.333,13:50:06.402,13:50:06.402,13:50:10.062,13:50:11.683,-2627.600000,-154.600000,2445.700000,-2978.700000,-155.900000,2306.500000,-2986.200000,-154.500000,2290.500000,-2979.500000,-154.400000,2302.700000,377.687503,377.689740,390.744162,390.744175,17.670597,17.725970,3.883298,4.162932,false,1,2,true,false,13.776792,13.777155,13.776792,13.777155,2.292000,7.729000,1.621000,teleport_tsunami|teleport_tsunami,29|32,30|33,13.776792,13.777155,300-400,351-500,short_corrections_only
SITE2_P10,P10,SITE2,tsunami,B,2,5,6,P10_race_tsunami_B_5.csv,35,36,37,40,41,13:50:13.780,13:50:16.795,13:50:16.796,13:50:17.907,13:50:19.501,-2979.900000,-154.300000,2302.600000,-2999.000000,-156.000000,1931.000000,-2998.800000,-154.400000,1940.800000,-2999.200000,-154.500000,1932.300000,372.090540,372.094424,362.293320,362.293334,9.802041,9.931767,1.315295,1.994994,false,1,2,true,false,8.509407,8.509994,8.509407,8.509994,0.605000,4.127000,1.594000,teleport_tsunami|teleport_tsunami,36|39,37|40,8.509407,8.509994,300-400,351-500,short_corrections_only
SITE2_P10,P10,SITE2,tsunami,C,2,6,1,P10_race_tsunami_C_6.csv,3,4,5,8,9,13:50:42.047,13:50:45.534,13:50:45.534,13:50:49.195,13:50:50.377,-2003.400000,-141.800000,179.600000,-2299.700000,-147.700000,56.800000,-2328.100000,-146.000000,45.100000,-2302.800000,-146.100000,54.600000,320.739037,320.793298,351.454606,351.479701,30.715631,30.762640,3.801316,4.124318,false,1,2,true,false,26.767518,26.767518,26.767518,26.767518,1.799000,7.148000,1.182000,teleport_tsunami|teleport_tsunami,4|7,5|8,26.767518,26.767518,300-400,200-350,short_corrections_only
SITE2_P10,P10,SITE2,tsunami,C,2,6,2,P10_race_tsunami_C_6.csv,10,11,12,12,13,13:50:51.599,13:50:58.272,13:50:58.272,13:50:58.272,13:50:59.564,-2303.000000,-146.100000,54.500000,-2303.900000,-147.000000,-387.200000,-2302.200000,-145.500000,-386.100000,-2302.200000,-145.500000,-386.100000,441.700917,441.701834,440.500726,440.501135,2.024846,2.519921,2.024846,2.519921,true,0,1,true,false,0.000000,0.000000,0.000000,0.000000,,6.673000,1.292000,teleport_tsunami,11,12,,,400-500,351-500,direct_hit
SITE2_P10,P10,SITE2,tsunami,C,2,6,3,P10_race_tsunami_C_6.csv,14,15,16,16,17,13:51:01.178,13:51:04.124,13:51:04.124,13:51:04.124,13:51:05.322,-2302.000000,-145.500000,-386.100000,-1943.900000,-143.600000,-367.100000,-1948.000000,-142.300000,-366.700000,-1948.000000,-142.300000,-366.700000,358.603695,358.608728,354.531183,354.545625,4.119466,4.319722,4.119466,4.319722,true,0,1,true,false,0.000000,0.000000,0.000000,0.000000,,2.946000,1.198000,teleport_tsunami,15,16,,,300-400,351-500,direct_hit
SITE2_P10,P10,SITE2,tsunami,C,2,6,4,P10_race_tsunami_C_6.csv,18,19,20,23,24,13:51:06.732,13:51:10.479,13:51:10.479,13:51:12.030,13:51:13.508,-1948.000000,-142.300000,-366.900000,-2025.000000,-148.600000,-798.000000,-2021.800000,-147.200000,-790.500000,-2023.600000,-147.100000,-795.700000,437.922607,437.967921,429.980697,430.008616,8.154140,8.273452,2.692582,3.082207,false,1,2,true,false,5.502727,5.503635,5.502727,5.503635,0.951000,5.298000,1.478000,teleport_tsunami|teleport_tsunami,19|22,20|23,5.502727,5.503635,400-500,351-500,short_corrections_only
SITE2_P10,P10,SITE2,tsunami,C,2,6,5,P10_race_tsunami_C_6.csv,25,26,27,33,34,13:51:14.206,13:51:20.407,13:51:20.407,13:51:28.820,13:51:30.255,-2023.500000,-147.100000,-795.700000,-1819.400000,-140.800000,-1190.000000,-1809.700000,-139.400000,-1245.200000,-1818.500000,-139.300000,-1191.200000,443.992455,444.037149,497.755653,497.815207,56.045785,56.063268,1.500000,2.121320,false,2,3,true,false,54.483639,54.483744,47.610503,47.610608,3.287000,14.614000,1.435000,teleport_tsunami|teleport_tsunami|teleport_tsunami,26|29|32,27|30|33,47.610503|6.873136,47.610608|6.873136,400-500,351-500,short_corrections_only
SITE2_P10,P10,SITE2,tsunami,C,2,6,6,P10_race_tsunami_C_6.csv,35,36,37,40,41,13:51:31.748,13:51:35.761,13:51:35.761,13:51:38.580,13:51:40.099,-1818.500000,-139.200000,-1191.400000,-1375.200000,-127.000000,-1014.300000,-1356.400000,-124.800000,-998.300000,-1377.100000,-125.600000,-1014.700000,477.367050,477.522921,500.823342,501.030318,24.686839,24.784673,1.941649,2.393742,false,1,2,true,false,26.409279,26.421393,26.409279,26.421393,1.586000,6.832000,1.519000,teleport_tsunami|teleport_tsunami,36|39,37|40,26.409279,26.421393,400-500,351-500,short_corrections_only
SITE2_P11,P11,SITE2,map,A,3,9,1,P11_race_map_A_9.csv,3,4,5,5,6,14:55:18.267,14:55:21.875,14:55:21.876,14:55:21.876,14:55:24.502,1364.500000,-136.900000,-2182.300000,1036.100000,-125.400000,-1926.600000,1032.600000,-123.800000,-1924.700000,1032.600000,-123.800000,-1924.700000,416.207941,416.366785,420.155031,420.359204,3.982462,4.291853,3.982462,4.291853,true,0,1,true,false,0.000000,0.000000,0.000000,0.000000,,3.609000,2.626000,teleport_map,4,5,,,400-500,351-500,direct_hit
SITE2_P11,P11,SITE2,map,A,3,9,2,P11_race_map_A_9.csv,7,8,9,9,10,14:55:27.111,14:55:32.988,14:55:32.988,14:55:32.988,14:55:38.614,1032.500000,-123.800000,-1924.800000,660.800000,-122.800000,-2101.300000,662.300000,-121.200000,-2101.300000,662.300000,-121.200000,-2101.300000,411.476779,411.477995,410.122287,410.130528,1.500000,2.193171,1.500000,2.193171,true,0,1,true,false,0.000000,0.000000,0.000000,0.000000,,5.877000,5.626000,teleport_map,8,9,,,400-500,351-500,direct_hit
SITE2_P11,P11,SITE2,map,A,3,9,3,P11_race_map_A_9.csv,11,12,13,13,14,14:55:40.025,14:55:44.999,14:55:44.999,14:55:44.999,14:55:47.956,662.300000,-121.200000,-2101.300000,193.000000,-120.500000,-2075.600000,197.200000,-118.900000,-2077.000000,197.200000,-118.900000,-2077.000000,470.003170,470.003691,465.734366,465.739562,4.427189,4.707441,4.427189,4.707441,true,0,1,true,false,0.000000,0.000000,0.000000,0.000000,,4.974000,2.957000,teleport_map,12,13,,,400-500,351-500,direct_hit
SITE2_P11,P11,SITE2,map,A,3,9,4,P11_race_map_A_9.csv,15,16,17,17,18,14:55:50.604,14:55:55.960,14:55:55.960,14:55:55.960,14:55:59.427,197.200000,-119.000000,-2076.900000,207.800000,-130.500000,-1742.200000,209.100000,-128.900000,-1746.100000,209.100000,-128.900000,-1746.100000,334.867810,335.065218,331.010393,331.158406,4.110961,4.411349,4.110961,4.411349,true,0,1,true,false,0.000000,0.000000,0.000000,0.000000,,5.356000,3.467000,teleport_map,16,17,,,300-400,200-350,direct_hit
SITE2_P11,P11,SITE2,map,A,3,9,5,P11_race_map_A_9.csv,19,20,21,21,22,14:56:04.249,14:56:08.888,14:56:08.889,14:56:08.889,14:56:10.976,209.000000,-128.900000,-1746.100000,-221.000000,-110.700000,-1770.000000,-216.200000,-109.300000,-1770.200000,-216.200000,-109.300000,-1770.200000,430.663685,431.048083,425.888107,426.338879,4.804165,5.003998,4.804165,5.003998,true,0,1,true,false,0.000000,0.000000,0.000000,0.000000,,4.640000,2.087000,teleport_map,20,21,,,400-500,351-500,direct_hit
SITE2_P11,P11,SITE2,map,A,3,9,6,P11_race_map_A_9.csv,23,24,25,25,26,14:56:11.487,14:56:15.039,14:56:15.039,14:56:15.039,14:56:17.453,-216.200000,-109.300000,-1770.200000,-640.700000,-108.700000,-1512.100000,-643.000000,-107.100000,-1510.700000,-643.000000,-107.100000,-1510.700000,496.805656,496.806018,499.498238,499.503083,2.692582,3.132092,2.692582,3.132092,true,0,1,true,false,0.000000,0.000000,0.000000,0.000000,,3.552000,2.414000,teleport_map,24,25,,,400-500,351-500,direct_hit
SITE2_P11,P11,SITE2,map,B,3,10,1,P11_race_map_B_10.csv,3,4,5,5,6,14:56:32.744,14:56:35.348,14:56:35.348,14:56:35.348,14:56:37.262,-1587.500000,-148.200000,1834.200000,-1824.000000,-155.900000,2254.000000,-1826.900000,-154.300000,2255.100000,-1826.900000,-154.300000,2255.100000,481.834297,481.895819,484.220167,484.258588,3.101612,3.489986,3.101612,3.489986,true,0,1,true,false,0.000000,0.000000,0.000000,0.000000,,2.604000,1.914000,teleport_map,4,5,,,400-500,351-500,direct_hit
SITE2_P11,P11,SITE2,map,B,3,10,2,P11_race_map_B_10.csv,7,8,9,9,10,14:56:38.841,14:56:44.705,14:56:44.705,14:56:44.705,14:56:51.623,-1827.000000,-154.300000,2255.000000,-2183.500000,-156.800000,1969.600000,-2182.400000,-155.200000,1969.700000,-2182.400000,-155.200000,1969.700000,456.667724,456.674567,452.746121,452.747015,1.104536,1.944222,1.104536,1.944222,true,0,1,true,false,0.000000,0.000000,0.000000,0.000000,,5.864000,6.918000,teleport_map,8,9,,,400-500,351-500,direct_hit
SITE2_P11,P11,SITE2,map,B,3,10,3,P11_race_map_B_10.csv,11,12,13,13,14,14:56:55.799,14:56:58.313,14:56:58.314,14:56:58.314,14:57:00.581,-2182.400000,-155.200000,1969.700000,-2489.500000,-157.100000,2081.700000,-2489.500000,-155.500000,2082.700000,-2489.500000,-155.500000,2082.700000,326.885928,326.891450,327.264450,327.264587,1.000000,1.886796,1.000000,1.886796,true,0,1,true,false,0.000000,0.000000,0.000000,0.000000,,2.515000,2.267000,teleport_map,12,13,,,300-400,200-350,direct_hit
SITE2_P11,P11,SITE2,map,B,3,10,4,P11_race_map_B_10.csv,15,16,17,17,18,14:57:01.924,14:57:04.870,14:57:04.870,14:57:04.870,14:57:06.596,-2489.400000,-155.500000,2082.800000,-2630.000000,-156.100000,2448.000000,-2626.900000,-154.500000,2448.000000,-2626.900000,-154.500000,2448.000000,391.330295,391.330755,390.227229,390.228267,3.100000,3.488553,3.100000,3.488553,true,0,1,true,false,0.000000,0.000000,0.000000,0.000000,,2.946000,1.726000,teleport_map,16,17,,,300-400,351-500,direct_hit
SITE2_P11,P11,SITE2,map,B,3,10,5,P11_race_map_B_10.csv,19,20,21,21,22,14:57:08.770,14:57:11.674,14:57:11.674,14:57:11.674,14:57:14.336,-2626.900000,-154.600000,2447.900000,-2978.700000,-155.900000,2306.500000,-2979.000000,-154.400000,2309.000000,-2979.000000,-154.400000,2309.000000,379.153267,379.155496,378.507094,378.507147,2.517936,2.930870,2.517936,2.930870,true,0,1,true,false,0.000000,0.000000,0.000000,0.000000,,2.904000,2.662000,teleport_map,20,21,,,300-400,351-500,direct_hit
SITE2_P11,P11,SITE2,map,B,3,10,6,P11_race_map_B_10.csv,23,24,25,25,26,14:57:15.289,14:57:20.174,14:57:20.174,14:57:20.174,14:57:25.265,-2979.000000,-154.500000,2309.000000,-2999.000000,-156.000000,1931.000000,-2996.100000,-154.600000,1930.100000,-2996.100000,-154.600000,1930.100000,378.528731,378.531703,379.290192,379.290206,3.036445,3.343651,3.036445,3.343651,true,0,1,true,false,0.000000,0.000000,0.000000,0.000000,,4.885000,5.091000,teleport_map,24,25,,,300-400,351-500,direct_hit
SITE2_P11,P11,SITE2,map,C,3,11,1,P11_race_map_C_11.csv,3,4,5,5,6,14:58:50.854,14:58:54.206,14:58:54.206,14:58:54.206,14:58:56.209,-2003.400000,-141.900000,179.600000,-2299.700000,-147.700000,56.800000,-2298.600000,-146.100000,58.900000,-2298.600000,-146.100000,58.900000,320.739037,320.791474,318.922451,318.951438,2.370654,2.860070,2.370654,2.860070,true,0,1,true,false,0.000000,0.000000,0.000000,0.000000,,3.352000,2.003000,teleport_map,4,5,,,300-400,200-350,direct_hit
SITE2_P11,P11,SITE2,map,C,3,11,2,P11_race_map_C_11.csv,7,8,9,9,10,14:58:56.949,14:58:59.774,14:58:59.774,14:58:59.774,14:59:02.058,-2298.700000,-146.200000,58.900000,-2303.900000,-147.000000,-387.200000,-2300.200000,-145.500000,-390.300000,-2300.200000,-145.500000,-390.300000,446.130306,446.131023,449.202504,449.202905,4.827007,5.054701,4.827007,5.054701,true,0,1,true,false,0.000000,0.000000,0.000000,0.000000,,2.825000,2.284000,teleport_map,8,9,,,400-500,351-500,direct_hit
SITE2_P11,P11,SITE2,map,C,3,11,3,P11_race_map_C_11.csv,11,12,13,13,14,14:59:03.283,14:59:06.341,14:59:06.341,14:59:06.341,14:59:08.636,-2300.100000,-145.500000,-390.300000,-1943.900000,-143.600000,-367.100000,-1942.800000,-142.100000,-369.800000,-1942.800000,-142.100000,-369.800000,356.954731,356.959788,357.893350,357.909500,2.915476,3.278719,2.915476,3.278719,true,0,1,true,false,0.000000,0.000000,0.000000,0.000000,,3.058000,2.295000,teleport_map,12,13,,,300-400,351-500,direct_hit
SITE2_P11,P11,SITE2,map,C,3,11,4,P11_race_map_C_11.csv,15,16,17,17,18,14:59:09.674,14:59:13.660,14:59:13.660,14:59:13.660,14:59:15.308,-1943.000000,-142.100000,-369.800000,-2025.000000,-148.600000,-798.000000,-2029.800000,-147.200000,-793.400000,-2029.800000,-147.200000,-793.400000,435.980779,436.029231,432.401665,432.431740,6.648308,6.794115,6.648308,6.794115,true,0,1,true,false,0.000000,0.000000,0.000000,0.000000,,3.986000,1.648000,teleport_map,16,17,,,400-500,351-500,direct_hit
SITE2_P11,P11,SITE2,map,C,3,11,5,P11_race_map_C_11.csv,19,20,21,21,22,14:59:15.898,14:59:19.225,14:59:19.225,14:59:19.225,14:59:24.249,-2029.700000,-147.200000,-793.300000,-1819.400000,-140.800000,-1190.000000,-1819.600000,-139.200000,-1192.300000,-1819.600000,-139.200000,-1192.300000,448.995523,449.041134,454.467975,454.533200,2.308679,2.808914,2.308679,2.808914,true,0,1,true,false,0.000000,0.000000,0.000000,0.000000,,3.327000,5.024000,teleport_map,20,21,,,400-500,351-500,direct_hit
SITE2_P11,P11,SITE2,map,C,3,11,6,P11_race_map_C_11.csv,23,24,25,25,26,14:59:25.160,14:59:30.809,14:59:30.809,14:59:30.809,14:59:34.557,-1819.600000,-139.300000,-1192.300000,-1375.200000,-127.000000,-1014.300000,-1374.900000,-125.400000,-1016.300000,-1374.900000,-125.400000,-1016.300000,478.722634,478.880622,478.261529,478.460584,2.022375,2.578759,2.022375,2.578759,true,0,1,true,false,0.000000,0.000000,0.000000,0.000000,,5.649000,3.748000,teleport_map,24,25,,,400-500,351-500,direct_hit
SITE2_P11,P11,SITE2,tsunami,A,2,6,1,P11_race_tsunami_A_6.csv,3,4,5,8,9,14:38:58.949,14:39:01.645,14:39:01.645,14:39:02.951,14:39:05.479,1364.500000,-136.900000,-2182.400000,1036.100000,-125.400000,-1926.600000,1045.200000,-123.900000,-1934.600000,1037.600000,-123.800000,-1927.800000,416.269384,416.428205,404.174876,404.383889,12.116518,12.209013,1.920937,2.500000,false,1,2,true,false,10.198039,10.198529,10.198039,10.198529,0.665000,4.002000,2.528000,teleport_tsunami|teleport_tsunami,4|7,5|8,10.198039,10.198529,400-500,351-500,short_corrections_only
SITE2_P11,P11,SITE2,tsunami,A,2,6,2,P11_race_tsunami_A_6.csv,10,11,12,15,16,14:39:07.303,14:39:09.252,14:39:09.252,14:39:11.440,14:39:14.254,1037.600000,-123.800000,-1927.900000,660.800000,-122.800000,-2101.300000,644.900000,-121.200000,-2111.900000,659.800000,-121.100000,-2102.800000,414.784040,414.785246,433.669563,433.677357,19.109422,19.176287,1.802776,2.477902,false,1,2,true,false,17.373831,17.374119,17.373831,17.374119,1.393000,4.137000,2.814000,teleport_tsunami|teleport_tsunami,11|14,12|15,17.373831,17.374119,400-500,351-500,short_corrections_only
SITE2_P11,P11,SITE2,tsunami,A,2,6,3,P11_race_tsunami_A_6.csv,17,18,19,22,23,14:39:16.566,14:39:18.483,14:39:18.483,14:39:20.716,14:39:23.437,659.800000,-121.100000,-2102.800000,193.000000,-120.500000,-2075.600000,151.300000,-117.700000,-2087.100000,199.200000,-119.100000,-2073.800000,467.591788,467.592173,508.742312,508.753673,43.256676,43.347203,6.456005,6.606058,false,1,2,true,false,49.642724,49.662461,49.642724,49.662461,1.309000,4.150000,2.721000,teleport_tsunami|teleport_tsunami,18|21,19|22,49.642724,49.662461,400-500,351-500,short_corrections_only
SITE2_P11,P11,SITE2,tsunami,A,2,6,4,P11_race_tsunami_A_6.csv,27,28,29,35,36,14:39:32.323,14:39:33.633,14:39:33.633,14:39:38.190,14:39:39.605,199.100000,-119.100000,-2073.700000,207.800000,-130.500000,-1742.200000,208.800000,-133.300000,-1684.200000,207.900000,-129.000000,-1738.800000,331.614143,331.810036,389.620764,389.879443,58.008620,58.076157,3.401470,3.717526,false,2,3,true,false,54.609202,54.852036,29.108418,29.125590,1.755000,5.867000,1.415000,teleport_tsunami|teleport_tsunami|teleport_tsunami,28|31|34,29|32|35,25.500784|29.108418,25.726446|29.125590,300-400,200-350,short_corrections_only
SITE2_P11,P11,SITE2,tsunami,A,2,6,5,P11_race_tsunami_A_6.csv,37,38,39,42,43,14:39:41.946,14:39:44.270,14:39:44.270,14:39:45.512,14:39:47.070,208.000000,-128.900000,-1738.800000,-221.000000,-110.700000,-1770.000000,-205.000000,-109.900000,-1762.100000,-223.900000,-109.000000,-1770.500000,430.133049,430.517921,413.656730,414.092852,17.844047,17.861971,2.942788,3.398529,false,1,2,true,false,20.632256,20.651876,20.632256,20.651876,0.665000,3.566000,1.558000,teleport_tsunami|teleport_tsunami,38|41,39|42,20.632256,20.651876,400-500,351-500,short_corrections_only
SITE2_P11,P11,SITE2,tsunami,A,2,6,6,P11_race_tsunami_A_6.csv,44,45,46,49,50,14:39:48.067,14:39:50.312,14:39:50.313,14:39:53.394,14:39:55.647,-223.900000,-109.000000,-1770.500000,-640.700000,-108.700000,-1512.100000,-658.100000,-107.300000,-1501.100000,-641.100000,-107.100000,-1511.900000,490.400653,490.400744,510.985323,510.988151,20.585432,20.632983,0.447214,1.661325,false,1,2,true,false,19.918082,19.919086,19.918082,19.919086,2.150000,5.327000,2.253000,teleport_tsunami|teleport_tsunami,45|48,46|49,19.918082,19.919086,400-500,351-500,short_corrections_only
SITE2_P11,P11,SITE2,tsunami,B,2,7,1,P11_race_tsunami_B_7.csv,3,4,5,8,9,14:40:31.584,14:40:33.743,14:40:33.744,14:40:37.968,14:40:41.446,-1587.500000,-148.100000,1834.300000,-1824.000000,-155.900000,2254.000000,-1831.200000,-154.400000,2263.200000,-1825.300000,-154.300000,2255.700000,481.747174,481.810315,493.300010,493.340238,11.682465,11.778370,2.140093,2.672078,false,1,2,true,false,9.481034,9.481561,9.481034,9.481561,3.365000,6.384000,3.478000,teleport_tsunami|teleport_tsunami,4|7,5|8,9.481034,9.481561,400-500,351-500,short_corrections_only
SITE2_P11,P11,SITE2,tsunami,B,2,7,2,P11_race_tsunami_B_7.csv,10,11,12,15,16,14:40:43.025,14:40:45.144,14:40:45.144,14:40:46.387,14:40:51.624,-1825.400000,-154.300000,2255.600000,-2183.500000,-156.800000,1969.600000,-2173.400000,-155.000000,1977.300000,-2181.700000,-155.100000,1970.800000,458.292058,458.298876,445.594984,445.595534,12.700394,12.827315,2.163331,2.751363,false,1,2,true,false,10.542296,10.542770,10.542296,10.542770,0.602000,3.362000,5.237000,teleport_tsunami|teleport_tsunami,11|14,12|15,10.542296,10.542770,400-500,351-500,short_corrections_only
SITE2_P11,P11,SITE2,tsunami,B,2,7,3,P11_race_tsunami_B_7.csv,17,18,19,19,20,14:40:52.717,14:40:54.722,14:40:54.722,14:40:54.722,14:40:56.178,-2181.800000,-155.100000,1970.900000,-2489.500000,-157.100000,2081.700000,-2484.100000,-155.400000,2080.700000,-2484.100000,-155.400000,2080.700000,327.041175,327.047290,321.657116,321.657255,5.491812,5.748913,5.491812,5.748913,true,0,1,true,false,0.000000,0.000000,0.000000,0.000000,,2.005000,1.456000,teleport_tsunami,18,19,,,300-400,200-350,direct_hit
SITE2_P11,P11,SITE2,tsunami,B,2,7,4,P11_race_tsunami_B_7.csv,21,22,23,29,30,14:40:57.217,14:40:59.267,14:40:59.267,14:41:01.802,14:41:03.556,-2484.100000,-155.400000,2080.800000,-2630.000000,-156.100000,2448.000000,-2621.300000,-154.500000,2424.800000,-2629.200000,-154.500000,2446.500000,395.123588,395.124208,370.350969,370.352062,24.777611,24.829217,1.700000,2.334524,false,2,3,true,false,23.135949,23.135949,17.489711,17.489711,0.565000,4.585000,1.754000,teleport_tsunami|teleport_tsunami|teleport_tsunami,22|25|28,23|26|29,17.489711|5.646238,17.489711|5.646238,300-400,351-500,short_corrections_only
SITE2_P11,P11,SITE2,tsunami,B,2,7,5,P11_race_tsunami_B_7.csv,31,32,33,36,37,14:41:06.915,14:41:08.775,14:41:08.775,14:41:10.732,14:41:14.345,-2629.200000,-154.500000,2446.500000,-2978.700000,-155.900000,2306.500000,-2964.200000,-154.100000,2295.200000,-2973.400000,-154.100000,2303.300000,376.497344,376.499947,367.582222,367.582440,18.383144,18.471058,6.191123,6.447480,false,1,2,true,false,12.408465,12.408465,12.408465,12.408465,0.835000,3.817000,3.613000,teleport_tsunami|teleport_tsunami,32|35,33|36,12.408465,12.408465,300-400,351-500,short_corrections_only
SITE2_P11,P11,SITE2,tsunami,B,2,7,6,P11_race_tsunami_B_7.csv,38,39,40,43,44,14:41:15.943,14:41:17.913,14:41:17.913,14:41:19.422,14:41:24.370,-2973.400000,-154.100000,2303.400000,-2999.000000,-156.000000,1931.000000,-2997.400000,-154.300000,1952.500000,-2998.300000,-154.400000,1931.700000,373.278877,373.283712,351.719789,351.719846,21.559453,21.626373,0.989949,1.881489,false,1,2,true,false,20.819462,20.819462,20.819462,20.819462,0.685000,3.479000,4.948000,teleport_tsunami|teleport_tsunami,39|42,40|43,20.819462,20.819462,300-400,351-500,short_corrections_only
SITE2_P11,P11,SITE2,tsunami,C,2,5,1,P11_race_tsunami_C_5.csv,3,4,5,8,9,14:37:44.909,14:37:47.573,14:37:47.573,14:37:48.834,14:37:53.997,-2003.300000,-141.800000,179.600000,-2299.700000,-147.700000,56.800000,-2288.300000,-146.000000,59.700000,-2298.200000,-146.100000,56.900000,320.831420,320.885665,309.194130,309.222654,11.763078,11.885285,1.503330,2.195450,false,1,2,true,false,10.261579,10.261579,10.261579,10.261579,0.707000,3.925000,5.163000,teleport_tsunami|teleport_tsunami,4|7,5|8,10.261579,10.261579,300-400,200-350,short_corrections_only
SITE2_P11,P11,SITE2,tsunami,C,2,5,2,P11_race_tsunami_C_5.csv,10,11,12,12,13,14:37:55.421,14:37:57.141,14:37:57.141,14:37:57.141,14:37:59.379,-2298.200000,-146.100000,57.000000,-2303.900000,-147.000000,-387.200000,-2299.800000,-145.400000,-387.200000,-2299.800000,-145.400000,-387.200000,444.236570,444.237482,444.202882,444.203433,4.100000,4.401136,4.100000,4.401136,true,0,1,true,false,0.000000,0.000000,0.000000,0.000000,,1.720000,2.238000,teleport_tsunami,11,12,,,400-500,351-500,direct_hit
SITE2_P11,P11,SITE2,tsunami,C,2,5,3,P11_race_tsunami_C_5.csv,14,15,16,19,20,14:38:01.936,14:38:03.493,14:38:03.493,14:38:04.949,14:38:09.158,-2299.800000,-145.400000,-387.200000,-1943.900000,-143.600000,-367.100000,-1953.800000,-142.500000,-368.900000,-1944.600000,-142.000000,-367.400000,356.467137,356.471682,346.483607,346.495743,10.062306,10.122253,0.761577,1.772005,false,1,2,true,false,9.321481,9.334881,9.321481,9.334881,0.831000,3.013000,4.209000,teleport_tsunami|teleport_tsunami,15|18,16|19,9.321481,9.334881,300-400,351-500,short_corrections_only
SITE2_P11,P11,SITE2,tsunami,C,2,5,4,P11_race_tsunami_C_5.csv,21,22,23,23,24,14:38:11.010,14:38:13.716,14:38:13.716,14:38:13.716,14:38:15.526,-1944.500000,-142.000000,-367.300000,-2025.000000,-148.600000,-798.000000,-2024.900000,-146.800000,-804.200000,-2024.900000,-146.800000,-804.200000,438.158350,438.208056,444.236165,444.262096,6.200806,6.456779,6.200806,6.456779,true,0,1,true,false,0.000000,0.000000,0.000000,0.000000,,2.706000,1.810000,teleport_tsunami,22,23,,,400-500,351-500,direct_hit
SITE2_P11,P11,SITE2,tsunami,C,2,5,5,P11_race_tsunami_C_5.csv,25,26,27,30,31,14:38:17.161,14:38:20.601,14:38:20.601,14:38:21.887,14:38:24.536,-2024.900000,-146.800000,-804.200000,-1819.400000,-140.800000,-1190.000000,-1831.200000,-139.200000,-1178.200000,-1820.400000,-139.300000,-1189.900000,437.117707,437.158884,421.183677,421.252240,16.687720,16.764248,1.004988,1.805547,false,1,2,true,false,16.070159,16.070470,16.070159,16.070470,0.616000,4.726000,2.649000,teleport_tsunami|teleport_tsunami,26|29,27|30,16.070159,16.070470,400-500,351-500,short_corrections_only
SITE2_P11,P11,SITE2,tsunami,C,2,5,6,P11_race_tsunami_C_5.csv,34,35,36,39,40,14:38:32.425,14:38:34.435,14:38:34.435,14:38:37.059,14:38:40.384,-1820.400000,-139.200000,-1189.900000,-1375.200000,-127.000000,-1014.300000,-1378.200000,-125.300000,-1004.600000,-1375.200000,-125.400000,-1014.700000,478.579565,478.735042,479.454826,479.656273,10.153325,10.294659,0.400000,1.649242,false,1,2,true,false,10.536128,10.536603,10.536128,10.536603,1.886000,4.634000,3.325000,teleport_tsunami|teleport_tsunami,35|38,36|39,10.536128,10.536603,400-500,351-500,short_corrections_only
SITE2_P12,P12,SITE2,map,A,3,11,1,P12_race_map_A_11.csv,3,4,5,5,6,09:54:52.924,09:54:59.528,09:54:59.528,09:54:59.528,09:55:01.034,1364.500000,-136.900000,-2182.400000,1036.100000,-125.400000,-1926.600000,1038.200000,-124.100000,-1926.700000,1038.200000,-124.100000,-1926.700000,416.269384,416.428205,414.552988,414.750552,2.102380,2.471841,2.102380,2.471841,true,0,1,true,false,0.000000,0.000000,0.000000,0.000000,,6.604000,1.506000,teleport_map,4,5,,,400-500,351-500,direct_hit
SITE2_P12,P12,SITE2,map,A,3,11,2,P12_race_map_A_11.csv,7,8,9,9,10,09:55:01.804,09:55:09.266,09:55:09.267,09:55:09.267,09:55:13.763,1038.200000,-124.100000,-1926.700000,660.800000,-122.800000,-2101.300000,663.300000,-121.400000,-2099.800000,663.300000,-121.400000,-2099.800000,415.831601,415.833633,406.515006,406.523972,2.915476,3.234192,2.915476,3.234192,true,0,1,true,false,0.000000,0.000000,0.000000,0.000000,,7.463000,4.496000,teleport_map,8,9,,,400-500,351-500,direct_hit
SITE2_P12,P12,SITE2,map,A,3,11,3,P12_race_map_A_11.csv,11,12,13,13,14,09:55:14.493,09:55:21.753,09:55:21.753,09:55:21.753,09:55:26.995,663.300000,-121.400000,-2099.800000,193.000000,-120.500000,-2075.600000,194.500000,-119.200000,-2075.000000,194.500000,-119.200000,-2075.000000,470.922212,470.923072,449.669768,449.673782,1.615549,2.073644,1.615549,2.073644,true,0,1,true,false,0.000000,0.000000,0.000000,0.000000,,7.260000,5.242000,teleport_map,12,13,,,400-500,351-500,direct_hit
SITE2_P12,P12,SITE2,map,A,3,11,4,P12_race_map_A_11.csv,15,16,17,17,18,09:55:28.429,09:55:39.867,09:55:39.867,09:55:39.867,09:55:44.905,194.300000,-119.200000,-2074.900000,207.800000,-130.500000,-1742.200000,206.200000,-129.000000,-1746.600000,206.200000,-129.000000,-1746.600000,332.973783,333.165469,307.452842,307.602682,4.681880,4.916299,4.681880,4.916299,true,0,1,true,false,0.000000,0.000000,0.000000,0.000000,,11.438000,5.038000,teleport_map,16,17,,,300-400,200-350,direct_hit
SITE2_P12,P12,SITE2,map,A,3,11,5,P12_race_map_A_11.csv,20,21,22,22,23,09:55:53.339,09:55:57.353,09:55:57.353,09:55:57.353,09:55:58.827,100.000000,-126.200000,-1776.300000,-221.000000,-110.700000,-1770.000000,-222.000000,-109.300000,-1769.500000,-222.000000,-109.300000,-1769.500000,321.061816,321.435748,322.071793,322.514883,1.118034,1.791647,1.118034,1.791647,true,0,1,true,false,0.000000,0.000000,0.000000,0.000000,,4.014000,1.474000,teleport_map,21,22,,,300-400,200-350,direct_hit
SITE2_P12,P12,SITE2,map,A,3,11,6,P12_race_map_A_11.csv,24,25,26,26,27,09:55:59.937,09:56:04.431,09:56:04.432,09:56:04.432,09:56:08.022,-222.000000,-109.300000,-1769.500000,-640.700000,-108.700000,-1512.100000,-639.300000,-107.400000,-1511.200000,-639.300000,-107.400000,-1511.200000,491.492065,491.492431,487.854005,487.857705,1.664332,2.111871,1.664332,2.111871,true,0,1,true,false,0.000000,0.000000,0.000000,0.000000,,4.495000,3.590000,teleport_map,25,26,,,400-500,351-500,direct_hit
SITE2_P12,P12,SITE2,map,B,3,9,1,P12_race_map_B_9.csv,3,4,5,5,6,09:51:25.388,09:51:45.643,09:51:45.644,09:51:45.644,09:51:54.875,-1587.500000,-148.200000,1834.200000,-1824.000000,-155.900000,2254.000000,-1822.300000,-154.600000,2250.800000,-1822.300000,-154.600000,2250.800000,481.834297,481.895819,457.989006,458.029628,3.623534,3.849675,3.623534,3.849675,true,0,1,true,false,0.000000,0.000000,0.000000,0.000000,,20.256000,9.231000,teleport_map,4,5,,,400-500,351-500,direct_hit
SITE2_P12,P12,SITE2,map,B,3,9,2,P12_race_map_B_9.csv,7,8,9,9,10,09:51:57.528,09:52:04.156,09:52:04.156,09:52:04.156,09:52:12.030,-1822.200000,-154.600000,2250.900000,-2183.500000,-156.800000,1969.600000,-2182.200000,-155.400000,1971.200000,-2182.200000,-155.400000,1971.200000,457.894508,457.899793,445.278037,445.278587,2.061553,2.491987,2.061553,2.491987,true,0,1,true,false,0.000000,0.000000,0.000000,0.000000,,6.628000,7.874000,teleport_map,8,9,,,400-500,351-500,direct_hit
SITE2_P12,P12,SITE2,map,B,3,9,3,P12_race_map_B_9.csv,11,12,13,13,14,09:52:13.834,09:52:20.537,09:52:20.537,09:52:20.537,09:52:25.322,-2182.100000,-155.400000,1971.200000,-2489.500000,-157.100000,2081.700000,-2488.800000,-155.700000,2081.400000,-2488.800000,-155.700000,2081.400000,326.657328,326.661752,308.781638,308.781897,0.761577,1.593738,0.761577,1.593738,true,0,1,true,false,0.000000,0.000000,0.000000,0.000000,,6.703000,4.785000,teleport_map,12,13,,,300-400,200-350,direct_hit
SITE2_P12,P12,SITE2,map,B,3,9,4,P12_race_map_B_9.csv,15,16,17,17,18,09:52:26.868,09:52:35.164,09:52:35.164,09:52:35.164,09:52:41.887,-2488.700000,-155.700000,2081.300000,-2630.000000,-156.100000,2448.000000,-2630.200000,-154.800000,2448.600000,-2630.200000,-154.800000,2448.600000,392.981654,392.981857,353.744046,353.745191,0.632456,1.445683,0.632456,1.445683,true,0,1,true,false,0.000000,0.000000,0.000000,0.000000,,8.296000,6.723000,teleport_map,16,17,,,300-400,351-500,direct_hit
SITE2_P12,P12,SITE2,map,B,3,9,5,P12_race_map_B_9.csv,19,20,21,21,22,09:52:44.343,09:52:49.987,09:52:49.987,09:52:49.987,09:52:54.601,-2630.400000,-154.800000,2448.600000,-2978.700000,-155.900000,2306.500000,-2980.100000,-154.600000,2306.300000,-2980.100000,-154.600000,2306.300000,376.171902,376.173510,356.329693,356.330591,1.414214,1.920937,1.414214,1.920937,true,0,1,true,false,0.000000,0.000000,0.000000,0.000000,,5.644000,4.614000,teleport_map,20,21,,,300-400,351-500,direct_hit
SITE2_P12,P12,SITE2,map,B,3,9,6,P12_race_map_B_9.csv,23,24,25,25,26,09:52:57.204,09:53:04.576,09:53:04.577,09:53:04.577,09:53:06.458,-2979.900000,-154.600000,2306.300000,-2999.000000,-156.000000,1931.000000,-2999.200000,-154.500000,1930.700000,-2999.200000,-154.500000,1930.700000,375.785710,375.788318,376.095533,376.095533,0.360555,1.542725,0.360555,1.542725,true,0,1,true,false,0.000000,0.000000,0.000000,0.000000,,7.373000,1.881000,teleport_map,24,25,,,300-400,351-500,direct_hit
SITE2_P12,P12,SITE2,map,C,3,10,1,P12_race_map_C_10.csv,3,4,5,5,6,09:53:28.762,09:53:33.996,09:53:33.996,09:53:33.996,09:53:35.342,-2003.400000,-141.900000,179.500000,-2299.700000,-147.700000,56.800000,-2297.000000,-146.400000,58.400000,-2297.000000,-146.400000,58.400000,320.700764,320.753207,317.594348,317.626227,3.138471,3.397058,3.138471,3.397058,true,0,1,true,false,0.000000,0.000000,0.000000,0.000000,,5.234000,1.346000,teleport_map,4,5,,,300-400,200-350,direct_hit
SITE2_P12,P12,SITE2,map,C,3,10,2,P12_race_map_C_10.csv,7,8,9,9,10,09:53:36.616,09:53:41.694,09:53:41.694,09:53:41.694,09:53:43.730,-2297.100000,-146.400000,58.500000,-2303.900000,-147.000000,-387.200000,-2300.900000,-145.700000,-385.400000,-2300.900000,-145.700000,-385.400000,445.751870,445.752274,444.016261,444.016813,3.498571,3.732292,3.498571,3.732292,true,0,1,true,false,0.000000,0.000000,0.000000,0.000000,,5.078000,2.036000,teleport_map,8,9,,,400-500,351-500,direct_hit
SITE2_P12,P12,SITE2,map,C,3,10,3,P12_race_map_C_10.csv,11,12,13,13,14,09:53:45.914,09:53:51.005,09:53:51.006,09:53:51.006,09:53:56.452,-2300.700000,-145.700000,-385.600000,-1943.900000,-143.600000,-367.100000,-1943.200000,-142.300000,-370.700000,-1943.200000,-142.300000,-370.700000,357.279289,357.285460,358.771752,358.786023,3.667424,3.891015,3.667424,3.891015,true,0,1,true,false,0.000000,0.000000,0.000000,0.000000,,5.092000,5.446000,teleport_map,12,13,,,300-400,351-500,direct_hit
SITE2_P12,P12,SITE2,map,C,3,10,4,P12_race_map_C_10.csv,15,16,17,17,18,09:53:59.231,09:54:03.743,09:54:03.743,09:54:03.743,09:54:06.115,-1943.100000,-142.400000,-370.600000,-2025.000000,-148.600000,-798.000000,-2029.000000,-147.200000,-799.600000,-2029.000000,-147.200000,-799.600000,435.176252,435.220415,437.535141,437.562578,4.308132,4.529901,4.308132,4.529901,true,0,1,true,false,0.000000,0.000000,0.000000,0.000000,,4.512000,2.372000,teleport_map,16,17,,,400-500,351-500,direct_hit
SITE2_P12,P12,SITE2,map,C,3,10,5,P12_race_map_C_10.csv,19,20,21,21,22,09:54:08.218,09:54:16.237,09:54:16.237,09:54:16.237,09:54:17.644,-2029.000000,-147.300000,-799.500000,-1819.400000,-140.800000,-1190.000000,-1816.200000,-139.300000,-1189.500000,-1816.200000,-139.300000,-1189.500000,443.195679,443.243342,444.366797,444.438803,3.238827,3.569314,3.238827,3.569314,true,0,1,true,false,0.000000,0.000000,0.000000,0.000000,,8.019000,1.407000,teleport_map,20,21,,,400-500,351-500,direct_hit
SITE2_P12,P12,SITE2,map,C,3,10,6,P12_race_map_C_10.csv,24,25,26,26,27,09:54:28.663,09:54:33.424,09:54:33.424,09:54:33.424,09:54:34.581,-1816.400000,-139.300000,-1189.400000,-1375.200000,-127.000000,-1014.300000,-1374.700000,-125.600000,-1017.400000,-1374.700000,-125.600000,-1017.400000,474.676153,474.835487,474.007268,474.205209,3.140064,3.438023,3.140064,3.438023,true,0,1,true,false,0.000000,0.000000,0.000000,0.000000,,4.761000,1.157000,teleport_map,25,26,,,400-500,351-500,direct_hit
SITE2_P12,P12,SITE2,tsunami,A,2,5,1,P12_race_tsunami_A_5.csv,3,4,5,8,9,09:37:26.425,09:37:30.564,09:37:30.564,09:37:32.339,09:37:36.683,1364.500000,-136.900000,-2182.300000,1036.100000,-125.400000,-1926.600000,1046.600000,-124.200000,-1934.200000,1040.200000,-124.100000,-1928.200000,416.207941,416.366785,403.254287,403.454223,12.961867,13.017296,4.401136,4.589118,false,1,2,true,false,8.772685,8.773255,8.772685,8.773255,0.711000,5.914000,4.344000,teleport_tsunami|teleport_tsunami,4|7,5|8,8.772685,8.773255,400-500,351-500,short_corrections_only
SITE2_P12,P12,SITE2,tsunami,A,2,5,2,P12_race_tsunami_A_5.csv,10,11,12,15,16,09:37:38.375,09:37:42.514,09:37:42.514,09:37:45.625,09:37:48.893,1040.200000,-124.100000,-1928.200000,660.800000,-122.800000,-2101.300000,652.200000,-121.400000,-2107.100000,659.600000,-121.400000,-2102.600000,417.022745,417.024771,427.257779,427.266310,10.373042,10.467091,1.769181,2.256103,false,1,2,true,false,8.321658,8.322259,8.321658,8.322259,2.032000,7.250000,3.268000,teleport_tsunami|teleport_tsunami,11|14,12|15,8.321658,8.322259,400-500,351-500,short_corrections_only
SITE2_P12,P12,SITE2,tsunami,A,2,5,3,P12_race_tsunami_A_5.csv,19,20,21,27,28,09:38:03.415,09:38:06.464,09:38:06.464,09:38:14.217,09:38:16.147,659.400000,-121.400000,-2102.600000,193.000000,-120.500000,-2075.600000,134.800000,-117.900000,-2079.100000,197.400000,-119.200000,-2074.200000,467.180864,467.181731,525.126090,525.137753,58.305146,58.363088,4.617359,4.796874,false,2,3,true,false,71.394113,71.408718,67.094113,67.108718,2.245000,10.802000,1.930000,teleport_tsunami|teleport_tsunami|teleport_tsunami,20|23|26,21|24|27,67.094113|4.300000,67.108718|4.300000,400-500,351-500,short_corrections_only
SITE2_P12,P12,SITE2,tsunami,A,2,5,5,P12_race_tsunami_A_5.csv,40,41,42,45,46,09:38:48.671,09:38:55.973,09:38:55.974,09:38:59.464,09:39:00.744,207.800000,-129.100000,-1742.600000,-221.000000,-110.700000,-1770.000000,-203.500000,-110.000000,-1767.600000,-217.900000,-109.500000,-1768.900000,429.674528,430.068320,412.059086,412.501515,17.663805,17.677670,3.289377,3.501428,false,1,2,true,false,14.467895,14.476533,14.467895,14.476533,0.675000,10.793000,1.280000,teleport_tsunami|teleport_tsunami,41|44,42|45,14.467895,14.476533,400-500,351-500,short_corrections_only
SITE2_P12,P12,SITE2,tsunami,A,2,5,6,P12_race_tsunami_A_5.csv,47,48,49,52,53,09:39:01.825,09:39:07.493,09:39:07.493,09:39:11.014,09:39:12.742,-217.900000,-109.400000,-1768.900000,-640.700000,-108.700000,-1512.100000,-651.700000,-107.300000,-1509.900000,-643.000000,-107.300000,-1511.400000,494.677754,494.678249,505.236024,505.240388,11.217843,11.304866,2.404163,2.782086,false,1,2,true,false,8.485281,8.485281,8.485281,8.485281,2.108000,9.189000,1.728000,teleport_tsunami|teleport_tsunami,48|51,49|52,8.485281,8.485281,400-500,351-500,short_corrections_only
SITE2_P12,P12,SITE2,tsunami,B,2,6,1,P12_race_tsunami_B_6.csv,3,4,5,5,6,11:29:24.131,11:29:30.520,11:29:30.520,11:29:30.520,11:29:32.231,-1587.400000,-148.100000,1834.200000,-1824.000000,-155.900000,2254.000000,-1819.900000,-154.700000,2252.700000,-1819.900000,-154.700000,2252.700000,481.883388,481.946512,478.659388,478.704888,4.301163,4.465423,4.301163,4.465423,true,0,1,true,false,0.000000,0.000000,0.000000,0.000000,,6.389000,1.711000,teleport_tsunami,4,5,,,400-500,351-500,direct_hit
SITE2_P12,P12,SITE2,tsunami,B,2,6,2,P12_race_tsunami_B_6.csv,7,8,9,9,10,11:29:34.329,11:29:38.198,11:29:38.198,11:29:38.198,11:29:39.594,-1819.900000,-154.700000,2252.700000,-2183.500000,-156.800000,1969.600000,-2177.800000,-155.300000,1973.800000,-2177.800000,-155.300000,1973.800000,460.815115,460.819900,453.737391,453.737788,7.080254,7.237403,7.080254,7.237403,true,0,1,true,false,0.000000,0.000000,0.000000,0.000000,,3.869000,1.396000,teleport_tsunami,8,9,,,400-500,351-500,direct_hit
SITE2_P12,P12,SITE2,tsunami,B,2,6,3,P12_race_tsunami_B_6.csv,12,13,14,14,15,11:29:45.301,11:29:49.135,11:29:49.135,11:29:49.135,11:29:50.714,-2177.900000,-155.300000,1973.800000,-2489.500000,-157.100000,2081.700000,-2488.000000,-155.700000,2081.300000,-2488.000000,-155.700000,2081.300000,329.752892,329.757805,328.204601,328.204845,1.552417,2.090454,1.552417,2.090454,true,0,1,true,false,0.000000,0.000000,0.000000,0.000000,,3.834000,1.579000,teleport_tsunami,13,14,,,300-400,200-350,direct_hit
SITE2_P12,P12,SITE2,tsunami,B,2,6,4,P12_race_tsunami_B_6.csv,16,17,18,24,25,11:29:52.085,11:29:57.759,11:29:57.760,11:30:10.449,11:30:12.318,-2488.000000,-155.700000,2081.400000,-2630.000000,-156.100000,2448.000000,-2640.700000,-156.800000,2472.000000,-2628.200000,-154.700000,2448.100000,393.140636,393.140840,419.387232,419.388674,26.277176,26.286498,1.802776,2.282542,false,2,3,false,true,235.243835,235.260670,130.972554,130.989389,2.313000,18.364000,1.869000,teleport_tsunami|teleport_tsunami|teleport_tsunami,17|20|23,18|21|24,130.972554|104.271281,130.989389|104.271281,300-400,351-500,contains_correction_at_least_100m
SITE2_P12,P12,SITE2,tsunami,B,2,6,5,P12_race_tsunami_B_6.csv,26,27,28,31,32,11:30:14.001,11:30:17.166,11:30:17.166,11:30:20.519,11:30:25.216,-2628.100000,-154.700000,2448.200000,-2978.700000,-155.900000,2306.500000,-2949.800000,-154.000000,2299.700000,-2977.000000,-154.400000,2306.200000,378.152416,378.154320,354.320674,354.321365,29.689224,29.749958,1.726268,2.286919,false,1,2,true,false,27.965872,27.968733,27.965872,27.968733,1.099000,6.518000,4.697000,teleport_tsunami|teleport_tsunami,27|30,28|31,27.965872,27.968733,300-400,351-500,short_corrections_only
SITE2_P12,P12,SITE2,tsunami,B,2,6,6,P12_race_tsunami_B_6.csv,33,34,35,38,39,11:30:27.783,11:30:38.674,11:30:38.674,11:30:45.312,11:30:49.986,-2976.900000,-154.400000,2306.300000,-2999.000000,-156.000000,1931.000000,-3004.200000,-154.500000,1890.000000,-2998.300000,-154.600000,1930.200000,375.950130,375.953534,417.194175,417.194187,41.328441,41.355653,1.063015,1.757840,false,1,2,true,false,40.477648,40.477772,40.477648,40.477772,2.005000,17.529000,4.674000,teleport_tsunami|teleport_tsunami,34|37,35|38,40.477648,40.477772,300-400,351-500,short_corrections_only
SITE2_P12,P12,SITE2,tsunami,C,2,7,1,P12_race_tsunami_C_7.csv,3,4,5,5,6,09:40:10.941,09:40:14.887,09:40:14.887,09:40:14.887,09:40:16.304,-2003.500000,-141.800000,179.600000,-2299.700000,-147.700000,56.800000,-2295.200000,-146.500000,58.000000,-2295.200000,-146.500000,58.000000,320.646659,320.700935,316.030774,316.065721,4.657252,4.809366,4.657252,4.809366,true,0,1,true,false,0.000000,0.000000,0.000000,0.000000,,3.946000,1.417000,teleport_tsunami,4,5,,,300-400,200-350,direct_hit
SITE2_P12,P12,SITE2,tsunami,C,2,7,2,P12_race_tsunami_C_7.csv,7,8,9,12,13,09:40:16.976,09:40:22.898,09:40:22.898,09:40:26.905,09:40:28.620,-2295.100000,-146.500000,58.100000,-2303.900000,-147.000000,-387.200000,-2302.300000,-145.900000,-414.900000,-2301.700000,-145.700000,-389.500000,445.386944,445.387225,473.054796,473.055176,27.746171,27.767967,3.182766,3.438023,false,1,2,true,false,25.104980,25.105776,25.104980,25.105776,1.843000,9.929000,1.715000,teleport_tsunami|teleport_tsunami,8|11,9|12,25.104980,25.105776,400-500,351-500,short_corrections_only
SITE2_P12,P12,SITE2,tsunami,C,2,7,3,P12_race_tsunami_C_7.csv,14,15,16,19,20,09:40:30.926,09:40:40.838,09:40:40.838,09:40:43.682,09:40:52.059,-2301.700000,-145.700000,-389.500000,-1943.900000,-143.600000,-367.100000,-1921.800000,-141.700000,-366.800000,-1936.100000,-142.000000,-365.900000,358.500488,358.506639,380.577587,380.598607,22.102036,22.183552,7.891768,8.052329,false,1,2,true,false,14.142843,14.146024,14.142843,14.146024,1.855000,12.756000,8.377000,teleport_tsunami|teleport_tsunami,15|18,16|19,14.142843,14.146024,300-400,351-500,short_corrections_only
SITE2_P12,P12,SITE2,tsunami,C,2,7,4,P12_race_tsunami_C_7.csv,21,22,23,23,24,09:40:53.655,09:40:58.214,09:40:58.215,09:40:58.215,09:41:00.013,-1935.900000,-142.000000,-365.800000,-2025.000000,-148.600000,-798.000000,-2022.200000,-147.300000,-793.400000,-2022.200000,-147.300000,-793.400000,441.288624,441.337977,436.221790,436.253986,5.385165,5.539856,5.385165,5.539856,true,0,1,true,false,0.000000,0.000000,0.000000,0.000000,,4.560000,1.798000,teleport_tsunami,22,23,,,400-500,351-500,direct_hit
SITE2_P12,P12,SITE2,tsunami,C,2,7,5,P12_race_tsunami_C_7.csv,25,26,27,39,40,09:41:01.181,09:41:04.585,09:41:04.585,09:41:22.335,09:41:24.201,-2022.300000,-147.300000,-793.300000,-1819.400000,-140.800000,-1190.000000,-1920.700000,-141.600000,-1016.300000,-1816.800000,-139.400000,-1189.800000,445.577490,445.624898,245.054198,245.120481,201.080531,201.082123,2.607681,2.959730,false,4,5,false,true,275.767357,275.785385,221.669393,221.671221,3.376000,21.154000,1.866000,teleport_tsunami|teleport_tsunami|teleport_tsunami|teleport_tsunami|teleport_tsunami,26|29|32|35|38,27|30|33|36|39,19.091883|221.669393|27.167076|7.839005,19.098429|221.671221|27.176092|7.839643,400-500,351-500,contains_correction_at_least_100m
SITE2_P12,P12,SITE2,tsunami,C,2,7,6,P12_race_tsunami_C_7.csv,41,42,43,46,47,09:41:26.287,09:41:33.469,09:41:33.470,09:41:38.766,09:41:40.749,-1816.500000,-139.400000,-1189.800000,-1375.200000,-127.000000,-1014.300000,-1355.300000,-125.000000,-999.000000,-1368.700000,-125.700000,-1010.400000,474.916772,475.078625,499.109287,499.316973,25.101793,25.181342,7.580237,7.690904,false,1,2,true,false,17.323395,17.337532,17.323395,17.337532,2.155000,12.479000,1.983000,teleport_tsunami|teleport_tsunami,42|45,43|46,17.323395,17.337532,400-500,351-500,short_corrections_only
SITE2_P13,P13,SITE2,map,A,1,1,1,P13_race_map_A_1.csv,3,4,5,5,6,08:48:54.361,08:48:59.875,08:48:59.876,08:48:59.876,08:49:03.976,1364.400000,-137.000000,-2182.400000,1036.100000,-125.400000,-1926.600000,1033.100000,-124.000000,-1926.400000,1033.100000,-124.000000,-1926.400000,416.190497,416.352123,418.683281,418.885056,3.006659,3.316625,3.006659,3.316625,true,0,1,true,false,0.000000,0.000000,0.000000,0.000000,,5.515000,4.100000,teleport_map,4,5,,,400-500,351-500,direct_hit
SITE2_P13,P13,SITE2,map,A,1,1,2,P13_race_map_A_1.csv,7,8,9,9,10,08:49:05.177,08:49:13.149,08:49:13.149,08:49:13.149,08:49:17.394,1033.100000,-124.000000,-1926.400000,660.800000,-122.800000,-2101.300000,656.500000,-121.300000,-2101.400000,656.500000,-121.300000,-2101.400000,411.335994,411.337744,415.274078,415.282217,4.301163,4.555217,4.301163,4.555217,true,0,1,true,false,0.000000,0.000000,0.000000,0.000000,,7.972000,4.245000,teleport_map,8,9,,,400-500,351-500,direct_hit
SITE2_P13,P13,SITE2,map,A,1,1,3,P13_race_map_A_1.csv,11,12,13,13,14,08:49:18.558,08:49:22.949,08:49:22.949,08:49:22.949,08:49:27.364,656.500000,-121.400000,-2101.400000,193.000000,-120.500000,-2075.600000,195.100000,-119.000000,-2077.000000,195.100000,-119.000000,-2077.000000,464.217503,464.218375,461.944856,461.950582,2.523886,2.935984,2.523886,2.935984,true,0,1,true,false,0.000000,0.000000,0.000000,0.000000,,4.391000,4.415000,teleport_map,12,13,,,400-500,351-500,direct_hit
SITE2_P13,P13,SITE2,map,A,1,1,4,P13_race_map_A_1.csv,15,16,17,17,18,08:49:28.530,08:49:33.364,08:49:33.365,08:49:33.365,08:49:36.118,195.100000,-119.100000,-2077.000000,207.800000,-130.500000,-1742.200000,210.800000,-129.100000,-1743.200000,210.800000,-129.100000,-1743.200000,335.040789,335.234679,334.169014,334.318606,3.162278,3.458323,3.162278,3.458323,true,0,1,true,false,0.000000,0.000000,0.000000,0.000000,,4.835000,2.753000,teleport_map,16,17,,,300-400,200-350,direct_hit
SITE2_P13,P13,SITE2,map,A,1,1,5,P13_race_map_A_1.csv,19,20,21,21,22,08:49:37.894,08:49:44.366,08:49:44.366,08:49:44.366,08:49:47.395,210.800000,-129.100000,-1743.300000,-221.000000,-110.700000,-1770.000000,-220.800000,-109.300000,-1771.900000,-220.800000,-109.300000,-1771.900000,432.624699,433.015808,432.646334,433.099169,1.910497,2.368544,1.910497,2.368544,true,0,1,true,false,0.000000,0.000000,0.000000,0.000000,,6.472000,3.029000,teleport_map,20,21,,,400-500,351-500,direct_hit
SITE2_P13,P13,SITE2,map,A,1,1,6,P13_race_map_A_1.csv,23,24,25,25,26,08:49:48.850,08:49:53.717,08:49:53.717,08:49:53.717,08:49:55.840,-220.900000,-109.300000,-1771.900000,-640.700000,-108.700000,-1512.100000,-641.500000,-107.300000,-1511.600000,-641.500000,-107.300000,-1511.600000,493.688242,493.688606,494.631631,494.635674,0.943398,1.688194,0.943398,1.688194,true,0,1,true,false,0.000000,0.000000,0.000000,0.000000,,4.867000,2.123000,teleport_map,24,25,,,400-500,351-500,direct_hit
SITE2_P13,P13,SITE2,map,B,1,2,1,P13_race_map_B_2.csv,3,4,5,5,6,08:50:13.708,08:50:16.827,08:50:16.827,08:50:16.827,08:50:19.134,-1587.500000,-148.200000,1834.200000,-1824.000000,-155.900000,2254.000000,-1822.000000,-154.600000,2252.900000,-1822.000000,-154.600000,2252.900000,481.834297,481.895819,479.895760,479.938434,2.282542,2.626785,2.282542,2.626785,true,0,1,true,false,0.000000,0.000000,0.000000,0.000000,,3.119000,2.307000,teleport_map,4,5,,,400-500,351-500,direct_hit
SITE2_P13,P13,SITE2,map,B,1,2,2,P13_race_map_B_2.csv,7,8,9,9,10,08:50:20.537,08:50:25.713,08:50:25.713,08:50:25.713,08:50:27.744,-1822.000000,-154.600000,2252.800000,-2183.500000,-156.800000,1969.600000,-2181.400000,-155.300000,1971.700000,-2181.400000,-155.300000,1971.700000,459.221613,459.226883,456.273569,456.274106,2.969848,3.327161,2.969848,3.327161,true,0,1,true,false,0.000000,0.000000,0.000000,0.000000,,5.176000,2.031000,teleport_map,8,9,,,400-500,351-500,direct_hit
SITE2_P13,P13,SITE2,map,B,1,2,3,P13_race_map_B_2.csv,11,12,13,13,14,08:50:28.860,08:50:32.011,08:50:32.011,08:50:32.011,08:50:34.059,-2181.400000,-155.300000,1971.700000,-2489.500000,-157.100000,2081.700000,-2486.800000,-155.600000,2081.000000,-2486.800000,-155.600000,2081.000000,327.147688,327.152640,324.275469,324.275716,2.789265,3.167018,2.789265,3.167018,true,0,1,true,false,0.000000,0.000000,0.000000,0.000000,,3.151000,2.048000,teleport_map,12,13,,,300-400,200-350,direct_hit
SITE2_P13,P13,SITE2,map,B,1,2,4,P13_race_map_B_2.csv,15,16,17,17,18,08:50:35.051,08:50:38.312,08:50:38.312,08:50:38.312,08:50:41.306,-2486.800000,-155.600000,2081.100000,-2630.000000,-156.100000,2448.000000,-2630.400000,-154.700000,2446.600000,-2630.400000,-154.700000,2446.600000,393.855113,393.855430,392.697352,392.698383,1.456022,2.019901,1.456022,2.019901,true,0,1,true,false,0.000000,0.000000,0.000000,0.000000,,3.261000,2.994000,teleport_map,16,17,,,300-400,351-500,direct_hit
SITE2_P13,P13,SITE2,map,B,1,2,5,P13_race_map_B_2.csv,19,20,21,21,22,08:50:42.224,08:50:46.067,08:50:46.067,08:50:46.067,08:50:47.958,-2630.400000,-154.800000,2446.500000,-2978.700000,-155.900000,2306.500000,-2973.800000,-154.400000,2309.200000,-2973.800000,-154.400000,2309.200000,375.383657,375.385269,369.867976,369.868193,5.594640,5.792236,5.594640,5.792236,true,0,1,true,false,0.000000,0.000000,0.000000,0.000000,,3.843000,1.891000,teleport_map,20,21,,,300-400,351-500,direct_hit
SITE2_P13,P13,SITE2,map,B,1,2,6,P13_race_map_B_2.csv,23,24,25,25,26,08:50:48.737,08:50:53.917,08:50:53.918,08:50:53.918,08:50:56.162,-2973.800000,-154.400000,2309.100000,-2999.000000,-156.000000,1931.000000,-2999.600000,-154.500000,1933.000000,-2999.600000,-154.500000,1933.000000,378.938847,378.942225,376.983886,376.983939,2.088061,2.570992,2.088061,2.570992,true,0,1,true,false,0.000000,0.000000,0.000000,0.000000,,5.181000,2.244000,teleport_map,24,25,,,300-400,351-500,direct_hit
SITE2_P13,P13,SITE2,map,C,1,3,1,P13_race_map_C_3.csv,3,4,5,5,6,08:51:09.874,08:51:14.471,08:51:14.471,08:51:14.471,08:51:16.402,-2003.300000,-141.900000,179.500000,-2299.700000,-147.700000,56.800000,-2300.100000,-146.200000,56.300000,-2300.100000,-146.200000,56.300000,320.793158,320.845586,321.354135,321.384256,0.640312,1.630951,0.640312,1.630951,true,0,1,true,false,0.000000,0.000000,0.000000,0.000000,,4.597000,1.931000,teleport_map,4,5,,,300-400,200-350,direct_hit
SITE2_P13,P13,SITE2,map,C,1,3,2,P13_race_map_C_3.csv,7,8,9,9,10,08:51:17.008,08:51:21.066,08:51:21.067,08:51:21.067,08:51:22.680,-2300.100000,-146.300000,56.300000,-2303.900000,-147.000000,-387.200000,-2304.800000,-145.600000,-388.200000,-2304.800000,-145.600000,-388.200000,443.516279,443.516832,444.524847,444.525399,1.345362,1.941649,1.345362,1.941649,true,0,1,true,false,0.000000,0.000000,0.000000,0.000000,,4.059000,1.613000,teleport_map,8,9,,,400-500,351-500,direct_hit
SITE2_P13,P13,SITE2,map,C,1,3,3,P13_race_map_C_3.csv,11,12,13,13,14,08:51:23.309,08:51:28.778,08:51:28.778,08:51:28.778,08:51:30.996,-2304.800000,-145.700000,-388.100000,-1943.900000,-143.600000,-367.100000,-1946.000000,-142.200000,-366.200000,-1946.000000,-142.200000,-366.200000,361.510456,361.516556,359.567546,359.583620,2.284732,2.679552,2.284732,2.679552,true,0,1,true,false,0.000000,0.000000,0.000000,0.000000,,5.469000,2.218000,teleport_map,12,13,,,300-400,351-500,direct_hit
SITE2_P13,P13,SITE2,map,C,1,3,4,P13_race_map_C_3.csv,15,16,17,17,18,08:51:32.186,08:51:35.817,08:51:35.817,08:51:35.817,08:51:38.774,-1946.000000,-142.300000,-366.300000,-2025.000000,-148.600000,-798.000000,-2023.700000,-147.100000,-802.200000,-2023.700000,-147.100000,-802.200000,438.868876,438.914092,442.869383,442.896489,4.396590,4.645428,4.396590,4.645428,true,0,1,true,false,0.000000,0.000000,0.000000,0.000000,,3.631000,2.957000,teleport_map,16,17,,,400-500,351-500,direct_hit
SITE2_P13,P13,SITE2,map,C,1,3,5,P13_race_map_C_3.csv,19,20,21,24,25,08:51:39.546,08:51:43.428,08:51:43.428,08:51:49.635,08:51:52.594,-2023.700000,-147.100000,-802.200000,-1819.400000,-140.800000,-1190.000000,-1820.000000,-139.500000,-1196.000000,-1820.900000,-139.500000,-1194.800000,438.323317,438.368589,443.364557,443.429690,6.029925,6.168468,5.028916,5.194228,false,1,2,true,false,1.581139,1.584298,1.581139,1.584298,1.426000,10.089000,2.959000,teleport_map|teleport_map,20|23,21|24,1.581139,1.584298,400-500,351-500,short_corrections_only
SITE2_P13,P13,SITE2,map,C,1,3,6,P13_race_map_C_3.csv,26,27,28,28,29,08:51:53.729,08:51:56.939,08:51:56.939,08:51:56.939,08:51:58.771,-1820.900000,-139.600000,-1194.700000,-1375.200000,-127.000000,-1014.300000,-1376.800000,-125.600000,-1016.900000,-1376.800000,-125.600000,-1016.900000,480.824968,480.990031,478.369784,478.574602,3.052868,3.358571,3.052868,3.358571,true,0,1,true,false,0.000000,0.000000,0.000000,0.000000,,3.210000,1.832000,teleport_map,27,28,,,400-500,351-500,direct_hit
SITE2_P13,P13,SITE2,tsunami,A,3,10,1,P13_race_tsunami_A_10.csv,3,4,5,8,9,09:09:51.058,09:09:53.205,09:09:53.205,09:09:54.939,09:09:56.273,1364.400000,-136.900000,-2182.500000,1036.100000,-125.400000,-1926.600000,1050.400000,-124.200000,-1933.300000,1039.100000,-124.000000,-1928.600000,416.251967,416.410795,400.869854,401.070979,15.791770,15.837298,3.605551,3.867816,false,1,2,true,false,12.238464,12.240098,12.238464,12.240098,0.596000,3.881000,1.334000,teleport_tsunami|teleport_tsunami,4|7,5|8,12.238464,12.240098,400-500,351-500,short_corrections_only
SITE2_P13,P13,SITE2,tsunami,A,3,10,2,P13_race_tsunami_A_10.csv,10,11,12,15,16,09:09:57.664,09:10:01.548,09:10:01.548,09:10:04.821,09:10:06.247,1039.200000,-124.000000,-1928.700000,660.800000,-122.800000,-2101.300000,652.200000,-121.300000,-2113.900000,658.800000,-121.300000,-2106.000000,415.905422,415.907153,429.031514,429.040010,15.255163,15.328731,5.107837,5.323533,false,1,2,true,false,10.217632,10.217632,10.217632,10.217632,1.707000,7.157000,1.426000,teleport_tsunami|teleport_tsunami,11|14,12|15,10.217632,10.217632,400-500,351-500,short_corrections_only
SITE2_P13,P13,SITE2,tsunami,A,3,10,3,P13_race_tsunami_A_10.csv,17,18,19,22,23,09:10:07.967,09:10:12.839,09:10:12.840,09:10:15.193,09:10:15.895,658.700000,-121.300000,-2106.100000,193.000000,-120.500000,-2075.600000,214.000000,-119.100000,-2080.300000,197.700000,-119.100000,-2077.500000,466.697697,466.698382,445.447786,445.453219,21.519526,21.565018,5.069517,5.259278,false,1,2,true,false,16.538742,16.538742,16.538742,16.538742,1.188000,7.226000,0.702000,teleport_tsunami|teleport_tsunami,18|21,19|22,16.538742,16.538742,400-500,351-500,short_corrections_only
SITE2_P13,P13,SITE2,tsunami,A,3,10,4,P13_race_tsunami_A_10.csv,24,25,26,26,27,09:10:17.342,09:10:20.996,09:10:20.996,09:10:20.996,09:10:22.300,197.800000,-119.100000,-2077.400000,207.800000,-130.500000,-1742.200000,209.200000,-129.100000,-1737.200000,209.200000,-129.100000,-1737.200000,335.349132,335.542844,340.394315,340.541172,5.192302,5.377732,5.192302,5.377732,true,0,1,true,false,0.000000,0.000000,0.000000,0.000000,,3.654000,1.304000,teleport_tsunami,25,26,,,300-400,200-350,direct_hit
SITE2_P13,P13,SITE2,tsunami,A,3,10,5,P13_race_tsunami_A_10.csv,28,29,30,30,31,09:10:23.910,09:10:26.135,09:10:26.135,09:10:26.135,09:10:27.305,209.200000,-129.100000,-1737.300000,-221.000000,-110.700000,-1770.000000,-217.400000,-109.400000,-1769.500000,-217.400000,-109.400000,-1769.500000,431.440992,431.833174,427.813511,428.266844,3.634556,3.860052,3.634556,3.860052,true,0,1,true,false,0.000000,0.000000,0.000000,0.000000,,2.225000,1.170000,teleport_tsunami,29,30,,,400-500,351-500,direct_hit
SITE2_P13,P13,SITE2,tsunami,A,3,10,6,P13_race_tsunami_A_10.csv,32,33,34,34,35,09:10:28.216,09:10:31.344,09:10:31.344,09:10:31.344,09:10:32.398,-217.400000,-109.400000,-1769.500000,-640.700000,-108.700000,-1512.100000,-634.400000,-107.400000,-1507.500000,-634.400000,-107.400000,-1507.500000,495.416643,495.417137,492.476395,492.480456,7.800641,7.908224,7.800641,7.908224,true,0,1,true,false,0.000000,0.000000,0.000000,0.000000,,3.128000,1.054000,teleport_tsunami,33,34,,,400-500,351-500,direct_hit
SITE2_P13,P13,SITE2,tsunami,B,3,11,1,P13_race_tsunami_B_11.csv,3,4,5,8,9,09:10:48.186,09:10:50.785,09:10:50.786,09:10:53.205,09:10:56.111,-1587.500000,-148.100000,1834.100000,-1824.000000,-155.900000,2254.000000,-1823.900000,-154.600000,2259.800000,-1823.500000,-154.600000,2255.500000,481.921425,481.984543,486.934749,486.978131,5.800862,5.944746,1.581139,2.046949,false,1,2,true,false,4.011234,4.012481,4.011234,4.012481,1.847000,5.019000,2.906000,teleport_tsunami|teleport_tsunami,4|7,5|8,4.011234,4.012481,400-500,351-500,short_corrections_only
SITE2_P13,P13,SITE2,tsunami,B,3,11,2,P13_race_tsunami_B_11.csv,10,11,12,15,16,09:10:57.119,09:10:59.138,09:10:59.138,09:11:00.957,09:11:01.799,-1823.500000,-154.500000,2255.500000,-2183.500000,-156.800000,1969.600000,-2153.500000,-155.200000,1993.000000,-2180.200000,-155.300000,1970.400000,459.716010,459.721764,421.670784,421.671365,38.046813,38.080441,3.395585,3.712142,false,1,2,true,false,34.980709,34.980852,34.980709,34.980852,0.706000,3.838000,0.842000,teleport_tsunami|teleport_tsunami,11|14,12|15,34.980709,34.980852,400-500,351-500,short_corrections_only
SITE2_P13,P13,SITE2,tsunami,B,3,11,3,P13_race_tsunami_B_11.csv,18,19,20,20,21,09:11:06.248,09:11:07.939,09:11:07.939,09:11:07.939,09:11:12.575,-2180.200000,-155.300000,1970.500000,-2489.500000,-157.100000,2081.700000,-2493.600000,-155.700000,2077.200000,-2493.600000,-155.700000,2077.200000,328.682111,328.687040,331.001224,331.001465,6.087693,6.246599,6.087693,6.246599,true,0,1,true,false,0.000000,0.000000,0.000000,0.000000,,1.691000,4.636000,teleport_tsunami,19,20,,,300-400,200-350,direct_hit
SITE2_P13,P13,SITE2,tsunami,B,3,11,4,P13_race_tsunami_B_11.csv,22,23,24,33,34,09:11:14.942,09:11:16.424,09:11:16.425,09:11:26.318,09:11:28.129,-2493.500000,-155.700000,2077.300000,-2630.000000,-156.100000,2448.000000,-2618.200000,-155.200000,2494.900000,-2628.400000,-154.700000,2447.200000,395.032581,395.032783,435.820892,435.821179,48.361658,48.370032,1.788854,2.271563,false,3,4,true,false,67.477836,67.481868,25.167638,25.167837,2.343000,11.376000,1.811000,teleport_tsunami|teleport_tsunami|teleport_tsunami|teleport_tsunami,23|26|29|32,24|27|30|33,20.869116|25.167638|21.441082,20.872949|25.167837|21.441082,300-400,351-500,short_corrections_only
SITE2_P13,P13,SITE2,tsunami,B,3,11,5,P13_race_tsunami_B_11.csv,35,36,37,43,44,09:11:29.100,09:11:31.213,09:11:31.214,09:11:37.573,09:11:38.434,-2628.400000,-154.700000,2447.100000,-2978.700000,-155.900000,2306.500000,-2834.400000,-154.900000,2354.900000,-2976.300000,-154.400000,2305.300000,377.463177,377.465084,225.691914,225.692003,152.200690,152.203975,2.683282,3.074085,false,2,3,false,true,150.347079,150.358370,121.908900,121.913863,0.667000,8.473000,0.861000,teleport_tsunami|teleport_tsunami|teleport_tsunami,36|39|42,37|40|43,121.908900|28.438179,121.913863|28.444507,300-400,351-500,contains_correction_at_least_100m
SITE2_P13,P13,SITE2,tsunami,B,3,11,6,P13_race_tsunami_B_11.csv,45,46,47,50,51,09:11:39.760,09:11:42.410,09:11:42.410,09:11:44.274,09:11:44.931,-2976.100000,-154.400000,2305.400000,-2999.000000,-156.000000,1931.000000,-2996.700000,-154.500000,1952.900000,-2998.100000,-154.500000,1930.800000,375.099680,375.103092,353.101416,353.101430,22.020445,22.071475,0.921954,1.760682,false,1,2,true,false,22.144299,22.144299,22.144299,22.144299,0.774000,4.514000,0.657000,teleport_tsunami|teleport_tsunami,46|49,47|50,22.144299,22.144299,300-400,351-500,short_corrections_only
SITE2_P13,P13,SITE2,tsunami,C,3,9,1,P13_race_tsunami_C_9.csv,3,4,5,8,9,09:08:25.030,09:08:27.402,09:08:27.402,09:08:29.865,09:08:31.206,-2003.200000,-141.800000,179.600000,-2299.700000,-147.700000,56.800000,-2262.300000,-146.200000,71.700000,-2299.800000,-146.200000,56.200000,320.923807,320.978037,280.669236,280.703723,40.258788,40.286722,0.608276,1.618641,false,1,2,true,false,40.577087,40.577087,40.577087,40.577087,0.973000,4.835000,1.341000,teleport_tsunami|teleport_tsunami,4|7,5|8,40.577087,40.577087,300-400,200-350,short_corrections_only
SITE2_P13,P13,SITE2,tsunami,C,3,9,2,P13_race_tsunami_C_9.csv,10,11,12,18,19,09:08:33.130,09:08:36.058,09:08:36.058,09:08:42.790,09:08:44.863,-2299.900000,-146.200000,56.000000,-2303.900000,-147.000000,-387.200000,-2306.000000,-146.100000,-441.600000,-2303.600000,-145.600000,-389.800000,443.218050,443.218772,497.637388,497.637398,54.440518,54.447957,2.617250,2.968164,false,2,3,true,false,51.858389,51.860819,43.237484,43.239334,3.059000,9.660000,2.073000,teleport_tsunami|teleport_tsunami|teleport_tsunami,11|14|17,12|15|18,43.237484|8.620905,43.239334|8.621485,400-500,351-500,short_corrections_only
SITE2_P13,P13,SITE2,tsunami,C,3,9,3,P13_race_tsunami_C_9.csv,20,21,22,25,26,09:08:47.243,09:08:50.502,09:08:50.502,09:08:52.902,09:08:54.967,-2303.600000,-145.600000,-389.900000,-1943.900000,-143.600000,-367.100000,-1950.400000,-142.500000,-367.700000,-1946.100000,-142.300000,-368.300000,360.421878,360.427427,353.896991,353.910568,6.527634,6.619668,2.505993,2.823119,false,1,2,true,false,4.341659,4.346263,4.341659,4.346263,1.069000,5.659000,2.065000,teleport_tsunami|teleport_tsunami,21|24,22|25,4.341659,4.346263,300-400,351-500,short_corrections_only
SITE2_P13,P13,SITE2,tsunami,C,3,9,4,P13_race_tsunami_C_9.csv,27,28,29,35,36,09:08:57.577,09:09:00.818,09:09:00.818,09:09:06.776,09:09:09.108,-1946.000000,-142.300000,-368.500000,-2025.000000,-148.600000,-798.000000,-2018.300000,-147.300000,-756.300000,-2024.700000,-147.100000,-801.300000,436.704992,436.750432,394.482104,394.513789,42.234820,42.254822,3.313608,3.637307,false,2,3,true,false,54.821084,54.823055,50.163832,50.164729,0.667000,9.199000,2.332000,teleport_tsunami|teleport_tsunami|teleport_tsunami,28|31|34,29|32|35,50.163832|4.657252,50.164729|4.658326,400-500,351-500,short_corrections_only
SITE2_P13,P13,SITE2,tsunami,C,3,9,5,P13_race_tsunami_C_9.csv,41,42,43,46,47,09:09:15.498,09:09:17.549,09:09:17.549,09:09:19.585,09:09:20.876,-1971.700000,-143.000000,-912.200000,-1819.400000,-140.800000,-1190.000000,-1831.800000,-139.500000,-1165.600000,-1821.200000,-139.400000,-1187.500000,316.809296,316.816935,289.453917,289.475077,27.370057,27.400912,3.080584,3.383785,false,1,2,true,false,24.330434,24.330639,24.330434,24.330639,0.628000,4.087000,1.291000,teleport_tsunami|teleport_tsunami,42|45,43|46,24.330434,24.330639,300-400,200-350,short_corrections_only
SITE2_P13,P13,SITE2,tsunami,C,3,9,6,P13_race_tsunami_C_9.csv,49,50,51,54,55,09:09:28.049,09:09:29.988,09:09:29.988,09:09:33.441,09:09:34.971,-1821.200000,-139.400000,-1187.400000,-1375.200000,-127.000000,-1014.300000,-1364.300000,-125.200000,-1004.300000,-1372.300000,-125.500000,-1013.000000,478.413639,478.574310,492.222734,492.427518,14.792228,14.901342,3.178050,3.514257,false,1,2,true,false,11.684605,11.686317,11.684605,11.686317,2.024000,5.392000,1.530000,teleport_tsunami|teleport_tsunami,50|53,51|54,11.684605,11.686317,400-500,351-500,short_corrections_only
SITE2_P14,P14,SITE2,map,A,1,3,1,P14_race_map_A_3.csv,3,4,5,5,6,10:45:27.477,10:45:33.315,10:45:33.315,10:45:33.315,10:45:34.979,1364.600000,-136.900000,-2182.300000,1036.100000,-125.400000,-1926.600000,1040.600000,-124.000000,-1927.600000,1040.600000,-124.000000,-1927.600000,416.286848,416.445663,412.126303,412.328146,4.609772,4.817676,4.609772,4.817676,true,0,1,true,false,0.000000,0.000000,0.000000,0.000000,,5.838000,1.664000,teleport_map,4,5,,,400-500,351-500,direct_hit
SITE2_P14,P14,SITE2,map,A,1,3,2,P14_race_map_A_3.csv,7,8,9,9,10,10:45:37.786,10:45:42.009,10:45:42.009,10:45:42.009,10:45:43.622,1040.500000,-124.100000,-1927.700000,660.800000,-122.800000,-2101.300000,663.900000,-121.400000,-2098.900000,663.900000,-121.400000,-2098.900000,417.503353,417.505377,413.687080,413.695891,3.920459,4.162932,3.920459,4.162932,true,0,1,true,false,0.000000,0.000000,0.000000,0.000000,,4.223000,1.613000,teleport_map,8,9,,,400-500,351-500,direct_hit
SITE2_P14,P14,SITE2,map,A,1,3,3,P14_race_map_A_3.csv,11,12,13,13,14,10:45:45.649,10:45:48.829,10:45:48.829,10:45:48.829,10:45:50.874,663.800000,-121.400000,-2098.900000,193.000000,-120.500000,-2075.600000,190.400000,-119.200000,-2071.600000,190.400000,-119.200000,-2071.600000,471.376209,471.377068,474.186514,474.191617,4.770744,4.944694,4.770744,4.944694,true,0,1,true,false,0.000000,0.000000,0.000000,0.000000,,3.180000,2.045000,teleport_map,12,13,,,400-500,351-500,direct_hit
SITE2_P14,P14,SITE2,map,A,1,3,4,P14_race_map_A_3.csv,15,16,17,23,24,10:45:52.862,10:45:55.996,10:45:55.996,10:46:07.416,10:46:09.648,190.500000,-119.200000,-2071.600000,207.800000,-130.500000,-1742.200000,209.700000,-129.000000,-1748.000000,208.800000,-129.100000,-1743.400000,329.853983,330.047481,324.169092,324.317190,6.103278,6.284903,1.562050,2.097618,false,2,3,true,false,20.032883,20.034504,12.332883,12.334504,1.281000,14.554000,2.232000,teleport_map|teleport_map|teleport_map,16|19|22,17|20|23,12.332883|7.700000,12.334504|7.700000,300-400,200-350,short_corrections_only
SITE2_P14,P14,SITE2,map,A,1,3,5,P14_race_map_A_3.csv,25,26,27,27,28,10:46:11.557,10:46:15.427,10:46:15.428,10:46:15.428,10:46:18.578,208.800000,-129.100000,-1743.400000,-221.000000,-110.700000,-1770.000000,-224.700000,-109.200000,-1770.300000,-224.700000,-109.200000,-1770.300000,430.622340,431.015267,434.439823,434.895355,3.712142,4.003748,3.712142,4.003748,true,0,1,true,false,0.000000,0.000000,0.000000,0.000000,,3.871000,3.150000,teleport_map,26,27,,,400-500,351-500,direct_hit
SITE2_P14,P14,SITE2,map,A,1,3,6,P14_race_map_A_3.csv,29,30,31,31,32,10:46:20.124,10:46:23.790,10:46:23.790,10:46:23.790,10:46:25.797,-224.800000,-109.200000,-1770.300000,-640.700000,-108.700000,-1512.100000,-640.900000,-107.300000,-1512.100000,-640.900000,-107.300000,-1512.100000,489.530438,489.530694,489.647649,489.651335,0.200000,1.414214,0.200000,1.414214,true,0,1,true,false,0.000000,0.000000,0.000000,0.000000,,3.666000,2.007000,teleport_map,30,31,,,400-500,351-500,direct_hit
SITE2_P14,P14,SITE2,map,B,1,1,1,P14_race_map_B_1.csv,3,4,5,8,9,10:41:32.092,10:41:37.080,10:41:37.080,10:41:42.691,10:41:44.810,-1587.500000,-148.200000,1834.100000,-1824.000000,-155.900000,2254.000000,-1814.900000,-154.700000,2241.800000,-1822.900000,-154.500000,2253.800000,481.921425,481.982935,466.829787,466.875037,15.220053,15.267285,1.118034,1.791647,false,1,2,true,false,14.422205,14.422552,14.422205,14.422552,2.293000,10.599000,2.119000,teleport_map|teleport_map,4|7,5|8,14.422205,14.422552,400-500,351-500,short_corrections_only
SITE2_P14,P14,SITE2,map,B,1,1,2,P14_race_map_B_1.csv,10,11,12,12,13,10:41:50.663,10:42:05.352,10:42:05.352,10:42:05.352,10:42:09.163,-1822.800000,-154.600000,2253.900000,-2183.500000,-156.800000,1969.600000,-2179.800000,-155.300000,1971.200000,-2179.800000,-155.300000,1971.200000,459.272229,459.277498,455.377086,455.377624,4.031129,4.301163,4.031129,4.301163,true,0,1,true,false,0.000000,0.000000,0.000000,0.000000,,14.689000,3.811000,teleport_map,11,12,,,400-500,351-500,direct_hit
SITE2_P14,P14,SITE2,map,B,1,1,3,P14_race_map_B_1.csv,14,15,16,16,17,10:42:12.221,10:42:17.052,10:42:17.052,10:42:17.052,10:42:20.486,-2179.900000,-155.300000,1971.100000,-2489.500000,-157.100000,2081.700000,-2489.200000,-155.600000,2083.600000,-2489.200000,-155.600000,2083.600000,328.762102,328.767030,329.184021,329.184265,1.923538,2.439262,1.923538,2.439262,true,0,1,true,false,0.000000,0.000000,0.000000,0.000000,,4.831000,3.434000,teleport_map,15,16,,,300-400,200-350,direct_hit
SITE2_P14,P14,SITE2,map,B,1,1,4,P14_race_map_B_1.csv,18,19,20,20,21,10:42:23.103,10:42:34.982,10:42:34.982,10:42:34.982,10:42:37.044,-2489.200000,-155.700000,2083.700000,-2630.000000,-156.100000,2448.000000,-2628.800000,-154.700000,2447.300000,-2628.800000,-154.700000,2447.300000,390.562581,390.562786,389.478010,389.479293,1.389244,1.972308,1.389244,1.972308,true,0,1,true,false,0.000000,0.000000,0.000000,0.000000,,11.879000,2.062000,teleport_map,19,20,,,300-400,351-500,direct_hit
SITE2_P14,P14,SITE2,map,B,1,1,5,P14_race_map_B_1.csv,22,23,24,24,25,10:42:40.215,10:42:45.780,10:42:45.780,10:42:45.780,10:42:48.205,-2628.700000,-154.700000,2447.400000,-2978.700000,-155.900000,2306.500000,-2977.700000,-154.500000,2308.500000,-2977.700000,-154.500000,2308.500000,377.296713,377.298622,375.588125,375.588179,2.236068,2.638181,2.236068,2.638181,true,0,1,true,false,0.000000,0.000000,0.000000,0.000000,,5.565000,2.425000,teleport_map,23,24,,,300-400,351-500,direct_hit
SITE2_P14,P14,SITE2,map,B,1,1,6,P14_race_map_B_1.csv,26,27,28,28,29,10:42:51.733,10:42:57.910,10:42:57.910,10:42:57.910,10:43:00.694,-2977.700000,-154.600000,2308.400000,-2999.000000,-156.000000,1931.000000,-3000.500000,-154.400000,1934.900000,-3000.500000,-154.400000,1934.900000,378.000595,378.003188,374.195257,374.195270,4.178516,4.474371,4.178516,4.474371,true,0,1,true,false,0.000000,0.000000,0.000000,0.000000,,6.177000,2.784000,teleport_map,27,28,,,300-400,351-500,direct_hit
SITE2_P14,P14,SITE2,map,C,1,2,1,P14_race_map_C_2.csv,3,4,5,5,6,10:43:39.067,10:43:44.961,10:43:44.962,10:43:44.962,10:43:47.077,-2003.300000,-141.900000,179.600000,-2299.700000,-147.700000,56.800000,-2300.700000,-146.200000,57.100000,-2300.700000,-146.200000,57.100000,320.831420,320.883842,321.641120,321.669862,1.044031,1.827567,1.044031,1.827567,true,0,1,true,false,0.000000,0.000000,0.000000,0.000000,,5.895000,2.115000,teleport_map,4,5,,,300-400,200-350,direct_hit
SITE2_P14,P14,SITE2,map,C,1,2,2,P14_race_map_C_2.csv,7,8,9,9,10,10:43:49.989,10:43:58.812,10:43:58.812,10:43:58.812,10:44:01.594,-2300.700000,-146.200000,57.100000,-2303.900000,-147.000000,-387.200000,-2304.100000,-145.600000,-386.600000,-2304.100000,-145.600000,-386.600000,444.311524,444.312244,443.713027,443.713432,0.632456,1.536229,0.632456,1.536229,true,0,1,true,false,0.000000,0.000000,0.000000,0.000000,,8.823000,2.782000,teleport_map,8,9,,,400-500,351-500,direct_hit
SITE2_P14,P14,SITE2,map,C,1,2,3,P14_race_map_C_2.csv,11,12,13,13,14,10:44:05.850,10:44:12.281,10:44:12.281,10:44:12.281,10:44:16.274,-2304.000000,-145.600000,-386.800000,-1943.900000,-143.600000,-367.100000,-1943.300000,-142.200000,-368.400000,-1943.300000,-142.200000,-368.400000,360.638462,360.644007,361.169005,361.184080,1.431782,2.002498,1.431782,2.002498,true,0,1,true,false,0.000000,0.000000,0.000000,0.000000,,6.431000,3.993000,teleport_map,12,13,,,300-400,351-500,direct_hit
SITE2_P14,P14,SITE2,map,C,1,2,4,P14_race_map_C_2.csv,15,16,17,17,18,10:44:21.428,10:44:28.823,10:44:28.824,10:44:28.824,10:44:31.508,-1943.400000,-142.300000,-368.400000,-2025.000000,-148.600000,-798.000000,-2025.300000,-147.100000,-799.400000,-2025.300000,-147.100000,-799.400000,437.281054,437.326434,438.810688,438.838045,1.431782,2.073644,1.431782,2.073644,true,0,1,true,false,0.000000,0.000000,0.000000,0.000000,,7.396000,2.684000,teleport_map,16,17,,,400-500,351-500,direct_hit
SITE2_P14,P14,SITE2,map,C,1,2,5,P14_race_map_C_2.csv,19,20,21,24,25,10:44:33.641,10:44:39.176,10:44:39.177,10:44:46.088,10:44:48.095,-2025.300000,-147.200000,-799.500000,-1819.400000,-140.800000,-1190.000000,-1826.500000,-139.400000,-1187.100000,-1818.700000,-139.300000,-1188.800000,441.457880,441.504270,435.608999,435.678827,7.669420,7.796153,1.389244,2.044505,false,1,2,true,false,7.907591,7.907591,7.907591,7.907591,3.080000,12.447000,2.007000,teleport_map|teleport_map,20|23,21|24,7.907591,7.907591,400-500,351-500,short_corrections_only
SITE2_P14,P14,SITE2,map,C,1,2,6,P14_race_map_C_2.csv,26,27,28,28,29,10:44:51.213,10:44:55.527,10:44:55.527,10:44:55.527,10:44:57.255,-1818.600000,-139.300000,-1188.800000,-1375.200000,-127.000000,-1014.300000,-1377.700000,-125.600000,-1016.400000,-1377.700000,-125.600000,-1016.400000,476.501637,476.660361,473.407404,473.605595,3.264966,3.552464,3.264966,3.552464,true,0,1,true,false,0.000000,0.000000,0.000000,0.000000,,4.314000,1.728000,teleport_map,27,28,,,400-500,351-500,direct_hit
SITE2_P14,P14,SITE2,tsunami,A,3,9,1,P14_race_tsunami_A_9.csv,3,4,5,11,12,11:24:04.395,11:24:08.354,11:24:08.355,11:24:17.834,11:24:20.359,1364.500000,-136.900000,-2182.300000,1036.100000,-125.400000,-1926.600000,1018.900000,-124.700000,-1907.400000,1038.600000,-124.000000,-1926.400000,416.207941,416.366785,441.598653,441.767145,25.777510,25.787012,2.507987,2.872281,false,2,3,true,false,42.587808,42.595465,35.007571,35.014568,3.678000,13.439000,2.525000,teleport_tsunami|teleport_tsunami|teleport_tsunami,4|7|10,5|8|11,35.007571|7.580237,35.014568|7.580897,400-500,351-500,short_corrections_only
SITE2_P14,P14,SITE2,tsunami,A,3,9,2,P14_race_tsunami_A_9.csv,13,14,15,18,19,11:24:22.551,11:24:25.799,11:24:25.799,11:24:33.521,11:24:36.319,1038.600000,-124.000000,-1926.500000,660.800000,-122.800000,-2101.300000,629.700000,-121.300000,-2118.100000,664.900000,-121.300000,-2098.500000,416.278609,416.280338,451.563694,451.571766,35.347560,35.379373,4.964877,5.186521,false,1,2,true,false,40.065571,40.065571,40.065571,40.065571,4.099000,10.970000,2.798000,teleport_tsunami|teleport_tsunami,14|17,15|18,40.065571,40.065571,400-500,351-500,short_corrections_only
SITE2_P14,P14,SITE2,tsunami,A,3,9,4,P14_race_tsunami_A_9.csv,31,32,33,33,34,11:25:03.271,11:25:08.373,11:25:08.374,11:25:08.374,11:25:12.674,193.700000,-119.000000,-2073.400000,207.800000,-130.500000,-1742.200000,212.500000,-129.100000,-1738.700000,212.500000,-129.100000,-1738.700000,331.500000,331.699412,335.227579,335.379695,5.860034,6.024948,5.860034,6.024948,true,0,1,true,false,0.000000,0.000000,0.000000,0.000000,,5.103000,4.300000,teleport_tsunami,32,33,,,300-400,200-350,direct_hit
SITE2_P14,P14,SITE2,tsunami,A,3,9,5,P14_race_tsunami_A_9.csv,35,36,37,40,41,11:25:17.256,11:25:20.630,11:25:20.630,11:25:23.326,11:25:25.345,212.400000,-129.100000,-1738.600000,-221.000000,-110.700000,-1770.000000,-234.400000,-108.800000,-1768.300000,-222.200000,-109.200000,-1768.400000,434.535982,434.925373,447.786031,448.245937,13.507405,13.640381,2.000000,2.500000,false,1,2,true,false,11.900420,11.907141,11.900420,11.907141,1.902000,6.070000,2.019000,teleport_tsunami|teleport_tsunami,36|39,37|40,11.900420,11.907141,400-500,351-500,short_corrections_only
SITE2_P14,P14,SITE2,tsunami,A,3,9,6,P14_race_tsunami_A_9.csv,42,43,44,44,45,11:25:28.542,11:25:31.572,11:25:31.572,11:25:31.572,11:25:33.901,-222.600000,-109.200000,-1768.500000,-640.700000,-108.700000,-1512.100000,-642.600000,-107.300000,-1507.900000,-642.600000,-107.300000,-1507.900000,490.457511,490.457766,494.279637,494.283289,4.609772,4.817676,4.609772,4.817676,true,0,1,true,false,0.000000,0.000000,0.000000,0.000000,,3.030000,2.329000,teleport_tsunami,43,44,,,400-500,351-500,direct_hit
SITE2_P14,P14,SITE2,tsunami,B,3,10,1,P14_race_tsunami_B_10.csv,3,4,5,8,9,11:25:51.993,11:25:55.193,11:25:55.193,11:25:58.870,11:26:01.501,-1587.500000,-148.100000,1834.200000,-1824.000000,-155.900000,2254.000000,-1826.200000,-154.600000,2265.600000,-1823.400000,-154.500000,2257.600000,481.834297,481.897427,493.035141,493.077986,11.806778,11.878131,3.649658,3.908964,false,1,2,true,false,8.415462,8.417838,8.415462,8.417838,2.292000,6.877000,2.631000,teleport_tsunami|teleport_tsunami,4|7,5|8,8.415462,8.417838,400-500,351-500,short_corrections_only
SITE2_P14,P14,SITE2,tsunami,B,3,10,2,P14_race_tsunami_B_10.csv,10,11,12,12,13,11:26:06.125,11:26:09.595,11:26:09.596,11:26:09.596,11:26:11.204,-1823.400000,-154.500000,2257.600000,-2183.500000,-156.800000,1969.600000,-2177.100000,-155.200000,1974.400000,-2177.100000,-155.200000,1974.400000,461.103036,461.108772,453.106974,453.107515,8.000000,8.158431,8.000000,8.158431,true,0,1,true,false,0.000000,0.000000,0.000000,0.000000,,3.471000,1.608000,teleport_tsunami,11,12,,,400-500,351-500,direct_hit
SITE2_P14,P14,SITE2,tsunami,B,3,10,3,P14_race_tsunami_B_10.csv,15,16,17,17,18,11:26:19.017,11:26:20.503,11:26:20.503,11:26:20.503,11:26:22.378,-2177.000000,-155.200000,1974.500000,-2489.500000,-157.100000,2081.700000,-2487.000000,-155.600000,2083.600000,-2487.000000,-155.600000,2083.600000,330.375680,330.381144,328.637810,328.638053,3.140064,3.479943,3.140064,3.479943,true,0,1,true,false,0.000000,0.000000,0.000000,0.000000,,1.486000,1.875000,teleport_tsunami,16,17,,,300-400,200-350,direct_hit
SITE2_P14,P14,SITE2,tsunami,B,3,10,4,P14_race_tsunami_B_10.csv,19,20,21,24,25,11:26:24.454,11:26:26.603,11:26:26.603,11:26:28.367,11:26:30.071,-2486.900000,-155.600000,2083.600000,-2630.000000,-156.100000,2448.000000,-2623.200000,-154.600000,2440.700000,-2626.600000,-154.700000,2447.900000,391.490702,391.491022,382.227812,382.229120,9.976472,10.088607,3.401470,3.678315,false,1,2,true,false,7.962412,7.963040,7.962412,7.963040,1.033000,3.913000,1.704000,teleport_tsunami|teleport_tsunami,20|23,21|24,7.962412,7.963040,300-400,351-500,short_corrections_only
SITE2_P14,P14,SITE2,tsunami,B,3,10,5,P14_race_tsunami_B_10.csv,26,27,28,34,35,11:26:32.344,11:26:35.187,11:26:35.187,11:26:40.437,11:26:42.629,-2626.500000,-154.700000,2447.800000,-2978.700000,-155.900000,2306.500000,-2890.300000,-154.000000,2332.600000,-2973.000000,-154.400000,2309.700000,379.487193,379.489091,287.856700,287.857552,92.172501,92.192082,6.536819,6.706713,false,2,3,true,false,85.734779,85.739530,68.900290,68.900290,0.954000,8.093000,2.192000,teleport_tsunami|teleport_tsunami|teleport_tsunami,27|30|33,28|31|34,68.900290|16.834488,68.900290|16.839240,300-400,351-500,short_corrections_only
SITE2_P14,P14,SITE2,tsunami,B,3,10,6,P14_race_tsunami_B_10.csv,36,37,38,41,42,11:26:45.679,11:26:54.266,11:26:54.266,11:26:55.841,11:26:58.006,-2972.900000,-154.300000,2309.700000,-2999.000000,-156.000000,1931.000000,-2997.700000,-154.500000,1940.700000,-2997.200000,-154.500000,1934.100000,379.598340,379.602147,369.832449,369.832503,9.786726,9.901010,3.584690,3.885872,false,1,2,true,false,6.618912,6.619668,6.618912,6.619668,0.836000,10.162000,2.165000,teleport_tsunami|teleport_tsunami,37|40,38|41,6.618912,6.619668,300-400,351-500,short_corrections_only
SITE2_P14,P14,SITE2,tsunami,C,3,11,1,P14_race_tsunami_C_11.csv,3,4,5,8,9,11:27:17.474,11:27:23.112,11:27:23.112,11:27:25.333,11:27:27.216,-2003.200000,-141.800000,179.600000,-2299.700000,-147.700000,56.800000,-2277.200000,-146.200000,66.100000,-2295.200000,-146.400000,59.300000,320.923807,320.978037,296.577562,296.610199,24.346252,24.392417,5.147815,5.309426,false,1,2,true,false,19.241622,19.242661,19.241622,19.242661,0.844000,7.859000,1.883000,teleport_tsunami|teleport_tsunami,4|7,5|8,19.241622,19.242661,300-400,200-350,short_corrections_only
SITE2_P14,P14,SITE2,tsunami,C,3,11,2,P14_race_tsunami_C_11.csv,10,11,12,15,16,11:27:29.558,11:27:35.239,11:27:35.239,11:27:37.495,11:27:42.034,-2295.400000,-146.400000,59.300000,-2303.900000,-147.000000,-387.200000,-2305.000000,-145.400000,-355.200000,-2302.800000,-145.500000,-381.000000,446.580900,446.581303,414.611155,414.612361,32.018901,32.058852,6.296825,6.473021,false,1,2,true,false,25.793992,25.794185,25.793992,25.794185,0.761000,7.937000,4.539000,teleport_tsunami|teleport_tsunami,11|14,12|15,25.793992,25.794185,400-500,351-500,short_corrections_only
SITE2_P14,P14,SITE2,tsunami,C,3,11,3,P14_race_tsunami_C_11.csv,17,18,19,22,23,11:27:45.691,11:27:49.679,11:27:49.680,11:27:51.522,11:27:55.585,-2302.800000,-145.500000,-380.800000,-1943.900000,-143.600000,-367.100000,-1949.400000,-142.700000,-371.800000,-1944.200000,-142.300000,-368.200000,359.161384,359.166410,353.514582,353.525671,7.234639,7.290405,1.140175,1.729162,false,1,2,true,false,6.268174,6.280923,6.268174,6.280923,0.931000,5.831000,4.063000,teleport_tsunami|teleport_tsunami,18|21,19|22,6.268174,6.280923,300-400,351-500,short_corrections_only
SITE2_P14,P14,SITE2,tsunami,C,3,11,4,P14_race_tsunami_C_11.csv,24,25,26,26,27,11:27:58.659,11:28:03.789,11:28:03.789,11:28:03.789,11:28:05.219,-1944.200000,-142.300000,-368.200000,-2025.000000,-148.600000,-798.000000,-2022.700000,-147.200000,-795.000000,-2022.700000,-147.200000,-795.000000,437.329029,437.374405,433.959088,433.986751,3.780212,4.031129,3.780212,4.031129,true,0,1,true,false,0.000000,0.000000,0.000000,0.000000,,5.130000,1.430000,teleport_tsunami,25,26,,,400-500,351-500,direct_hit
SITE2_P14,P14,SITE2,tsunami,C,3,11,5,P14_race_tsunami_C_11.csv,28,29,30,36,37,11:28:07.477,11:28:14.871,11:28:14.872,11:28:23.865,11:28:26.509,-2022.900000,-147.200000,-795.100000,-1819.400000,-140.800000,-1190.000000,-1936.500000,-141.600000,-977.200000,-1817.700000,-139.300000,-1190.600000,444.250222,444.296320,201.557362,201.635141,242.891437,242.892754,1.802776,2.345208,false,2,3,false,true,262.257778,262.271364,253.223952,253.235325,0.916000,16.388000,2.644000,teleport_tsunami|teleport_tsunami|teleport_tsunami,29|32|35,30|33|36,253.223952|9.033825,253.235325|9.036039,400-500,351-500,contains_correction_at_least_100m
SITE2_P14,P14,SITE2,tsunami,C,3,11,6,P14_race_tsunami_C_11.csv,39,40,41,53,54,11:28:35.347,11:28:37.836,11:28:37.836,11:28:59.294,11:29:01.653,-1817.600000,-139.300000,-1190.400000,-1375.200000,-127.000000,-1014.300000,-1544.600000,-132.300000,-1160.200000,-1376.000000,-125.600000,-1015.000000,476.160656,476.319494,274.665324,274.754509,223.569162,223.631974,1.063015,1.757840,false,4,5,false,true,325.332799,325.434521,203.634501,203.731932,2.830000,23.947000,2.359000,teleport_tsunami|teleport_tsunami|teleport_tsunami|teleport_tsunami|teleport_tsunami,40|43|46|49|52,41|44|47|50|53,203.634501|36.047191|72.924756|12.726351,203.731932|36.047330|72.925373|12.729886,400-500,351-500,contains_correction_at_least_100m
SITE2_P15,P15,SITE2,map,A,1,2,1,P15_race_map_A_2.csv,3,4,5,8,9,13:16:52.988,13:16:55.908,13:16:55.908,13:17:00.199,13:17:03.455,1364.500000,-136.900000,-2182.300000,1036.100000,-125.400000,-1926.600000,1045.400000,-123.900000,-1930.700000,1033.400000,-123.700000,-1927.300000,416.207941,416.366785,406.358672,406.566563,10.163661,10.273753,2.789265,3.266497,false,1,2,true,false,12.252755,12.253163,12.252755,12.253163,2.189000,7.211000,3.256000,teleport_map|teleport_map,4|7,5|8,12.252755,12.253163,400-500,351-500,short_corrections_only
SITE2_P15,P15,SITE2,map,A,1,2,2,P15_race_map_A_2.csv,10,11,12,12,13,13:17:04.740,13:17:07.931,13:17:07.931,13:17:07.931,13:17:10.226,1033.400000,-123.800000,-1927.400000,660.800000,-122.800000,-2101.300000,661.300000,-121.100000,-2103.000000,661.300000,-121.100000,-2103.000000,411.183621,411.184837,411.453242,411.462100,1.772005,2.455606,1.772005,2.455606,true,0,1,true,false,0.000000,0.000000,0.000000,0.000000,,3.191000,2.295000,teleport_map,11,12,,,400-500,351-500,direct_hit
SITE2_P15,P15,SITE2,map,A,1,2,3,P15_race_map_A_2.csv,14,15,16,19,20,13:17:13.291,13:17:17.452,13:17:17.452,13:17:20.443,13:17:22.689,661.300000,-121.100000,-2103.000000,193.000000,-120.500000,-2075.600000,198.000000,-118.400000,-2086.200000,195.500000,-118.900000,-2074.300000,469.100895,469.101279,463.604497,463.612360,11.720068,11.906721,2.817801,3.240370,false,1,2,true,false,12.061924,12.076837,12.061924,12.076837,1.534000,7.152000,2.246000,teleport_map|teleport_map,15|18,16|19,12.061924,12.076837,400-500,351-500,short_corrections_only
SITE2_P15,P15,SITE2,map,A,1,2,4,P15_race_map_A_2.csv,21,22,23,23,24,13:17:24.311,13:17:26.884,13:17:26.885,13:17:26.885,13:17:28.697,195.500000,-119.000000,-2074.300000,207.800000,-130.500000,-1742.200000,207.100000,-128.800000,-1743.300000,207.100000,-128.800000,-1743.300000,332.327700,332.526615,331.203200,331.351128,1.303840,2.142429,1.303840,2.142429,true,0,1,true,false,0.000000,0.000000,0.000000,0.000000,,2.574000,1.812000,teleport_map,22,23,,,300-400,200-350,direct_hit
SITE2_P15,P15,SITE2,map,A,1,2,5,P15_race_map_A_2.csv,25,26,27,30,31,13:17:29.338,13:17:33.262,13:17:33.262,13:17:37.069,13:17:40.208,207.100000,-128.900000,-1743.400000,-221.000000,-110.700000,-1770.000000,-215.800000,-109.300000,-1771.500000,-225.000000,-109.000000,-1765.700000,428.925600,429.311554,423.832538,424.285494,5.412024,5.590170,5.872819,6.113919,false,1,2,true,false,10.960383,10.962208,10.960383,10.962208,1.590000,7.731000,3.139000,teleport_map|teleport_map,26|29,27|30,10.960383,10.962208,400-500,351-500,short_corrections_only
SITE2_P15,P15,SITE2,map,A,1,2,6,P15_race_map_A_2.csv,32,33,34,34,35,13:17:41.181,13:17:44.290,13:17:44.290,13:17:44.290,13:17:46.285,-225.000000,-109.000000,-1765.700000,-640.700000,-108.700000,-1512.100000,-639.000000,-107.000000,-1513.300000,-639.000000,-107.000000,-1513.300000,486.949125,486.949217,484.872932,484.877057,2.080865,2.687006,2.080865,2.687006,true,0,1,true,false,0.000000,0.000000,0.000000,0.000000,,3.109000,1.995000,teleport_map,33,34,,,400-500,351-500,direct_hit
SITE2_P15,P15,SITE2,map,B,1,3,1,P15_race_map_B_3.csv,3,4,5,5,6,13:18:09.492,13:18:12.599,13:18:12.599,13:18:12.599,13:18:15.107,-1587.500000,-148.200000,1834.200000,-1824.000000,-155.900000,2254.000000,-1822.600000,-154.300000,2253.100000,-1822.600000,-154.300000,2253.100000,481.834297,481.895819,480.363633,480.402363,1.664332,2.308679,1.664332,2.308679,true,0,1,true,false,0.000000,0.000000,0.000000,0.000000,,3.107000,2.508000,teleport_map,4,5,,,400-500,351-500,direct_hit
SITE2_P15,P15,SITE2,map,B,1,3,2,P15_race_map_B_3.csv,7,8,9,9,10,13:18:15.966,13:18:20.113,13:18:20.113,13:18:20.113,13:18:22.218,-1822.600000,-154.300000,2253.100000,-2183.500000,-156.800000,1969.600000,-2179.800000,-155.100000,1968.500000,-2179.800000,-155.100000,1968.500000,458.934701,458.941510,456.715448,456.716148,3.860052,4.217819,3.860052,4.217819,true,0,1,true,false,0.000000,0.000000,0.000000,0.000000,,4.147000,2.105000,teleport_map,8,9,,,400-500,351-500,direct_hit
SITE2_P15,P15,SITE2,map,B,1,3,3,P15_race_map_B_3.csv,11,12,13,13,14,13:18:23.532,13:18:26.081,13:18:26.081,13:18:26.081,13:18:28.210,-2179.800000,-155.100000,1968.500000,-2489.500000,-157.100000,2081.700000,-2487.700000,-155.400000,2081.400000,-2487.700000,-155.400000,2081.400000,329.739791,329.745857,327.946368,327.946505,1.824829,2.493993,1.824829,2.493993,true,0,1,true,false,0.000000,0.000000,0.000000,0.000000,,2.549000,2.129000,teleport_map,12,13,,,300-400,200-350,direct_hit
SITE2_P15,P15,SITE2,map,B,1,3,4,P15_race_map_B_3.csv,15,16,17,17,18,13:18:28.981,13:18:31.452,13:18:31.452,13:18:31.452,13:18:34.068,-2487.700000,-155.400000,2081.300000,-2630.000000,-156.100000,2448.000000,-2629.500000,-154.500000,2447.100000,-2629.500000,-154.500000,2447.100000,393.342319,393.342942,392.322418,392.323451,1.029563,1.902630,1.029563,1.902630,true,0,1,true,false,0.000000,0.000000,0.000000,0.000000,,2.471000,2.616000,teleport_map,16,17,,,300-400,351-500,direct_hit
SITE2_P15,P15,SITE2,map,B,1,3,5,P15_race_map_B_3.csv,19,20,21,24,25,13:18:34.802,13:18:37.970,13:18:37.970,13:18:41.812,13:18:43.953,-2629.400000,-154.500000,2447.100000,-2978.700000,-155.900000,2306.500000,-2967.800000,-154.100000,2306.100000,-2981.500000,-154.300000,2307.900000,376.535324,376.537926,366.600000,366.600218,10.907337,11.054863,3.130495,3.515679,false,1,2,true,false,13.619471,13.622775,13.619471,13.622775,2.058000,7.010000,2.141000,teleport_map|teleport_map,20|23,21|24,13.619471,13.622775,300-400,351-500,short_corrections_only
SITE2_P15,P15,SITE2,map,B,1,3,6,P15_race_map_B_3.csv,27,28,29,29,30,13:18:52.786,13:18:55.862,13:18:55.863,13:18:55.863,13:18:58.140,-2981.300000,-154.500000,2307.900000,-2999.000000,-156.000000,1931.000000,-2999.100000,-154.300000,1929.000000,-2999.100000,-154.300000,1929.000000,377.315385,377.318367,379.313195,379.313208,2.002498,2.626785,2.002498,2.626785,true,0,1,true,false,0.000000,0.000000,0.000000,0.000000,,3.077000,2.277000,teleport_map,28,29,,,300-400,351-500,direct_hit
SITE2_P15,P15,SITE2,map,C,1,1,1,P15_race_map_C_1.csv,3,4,5,8,9,13:15:28.687,13:15:33.592,13:15:33.593,13:15:42.126,13:15:45.017,-2003.400000,-141.900000,179.600000,-2299.700000,-147.700000,56.800000,-2298.200000,-146.000000,64.600000,-2302.400000,-146.000000,61.200000,320.739037,320.791474,316.436471,316.463031,7.942921,8.122807,5.162364,5.435071,false,1,2,true,false,5.420332,5.420332,5.420332,5.420332,6.035000,13.439000,2.891000,teleport_map|teleport_map,4|7,5|8,5.420332,5.420332,300-400,200-350,short_corrections_only
SITE2_P15,P15,SITE2,map,C,1,1,2,P15_race_map_C_1.csv,10,11,12,12,13,13:15:46.352,13:15:51.379,13:15:51.379,13:15:51.379,13:15:54.193,-2302.400000,-146.100000,61.200000,-2303.900000,-147.000000,-387.200000,-2304.100000,-145.400000,-389.100000,-2304.100000,-145.400000,-389.100000,448.402509,448.403412,450.203210,450.203609,1.910497,2.491987,1.910497,2.491987,true,0,1,true,false,0.000000,0.000000,0.000000,0.000000,,5.027000,2.814000,teleport_map,11,12,,,400-500,351-500,direct_hit
SITE2_P15,P15,SITE2,map,C,1,1,3,P15_race_map_C_1.csv,14,15,16,19,20,13:15:55.279,13:15:57.824,13:15:57.824,13:16:02.214,13:16:04.852,-2304.200000,-145.400000,-389.100000,-1943.900000,-143.600000,-367.100000,-1947.600000,-142.400000,-372.700000,-1945.800000,-142.000000,-366.400000,360.971038,360.975525,356.976918,356.989524,6.711930,6.818358,2.024846,2.580698,false,1,2,true,false,6.428841,6.435837,6.428841,6.435837,2.551000,6.935000,2.638000,teleport_map|teleport_map,15|18,16|19,6.428841,6.435837,300-400,351-500,short_corrections_only
SITE2_P15,P15,SITE2,map,C,1,1,4,P15_race_map_C_1.csv,21,22,23,23,24,13:16:05.730,13:16:09.509,13:16:09.509,13:16:09.509,13:16:16.141,-1945.800000,-142.100000,-366.400000,-2025.000000,-148.600000,-798.000000,-2026.000000,-146.800000,-802.500000,-2026.000000,-146.800000,-802.500000,438.806563,438.854703,443.413182,443.439162,4.609772,4.948737,4.609772,4.948737,true,0,1,true,false,0.000000,0.000000,0.000000,0.000000,,3.779000,6.632000,teleport_map,22,23,,,400-500,351-500,direct_hit
SITE2_P15,P15,SITE2,map,C,1,1,5,P15_race_map_C_1.csv,25,26,27,27,28,13:16:17.423,13:16:21.866,13:16:21.866,13:16:21.866,13:16:26.146,-2026.000000,-146.900000,-802.500000,-1819.400000,-140.800000,-1190.000000,-1819.200000,-139.100000,-1187.700000,-1819.200000,-139.100000,-1187.700000,439.135298,439.177663,437.201647,437.271220,2.308679,2.867054,2.308679,2.867054,true,0,1,true,false,0.000000,0.000000,0.000000,0.000000,,4.443000,4.280000,teleport_map,26,27,,,400-500,351-500,direct_hit
SITE2_P15,P15,SITE2,map,C,1,1,6,P15_race_map_C_1.csv,29,30,31,31,32,13:16:28.481,13:16:34.939,13:16:34.939,13:16:34.939,13:16:37.232,-1819.200000,-139.100000,-1187.700000,-1375.200000,-127.000000,-1014.300000,-1377.600000,-125.400000,-1016.100000,-1377.600000,-125.400000,-1016.100000,476.658746,476.812301,473.862269,474.060270,3.000000,3.400000,3.000000,3.400000,true,0,1,true,false,0.000000,0.000000,0.000000,0.000000,,6.458000,2.293000,teleport_map,30,31,,,400-500,351-500,direct_hit
SITE2_P15,P15,SITE2,tsunami,A,3,11,1,P15_race_tsunami_A_11.csv,3,4,5,5,6,13:34:52.842,13:34:54.780,13:34:54.781,13:34:54.781,13:34:56.257,1364.400000,-136.900000,-2182.300000,1036.100000,-125.400000,-1926.600000,1031.800000,-123.700000,-1923.200000,1031.800000,-123.700000,-1923.200000,416.129042,416.287917,421.672148,421.878703,5.481788,5.739338,5.481788,5.739338,true,0,1,true,false,0.000000,0.000000,0.000000,0.000000,,1.939000,1.476000,teleport_tsunami,4,5,,,400-500,351-500,direct_hit
SITE2_P15,P15,SITE2,tsunami,A,3,11,2,P15_race_tsunami_A_11.csv,8,9,10,13,14,13:35:02.938,13:35:06.435,13:35:06.435,13:35:08.833,13:35:10.530,1031.900000,-123.700000,-1923.200000,660.800000,-122.800000,-2101.300000,638.200000,-120.300000,-2116.800000,655.800000,-121.100000,-2103.900000,411.624611,411.625594,438.726167,438.739342,27.404562,27.518358,5.635601,5.886425,false,1,2,true,false,21.720037,21.734765,21.720037,21.734765,1.613000,5.895000,1.697000,teleport_tsunami|teleport_tsunami,9|12,10|13,21.720037,21.734765,400-500,351-500,short_corrections_only
SITE2_P15,P15,SITE2,tsunami,A,3,11,3,P15_race_tsunami_A_11.csv,15,16,17,20,21,13:35:12.236,13:35:14.842,13:35:14.842,13:35:16.675,13:35:20.501,655.800000,-121.100000,-2104.000000,193.000000,-120.500000,-2075.600000,193.800000,-118.300000,-2083.800000,194.400000,-118.700000,-2077.000000,463.670573,463.670961,462.441391,462.449868,8.238932,8.527602,1.979899,2.675818,false,1,2,true,false,6.627217,6.634003,6.627217,6.634003,1.405000,4.439000,3.826000,teleport_tsunami|teleport_tsunami,16|19,17|20,6.627217,6.634003,400-500,351-500,short_corrections_only
SITE2_P15,P15,SITE2,tsunami,A,3,11,4,P15_race_tsunami_A_11.csv,22,23,24,24,25,13:35:21.398,13:35:23.123,13:35:23.123,13:35:23.123,13:35:24.378,194.400000,-118.600000,-2077.000000,207.800000,-130.500000,-1742.200000,208.600000,-128.900000,-1741.900000,208.600000,-128.900000,-1741.900000,335.068053,335.279301,335.504888,335.662956,0.854400,1.813836,0.854400,1.813836,true,0,1,true,false,0.000000,0.000000,0.000000,0.000000,,1.725000,1.255000,teleport_tsunami,23,24,,,300-400,200-350,direct_hit
SITE2_P15,P15,SITE2,tsunami,A,3,11,5,P15_race_tsunami_A_11.csv,26,27,28,28,29,13:35:25.993,13:35:28.193,13:35:28.194,13:35:28.194,13:35:29.576,208.600000,-128.900000,-1741.900000,-221.000000,-110.700000,-1770.000000,-221.900000,-109.000000,-1768.500000,-221.900000,-109.000000,-1768.500000,430.518025,430.902553,431.321006,431.779828,1.749286,2.439262,1.749286,2.439262,true,0,1,true,false,0.000000,0.000000,0.000000,0.000000,,2.201000,1.382000,teleport_tsunami,27,28,,,400-500,351-500,direct_hit
SITE2_P15,P15,SITE2,tsunami,A,3,11,6,P15_race_tsunami_A_11.csv,30,31,32,32,33,13:35:30.558,13:35:32.625,13:35:32.625,13:35:32.625,13:35:34.003,-221.900000,-109.000000,-1768.500000,-640.700000,-108.700000,-1512.100000,-640.300000,-107.000000,-1509.300000,-640.300000,-107.000000,-1509.300000,491.054376,491.054467,492.182080,492.186144,2.828427,3.300000,2.828427,3.300000,true,0,1,true,false,0.000000,0.000000,0.000000,0.000000,,2.067000,1.378000,teleport_tsunami,31,32,,,400-500,351-500,direct_hit
SITE2_P15,P15,SITE2,tsunami,B,3,9,1,P15_race_tsunami_B_9.csv,3,4,5,8,9,13:33:09.746,13:33:11.363,13:33:11.363,13:33:12.751,13:33:15.413,-1587.500000,-148.100000,1834.200000,-1824.000000,-155.900000,2254.000000,-1817.200000,-154.300000,2246.600000,-1822.300000,-154.300000,2255.600000,481.834297,481.897427,472.054923,472.095636,10.049876,10.176443,2.334524,2.830194,false,1,2,true,false,10.394229,10.394229,10.394229,10.394229,0.719000,3.005000,2.662000,teleport_tsunami|teleport_tsunami,4|7,5|8,10.394229,10.394229,400-500,351-500,short_corrections_only
SITE2_P15,P15,SITE2,tsunami,B,3,9,2,P15_race_tsunami_B_9.csv,10,11,12,15,16,13:33:16.836,13:33:18.826,13:33:18.826,13:33:21.400,13:33:23.877,-1822.400000,-154.300000,2255.500000,-2183.500000,-156.800000,1969.600000,-2193.900000,-154.800000,1962.200000,-2182.600000,-155.100000,1971.200000,460.577920,460.584704,473.325617,473.325881,12.764012,12.919752,1.835756,2.501999,false,1,2,true,false,14.368020,14.371152,14.368020,14.371152,2.116000,4.564000,2.477000,teleport_tsunami|teleport_tsunami,11|14,12|15,14.368020,14.371152,400-500,351-500,short_corrections_only
SITE2_P15,P15,SITE2,tsunami,B,3,9,3,P15_race_tsunami_B_9.csv,17,18,19,22,23,13:33:25.796,13:33:27.937,13:33:27.937,13:33:30.968,13:33:33.240,-2182.700000,-155.100000,1971.100000,-2489.500000,-157.100000,2081.700000,-2498.400000,-155.400000,2087.500000,-2490.300000,-155.400000,2084.100000,326.126663,326.132795,336.475036,336.475170,10.623088,10.758253,2.529822,3.047950,false,1,2,true,false,8.692526,8.692526,8.692526,8.692526,2.292000,5.172000,2.272000,teleport_tsunami|teleport_tsunami,18|21,19|22,8.692526,8.692526,300-400,200-350,short_corrections_only
SITE2_P15,P15,SITE2,tsunami,B,3,9,4,P15_race_tsunami_B_9.csv,24,25,26,29,30,13:33:35.093,13:33:37.082,13:33:37.082,13:33:38.526,13:33:40.926,-2490.400000,-155.400000,2084.200000,-2630.000000,-156.100000,2448.000000,-2625.300000,-154.400000,2438.800000,-2628.600000,-154.500000,2448.500000,389.664728,389.665356,379.393160,379.394478,10.331021,10.469957,1.486607,2.184033,false,1,2,true,false,10.309219,10.309704,10.309219,10.309704,0.743000,3.433000,2.400000,teleport_tsunami|teleport_tsunami,25|28,26|29,10.309219,10.309704,300-400,351-500,short_corrections_only
SITE2_P15,P15,SITE2,tsunami,B,3,9,5,P15_race_tsunami_B_9.csv,31,32,33,36,37,13:33:42.486,13:33:44.236,13:33:44.236,13:33:45.731,13:33:49.042,-2628.700000,-154.400000,2448.400000,-2978.700000,-155.900000,2306.500000,-2965.900000,-154.000000,2300.200000,-2978.800000,-154.300000,2308.400000,377.671299,377.674278,368.330124,368.330341,14.266394,14.392359,1.902630,2.485961,false,1,2,true,false,15.147607,15.148927,15.147607,15.148927,1.054000,3.245000,3.311000,teleport_tsunami|teleport_tsunami,32|35,33|36,15.147607,15.148927,300-400,351-500,short_corrections_only
SITE2_P15,P15,SITE2,tsunami,B,3,9,6,P15_race_tsunami_B_9.csv,38,39,40,40,41,13:33:50.764,13:33:52.149,13:33:52.149,13:33:52.149,13:33:54.261,-2978.600000,-154.200000,2308.200000,-2999.000000,-156.000000,1931.000000,-2999.200000,-154.200000,1926.800000,-2999.200000,-154.200000,1926.800000,377.751241,377.755529,381.955914,381.955914,4.204759,4.573839,4.204759,4.573839,true,0,1,true,false,0.000000,0.000000,0.000000,0.000000,,1.385000,2.112000,teleport_tsunami,39,40,,,300-400,351-500,direct_hit
SITE2_P15,P15,SITE2,tsunami,C,3,10,1,P15_race_tsunami_C_10.csv,3,4,5,8,9,13:34:05.501,13:34:06.878,13:34:06.878,13:34:08.731,13:34:10.226,-2003.300000,-141.800000,179.600000,-2299.700000,-147.700000,56.800000,-2265.100000,-145.900000,71.100000,-2297.200000,-146.100000,58.900000,320.831420,320.885665,283.392819,283.422476,37.438616,37.481862,3.264966,3.635932,false,1,2,true,false,34.304810,34.305393,34.304810,34.305393,0.568000,3.230000,1.495000,teleport_tsunami|teleport_tsunami,4|7,5|8,34.304810,34.305393,300-400,200-350,short_corrections_only
SITE2_P15,P15,SITE2,tsunami,C,3,10,2,P15_race_tsunami_C_10.csv,10,11,12,12,13,13:34:11.910,13:34:13.724,13:34:13.724,13:34:13.724,13:34:15.156,-2297.000000,-146.100000,59.000000,-2303.900000,-147.000000,-387.200000,-2304.500000,-145.400000,-390.800000,-2304.500000,-145.400000,-390.800000,446.253347,446.254255,449.862523,449.863068,3.649658,3.984972,3.649658,3.984972,true,0,1,true,false,0.000000,0.000000,0.000000,0.000000,,1.814000,1.432000,teleport_tsunami,11,12,,,400-500,351-500,direct_hit
SITE2_P15,P15,SITE2,tsunami,C,3,10,3,P15_race_tsunami_C_10.csv,14,15,16,19,20,13:34:16.689,13:34:18.468,13:34:18.468,13:34:21.035,13:34:23.071,-2304.400000,-145.400000,-390.700000,-1943.900000,-143.600000,-367.100000,-1932.300000,-141.500000,-364.000000,-1940.600000,-141.800000,-365.400000,361.271657,361.276141,373.056698,373.077083,12.007081,12.189340,3.712142,4.125530,false,1,2,true,false,8.121576,8.124038,8.121576,8.124038,1.933000,4.346000,2.036000,teleport_tsunami|teleport_tsunami,15|18,16|19,8.121576,8.124038,300-400,351-500,short_corrections_only
SITE2_P15,P15,SITE2,tsunami,C,3,10,4,P15_race_tsunami_C_10.csv,21,22,23,23,24,13:34:24.485,13:34:25.919,13:34:25.919,13:34:25.919,13:34:27.385,-1940.500000,-141.800000,-365.400000,-2025.000000,-148.600000,-798.000000,-2029.100000,-147.000000,-795.700000,-2029.100000,-147.000000,-795.700000,440.775464,440.827914,439.326815,439.357588,4.701064,4.965884,4.701064,4.965884,true,0,1,true,false,0.000000,0.000000,0.000000,0.000000,,1.434000,1.466000,teleport_tsunami,22,23,,,400-500,351-500,direct_hit
SITE2_P15,P15,SITE2,tsunami,C,3,10,5,P15_race_tsunami_C_10.csv,25,26,27,27,28,13:34:28.529,13:34:30.507,13:34:30.507,13:34:30.507,13:34:32.059,-2029.100000,-147.000000,-795.700000,-1819.400000,-140.800000,-1190.000000,-1818.400000,-139.200000,-1194.800000,-1818.400000,-139.200000,-1194.800000,446.594425,446.637459,451.304000,451.371399,4.903060,5.157519,4.903060,5.157519,true,0,1,true,false,0.000000,0.000000,0.000000,0.000000,,1.978000,1.552000,teleport_tsunami,26,27,,,400-500,351-500,direct_hit
SITE2_P15,P15,SITE2,tsunami,C,3,10,6,P15_race_tsunami_C_10.csv,30,31,32,35,36,13:34:36.507,13:34:38.753,13:34:38.754,13:34:40.301,13:34:42.499,-1818.200000,-139.200000,-1194.600000,-1375.200000,-127.000000,-1014.300000,-1392.000000,-125.500000,-1007.000000,-1375.000000,-125.400000,-1012.500000,478.285574,478.441146,465.661036,465.862523,18.317478,18.378792,1.811077,2.416609,false,1,2,true,false,17.837040,17.837320,17.837040,17.837320,0.798000,3.794000,2.198000,teleport_tsunami|teleport_tsunami,31|34,32|35,17.837040,17.837320,400-500,351-500,short_corrections_only
SITE2_P16,P16,SITE2,map,A,2,7,1,P16_race_map_A_7.csv,3,4,5,5,6,14:50:03.327,14:50:05.842,14:50:05.842,14:50:05.842,14:50:08.916,1364.500000,-136.900000,-2182.300000,1036.100000,-125.400000,-1926.600000,1037.800000,-123.900000,-1927.400000,1037.800000,-123.900000,-1927.400000,416.207941,416.366785,411.121637,411.327120,1.878829,2.404163,1.878829,2.404163,true,0,1,true,false,0.000000,0.000000,0.000000,0.000000,,2.515000,3.074000,teleport_map,4,5,,,400-500,351-500,direct_hit
SITE2_P16,P16,SITE2,map,A,2,7,2,P16_race_map_A_7.csv,7,8,9,9,10,14:50:09.199,14:50:12.649,14:50:12.649,14:50:12.649,14:50:13.956,1037.800000,-123.900000,-1927.500000,660.800000,-122.800000,-2101.300000,661.800000,-121.200000,-2101.400000,661.800000,-121.200000,-2101.400000,415.133039,415.134496,414.309063,414.317861,1.004988,1.889444,1.004988,1.889444,true,0,1,true,false,0.000000,0.000000,0.000000,0.000000,,3.450000,1.307000,teleport_map,8,9,,,400-500,351-500,direct_hit
SITE2_P16,P16,SITE2,map,A,2,7,3,P16_race_map_A_7.csv,11,12,13,13,14,14:50:14.105,14:50:17.291,14:50:17.291,14:50:17.291,14:50:19.792,661.800000,-121.200000,-2101.400000,193.000000,-120.500000,-2075.600000,193.900000,-119.000000,-2074.500000,193.900000,-119.000000,-2074.500000,469.509404,469.509925,466.172254,466.176126,1.421267,2.066398,1.421267,2.066398,true,0,1,true,false,0.000000,0.000000,0.000000,0.000000,,3.186000,2.501000,teleport_map,12,13,,,400-500,351-500,direct_hit
SITE2_P16,P16,SITE2,map,A,2,7,4,P16_race_map_A_7.csv,15,16,17,17,18,14:50:19.977,14:50:22.393,14:50:22.393,14:50:22.393,14:50:25.578,193.900000,-119.000000,-2074.600000,207.800000,-130.500000,-1742.200000,209.500000,-129.000000,-1743.200000,209.500000,-129.000000,-1743.200000,332.690502,332.889201,327.342542,327.489206,1.972308,2.477902,1.972308,2.477902,true,0,1,true,false,0.000000,0.000000,0.000000,0.000000,,2.416000,3.185000,teleport_map,16,17,,,300-400,200-350,direct_hit
SITE2_P16,P16,SITE2,map,A,2,7,5,P16_race_map_A_7.csv,19,20,21,21,22,14:50:25.865,14:50:28.988,14:50:28.988,14:50:28.988,14:50:30.317,209.700000,-128.900000,-1743.300000,-221.000000,-110.700000,-1770.000000,-220.500000,-109.300000,-1767.400000,-220.500000,-109.300000,-1767.400000,431.526801,431.910431,430.874518,431.320078,2.647640,2.994996,2.647640,2.994996,true,0,1,true,false,0.000000,0.000000,0.000000,0.000000,,3.123000,1.329000,teleport_map,20,21,,,400-500,351-500,direct_hit
SITE2_P16,P16,SITE2,map,A,2,7,6,P16_race_map_A_7.csv,23,24,25,25,26,14:50:30.556,14:50:33.403,14:50:33.404,14:50:33.404,14:50:34.783,-220.500000,-109.200000,-1767.400000,-640.700000,-108.700000,-1512.100000,-637.400000,-107.100000,-1515.900000,-637.400000,-107.100000,-1515.900000,491.676855,491.677109,486.885880,486.890409,5.032892,5.281098,5.032892,5.281098,true,0,1,true,false,0.000000,0.000000,0.000000,0.000000,,2.848000,1.379000,teleport_map,24,25,,,400-500,351-500,direct_hit
SITE2_P16,P16,SITE2,map,B,2,5,1,P16_race_map_B_5.csv,3,4,5,5,6,14:48:24.215,14:48:27.745,14:48:27.745,14:48:27.745,14:48:29.814,-1587.500000,-148.100000,1834.200000,-1824.000000,-155.900000,2254.000000,-1821.300000,-154.400000,2251.700000,-1821.300000,-154.400000,2251.700000,481.834297,481.897427,478.506729,478.548200,3.546830,3.850974,3.546830,3.850974,true,0,1,true,false,0.000000,0.000000,0.000000,0.000000,,3.530000,2.069000,teleport_map,4,5,,,400-500,351-500,direct_hit
SITE2_P16,P16,SITE2,map,B,2,5,2,P16_race_map_B_5.csv,7,8,9,9,10,14:48:29.980,14:48:34.449,14:48:34.449,14:48:34.449,14:48:35.973,-1821.300000,-154.500000,2251.600000,-2183.500000,-156.800000,1969.600000,-2182.300000,-155.200000,1965.600000,-2182.300000,-155.200000,1965.600000,459.034683,459.040445,460.545351,460.545883,4.176123,4.472136,4.176123,4.472136,true,0,1,true,false,0.000000,0.000000,0.000000,0.000000,,4.469000,1.524000,teleport_map,8,9,,,400-500,351-500,direct_hit
SITE2_P16,P16,SITE2,map,B,2,5,3,P16_race_map_B_5.csv,11,12,13,13,14,14:48:36.364,14:48:39.221,14:48:39.221,14:48:39.221,14:48:47.252,-2182.300000,-155.200000,1965.600000,-2489.500000,-157.100000,2081.700000,-2487.100000,-155.500000,2080.400000,-2487.100000,-155.500000,2080.400000,328.406836,328.412332,322.015310,322.015450,2.729469,3.163858,2.729469,3.163858,true,0,1,true,false,0.000000,0.000000,0.000000,0.000000,,2.857000,8.031000,teleport_map,12,13,,,300-400,200-350,direct_hit
SITE2_P16,P16,SITE2,map,B,2,5,4,P16_race_map_B_5.csv,15,16,17,17,18,14:48:47.748,14:48:50.668,14:48:50.668,14:48:50.668,14:48:52.249,-2487.100000,-155.500000,2080.400000,-2630.000000,-156.100000,2448.000000,-2628.400000,-154.600000,2447.400000,-2628.400000,-154.600000,2447.400000,394.398491,394.398948,393.261605,393.262635,1.708801,2.273763,1.708801,2.273763,true,0,1,true,false,0.000000,0.000000,0.000000,0.000000,,2.920000,1.581000,teleport_map,16,17,,,300-400,351-500,direct_hit
SITE2_P16,P16,SITE2,map,B,2,5,5,P16_race_map_B_5.csv,19,20,21,21,22,14:48:52.541,14:48:55.733,14:48:55.733,14:48:55.733,14:48:59.051,-2628.400000,-154.600000,2447.300000,-2978.700000,-155.900000,2306.500000,-2977.800000,-154.300000,2307.900000,-2977.800000,-154.300000,2307.900000,377.537720,377.539958,371.197427,371.197548,1.664332,2.308679,1.664332,2.308679,true,0,1,true,false,0.000000,0.000000,0.000000,0.000000,,3.192000,3.318000,teleport_map,20,21,,,300-400,351-500,direct_hit
SITE2_P16,P16,SITE2,map,B,2,5,6,P16_race_map_B_5.csv,23,24,25,25,26,14:48:59.535,14:49:04.122,14:49:04.122,14:49:04.122,14:49:05.742,-2977.800000,-154.400000,2307.700000,-2999.000000,-156.000000,1931.000000,-2994.700000,-154.600000,1934.600000,-2994.700000,-154.600000,1934.600000,377.296077,377.299470,373.586991,373.587112,5.608030,5.780138,5.608030,5.780138,true,0,1,true,false,0.000000,0.000000,0.000000,0.000000,,4.587000,1.620000,teleport_map,24,25,,,300-400,351-500,direct_hit
SITE2_P16,P16,SITE2,map,C,2,6,1,P16_race_map_C_6.csv,3,4,5,5,6,14:49:19.829,14:49:23.361,14:49:23.361,14:49:23.361,14:49:25.030,-2003.200000,-141.800000,179.600000,-2299.700000,-147.700000,56.800000,-2298.500000,-146.300000,52.300000,-2298.500000,-146.300000,52.300000,320.923807,320.978037,321.570179,321.601664,4.657252,4.863127,4.657252,4.863127,true,0,1,true,false,0.000000,0.000000,0.000000,0.000000,,3.532000,1.669000,teleport_map,4,5,,,300-400,200-350,direct_hit
SITE2_P16,P16,SITE2,map,C,2,6,2,P16_race_map_C_6.csv,7,8,9,9,10,14:49:25.216,14:49:28.745,14:49:28.745,14:49:28.745,14:49:30.277,-2298.600000,-146.300000,52.300000,-2303.900000,-147.000000,-387.200000,-2303.400000,-145.500000,-387.900000,-2303.400000,-145.500000,-387.900000,439.531956,439.532513,440.226169,440.226896,0.860233,1.729162,0.860233,1.729162,true,0,1,true,false,0.000000,0.000000,0.000000,0.000000,,3.529000,1.532000,teleport_map,8,9,,,400-500,351-500,direct_hit
SITE2_P16,P16,SITE2,map,C,2,6,3,P16_race_map_C_6.csv,11,12,13,13,14,14:49:30.702,14:49:34.122,14:49:34.122,14:49:34.122,14:49:37.459,-2303.500000,-145.500000,-387.900000,-1943.900000,-143.600000,-367.100000,-1945.900000,-142.200000,-368.700000,-1945.900000,-142.200000,-368.700000,360.201055,360.206066,358.115065,358.130270,2.561250,2.918904,2.561250,2.918904,true,0,1,true,false,0.000000,0.000000,0.000000,0.000000,,3.420000,3.337000,teleport_map,12,13,,,300-400,351-500,direct_hit
SITE2_P16,P16,SITE2,map,C,2,6,4,P16_race_map_C_6.csv,15,16,17,17,18,14:49:37.795,14:49:41.407,14:49:41.407,14:49:41.407,14:49:42.823,-1945.900000,-142.300000,-368.800000,-2025.000000,-148.600000,-798.000000,-2029.000000,-147.000000,-801.700000,-2029.000000,-147.000000,-801.700000,436.428058,436.473527,440.803834,440.829967,5.448853,5.678908,5.448853,5.678908,true,0,1,true,false,0.000000,0.000000,0.000000,0.000000,,3.612000,1.416000,teleport_map,16,17,,,400-500,351-500,direct_hit
SITE2_P16,P16,SITE2,map,C,2,6,5,P16_race_map_C_6.csv,19,20,21,21,22,14:49:43.188,14:49:46.574,14:49:46.574,14:49:46.574,14:49:48.014,-2029.000000,-147.100000,-801.700000,-1819.400000,-140.800000,-1190.000000,-1820.100000,-139.300000,-1188.900000,-1820.100000,-139.300000,-1188.900000,441.258484,441.303456,439.910536,439.979681,1.303840,1.987461,1.303840,1.987461,true,0,1,true,false,0.000000,0.000000,0.000000,0.000000,,3.386000,1.440000,teleport_map,20,21,,,400-500,351-500,direct_hit
SITE2_P16,P16,SITE2,map,C,2,6,6,P16_race_map_C_6.csv,23,24,25,25,26,14:49:48.121,14:49:51.835,14:49:51.835,14:49:51.835,14:49:52.970,-1820.100000,-139.300000,-1188.800000,-1375.200000,-127.000000,-1014.300000,-1374.300000,-125.400000,-1017.700000,-1374.300000,-125.400000,-1017.700000,477.897751,478.056011,477.506911,477.709179,3.517101,3.863936,3.517101,3.863936,true,0,1,true,false,0.000000,0.000000,0.000000,0.000000,,3.714000,1.135000,teleport_map,24,25,,,400-500,351-500,direct_hit
SITE2_P16,P16,SITE2,tsunami,A,1,1,1,P16_race_tsunami_A_1.csv,3,4,5,5,6,14:38:03.716,14:38:07.882,14:38:07.882,14:38:07.882,14:38:09.991,1364.700000,-136.900000,-2182.400000,1036.100000,-125.400000,-1926.600000,1039.000000,-123.900000,-1926.600000,1039.000000,-123.900000,-1926.600000,416.427185,416.585946,414.142645,414.346630,2.900000,3.264966,2.900000,3.264966,true,0,1,true,false,0.000000,0.000000,0.000000,0.000000,,4.166000,2.109000,teleport_tsunami,4,5,,,400-500,351-500,direct_hit
SITE2_P16,P16,SITE2,tsunami,A,1,1,2,P16_race_tsunami_A_1.csv,7,8,9,15,16,14:38:10.395,14:38:12.467,14:38:12.467,14:38:17.036,14:38:19.285,1038.900000,-123.900000,-1926.600000,660.800000,-122.800000,-2101.300000,616.000000,-120.200000,-2125.400000,664.500000,-121.200000,-2097.000000,416.508943,416.510396,467.296319,467.310967,50.870915,50.937314,5.672742,5.894065,false,2,3,true,false,59.762997,59.771629,57.924520,57.933151,0.943000,6.641000,2.249000,teleport_tsunami|teleport_tsunami|teleport_tsunami,8|11|14,9|12|15,1.838478|57.924520,1.838478|57.933151,400-500,351-500,short_corrections_only
SITE2_P16,P16,SITE2,tsunami,A,1,1,3,P16_race_tsunami_A_1.csv,17,18,19,34,35,14:38:19.672,14:38:23.383,14:38:23.383,14:38:29.623,14:38:32.647,664.600000,-121.200000,-2097.200000,193.000000,-120.500000,-2075.600000,475.900000,-121.800000,-2163.100000,192.800000,-118.900000,-2074.000000,472.094397,472.094916,199.876212,199.877112,296.122711,296.125565,1.612452,2.271563,false,5,6,false,true,383.881421,383.970342,203.255504,203.257079,0.464000,9.951000,3.024000,teleport_tsunami|teleport_tsunami|teleport_tsunami|teleport_tsunami|teleport_tsunami|teleport_tsunami,18|21|24|27|30|33,19|22|25|28|31|34,143.705289|203.255504|1.208305|17.112861|18.599462,143.727033|203.257079|1.212436|17.170032|18.603763,400-500,351-500,contains_correction_at_least_100m
SITE2_P16,P16,SITE2,tsunami,A,1,1,4,P16_race_tsunami_A_1.csv,36,37,38,38,39,14:38:33.000,14:38:36.042,14:38:36.043,14:38:36.043,14:38:37.567,192.600000,-118.900000,-2074.100000,207.800000,-130.500000,-1742.200000,207.200000,-129.000000,-1742.300000,207.200000,-129.000000,-1742.300000,332.247874,332.450312,332.121062,332.271576,0.608276,1.618641,0.608276,1.618641,true,0,1,true,false,0.000000,0.000000,0.000000,0.000000,,3.043000,1.524000,teleport_tsunami,37,38,,,300-400,200-350,direct_hit
SITE2_P16,P16,SITE2,tsunami,A,1,1,5,P16_race_tsunami_A_1.csv,40,41,42,48,49,14:38:37.902,14:38:40.215,14:38:40.216,14:38:44.754,14:38:47.338,207.200000,-128.900000,-1742.100000,-221.000000,-110.700000,-1770.000000,-270.900000,-107.500000,-1771.900000,-219.100000,-109.200000,-1770.000000,429.107970,429.493760,479.027818,479.505589,49.936159,50.038585,1.900000,2.420744,false,2,3,true,false,62.876884,62.919803,57.254607,57.289528,1.242000,6.852000,2.584000,teleport_tsunami|teleport_tsunami|teleport_tsunami,41|44|47,42|45|48,57.254607|5.622277,57.289528|5.630275,400-500,351-500,short_corrections_only
SITE2_P16,P16,SITE2,tsunami,A,1,1,6,P16_race_tsunami_A_1.csv,50,51,52,55,56,14:38:47.825,14:38:54.015,14:38:54.016,14:38:55.555,14:38:57.048,-218.900000,-109.200000,-1769.900000,-640.700000,-108.700000,-1512.100000,-599.300000,-106.500000,-1539.600000,-641.000000,-107.100000,-1511.000000,494.344091,494.344344,444.682190,444.690387,49.701207,49.749874,1.140175,1.964688,false,1,2,true,false,50.426283,50.428762,50.426283,50.428762,0.467000,7.730000,1.493000,teleport_tsunami|teleport_tsunami,51|54,52|55,50.426283,50.428762,400-500,351-500,short_corrections_only
SITE2_P16,P16,SITE2,tsunami,B,1,2,1,P16_race_tsunami_B_2.csv,3,4,5,8,9,14:39:16.959,14:39:20.358,14:39:20.358,14:39:21.590,14:39:23.055,-1587.300000,-148.100000,1834.400000,-1824.000000,-155.900000,2254.000000,-1810.600000,-154.600000,2251.300000,-1822.500000,-154.400000,2255.500000,481.758290,481.821430,472.936042,472.980708,13.669309,13.730987,2.121320,2.598076,false,1,2,true,false,12.653063,12.654643,12.653063,12.654643,0.434000,4.631000,1.465000,teleport_tsunami|teleport_tsunami,4|7,5|8,12.653063,12.654643,400-500,351-500,short_corrections_only
SITE2_P16,P16,SITE2,tsunami,B,1,2,2,P16_race_tsunami_B_2.csv,10,11,12,15,16,14:39:23.465,14:39:26.129,14:39:26.129,14:39:27.833,14:39:29.463,-1822.700000,-154.400000,2255.400000,-2183.500000,-156.800000,1969.600000,-2163.700000,-155.100000,1968.000000,-2181.100000,-155.200000,1969.800000,460.280654,460.286911,445.959370,445.959920,19.864541,19.937151,2.408319,2.891366,false,1,2,true,false,17.492856,17.493142,17.492856,17.493142,0.590000,4.368000,1.630000,teleport_tsunami|teleport_tsunami,11|14,12|15,17.492856,17.493142,400-500,351-500,short_corrections_only
SITE2_P16,P16,SITE2,tsunami,B,1,2,3,P16_race_tsunami_B_2.csv,22,23,24,33,34,14:39:36.877,14:39:37.454,14:39:37.454,14:39:40.579,14:39:41.963,-2207.600000,-154.300000,1979.700000,-2489.500000,-157.100000,2081.700000,-2223.000000,-153.300000,1992.900000,-2487.800000,-155.500000,2080.000000,299.785940,299.799016,20.282998,20.307634,280.905126,280.930828,2.404163,2.887906,false,3,4,false,true,281.887093,281.917707,228.808326,228.827992,0.297000,3.702000,1.384000,teleport_tsunami|teleport_tsunami|teleport_tsunami|teleport_tsunami,23|26|29|32,24|27|30|33,22.714973|228.808326|30.363794,22.725756|228.827992|30.363959,200-300,200-350,contains_correction_at_least_100m
SITE2_P16,P16,SITE2,tsunami,B,1,2,4,P16_race_tsunami_B_2.csv,35,36,37,40,41,14:39:42.167,14:39:43.674,14:39:43.674,14:39:44.994,14:39:46.220,-2487.700000,-155.500000,2079.900000,-2630.000000,-156.100000,2448.000000,-2624.800000,-154.500000,2422.700000,-2631.400000,-154.600000,2452.600000,394.647818,394.648274,369.199472,369.200826,25.828860,25.878369,4.808326,5.036864,false,1,2,true,false,30.619765,30.619765,30.619765,30.619765,0.463000,2.827000,1.226000,teleport_tsunami|teleport_tsunami,36|39,37|40,30.619765,30.619765,300-400,351-500,short_corrections_only
SITE2_P16,P16,SITE2,tsunami,B,1,2,5,P16_race_tsunami_B_2.csv,42,43,44,50,51,14:39:46.414,14:39:50.574,14:39:50.575,14:39:52.547,14:39:53.805,-2631.300000,-154.600000,2452.600000,-2978.700000,-155.900000,2306.500000,-2921.200000,-153.400000,2303.400000,-2983.500000,-154.400000,2307.800000,376.871291,376.873533,326.040872,326.043080,57.583505,57.637748,4.972927,5.194228,false,2,3,true,false,62.484047,62.494423,31.319323,31.329539,0.257000,6.133000,1.258000,teleport_tsunami|teleport_tsunami|teleport_tsunami,43|46|49,44|47|50,31.164724|31.319323,31.164884|31.329539,300-400,351-500,short_corrections_only
SITE2_P16,P16,SITE2,tsunami,B,1,2,6,P16_race_tsunami_B_2.csv,52,53,54,57,58,14:39:54.083,14:39:58.782,14:39:58.782,14:40:01.989,14:40:03.158,-2983.500000,-154.400000,2307.900000,-2999.000000,-156.000000,1931.000000,-2998.100000,-154.400000,1891.800000,-2998.200000,-154.400000,1935.200000,377.218584,377.221977,416.356062,416.356062,39.210330,39.242961,4.275512,4.565085,false,1,2,true,false,43.500115,43.500115,43.500115,43.500115,0.287000,7.906000,1.169000,teleport_tsunami|teleport_tsunami,53|56,54|57,43.500115,43.500115,300-400,351-500,short_corrections_only
SITE2_P16,P16,SITE2,tsunami,C,1,3,1,P16_race_tsunami_C_3.csv,3,4,5,8,9,14:40:24.354,14:40:25.263,14:40:25.263,14:40:26.024,14:40:27.687,-2003.500000,-141.800000,179.600000,-2299.700000,-147.700000,56.800000,-2288.300000,-146.100000,60.100000,-2300.100000,-146.100000,57.500000,320.646659,320.700935,308.854804,308.884736,11.868024,11.975391,0.806226,1.791647,false,1,2,true,false,11.985408,11.985408,11.985408,11.985408,0.416000,1.670000,1.663000,teleport_tsunami|teleport_tsunami,4|7,5|8,11.985408,11.985408,300-400,200-350,short_corrections_only
SITE2_P16,P16,SITE2,tsunami,C,1,3,2,P16_race_tsunami_C_3.csv,10,11,12,12,13,14:40:28.025,14:40:31.952,14:40:31.952,14:40:31.952,14:40:33.601,-2300.000000,-146.100000,57.500000,-2303.900000,-147.000000,-387.200000,-2298.900000,-145.400000,-382.100000,-2298.900000,-145.400000,-382.100000,444.717101,444.718012,439.601137,439.601695,7.142129,7.319153,7.142129,7.319153,true,0,1,true,false,0.000000,0.000000,0.000000,0.000000,,3.927000,1.649000,teleport_tsunami,11,12,,,400-500,351-500,direct_hit
SITE2_P16,P16,SITE2,tsunami,C,1,3,3,P16_race_tsunami_C_3.csv,14,15,16,22,23,14:40:33.835,14:40:39.100,14:40:39.100,14:40:42.971,14:40:44.064,-2298.800000,-145.400000,-382.300000,-1943.900000,-143.600000,-367.100000,-1975.900000,-143.300000,-367.100000,-1940.200000,-141.900000,-366.000000,355.225351,355.229911,323.257560,323.264381,32.000000,32.001406,3.860052,4.217819,false,2,3,true,false,60.853028,60.890168,48.233598,48.267173,0.307000,9.136000,1.093000,teleport_tsunami|teleport_tsunami|teleport_tsunami,15|18|21,16|19|22,48.233598|12.619429,48.267173|12.622995,300-400,351-500,short_corrections_only
SITE2_P16,P16,SITE2,tsunami,C,1,3,4,P16_race_tsunami_C_3.csv,24,25,26,29,30,14:40:44.760,14:40:45.855,14:40:45.855,14:40:46.856,14:40:48.045,-1940.200000,-141.800000,-366.100000,-2025.000000,-148.600000,-798.000000,-2019.300000,-147.200000,-734.100000,-2025.100000,-147.000000,-797.600000,440.146169,440.198694,376.405114,376.443847,64.153722,64.168996,0.412311,1.652271,false,1,2,true,false,63.764332,63.764645,63.764332,63.764645,0.312000,2.096000,1.189000,teleport_tsunami|teleport_tsunami,25|28,26|29,63.764332,63.764645,400-500,351-500,short_corrections_only
SITE2_P16,P16,SITE2,tsunami,C,1,3,5,P16_race_tsunami_C_3.csv,32,33,34,37,38,14:40:53.677,14:40:55.230,14:40:55.230,14:40:56.584,14:40:58.071,-2025.200000,-147.000000,-797.500000,-1819.400000,-140.800000,-1190.000000,-1852.100000,-139.200000,-1148.900000,-1820.300000,-139.300000,-1189.700000,443.181554,443.224920,391.721291,391.798941,52.521424,52.545790,0.948683,1.774824,false,1,2,true,false,51.869259,51.869355,51.869259,51.869355,0.412000,2.907000,1.487000,teleport_tsunami|teleport_tsunami,33|36,34|37,51.869259,51.869355,400-500,351-500,short_corrections_only
SITE2_P16,P16,SITE2,tsunami,C,1,3,6,P16_race_tsunami_C_3.csv,39,40,41,44,45,14:40:58.325,14:41:03.310,14:41:03.311,14:41:04.513,14:41:05.878,-1820.300000,-139.200000,-1189.900000,-1375.200000,-127.000000,-1014.300000,-1390.100000,-125.600000,-1008.900000,-1379.500000,-125.500000,-1011.800000,478.486541,478.642048,466.725872,466.923977,15.848344,15.910060,4.973932,5.195190,false,1,2,true,false,10.963576,10.964032,10.963576,10.964032,0.392000,6.188000,1.365000,teleport_tsunami|teleport_tsunami,40|43,41|44,10.963576,10.964032,400-500,351-500,short_corrections_only
SITE2_P17,P17,SITE2,map,A,2,6,1,P17_race_map_A_6.csv,3,4,5,5,6,09:37:26.958,09:37:31.384,09:37:31.384,09:37:31.384,09:37:33.674,1364.400000,-137.000000,-2182.300000,1036.100000,-125.400000,-1926.600000,1035.800000,-123.900000,-1929.500000,1035.800000,-123.900000,-1929.500000,416.129042,416.290692,414.591124,414.794889,2.915476,3.278719,2.915476,3.278719,true,0,1,true,false,0.000000,0.000000,0.000000,0.000000,,4.426000,2.290000,teleport_map,4,5,,,400-500,351-500,direct_hit
SITE2_P17,P17,SITE2,map,A,2,6,2,P17_race_map_A_6.csv,7,8,9,9,10,09:37:35.835,09:37:39.857,09:37:39.857,09:37:39.857,09:37:42.119,1035.900000,-124.000000,-1929.700000,660.800000,-122.800000,-2101.300000,663.300000,-121.300000,-2101.200000,663.300000,-121.300000,-2101.200000,412.488266,412.490012,410.041717,410.050607,2.501999,2.917190,2.501999,2.917190,true,0,1,true,false,0.000000,0.000000,0.000000,0.000000,,4.022000,2.262000,teleport_map,8,9,,,400-500,351-500,direct_hit
SITE2_P17,P17,SITE2,map,A,2,6,3,P17_race_map_A_6.csv,11,12,13,13,14,09:37:43.066,09:37:50.172,09:37:50.172,09:37:50.172,09:37:52.131,573.000000,-122.100000,-2118.000000,193.000000,-120.500000,-2075.600000,196.900000,-119.000000,-2078.000000,196.900000,-119.000000,-2078.000000,382.358157,382.361504,378.121674,378.134381,4.579301,4.818714,4.579301,4.818714,true,0,1,true,false,0.000000,0.000000,0.000000,0.000000,,7.106000,1.959000,teleport_map,12,13,,,300-400,351-500,direct_hit
SITE2_P17,P17,SITE2,map,A,2,6,4,P17_race_map_A_6.csv,15,16,17,17,18,09:37:53.226,09:37:59.492,09:37:59.492,09:37:59.492,09:38:01.198,196.900000,-119.000000,-2077.800000,207.800000,-130.500000,-1742.200000,205.500000,-129.000000,-1743.800000,205.500000,-129.000000,-1743.800000,335.776965,335.973838,334.010733,334.160396,2.801785,3.178050,2.801785,3.178050,true,0,1,true,false,0.000000,0.000000,0.000000,0.000000,,6.266000,1.706000,teleport_map,16,17,,,300-400,200-350,direct_hit
SITE2_P17,P17,SITE2,map,A,2,6,5,P17_race_map_A_6.csv,19,20,21,21,22,09:38:02.743,09:38:08.028,09:38:08.029,09:38:08.029,09:38:09.716,205.400000,-129.000000,-1744.000000,-221.000000,-110.700000,-1770.000000,-222.200000,-109.200000,-1771.700000,-222.200000,-109.200000,-1771.700000,427.191947,427.583734,428.396475,428.853798,2.080865,2.565151,2.080865,2.565151,true,0,1,true,false,0.000000,0.000000,0.000000,0.000000,,5.286000,1.687000,teleport_map,20,21,,,400-500,351-500,direct_hit
SITE2_P17,P17,SITE2,map,A,2,6,6,P17_race_map_A_6.csv,23,24,25,25,26,09:38:10.762,09:38:15.442,09:38:15.442,09:38:15.442,09:38:25.706,-222.100000,-109.200000,-1771.600000,-640.700000,-108.700000,-1512.100000,-641.400000,-107.200000,-1512.400000,-641.400000,-107.200000,-1512.400000,492.510112,492.510365,492.862334,492.866392,0.761577,1.682260,0.761577,1.682260,true,0,1,true,false,0.000000,0.000000,0.000000,0.000000,,4.680000,10.264000,teleport_map,24,25,,,400-500,351-500,direct_hit
SITE2_P17,P17,SITE2,map,B,2,7,1,P17_race_map_B_7.csv,3,4,5,5,6,09:38:47.925,09:38:50.694,09:38:50.694,09:38:50.694,09:38:53.273,-1587.500000,-148.200000,1834.200000,-1824.000000,-155.900000,2254.000000,-1826.400000,-154.300000,2252.100000,-1826.400000,-154.300000,2252.100000,481.834297,481.895819,481.366409,481.406336,3.061046,3.453983,3.061046,3.453983,true,0,1,true,false,0.000000,0.000000,0.000000,0.000000,,2.769000,2.579000,teleport_map,4,5,,,400-500,351-500,direct_hit
SITE2_P17,P17,SITE2,map,B,2,7,2,P17_race_map_B_7.csv,7,8,9,9,10,09:38:55.200,09:39:00.677,09:39:00.677,09:39:00.677,09:39:02.871,-1826.400000,-154.400000,2252.100000,-2183.500000,-156.800000,1969.600000,-2184.200000,-155.200000,1969.000000,-2184.200000,-155.200000,1969.000000,455.331374,455.337699,456.331042,456.331930,0.921954,1.846619,0.921954,1.846619,true,0,1,true,false,0.000000,0.000000,0.000000,0.000000,,5.477000,2.194000,teleport_map,8,9,,,400-500,351-500,direct_hit
SITE2_P17,P17,SITE2,map,B,2,7,3,P17_race_map_B_7.csv,11,12,13,13,14,09:39:03.414,09:39:06.729,09:39:06.729,09:39:06.729,09:39:09.568,-2184.300000,-155.300000,1969.000000,-2489.500000,-157.100000,2081.700000,-2488.800000,-155.500000,2083.200000,-2488.800000,-155.500000,2083.200000,325.343403,325.348383,325.210532,325.210670,1.655295,2.302173,1.655295,2.302173,true,0,1,true,false,0.000000,0.000000,0.000000,0.000000,,3.315000,2.839000,teleport_map,12,13,,,300-400,200-350,direct_hit
SITE2_P17,P17,SITE2,map,B,2,7,4,P17_race_map_B_7.csv,15,16,17,17,18,09:39:11.193,09:39:14.403,09:39:14.404,09:39:14.404,09:39:16.647,-2488.800000,-155.600000,2083.200000,-2630.000000,-156.100000,2448.000000,-2630.100000,-154.600000,2448.100000,-2630.100000,-154.600000,2448.100000,391.173210,391.173529,391.338690,391.339725,0.141421,1.506652,0.141421,1.506652,true,0,1,true,false,0.000000,0.000000,0.000000,0.000000,,3.211000,2.243000,teleport_map,16,17,,,300-400,351-500,direct_hit
SITE2_P17,P17,SITE2,map,B,2,7,5,P17_race_map_B_7.csv,19,20,21,21,22,09:39:18.013,09:39:21.868,09:39:21.868,09:39:21.868,09:39:27.250,-2630.200000,-154.700000,2448.000000,-2978.700000,-155.900000,2306.500000,-2980.200000,-154.400000,2307.800000,-2980.200000,-154.400000,2307.800000,376.130961,376.132875,377.035860,377.035913,1.984943,2.487971,1.984943,2.487971,true,0,1,true,false,0.000000,0.000000,0.000000,0.000000,,3.855000,5.382000,teleport_map,20,21,,,300-400,351-500,direct_hit
SITE2_P17,P17,SITE2,map,B,2,7,6,P17_race_map_B_7.csv,23,24,25,25,26,09:39:27.933,09:39:32.525,09:39:32.525,09:39:32.525,09:39:36.770,-2980.200000,-154.500000,2307.800000,-2999.000000,-156.000000,1931.000000,-3001.800000,-154.300000,1931.500000,-3001.800000,-154.300000,1931.500000,377.268711,377.271693,377.169789,377.169803,2.844293,3.313608,2.844293,3.313608,true,0,1,true,false,0.000000,0.000000,0.000000,0.000000,,4.592000,4.245000,teleport_map,24,25,,,300-400,351-500,direct_hit
SITE2_P17,P17,SITE2,map,C,2,5,1,P17_race_map_C_5.csv,3,4,5,5,6,09:35:51.311,09:35:57.985,09:35:57.985,09:35:57.985,09:36:02.081,-2003.300000,-141.900000,179.500000,-2299.700000,-147.700000,56.800000,-2295.600000,-146.400000,59.400000,-2295.600000,-146.400000,59.400000,320.793158,320.845586,315.919056,315.952544,4.854894,5.025933,4.854894,5.025933,true,0,1,true,false,0.000000,0.000000,0.000000,0.000000,,6.674000,4.096000,teleport_map,4,5,,,300-400,200-350,direct_hit
SITE2_P17,P17,SITE2,map,C,2,5,2,P17_race_map_C_5.csv,7,8,9,9,10,09:36:03.303,09:36:11.604,09:36:11.604,09:36:11.604,09:36:16.218,-2295.600000,-146.500000,59.300000,-2303.900000,-147.000000,-387.200000,-2304.300000,-145.500000,-382.900000,-2304.300000,-145.500000,-382.900000,446.577138,446.577418,442.285575,442.286706,4.318565,4.571652,4.318565,4.571652,true,0,1,true,false,0.000000,0.000000,0.000000,0.000000,,8.301000,4.614000,teleport_map,8,9,,,400-500,351-500,direct_hit
SITE2_P17,P17,SITE2,map,C,2,5,3,P17_race_map_C_5.csv,11,12,13,13,14,09:36:18.292,09:36:27.701,09:36:27.701,09:36:27.701,09:36:32.534,-2304.200000,-145.500000,-383.000000,-1943.900000,-143.600000,-367.100000,-1947.600000,-142.400000,-370.600000,-1947.600000,-142.400000,-370.600000,360.650662,360.655667,356.812065,356.824677,5.093133,5.232590,5.093133,5.232590,true,0,1,true,false,0.000000,0.000000,0.000000,0.000000,,9.409000,4.833000,teleport_map,12,13,,,300-400,351-500,direct_hit
SITE2_P17,P17,SITE2,map,C,2,5,4,P17_race_map_C_5.csv,15,16,17,17,18,09:36:34.321,09:36:39.258,09:36:39.258,09:36:39.258,09:36:44.757,-1947.700000,-142.400000,-370.600000,-2025.000000,-148.600000,-798.000000,-2023.600000,-147.100000,-798.300000,-2023.600000,-147.100000,-798.300000,434.334030,434.378280,436.504078,436.528315,1.431782,2.073644,1.431782,2.073644,true,0,1,true,false,0.000000,0.000000,0.000000,0.000000,,4.937000,5.499000,teleport_map,16,17,,,400-500,351-500,direct_hit
SITE2_P17,P17,SITE2,map,C,2,5,5,P17_race_map_C_5.csv,19,20,21,21,22,09:36:46.652,09:36:51.714,09:36:51.714,09:36:51.714,09:36:54.250,-2023.400000,-147.100000,-798.300000,-1819.400000,-140.800000,-1190.000000,-1821.200000,-139.300000,-1190.000000,-1821.200000,-139.300000,-1190.000000,441.638868,441.683801,440.853320,440.920560,1.800000,2.343075,1.800000,2.343075,true,0,1,true,false,0.000000,0.000000,0.000000,0.000000,,5.062000,2.536000,teleport_map,20,21,,,400-500,351-500,direct_hit
SITE2_P17,P17,SITE2,map,C,2,5,6,P17_race_map_C_5.csv,23,24,25,25,26,09:36:55.862,09:37:02.946,09:37:02.947,09:37:02.947,09:37:05.098,-1821.300000,-139.400000,-1190.100000,-1375.200000,-127.000000,-1014.300000,-1373.900000,-125.500000,-1016.000000,-1373.900000,-125.500000,-1016.000000,479.490198,479.650508,480.080795,480.281980,2.140093,2.613427,2.140093,2.613427,true,0,1,true,false,0.000000,0.000000,0.000000,0.000000,,7.085000,2.151000,teleport_map,24,25,,,400-500,351-500,direct_hit
SITE2_P17,P17,SITE2,tsunami,A,1,3,1,P17_race_tsunami_A_3.csv,3,4,5,8,9,09:23:59.230,09:24:01.832,09:24:01.832,09:24:03.513,09:24:04.907,1364.500000,-136.900000,-2182.400000,1036.100000,-125.400000,-1926.600000,1055.200000,-123.900000,-1944.000000,1039.300000,-123.900000,-1929.800000,416.269384,416.428205,390.513828,390.730150,25.837376,25.880881,4.525483,4.767599,false,1,2,true,false,21.451573,21.451573,21.451573,21.451573,0.678000,4.283000,1.394000,teleport_tsunami|teleport_tsunami,4|7,5|8,21.451573,21.451573,400-500,351-500,short_corrections_only
SITE2_P17,P17,SITE2,tsunami,A,1,3,2,P17_race_tsunami_A_3.csv,10,11,12,15,16,09:24:06.322,09:24:08.477,09:24:08.477,09:24:11.181,09:24:12.850,1039.300000,-123.900000,-1929.900000,660.800000,-122.800000,-2101.300000,639.700000,-121.100000,-2116.800000,660.300000,-121.300000,-2102.200000,415.499952,415.501408,441.148240,441.157126,26.181291,26.236425,1.029563,1.819341,false,1,2,true,false,25.052146,25.052345,25.052146,25.052345,1.666000,4.859000,1.669000,teleport_tsunami|teleport_tsunami,11|14,12|15,25.052146,25.052345,400-500,351-500,short_corrections_only
SITE2_P17,P17,SITE2,tsunami,A,1,3,3,P17_race_tsunami_A_3.csv,17,18,19,22,23,09:24:14.748,09:24:18.052,09:24:18.052,09:24:21.486,09:24:23.376,660.300000,-121.200000,-2102.200000,193.000000,-120.500000,-2075.600000,162.400000,-117.900000,-2089.400000,196.000000,-119.100000,-2074.400000,468.056460,468.056984,498.064504,498.075436,33.567842,33.668383,3.231099,3.521363,false,1,2,true,false,36.664151,36.683784,36.664151,36.683784,1.377000,6.738000,1.890000,teleport_tsunami|teleport_tsunami,18|21,19|22,36.664151,36.683784,400-500,351-500,short_corrections_only
SITE2_P17,P17,SITE2,tsunami,A,1,3,4,P17_race_tsunami_A_3.csv,24,25,26,26,27,09:24:25.451,09:24:27.874,09:24:27.874,09:24:27.874,09:24:30.173,195.900000,-119.100000,-2074.300000,207.800000,-130.500000,-1742.200000,211.400000,-129.000000,-1740.200000,211.400000,-129.000000,-1740.200000,332.313135,332.508616,334.464004,334.610490,4.118252,4.382921,4.118252,4.382921,true,0,1,true,false,0.000000,0.000000,0.000000,0.000000,,2.423000,2.299000,teleport_tsunami,25,26,,,300-400,200-350,direct_hit
SITE2_P17,P17,SITE2,tsunami,A,1,3,5,P17_race_tsunami_A_3.csv,28,29,30,33,34,09:24:31.704,09:24:34.921,09:24:34.921,09:24:39.761,09:24:42.073,211.300000,-129.000000,-1740.200000,-221.000000,-110.700000,-1770.000000,-256.700000,-108.000000,-1772.600000,-217.200000,-109.400000,-1770.200000,433.325894,433.712140,469.120198,469.589991,35.794553,35.896239,3.805260,4.021194,false,1,2,true,false,39.279638,39.301145,39.279638,39.301145,1.810000,8.057000,2.312000,teleport_tsunami|teleport_tsunami,29|32,30|33,39.279638,39.301145,400-500,351-500,short_corrections_only
SITE2_P17,P17,SITE2,tsunami,A,1,3,6,P17_race_tsunami_A_3.csv,35,36,37,37,38,09:24:43.842,09:24:46.994,09:24:46.994,09:24:46.994,09:24:50.741,-217.300000,-109.300000,-1770.300000,-640.700000,-108.700000,-1512.100000,-638.100000,-107.200000,-1512.200000,-638.100000,-107.200000,-1512.200000,495.918138,495.918501,493.562661,493.567128,2.601922,3.003331,2.601922,3.003331,true,0,1,true,false,0.000000,0.000000,0.000000,0.000000,,3.152000,3.747000,teleport_tsunami,36,37,,,400-500,351-500,direct_hit
SITE2_P17,P17,SITE2,tsunami,B,1,1,1,P17_race_tsunami_B_1.csv,3,4,5,8,9,09:21:02.620,09:21:04.812,09:21:04.812,09:21:10.153,09:21:12.300,-1587.500000,-148.100000,1834.200000,-1824.000000,-155.900000,2254.000000,-1843.700000,-155.900000,2298.700000,-1825.000000,-154.400000,2255.100000,481.834297,481.897427,530.470254,530.527596,48.848541,48.848541,1.486607,2.111871,false,1,2,true,false,47.441016,47.464724,47.441016,47.464724,3.516000,7.533000,2.147000,teleport_tsunami|teleport_tsunami,4|7,5|8,47.441016,47.464724,400-500,351-500,short_corrections_only
SITE2_P17,P17,SITE2,tsunami,B,1,1,2,P17_race_tsunami_B_1.csv,10,11,12,15,16,09:21:14.727,09:21:16.983,09:21:16.983,09:21:21.546,09:21:23.685,-1825.100000,-154.400000,2255.000000,-2183.500000,-156.800000,1969.600000,-2210.300000,-154.400000,1944.000000,-2181.400000,-155.200000,1971.300000,458.152507,458.158793,495.075792,495.075792,37.062110,37.139736,2.701851,3.140064,false,1,2,true,false,39.610352,39.618430,39.610352,39.618430,3.004000,6.819000,2.139000,teleport_tsunami|teleport_tsunami,11|14,12|15,39.610352,39.618430,400-500,351-500,short_corrections_only
SITE2_P17,P17,SITE2,tsunami,B,1,1,3,P17_race_tsunami_B_1.csv,17,18,19,19,20,09:21:26.276,09:21:29.982,09:21:29.982,09:21:29.982,09:21:34.496,-2181.400000,-155.200000,1971.200000,-2489.500000,-157.100000,2081.700000,-2490.500000,-155.600000,2082.000000,-2490.500000,-155.600000,2082.000000,327.316147,327.321661,328.358722,328.358965,1.044031,1.827567,1.044031,1.827567,true,0,1,true,false,0.000000,0.000000,0.000000,0.000000,,3.706000,4.514000,teleport_tsunami,18,19,,,300-400,200-350,direct_hit
SITE2_P17,P17,SITE2,tsunami,B,1,1,4,P17_race_tsunami_B_1.csv,21,22,23,23,24,09:21:35.832,09:21:39.563,09:21:39.563,09:21:39.563,09:21:42.015,-2490.500000,-155.500000,2082.100000,-2630.000000,-156.100000,2448.000000,-2626.400000,-154.600000,2448.400000,-2626.400000,-154.600000,2448.400000,391.590424,391.590883,390.697453,390.698490,3.622154,3.920459,3.622154,3.920459,true,0,1,true,false,0.000000,0.000000,0.000000,0.000000,,3.731000,2.452000,teleport_tsunami,22,23,,,300-400,351-500,direct_hit
SITE2_P17,P17,SITE2,tsunami,B,1,1,5,P17_race_tsunami_B_1.csv,25,26,27,30,31,09:21:43.695,09:21:52.636,09:21:52.636,09:21:57.600,09:22:00.488,-2626.400000,-154.600000,2448.400000,-2978.700000,-155.900000,2306.500000,-2998.600000,-154.700000,2283.000000,-2978.000000,-154.400000,2305.900000,379.803765,379.805990,407.295961,407.295973,30.793831,30.817203,0.921954,1.760682,false,1,2,true,false,30.727838,30.730441,30.727838,30.730441,0.691000,13.905000,2.888000,teleport_tsunami|teleport_tsunami,26|29,27|30,30.727838,30.730441,300-400,351-500,short_corrections_only
SITE2_P17,P17,SITE2,tsunami,B,1,1,6,P17_race_tsunami_B_1.csv,32,33,34,37,38,09:22:02.526,09:22:04.449,09:22:04.450,09:22:06.995,09:22:09.801,-2978.000000,-154.300000,2306.000000,-2999.000000,-156.000000,1931.000000,-3001.400000,-154.400000,1913.600000,-2999.200000,-154.500000,1929.300000,375.587540,375.591387,393.097087,393.097100,17.564737,17.637460,1.711724,2.275961,false,1,2,true,false,15.783536,15.783853,15.783536,15.783853,1.943000,4.469000,2.806000,teleport_tsunami|teleport_tsunami,33|36,34|37,15.783536,15.783853,300-400,351-500,short_corrections_only
SITE2_P17,P17,SITE2,tsunami,C,1,2,1,P17_race_tsunami_C_2.csv,3,4,5,8,9,09:22:35.921,09:22:38.654,09:22:38.655,09:22:40.558,09:22:43.808,-2003.100000,-141.800000,179.600000,-2299.700000,-147.700000,56.800000,-2310.800000,-146.100000,51.400000,-2304.200000,-146.100000,53.900000,321.016199,321.070413,333.338462,333.366195,12.343824,12.447088,5.353504,5.587486,false,1,2,true,false,6.989278,6.989278,6.989278,6.989278,1.584000,4.637000,3.250000,teleport_tsunami|teleport_tsunami,4|7,5|8,6.989278,6.989278,300-400,200-350,short_corrections_only
SITE2_P17,P17,SITE2,tsunami,C,1,2,2,P17_race_tsunami_C_2.csv,10,11,12,15,16,09:22:45.835,09:22:48.831,09:22:48.831,09:22:50.654,09:22:53.312,-2304.200000,-146.100000,53.900000,-2303.900000,-147.000000,-387.200000,-2304.400000,-145.600000,-394.700000,-2303.900000,-145.600000,-389.500000,441.100102,441.101020,448.600045,448.600323,7.516648,7.645914,2.300000,2.692582,false,1,2,true,false,5.115662,5.116640,5.115662,5.116640,1.511000,4.819000,2.658000,teleport_tsunami|teleport_tsunami,11|14,12|15,5.115662,5.116640,400-500,351-500,short_corrections_only
SITE2_P17,P17,SITE2,tsunami,C,1,2,3,P17_race_tsunami_C_2.csv,17,18,19,19,20,09:22:55.510,09:22:58.283,09:22:58.283,09:22:58.283,09:23:01.905,-2303.900000,-145.500000,-389.500000,-1943.900000,-143.600000,-367.100000,-1946.400000,-142.200000,-364.900000,-1946.400000,-142.200000,-364.900000,360.696216,360.701220,358.345378,358.361507,3.330165,3.612478,3.330165,3.612478,true,0,1,true,false,0.000000,0.000000,0.000000,0.000000,,2.773000,3.622000,teleport_tsunami,18,19,,,300-400,351-500,direct_hit
SITE2_P17,P17,SITE2,tsunami,C,1,2,4,P17_race_tsunami_C_2.csv,21,22,23,26,27,09:23:03.988,09:23:07.444,09:23:07.444,09:23:08.642,09:23:11.146,-1946.300000,-142.100000,-365.100000,-2025.000000,-148.600000,-798.000000,-2026.000000,-147.300000,-788.900000,-2025.200000,-147.200000,-795.700000,439.995568,440.043577,431.229092,431.260443,9.154780,9.246621,2.308679,2.700000,false,1,2,true,false,6.859300,6.862215,6.859300,6.862215,0.808000,4.654000,2.504000,teleport_tsunami|teleport_tsunami,22|25,23|26,6.859300,6.862215,400-500,351-500,short_corrections_only
SITE2_P17,P17,SITE2,tsunami,C,1,2,5,P17_race_tsunami_C_2.csv,28,29,30,33,34,09:23:13.292,09:23:15.196,09:23:15.196,09:23:19.378,09:23:21.473,-2025.300000,-147.100000,-795.600000,-1819.400000,-140.800000,-1190.000000,-1952.600000,-142.200000,-945.500000,-1817.800000,-139.300000,-1193.700000,444.911418,444.956020,166.599220,166.671263,278.428608,278.432128,4.031129,4.301163,false,1,2,false,true,282.443410,282.459342,282.443410,282.459342,0.812000,6.086000,2.095000,teleport_tsunami|teleport_tsunami,29|32,30|33,282.443410,282.459342,400-500,351-500,contains_correction_at_least_100m
SITE2_P17,P17,SITE2,tsunami,C,1,2,6,P17_race_tsunami_C_2.csv,35,36,37,43,44,09:23:23.786,09:23:26.223,09:23:26.223,09:23:32.782,09:23:37.012,-1817.800000,-139.200000,-1193.800000,-1375.200000,-127.000000,-1014.300000,-1266.600000,-122.300000,-969.100000,-1377.200000,-125.600000,-1015.500000,477.613871,477.769662,595.240733,595.480596,117.630778,117.724636,2.332381,2.720294,false,2,3,false,true,133.051396,133.097497,126.600039,126.643042,1.857000,8.996000,4.230000,teleport_tsunami|teleport_tsunami|teleport_tsunami,36|39|42,37|40|43,126.600039|6.451356,126.643042|6.454456,400-500,351-500,contains_correction_at_least_100m
SITE2_P18,P18,SITE2,map,A,2,5,1,P18_race_map_A_5.csv,3,4,5,5,6,13:26:54.933,13:27:00.118,13:27:00.118,13:27:00.118,13:27:02.624,1364.500000,-136.900000,-2182.400000,1036.100000,-125.400000,-1926.600000,1036.700000,-123.900000,-1927.300000,1036.700000,-123.900000,-1927.300000,416.269384,416.428205,415.365923,415.569308,0.921954,1.760682,0.921954,1.760682,true,0,1,true,false,0.000000,0.000000,0.000000,0.000000,,5.185000,2.506000,teleport_map,4,5,,,400-500,351-500,direct_hit
SITE2_P18,P18,SITE2,map,A,2,5,2,P18_race_map_A_5.csv,7,8,9,12,13,13:27:02.742,13:27:11.357,13:27:11.357,13:27:16.538,13:27:18.699,1036.700000,-123.900000,-1927.400000,660.800000,-122.800000,-2101.300000,666.300000,-121.200000,-2103.200000,658.500000,-121.200000,-2099.900000,414.176315,414.177776,410.002195,410.011085,5.818935,6.034899,2.692582,3.132092,false,1,2,true,false,8.523497,8.523497,8.523497,8.523497,0.905000,13.796000,2.161000,teleport_map|teleport_map,8|11,9|12,8.523497,8.523497,400-500,351-500,short_corrections_only
SITE2_P18,P18,SITE2,map,A,2,5,3,P18_race_map_A_5.csv,14,15,16,16,17,13:27:20.569,13:27:25.185,13:27:25.185,13:27:25.185,13:27:27.000,658.400000,-121.200000,-2099.900000,193.000000,-120.500000,-2075.600000,195.600000,-119.000000,-2075.900000,195.600000,-119.000000,-2075.900000,466.033958,466.034484,463.521747,463.526968,2.617250,3.016621,2.617250,3.016621,true,0,1,true,false,0.000000,0.000000,0.000000,0.000000,,4.616000,1.815000,teleport_map,15,16,,,400-500,351-500,direct_hit
SITE2_P18,P18,SITE2,map,A,2,5,4,P18_race_map_A_5.csv,23,24,25,25,26,13:27:40.432,13:27:44.900,13:27:44.900,13:27:44.900,13:27:51.704,208.700000,-129.000000,-1744.800000,-221.000000,-110.700000,-1770.000000,-218.300000,-109.300000,-1768.800000,-218.300000,-109.300000,-1768.800000,430.438300,430.827135,423.803020,424.246815,2.954657,3.269557,2.954657,3.269557,true,0,1,true,false,0.000000,0.000000,0.000000,0.000000,,4.468000,6.804000,teleport_map,24,25,,,400-500,351-500,direct_hit
SITE2_P18,P18,SITE2,map,A,2,5,5,P18_race_map_A_5.csv,27,28,29,29,30,13:27:52.327,13:27:57.045,13:27:57.045,13:27:57.045,13:28:02.546,-218.300000,-109.300000,-1768.700000,-640.700000,-108.700000,-1512.100000,-637.700000,-107.200000,-1512.500000,-637.700000,-107.200000,-1512.500000,494.232051,494.232415,491.461901,491.466387,3.026549,3.377869,3.026549,3.377869,true,0,1,true,false,0.000000,0.000000,0.000000,0.000000,,4.718000,5.501000,teleport_map,28,29,,,400-500,351-500,direct_hit
SITE2_P18,P18,SITE2,map,B,2,6,1,P18_race_map_B_6.csv,3,4,5,5,6,13:28:16.507,13:28:20.074,13:28:20.074,13:28:20.074,13:28:22.974,-1596.300000,-148.500000,1854.300000,-1824.000000,-155.900000,2254.000000,-1821.300000,-154.500000,2252.800000,-1821.300000,-154.500000,2252.800000,460.008022,460.067539,457.719303,457.758626,2.954657,3.269557,2.954657,3.269557,true,0,1,true,false,0.000000,0.000000,0.000000,0.000000,,3.567000,2.900000,teleport_map,4,5,,,400-500,351-500,direct_hit
SITE2_P18,P18,SITE2,map,B,2,6,2,P18_race_map_B_6.csv,7,8,9,9,10,13:28:25.069,13:28:28.961,13:28:28.961,13:28:28.961,13:28:30.516,-1821.300000,-154.500000,2252.700000,-2183.500000,-156.800000,1969.600000,-2180.600000,-155.200000,1970.800000,-2180.600000,-155.200000,1970.800000,459.711268,459.717022,456.688187,456.688723,3.138471,3.522783,3.138471,3.522783,true,0,1,true,false,0.000000,0.000000,0.000000,0.000000,,3.892000,1.555000,teleport_map,8,9,,,400-500,351-500,direct_hit
SITE2_P18,P18,SITE2,map,B,2,6,3,P18_race_map_B_6.csv,11,12,13,13,14,13:28:32.294,13:28:35.034,13:28:35.034,13:28:35.034,13:28:36.784,-2180.700000,-155.200000,1970.900000,-2489.500000,-157.100000,2081.700000,-2488.400000,-155.500000,2082.000000,-2488.400000,-155.500000,2082.000000,328.076333,328.081834,327.142935,327.143180,1.140175,1.964688,1.140175,1.964688,true,0,1,true,false,0.000000,0.000000,0.000000,0.000000,,2.740000,1.750000,teleport_map,12,13,,,300-400,200-350,direct_hit
SITE2_P18,P18,SITE2,map,B,2,6,4,P18_race_map_B_6.csv,15,16,17,17,18,13:28:38.595,13:28:41.015,13:28:41.015,13:28:41.015,13:28:43.348,-2488.400000,-155.600000,2082.000000,-2630.000000,-156.100000,2448.000000,-2630.800000,-154.600000,2451.000000,-2630.800000,-154.600000,2451.000000,392.436696,392.437014,395.616696,395.617960,3.104835,3.448188,3.104835,3.448188,true,0,1,true,false,0.000000,0.000000,0.000000,0.000000,,2.420000,2.333000,teleport_map,16,17,,,300-400,351-500,direct_hit
SITE2_P18,P18,SITE2,map,B,2,6,5,P18_race_map_B_6.csv,19,20,21,21,22,13:28:44.768,13:28:49.808,13:28:49.809,13:28:49.809,13:28:54.404,-2630.800000,-154.600000,2451.000000,-2978.700000,-155.900000,2306.500000,-2979.600000,-154.400000,2307.000000,-2979.600000,-154.400000,2307.000000,376.715622,376.717865,370.172460,370.172581,1.029563,1.819341,1.029563,1.819341,true,0,1,true,false,0.000000,0.000000,0.000000,0.000000,,5.041000,4.595000,teleport_map,20,21,,,300-400,351-500,direct_hit
SITE2_P18,P18,SITE2,map,B,2,6,6,P18_race_map_B_6.csv,23,24,25,25,26,13:28:56.230,13:29:00.278,13:29:00.279,13:29:00.279,13:29:02.343,-2979.600000,-154.500000,2306.800000,-2999.000000,-156.000000,1931.000000,-2998.200000,-154.500000,1933.500000,-2998.200000,-154.500000,1933.500000,376.300412,376.303402,373.862970,373.862983,2.624881,3.023243,2.624881,3.023243,true,0,1,true,false,0.000000,0.000000,0.000000,0.000000,,4.049000,2.064000,teleport_map,24,25,,,300-400,351-500,direct_hit
SITE2_P18,P18,SITE2,map,C,2,7,1,P18_race_map_C_7.csv,3,4,5,5,6,13:29:20.262,13:29:23.837,13:29:23.837,13:29:23.837,13:29:26.130,-2003.400000,-141.900000,179.600000,-2299.700000,-147.700000,56.800000,-2301.600000,-146.100000,56.000000,-2301.600000,-146.100000,56.000000,320.739037,320.791474,322.838861,322.867496,2.061553,2.609598,2.061553,2.609598,true,0,1,true,false,0.000000,0.000000,0.000000,0.000000,,3.575000,2.293000,teleport_map,4,5,,,300-400,200-350,direct_hit
SITE2_P18,P18,SITE2,map,C,2,7,2,P18_race_map_C_7.csv,7,8,9,9,10,13:29:27.664,13:29:32.298,13:29:32.298,13:29:32.298,13:29:35.551,-2301.500000,-146.100000,55.900000,-2303.900000,-147.000000,-387.200000,-2306.400000,-145.400000,-387.600000,-2306.400000,-145.400000,-387.600000,443.106500,443.107414,442.766959,442.767366,2.531798,2.994996,2.531798,2.994996,true,0,1,true,false,0.000000,0.000000,0.000000,0.000000,,4.634000,3.253000,teleport_map,8,9,,,400-500,351-500,direct_hit
SITE2_P18,P18,SITE2,map,C,2,7,3,P18_race_map_C_7.csv,11,12,13,13,14,13:29:37.072,13:29:41.520,13:29:41.520,13:29:41.520,13:29:43.719,-2306.500000,-145.500000,-387.700000,-1943.900000,-143.600000,-367.100000,-1947.700000,-142.400000,-371.000000,-1947.700000,-142.400000,-371.000000,363.184691,363.189661,359.188432,359.201810,5.445181,5.575841,5.445181,5.575841,true,0,1,true,false,0.000000,0.000000,0.000000,0.000000,,4.448000,2.199000,teleport_map,12,13,,,300-400,351-500,direct_hit
SITE2_P18,P18,SITE2,map,C,2,7,4,P18_race_map_C_7.csv,15,16,17,17,18,13:29:45.393,13:29:48.937,13:29:48.937,13:29:48.937,13:29:50.673,-1947.700000,-142.400000,-371.000000,-2025.000000,-148.600000,-798.000000,-2024.400000,-147.000000,-796.400000,-2024.400000,-147.000000,-796.400000,433.940422,433.984712,432.259239,432.284790,1.708801,2.340940,1.708801,2.340940,true,0,1,true,false,0.000000,0.000000,0.000000,0.000000,,3.544000,1.736000,teleport_map,16,17,,,400-500,351-500,direct_hit
SITE2_P18,P18,SITE2,map,C,2,7,5,P18_race_map_C_7.csv,19,20,21,21,22,13:29:51.650,13:29:55.233,13:29:55.233,13:29:55.233,13:29:57.396,-2024.500000,-147.100000,-796.400000,-1819.400000,-140.800000,-1190.000000,-1818.300000,-139.100000,-1189.400000,-1818.300000,-139.100000,-1189.400000,443.832142,443.876852,443.763687,443.834001,1.252996,2.111871,1.252996,2.111871,true,0,1,true,false,0.000000,0.000000,0.000000,0.000000,,3.583000,2.163000,teleport_map,20,21,,,400-500,351-500,direct_hit
SITE2_P18,P18,SITE2,map,C,2,7,6,P18_race_map_C_7.csv,23,24,25,25,26,13:29:59.083,13:30:03.181,13:30:03.181,13:30:03.181,13:30:04.994,-1818.200000,-139.200000,-1189.500000,-1375.200000,-127.000000,-1014.300000,-1374.000000,-125.400000,-1012.500000,-1374.000000,-125.400000,-1012.500000,476.386440,476.542632,478.165913,478.362133,2.163331,2.690725,2.163331,2.690725,true,0,1,true,false,0.000000,0.000000,0.000000,0.000000,,4.098000,1.813000,teleport_map,24,25,,,400-500,351-500,direct_hit
SITE2_P18,P18,SITE2,tsunami,A,1,2,1,P18_race_tsunami_A_2.csv,3,4,5,8,9,13:15:36.123,13:15:43.535,13:15:43.535,13:15:44.709,13:15:47.689,1364.600000,-136.900000,-2182.300000,1036.100000,-125.400000,-1926.600000,1043.700000,-123.900000,-1924.800000,1038.000000,-123.900000,-1924.800000,416.286848,416.445663,411.440227,411.645551,7.810250,7.952987,2.617250,3.016621,false,1,2,true,false,5.703508,5.703508,5.703508,5.703508,0.691000,8.586000,2.980000,teleport_tsunami|teleport_tsunami,4|7,5|8,5.703508,5.703508,400-500,351-500,short_corrections_only
SITE2_P18,P18,SITE2,tsunami,A,1,2,2,P18_race_tsunami_A_2.csv,10,11,12,15,16,13:15:48.103,13:15:52.267,13:15:52.267,13:15:54.555,13:15:56.795,1038.000000,-123.800000,-1924.700000,660.800000,-122.800000,-2101.300000,647.900000,-121.200000,-2106.400000,658.000000,-121.200000,-2102.500000,416.494178,416.495378,430.340447,430.348301,13.871554,13.963524,3.046309,3.440930,false,1,2,true,false,10.697663,10.698131,10.697663,10.698131,1.627000,6.452000,2.240000,teleport_tsunami|teleport_tsunami,11|14,12|15,10.697663,10.698131,400-500,351-500,short_corrections_only
SITE2_P18,P18,SITE2,tsunami,A,1,2,3,P18_race_tsunami_A_2.csv,18,19,20,26,27,13:16:01.773,13:16:04.911,13:16:04.911,13:16:08.934,13:16:10.999,657.900000,-121.200000,-2102.400000,193.000000,-120.500000,-2075.600000,119.300000,-117.300000,-2074.300000,190.700000,-118.900000,-2074.500000,465.671827,465.672353,539.332523,539.346623,73.711465,73.780892,2.549510,3.009983,false,2,3,true,false,71.221141,71.236966,67.201190,67.215772,2.209000,7.161000,2.065000,teleport_tsunami|teleport_tsunami|teleport_tsunami,19|22|25,20|23|26,67.201190|4.019950,67.215772|4.021194,400-500,351-500,short_corrections_only
SITE2_P18,P18,SITE2,tsunami,A,1,2,4,P18_race_tsunami_A_2.csv,28,29,30,30,31,13:16:12.162,13:16:14.128,13:16:14.128,13:16:14.128,13:16:16.715,190.700000,-118.800000,-2074.400000,207.800000,-130.500000,-1742.200000,207.700000,-129.000000,-1739.300000,207.700000,-129.000000,-1739.300000,332.639820,332.845520,335.536019,335.691019,2.901724,3.266497,2.901724,3.266497,true,0,1,true,false,0.000000,0.000000,0.000000,0.000000,,1.966000,2.587000,teleport_tsunami,29,30,,,300-400,200-350,direct_hit
SITE2_P18,P18,SITE2,tsunami,A,1,2,5,P18_race_tsunami_A_2.csv,32,33,34,34,35,13:16:18.158,13:16:21.579,13:16:21.579,13:16:21.579,13:16:22.784,207.700000,-129.000000,-1739.300000,-221.000000,-110.700000,-1770.000000,-227.300000,-109.000000,-1767.700000,-227.300000,-109.000000,-1767.700000,429.797836,430.187250,435.932621,436.391166,6.706713,6.918815,6.706713,6.918815,true,0,1,true,false,0.000000,0.000000,0.000000,0.000000,,3.421000,1.205000,teleport_tsunami,33,34,,,400-500,351-500,direct_hit
SITE2_P18,P18,SITE2,tsunami,A,1,2,6,P18_race_tsunami_A_2.csv,36,37,38,41,42,13:16:23.582,13:16:26.861,13:16:26.861,13:16:28.818,13:16:31.159,-227.200000,-109.000000,-1767.700000,-640.700000,-108.700000,-1512.100000,-645.600000,-107.200000,-1503.800000,-636.100000,-107.100000,-1514.400000,486.120983,486.121075,494.673397,494.676672,9.638465,9.754486,5.142956,5.386093,false,1,2,true,false,14.092906,14.094325,14.092906,14.094325,1.465000,5.236000,2.341000,teleport_tsunami|teleport_tsunami,37|40,38|41,14.092906,14.094325,400-500,351-500,short_corrections_only
SITE2_P18,P18,SITE2,tsunami,B,1,3,1,P18_race_tsunami_B_3.csv,3,4,5,5,6,13:16:53.827,13:16:56.131,13:16:56.131,13:16:56.131,13:16:57.744,-1587.500000,-148.100000,1834.300000,-1824.000000,-155.900000,2254.000000,-1824.500000,-154.300000,2254.000000,-1824.500000,-154.300000,2254.000000,481.747174,481.810315,481.905758,481.945640,0.500000,1.676305,0.500000,1.676305,true,0,1,true,false,0.000000,0.000000,0.000000,0.000000,,2.304000,1.613000,teleport_tsunami,4,5,,,400-500,351-500,direct_hit
SITE2_P18,P18,SITE2,tsunami,B,1,3,2,P18_race_tsunami_B_3.csv,7,8,9,9,10,13:16:58.959,13:17:00.990,13:17:00.991,13:17:00.991,13:17:02.214,-1824.600000,-154.300000,2253.900000,-2183.500000,-156.800000,1969.600000,-2187.300000,-155.200000,1967.400000,-2187.300000,-155.200000,1967.400000,457.859913,457.866738,462.205084,462.205777,4.390900,4.673329,4.390900,4.673329,true,0,1,true,false,0.000000,0.000000,0.000000,0.000000,,2.032000,1.223000,teleport_tsunami,8,9,,,400-500,351-500,direct_hit
SITE2_P18,P18,SITE2,tsunami,B,1,3,4,P18_race_tsunami_B_3.csv,19,20,21,24,25,13:17:08.645,13:17:10.750,13:17:10.750,13:17:11.606,13:17:12.858,-2484.800000,-155.500000,2081.100000,-2630.000000,-156.100000,2448.000000,-2626.500000,-154.500000,2438.200000,-2629.300000,-154.600000,2446.100000,394.586682,394.587139,384.186543,384.187845,10.406248,10.528533,2.024846,2.519921,false,1,2,true,false,8.321658,8.322259,8.321658,8.322259,0.633000,2.961000,1.252000,teleport_tsunami|teleport_tsunami,20|23,21|24,8.321658,8.322259,300-400,351-500,short_corrections_only
SITE2_P18,P18,SITE2,tsunami,B,1,3,5,P18_race_tsunami_B_3.csv,26,27,28,31,32,13:17:13.712,13:17:15.560,13:17:15.561,13:17:16.656,13:17:19.105,-2629.300000,-154.500000,2446.000000,-2978.700000,-155.900000,2306.500000,-2955.400000,-153.700000,2308.600000,-2983.600000,-154.400000,2307.700000,376.218833,376.221437,353.864338,353.865243,23.394444,23.497659,5.044799,5.263079,false,1,2,true,false,28.217725,28.226406,28.217725,28.226406,0.549000,2.944000,2.449000,teleport_tsunami|teleport_tsunami,27|30,28|31,28.217725,28.226406,300-400,351-500,short_corrections_only
SITE2_P18,P18,SITE2,tsunami,B,1,3,6,P18_race_tsunami_B_3.csv,33,34,35,35,36,13:17:19.557,13:17:22.984,13:17:22.984,13:17:22.984,13:17:24.238,-2983.600000,-154.400000,2307.700000,-2999.000000,-156.000000,1931.000000,-3000.400000,-154.300000,1927.000000,-3000.400000,-154.300000,1927.000000,377.014655,377.018050,381.070505,381.070518,4.237924,4.566180,4.237924,4.566180,true,0,1,true,false,0.000000,0.000000,0.000000,0.000000,,3.427000,1.254000,teleport_tsunami,34,35,,,300-400,351-500,direct_hit
SITE2_P18,P18,SITE2,tsunami,C,1,1,1,P18_race_tsunami_C_1.csv,3,4,5,11,12,13:13:52.108,13:13:55.203,13:13:55.203,13:14:00.914,13:14:04.937,-2003.300000,-141.800000,179.700000,-2299.700000,-147.700000,56.800000,-2319.000000,-146.000000,49.300000,-2297.500000,-146.200000,56.500000,320.869709,320.923947,341.570856,341.596677,20.706038,20.775707,2.220360,2.679552,false,2,3,true,false,32.311654,32.320327,27.460881,27.465433,1.419000,8.806000,4.023000,teleport_tsunami|teleport_tsunami|teleport_tsunami,4|7|10,5|8|11,27.460881|4.850773,27.465433|4.854894,300-400,200-350,short_corrections_only
SITE2_P18,P18,SITE2,tsunami,C,1,1,2,P18_race_tsunami_C_1.csv,13,14,15,18,19,13:14:05.744,13:14:10.502,13:14:10.502,13:14:13.382,13:14:17.578,-2297.500000,-146.200000,56.500000,-2303.900000,-147.000000,-387.200000,-2304.500000,-145.500000,-400.700000,-2303.300000,-145.500000,-389.700000,443.746155,443.746876,457.253584,457.254120,13.513327,13.596323,2.570992,2.976575,false,1,2,true,false,11.076552,11.077003,11.076552,11.077003,0.815000,7.638000,4.196000,teleport_tsunami|teleport_tsunami,14|17,15|18,11.076552,11.077003,400-500,351-500,short_corrections_only
SITE2_P18,P18,SITE2,tsunami,C,1,1,3,P18_race_tsunami_C_1.csv,20,21,22,22,23,13:14:19.675,13:14:22.204,13:14:22.205,13:14:22.205,13:14:25.030,-2303.100000,-145.500000,-389.700000,-1943.900000,-143.600000,-367.100000,-1938.600000,-141.800000,-366.100000,-1938.600000,-141.800000,-366.100000,359.910267,359.915282,365.362998,365.381732,5.393515,5.685948,5.393515,5.685948,true,0,1,true,false,0.000000,0.000000,0.000000,0.000000,,2.530000,2.825000,teleport_tsunami,21,22,,,300-400,351-500,direct_hit
SITE2_P18,P18,SITE2,tsunami,C,1,1,4,P18_race_tsunami_C_1.csv,24,25,26,29,30,13:14:25.912,13:14:33.029,13:14:33.029,13:14:36.544,13:14:40.144,-1938.700000,-141.800000,-366.100000,-2025.000000,-148.600000,-798.000000,-2025.900000,-145.900000,-835.300000,-2025.100000,-146.900000,-803.100000,440.437623,440.490113,477.234198,477.251810,37.310856,37.408422,5.100980,5.376802,false,1,2,true,false,32.209936,32.225456,32.209936,32.225456,1.954000,10.632000,3.600000,teleport_tsunami|teleport_tsunami,25|28,26|29,32.209936,32.225456,400-500,351-500,short_corrections_only
SITE2_P18,P18,SITE2,tsunami,C,1,1,5,P18_race_tsunami_C_1.csv,31,32,33,36,37,13:14:41.772,13:14:47.076,13:14:47.076,13:14:48.842,13:14:52.809,-2025.100000,-146.900000,-803.200000,-1819.400000,-140.800000,-1190.000000,-1819.800000,-139.400000,-1197.500000,-1819.000000,-139.300000,-1193.600000,438.094430,438.136896,444.545363,444.608626,7.510659,7.640026,3.622154,3.920459,false,1,2,true,false,3.981206,3.982462,3.981206,3.982462,1.377000,7.070000,3.967000,teleport_tsunami|teleport_tsunami,32|35,33|36,3.981206,3.982462,400-500,351-500,short_corrections_only
SITE2_P18,P18,SITE2,tsunami,C,1,1,6,P18_race_tsunami_C_1.csv,39,40,41,44,45,13:15:00.058,13:15:03.075,13:15:03.075,13:15:04.315,13:15:06.763,-1819.000000,-139.300000,-1193.600000,-1375.200000,-127.000000,-1014.300000,-1385.200000,-125.600000,-1011.300000,-1374.800000,-125.400000,-1014.200000,478.651157,478.809169,470.548329,470.747724,10.440307,10.533755,0.412311,1.652271,false,1,2,true,false,10.796759,10.797222,10.796759,10.797222,0.612000,4.257000,2.448000,teleport_tsunami|teleport_tsunami,40|43,41|44,10.796759,10.797222,400-500,351-500,short_corrections_only
