ParticipantUID,ParticipantID,Location,Method,MethodOrder,SourceFile,Run,Trial,Distance,HoldTime,CompletionTime,AimingRatio,AimingSpeed,LandingPos_x,LandingPos_z,AimingError,RecommendedExclude,RepeatedFailureGroup,RepeatedFailureTrialExclude,DecisionReason
SITE1_P01,P01,SITE1,baseline,1,P01_precision_baseline_0.csv,0,1,50,2.334,2.334,1.0000,21.4225,81.200,1.600,1.676,false,false,false,Retain: not an upper-IQR candidate.
SITE1_P01,P01,SITE1,baseline,1,P01_precision_baseline_0.csv,0,2,100,3.083,5.403,0.5706,32.4359,36.200,1.500,4.743,false,false,false,Retain: not an upper-IQR candidate.
SITE1_P01,P01,SITE1,baseline,1,P01_precision_baseline_0.csv,0,3,200,3.694,6.207,0.5951,54.1419,-67.600,1.900,2.025,false,false,false,Retain: not an upper-IQR candidate.
SITE1_P01,P01,SITE1,baseline,1,P01_precision_baseline_0.csv,0,4,50,1.666,3.875,0.4299,30.0120,82.100,1.400,1.456,false,false,false,Retain: not an upper-IQR candidate.
SITE1_P01,P01,SITE1,baseline,1,P01_precision_baseline_0.csv,0,5,100,1.333,3.209,0.4154,75.0188,32.100,1.300,1.360,false,false,false,Retain: not an upper-IQR candidate.
SITE1_P01,P01,SITE1,baseline,1,P01_precision_baseline_0.csv,0,6,200,4.263,6.138,0.6945,46.9153,-73.400,1.300,5.263,false,false,false,Retain: not an upper-IQR candidate.
SITE1_P01,P01,SITE1,baseline,1,P01_precision_baseline_0.csv,0,7,50,1.583,3.709,0.4268,31.5856,83.300,1.400,2.126,false,false,false,Retain: not an upper-IQR candidate.
SITE1_P01,P01,SITE1,baseline,1,P01_precision_baseline_0.csv,0,8,100,2.889,4.514,0.6400,34.6141,34.000,1.400,2.693,false,false,false,Retain: not an upper-IQR candidate.
SITE1_P01,P01,SITE1,baseline,1,P01_precision_baseline_0.csv,0,9,200,3.070,4.764,0.6444,65.1466,-81.400,0.300,13.103,false,false,false,Retain: not an upper-IQR candidate.
SITE1_P01,P01,SITE1,map,2,P01_precision_map_4.csv,4,1,50,3.125,3.127,0.9994,16.0000,81.600,2.600,2.602,false,false,false,Retain: not an upper-IQR candidate.
SITE1_P01,P01,SITE1,map,2,P01_precision_map_4.csv,4,2,100,2.931,5.305,0.5525,34.1180,30.900,-1.500,1.700,false,false,false,Retain: not an upper-IQR candidate.
SITE1_P01,P01,SITE1,map,2,P01_precision_map_4.csv,4,3,200,3.237,5.181,0.6248,61.7856,-66.400,-5.900,6.198,false,false,false,Retain: not an upper-IQR candidate.
SITE1_P01,P01,SITE1,map,2,P01_precision_map_4.csv,4,4,50,2.292,3.709,0.6180,21.8150,83.900,3.900,4.478,false,false,false,Retain: not an upper-IQR candidate.
SITE1_P01,P01,SITE1,map,2,P01_precision_map_4.csv,4,5,100,2.264,3.971,0.5701,44.1696,29.000,4.500,5.248,false,false,false,Retain: not an upper-IQR candidate.
SITE1_P01,P01,SITE1,map,2,P01_precision_map_4.csv,4,6,200,1.890,3.459,0.5464,105.8201,-70.700,4.500,5.100,false,false,false,Retain: not an upper-IQR candidate.
SITE1_P01,P01,SITE1,map,2,P01_precision_map_4.csv,4,7,50,1.681,3.388,0.4962,29.7442,83.600,9.100,9.296,false,false,false,Retain: not an upper-IQR candidate.
SITE1_P01,P01,SITE1,map,2,P01_precision_map_4.csv,4,8,100,1.876,4.612,0.4068,53.3049,30.000,4.000,4.346,false,false,false,Retain: not an upper-IQR candidate.
SITE1_P01,P01,SITE1,map,2,P01_precision_map_4.csv,4,9,200,2.236,3.555,0.6290,89.4454,-65.400,3.800,4.780,false,false,false,Retain: not an upper-IQR candidate.
SITE1_P01,P01,SITE1,tsunami,3,P01_precision_tsunami_8.csv,8,1,50,1.920,1.920,1.0000,26.0417,82.600,0.100,0.906,false,false,false,Retain: not an upper-IQR candidate.
SITE1_P01,P01,SITE1,tsunami,3,P01_precision_tsunami_8.csv,8,2,100,1.989,3.934,0.5056,50.2765,34.800,-0.100,3.102,false,false,false,Retain: not an upper-IQR candidate.
SITE1_P01,P01,SITE1,tsunami,3,P01_precision_tsunami_8.csv,8,3,200,3.901,5.213,0.7483,51.2689,-72.500,-0.200,4.205,false,false,false,Retain: not an upper-IQR candidate.
SITE1_P01,P01,SITE1,tsunami,3,P01_precision_tsunami_8.csv,8,4,50,1.375,2.752,0.4996,36.3636,81.300,-0.500,0.640,false,false,false,Retain: not an upper-IQR candidate.
SITE1_P01,P01,SITE1,tsunami,3,P01_precision_tsunami_8.csv,8,5,100,2.301,3.287,0.7000,43.4594,29.000,0.300,2.717,false,false,false,Retain: not an upper-IQR candidate.
SITE1_P01,P01,SITE1,tsunami,3,P01_precision_tsunami_8.csv,8,6,200,3.727,4.770,0.7813,53.6625,-65.500,-0.100,2.802,false,false,false,Retain: not an upper-IQR candidate.
SITE1_P01,P01,SITE1,tsunami,3,P01_precision_tsunami_8.csv,8,7,50,1.648,2.808,0.5869,30.3398,81.000,-0.100,0.707,false,false,false,Retain: not an upper-IQR candidate.
SITE1_P01,P01,SITE1,tsunami,3,P01_precision_tsunami_8.csv,8,8,100,1.932,2.830,0.6827,51.7598,35.700,-0.800,4.079,false,false,false,Retain: not an upper-IQR candidate.
SITE1_P01,P01,SITE1,tsunami,3,P01_precision_tsunami_8.csv,8,9,200,3.031,4.161,0.7284,65.9848,-71.700,0.400,3.423,false,false,false,Retain: not an upper-IQR candidate.
SITE1_P02,P02,SITE1,baseline,1,P02_precision_baseline_0.csv,0,1,50,3.069,3.070,0.9997,16.2920,81.500,-0.100,0.224,false,false,false,Retain: not an upper-IQR candidate.
SITE1_P02,P02,SITE1,baseline,1,P02_precision_baseline_0.csv,0,2,100,2.819,6.277,0.4491,35.4736,32.800,0.000,1.100,false,false,false,Retain: not an upper-IQR candidate.
SITE1_P02,P02,SITE1,baseline,1,P02_precision_baseline_0.csv,0,3,200,4.652,8.125,0.5726,42.9923,-62.700,-0.400,5.614,false,false,false,Retain: not an upper-IQR candidate.
SITE1_P02,P02,SITE1,baseline,1,P02_precision_baseline_0.csv,0,4,50,3.292,6.375,0.5164,15.1883,79.500,-0.100,2.202,false,false,false,Retain: not an upper-IQR candidate.
SITE1_P02,P02,SITE1,baseline,1,P02_precision_baseline_0.csv,0,5,100,3.626,5.695,0.6367,27.5786,32.600,-0.500,1.030,false,false,false,Retain: not an upper-IQR candidate.
SITE1_P02,P02,SITE1,baseline,1,P02_precision_baseline_0.csv,0,6,200,4.250,6.666,0.6376,47.0588,-66.700,-1.300,2.062,false,false,false,Retain: not an upper-IQR candidate.
SITE1_P02,P02,SITE1,baseline,1,P02_precision_baseline_0.csv,0,7,50,3.778,6.181,0.6112,13.2345,81.200,0.000,0.500,false,false,false,Retain: not an upper-IQR candidate.
SITE1_P02,P02,SITE1,baseline,1,P02_precision_baseline_0.csv,0,8,100,2.652,5.861,0.4525,37.7074,36.200,0.300,4.510,false,false,false,Retain: not an upper-IQR candidate.
SITE1_P02,P02,SITE1,baseline,1,P02_precision_baseline_0.csv,0,9,200,6.694,9.180,0.7292,29.8775,-75.300,-2.100,7.308,false,false,false,Retain: not an upper-IQR candidate.
SITE1_P02,P02,SITE1,map,2,P02_precision_map_4.csv,4,1,50,6.723,6.724,0.9999,7.4372,87.200,1.600,5.728,false,false,false,Retain: not an upper-IQR candidate.
SITE1_P02,P02,SITE1,map,2,P02_precision_map_4.csv,4,2,100,4.403,7.194,0.6120,22.7118,31.400,-2.400,2.419,false,false,false,Retain: not an upper-IQR candidate.
SITE1_P02,P02,SITE1,map,2,P02_precision_map_4.csv,4,3,200,2.750,5.069,0.5425,72.7273,-74.700,-3.500,7.295,false,false,false,Retain: not an upper-IQR candidate.
SITE1_P02,P02,SITE1,map,2,P02_precision_map_4.csv,4,4,50,2.903,5.417,0.5359,17.2236,83.400,-1.100,2.025,false,false,false,Retain: not an upper-IQR candidate.
SITE1_P02,P02,SITE1,map,2,P02_precision_map_4.csv,4,5,100,2.847,4.569,0.6231,35.1247,36.100,0.000,4.400,false,false,false,Retain: not an upper-IQR candidate.
SITE1_P02,P02,SITE1,map,2,P02_precision_map_4.csv,4,6,200,3.069,5.167,0.5940,65.1678,-71.800,-1.100,3.669,false,false,false,Retain: not an upper-IQR candidate.
SITE1_P02,P02,SITE1,map,2,P02_precision_map_4.csv,4,7,50,2.817,5.708,0.4935,17.7494,84.800,-3.700,4.827,false,false,false,Retain: not an upper-IQR candidate.
SITE1_P02,P02,SITE1,map,2,P02_precision_map_4.csv,4,8,100,1.973,3.876,0.5090,50.6842,31.300,-2.400,2.433,false,false,false,Retain: not an upper-IQR candidate.
SITE1_P02,P02,SITE1,map,2,P02_precision_map_4.csv,4,9,200,2.499,4.096,0.6101,80.0320,-69.300,-0.800,1.281,false,false,false,Retain: not an upper-IQR candidate.
SITE1_P02,P02,SITE1,tsunami,3,P02_precision_tsunami_8.csv,8,1,50,1.974,1.974,1.0000,25.3293,85.400,-0.400,3.722,false,false,false,Retain: not an upper-IQR candidate.
SITE1_P02,P02,SITE1,tsunami,3,P02_precision_tsunami_8.csv,8,2,100,1.582,3.293,0.4804,63.2111,32.600,0.200,0.922,false,false,false,Retain: not an upper-IQR candidate.
SITE1_P02,P02,SITE1,tsunami,3,P02_precision_tsunami_8.csv,8,3,200,2.356,3.728,0.6320,84.8896,-58.000,1.900,10.474,false,false,false,Retain: not an upper-IQR candidate.
SITE1_P02,P02,SITE1,tsunami,3,P02_precision_tsunami_8.csv,8,4,50,1.882,4.740,0.3970,26.5675,84.500,0.000,2.800,false,false,false,Retain: not an upper-IQR candidate.
SITE1_P02,P02,SITE1,tsunami,3,P02_precision_tsunami_8.csv,8,5,100,2.093,3.768,0.5555,47.7783,36.600,-0.200,4.904,false,false,false,Retain: not an upper-IQR candidate.
SITE1_P02,P02,SITE1,tsunami,3,P02_precision_tsunami_8.csv,8,6,200,4.530,6.043,0.7496,44.1501,-68.600,0.700,0.762,false,false,false,Retain: not an upper-IQR candidate.
SITE1_P02,P02,SITE1,tsunami,3,P02_precision_tsunami_8.csv,8,7,50,2.223,3.681,0.6039,22.4921,85.600,-0.200,3.905,false,false,false,Retain: not an upper-IQR candidate.
SITE1_P02,P02,SITE1,tsunami,3,P02_precision_tsunami_8.csv,8,8,100,2.595,3.706,0.7002,38.5356,29.100,0.400,2.631,false,false,false,Retain: not an upper-IQR candidate.
SITE1_P02,P02,SITE1,tsunami,3,P02_precision_tsunami_8.csv,8,9,200,2.502,4.210,0.5943,79.9361,-61.000,0.200,7.303,false,false,false,Retain: not an upper-IQR candidate.
SITE1_P03,P03,SITE1,baseline,1,P03_precision_baseline_0.csv,0,1,50,1.681,1.681,1.0000,29.7442,86.200,1.000,4.610,false,false,false,Retain: not an upper-IQR candidate.
SITE1_P03,P03,SITE1,baseline,1,P03_precision_baseline_0.csv,0,2,100,2.847,9.263,0.3074,35.1247,37.700,1.600,6.210,false,false,false,Retain: not an upper-IQR candidate.
SITE1_P03,P03,SITE1,baseline,1,P03_precision_baseline_0.csv,0,3,200,6.306,17.235,0.3659,31.7158,-60.500,0.100,7.801,false,false,false,Retain: not an upper-IQR candidate.
SITE1_P03,P03,SITE1,baseline,1,P03_precision_baseline_0.csv,0,4,50,1.347,4.360,0.3089,37.1195,84.500,1.200,3.046,false,false,false,Retain: not an upper-IQR candidate.
SITE1_P03,P03,SITE1,baseline,1,P03_precision_baseline_0.csv,0,5,100,3.055,5.722,0.5339,32.7332,36.900,0.900,5.277,false,false,false,Retain: not an upper-IQR candidate.
SITE1_P03,P03,SITE1,baseline,1,P03_precision_baseline_0.csv,0,6,200,4.207,6.889,0.6107,47.5398,-49.900,0.500,18.407,false,false,false,Retain: matching repetitions do not support one isolated failure.
SITE1_P03,P03,SITE1,baseline,1,P03_precision_baseline_0.csv,0,7,50,1.625,3.888,0.4180,30.7692,85.800,1.000,4.220,false,false,false,Retain: not an upper-IQR candidate.
SITE1_P03,P03,SITE1,baseline,1,P03_precision_baseline_0.csv,0,8,100,2.555,4.430,0.5767,39.1389,42.100,0.900,10.439,false,false,false,Retain: matching repetitions do not support one isolated failure.
SITE1_P03,P03,SITE1,baseline,1,P03_precision_baseline_0.csv,0,9,200,4.624,7.111,0.6503,43.2526,-58.900,-0.900,9.443,false,false,false,Retain: not an upper-IQR candidate.
SITE1_P03,P03,SITE1,map,2,P03_precision_map_4.csv,4,1,50,3.292,3.295,0.9991,15.1883,90.200,-1.700,8.668,false,false,false,Retain: not an upper-IQR candidate.
SITE1_P03,P03,SITE1,map,2,P03_precision_map_4.csv,4,2,100,2.374,5.205,0.4561,42.1230,29.900,0.100,1.803,false,false,false,Retain: not an upper-IQR candidate.
SITE1_P03,P03,SITE1,map,2,P03_precision_map_4.csv,4,3,200,1.860,4.944,0.3762,107.5269,-46.100,16.300,27.541,false,false,false,Retain: matching repetitions do not support one isolated failure.
SITE1_P03,P03,SITE1,map,2,P03_precision_map_4.csv,4,4,50,1.625,4.472,0.3634,30.7692,90.100,-1.500,8.533,false,false,false,Retain: not an upper-IQR candidate.
SITE1_P03,P03,SITE1,map,2,P03_precision_map_4.csv,4,5,100,1.292,3.751,0.3444,77.3994,36.500,-1.000,4.903,false,false,false,Retain: not an upper-IQR candidate.
SITE1_P03,P03,SITE1,map,2,P03_precision_map_4.csv,4,6,200,2.292,4.846,0.4730,87.2600,-69.500,1.300,1.769,false,false,false,Retain: not an upper-IQR candidate.
SITE1_P03,P03,SITE1,map,2,P03_precision_map_4.csv,4,7,50,2.903,5.139,0.5649,17.2236,82.100,-3.600,3.622,false,false,false,Retain: not an upper-IQR candidate.
SITE1_P03,P03,SITE1,map,2,P03_precision_map_4.csv,4,8,100,2.916,5.068,0.5754,34.2936,37.000,-1.100,5.413,false,false,false,Retain: not an upper-IQR candidate.
SITE1_P03,P03,SITE1,map,2,P03_precision_map_4.csv,4,9,200,2.972,5.597,0.5310,67.2948,-58.800,10.900,14.459,false,false,false,Retain: matching repetitions do not support one isolated failure.
SITE1_P03,P03,SITE1,tsunami,3,P03_precision_tsunami_8.csv,8,1,50,1.872,1.872,1.0000,26.7094,86.800,0.100,5.101,false,false,false,Retain: not an upper-IQR candidate.
SITE1_P03,P03,SITE1,tsunami,3,P03_precision_tsunami_8.csv,8,2,100,2.970,6.310,0.4707,33.6700,44.200,0.800,12.526,false,false,false,Retain: matching repetitions do not support one isolated failure.
SITE1_P03,P03,SITE1,tsunami,3,P03_precision_tsunami_8.csv,8,3,200,2.871,4.939,0.5813,69.6621,-48.700,0.300,19.602,false,false,false,Retain: isolated outlier but below the conservative 25% distance threshold.
SITE1_P03,P03,SITE1,tsunami,3,P03_precision_tsunami_8.csv,8,4,50,2.280,4.790,0.4760,21.9298,80.700,-0.700,1.221,false,false,false,Retain: not an upper-IQR candidate.
SITE1_P03,P03,SITE1,tsunami,3,P03_precision_tsunami_8.csv,8,5,100,2.721,4.728,0.5755,36.7512,23.700,-0.700,8.031,false,false,false,Retain: not an upper-IQR candidate.
SITE1_P03,P03,SITE1,tsunami,3,P03_precision_tsunami_8.csv,8,6,200,3.806,6.214,0.6125,52.5486,-77.600,-2.600,9.657,false,false,false,Retain: not an upper-IQR candidate.
SITE1_P03,P03,SITE1,tsunami,3,P03_precision_tsunami_8.csv,8,7,50,2.598,4.308,0.6031,19.2456,90.600,0.500,8.914,false,false,false,Retain: matching repetitions do not support one isolated failure.
SITE1_P03,P03,SITE1,tsunami,3,P03_precision_tsunami_8.csv,8,8,100,3.957,5.265,0.7516,25.2717,41.500,0.500,9.813,false,false,false,Retain: not an upper-IQR candidate.
SITE1_P03,P03,SITE1,tsunami,3,P03_precision_tsunami_8.csv,8,9,200,2.591,4.061,0.6380,77.1903,-68.900,1.800,1.897,false,false,false,Retain: not an upper-IQR candidate.
SITE1_P04,P04,SITE1,baseline,3,P04_precision_baseline_8.csv,8,1,50,0.180,0.181,0.9945,277.7778,81.400,-0.800,0.854,false,false,false,Retain: not an upper-IQR candidate.
SITE1_P04,P04,SITE1,baseline,3,P04_precision_baseline_8.csv,8,2,100,3.042,15.500,0.1963,32.8731,31.200,0.900,1.030,false,false,false,Retain: not an upper-IQR candidate.
SITE1_P04,P04,SITE1,baseline,3,P04_precision_baseline_8.csv,8,3,200,0.125,2.694,0.0464,1600.0000,108.200,3.400,176.533,true,false,false,Upper-IQR trial; error >=25% of nominal distance; verified aim-to-teleport interval <0.25 s; raw selected/landing point verified.
SITE1_P04,P04,SITE1,baseline,3,P04_precision_baseline_8.csv,8,4,50,2.167,4.417,0.4906,23.0734,82.100,1.200,1.265,false,false,false,Retain: not an upper-IQR candidate.
SITE1_P04,P04,SITE1,baseline,3,P04_precision_baseline_8.csv,8,5,100,2.251,4.083,0.5513,44.4247,29.800,1.400,2.360,false,false,false,Retain: not an upper-IQR candidate.
SITE1_P04,P04,SITE1,baseline,3,P04_precision_baseline_8.csv,8,6,200,4.917,8.389,0.5861,40.6752,-65.900,0.900,2.563,false,false,false,Retain: not an upper-IQR candidate.
SITE1_P04,P04,SITE1,baseline,3,P04_precision_baseline_8.csv,8,7,50,1.666,3.278,0.5082,30.0120,82.000,1.600,1.628,false,false,false,Retain: not an upper-IQR candidate.
SITE1_P04,P04,SITE1,baseline,3,P04_precision_baseline_8.csv,8,8,100,2.694,3.986,0.6759,37.1195,34.000,1.300,2.642,false,false,false,Retain: not an upper-IQR candidate.
SITE1_P04,P04,SITE1,baseline,3,P04_precision_baseline_8.csv,8,9,200,3.584,6.320,0.5671,55.8036,-62.400,2.800,6.531,false,false,false,Retain: not an upper-IQR candidate.
SITE1_P04,P04,SITE1,map,1,P04_precision_map_0.csv,0,1,50,5.014,5.019,0.9990,9.9721,80.200,-2.600,3.002,false,false,false,Retain: not an upper-IQR candidate.
SITE1_P04,P04,SITE1,map,1,P04_precision_map_0.csv,0,2,100,2.208,5.218,0.4232,45.2899,30.100,5.800,6.017,false,false,false,Retain: not an upper-IQR candidate.
SITE1_P04,P04,SITE1,map,1,P04_precision_map_0.csv,0,3,200,2.084,3.070,0.6788,95.9693,-63.100,0.100,5.201,false,false,false,Retain: not an upper-IQR candidate.
SITE1_P04,P04,SITE1,map,1,P04_precision_map_0.csv,0,4,50,1.833,3.556,0.5155,27.2777,80.600,0.500,1.208,false,false,false,Retain: not an upper-IQR candidate.
SITE1_P04,P04,SITE1,map,1,P04_precision_map_0.csv,0,5,100,1.514,3.430,0.4414,66.0502,33.300,1.400,2.126,false,false,false,Retain: not an upper-IQR candidate.
SITE1_P04,P04,SITE1,map,1,P04_precision_map_0.csv,0,6,200,1.736,4.153,0.4180,115.2074,-62.500,8.200,10.044,false,false,false,Retain: not an upper-IQR candidate.
SITE1_P04,P04,SITE1,map,1,P04_precision_map_0.csv,0,7,50,1.570,2.986,0.5258,31.8471,79.900,-1.100,2.110,false,false,false,Retain: not an upper-IQR candidate.
SITE1_P04,P04,SITE1,map,1,P04_precision_map_0.csv,0,8,100,1.569,3.666,0.4280,63.7349,29.600,2.800,3.500,false,false,false,Retain: not an upper-IQR candidate.
SITE1_P04,P04,SITE1,map,1,P04_precision_map_0.csv,0,9,200,1.639,3.473,0.4719,122.0256,-64.900,-0.600,3.453,false,false,false,Retain: not an upper-IQR candidate.
SITE1_P04,P04,SITE1,tsunami,2,P04_precision_tsunami_4.csv,4,1,50,1.277,1.277,1.0000,39.1543,78.200,-0.700,3.569,false,false,false,Retain: not an upper-IQR candidate.
SITE1_P04,P04,SITE1,tsunami,2,P04_precision_tsunami_4.csv,4,2,100,1.557,3.630,0.4289,64.2261,34.900,0.900,3.324,false,false,false,Retain: not an upper-IQR candidate.
SITE1_P04,P04,SITE1,tsunami,2,P04_precision_tsunami_4.csv,4,3,200,2.092,3.707,0.5643,95.6023,-72.800,1.100,4.632,false,false,false,Retain: not an upper-IQR candidate.
SITE1_P04,P04,SITE1,tsunami,2,P04_precision_tsunami_4.csv,4,4,50,1.042,2.208,0.4719,47.9846,78.900,0.700,2.886,false,false,false,Retain: not an upper-IQR candidate.
SITE1_P04,P04,SITE1,tsunami,2,P04_precision_tsunami_4.csv,4,5,100,1.751,2.860,0.6122,57.1102,28.800,0.300,2.915,false,false,false,Retain: not an upper-IQR candidate.
SITE1_P04,P04,SITE1,tsunami,2,P04_precision_tsunami_4.csv,4,6,200,2.649,3.842,0.6895,75.5002,-65.100,1.300,3.454,false,false,false,Retain: not an upper-IQR candidate.
SITE1_P04,P04,SITE1,tsunami,2,P04_precision_tsunami_4.csv,4,7,50,1.488,3.268,0.4553,33.6022,83.200,0.400,1.552,false,false,false,Retain: not an upper-IQR candidate.
SITE1_P04,P04,SITE1,tsunami,2,P04_precision_tsunami_4.csv,4,8,100,1.692,3.243,0.5217,59.1017,36.700,-1.100,5.120,false,false,false,Retain: not an upper-IQR candidate.
SITE1_P04,P04,SITE1,tsunami,2,P04_precision_tsunami_4.csv,4,9,200,2.323,3.701,0.6277,86.0956,-67.300,-0.300,1.044,false,false,false,Retain: not an upper-IQR candidate.
SITE1_P05,P05,SITE1,baseline,3,P05_precision_baseline_8.csv,8,1,50,0.849,0.849,1.0000,58.8928,81.800,-0.600,0.608,false,false,false,Retain: not an upper-IQR candidate.
SITE1_P05,P05,SITE1,baseline,3,P05_precision_baseline_8.csv,8,2,100,2.206,3.207,0.6879,45.3309,36.600,-0.600,4.937,false,false,false,Retain: not an upper-IQR candidate.
SITE1_P05,P05,SITE1,baseline,3,P05_precision_baseline_8.csv,8,3,200,2.889,3.752,0.7700,69.2281,-70.300,-0.900,2.193,false,false,false,Retain: not an upper-IQR candidate.
SITE1_P05,P05,SITE1,baseline,3,P05_precision_baseline_8.csv,8,4,50,1.291,2.152,0.5999,38.7297,82.100,-1.100,1.170,false,false,false,Retain: not an upper-IQR candidate.
SITE1_P05,P05,SITE1,baseline,3,P05_precision_baseline_8.csv,8,5,100,1.736,2.111,0.8224,57.6037,35.700,-0.100,4.001,false,false,false,Retain: not an upper-IQR candidate.
SITE1_P05,P05,SITE1,baseline,3,P05_precision_baseline_8.csv,8,6,200,3.584,3.931,0.9117,55.8036,-62.200,-0.600,6.129,false,false,false,Retain: not an upper-IQR candidate.
SITE1_P05,P05,SITE1,baseline,3,P05_precision_baseline_8.csv,8,7,50,1.083,1.986,0.5453,46.1681,83.000,-0.600,1.432,false,false,false,Retain: not an upper-IQR candidate.
SITE1_P05,P05,SITE1,baseline,3,P05_precision_baseline_8.csv,8,8,100,1.486,2.347,0.6331,67.2948,36.300,-0.600,4.639,false,false,false,Retain: not an upper-IQR candidate.
SITE1_P05,P05,SITE1,baseline,3,P05_precision_baseline_8.csv,8,9,200,2.709,3.625,0.7473,73.8280,-62.200,-0.800,6.152,false,false,false,Retain: not an upper-IQR candidate.
SITE1_P05,P05,SITE1,map,1,P05_precision_map_0.csv,0,1,50,3.417,3.418,0.9997,14.6327,88.500,12.300,14.055,false,false,false,Retain: not an upper-IQR candidate.
SITE1_P05,P05,SITE1,map,1,P05_precision_map_0.csv,0,2,100,2.611,7.639,0.3418,38.2995,35.600,-9.600,10.362,false,false,false,Retain: not an upper-IQR candidate.
SITE1_P05,P05,SITE1,map,1,P05_precision_map_0.csv,0,3,200,2.445,4.555,0.5368,81.7996,-62.600,-5.500,7.921,false,false,false,Retain: not an upper-IQR candidate.
SITE1_P05,P05,SITE1,map,1,P05_precision_map_0.csv,0,4,50,2.569,4.375,0.5872,19.4628,81.000,2.900,2.983,false,false,false,Retain: not an upper-IQR candidate.
SITE1_P05,P05,SITE1,map,1,P05_precision_map_0.csv,0,5,100,2.680,4.889,0.5482,37.3134,19.800,4.800,12.832,false,false,false,Retain: not an upper-IQR candidate.
SITE1_P05,P05,SITE1,map,1,P05_precision_map_0.csv,0,6,200,1.944,4.042,0.4810,102.8807,-62.000,1.100,6.395,false,false,false,Retain: not an upper-IQR candidate.
SITE1_P05,P05,SITE1,map,1,P05_precision_map_0.csv,0,7,50,2.111,3.930,0.5372,23.6855,77.300,-6.200,7.603,false,false,false,Retain: not an upper-IQR candidate.
SITE1_P05,P05,SITE1,map,1,P05_precision_map_0.csv,0,8,100,1.556,3.917,0.3972,64.2674,43.000,-8.900,14.384,false,false,false,Retain: matching repetitions do not support one isolated failure.
SITE1_P05,P05,SITE1,map,1,P05_precision_map_0.csv,0,9,200,2.291,4.166,0.5499,87.2981,-65.100,1.700,3.624,false,false,false,Retain: not an upper-IQR candidate.
SITE1_P05,P05,SITE1,tsunami,2,P05_precision_tsunami_4.csv,4,1,50,1.787,1.787,1.0000,27.9799,84.700,-0.400,3.027,false,false,false,Retain: not an upper-IQR candidate.
SITE1_P05,P05,SITE1,tsunami,2,P05_precision_tsunami_4.csv,4,2,100,1.792,3.459,0.5181,55.8036,25.400,-1.200,6.413,false,false,false,Retain: not an upper-IQR candidate.
SITE1_P05,P05,SITE1,tsunami,2,P05_precision_tsunami_4.csv,4,3,200,2.295,3.397,0.6756,87.1460,-77.100,2.500,9.148,false,false,false,Retain: not an upper-IQR candidate.
SITE1_P05,P05,SITE1,tsunami,2,P05_precision_tsunami_4.csv,4,4,50,1.614,2.955,0.5462,30.9789,79.400,0.300,2.319,false,false,false,Retain: not an upper-IQR candidate.
SITE1_P05,P05,SITE1,tsunami,2,P05_precision_tsunami_4.csv,4,5,100,1.565,2.699,0.5798,63.8978,28.300,0.600,3.453,false,false,false,Retain: not an upper-IQR candidate.
SITE1_P05,P05,SITE1,tsunami,2,P05_precision_tsunami_4.csv,4,6,200,2.175,3.323,0.6545,91.9540,-67.500,2.100,2.247,false,false,false,Retain: not an upper-IQR candidate.
SITE1_P05,P05,SITE1,tsunami,2,P05_precision_tsunami_4.csv,4,7,50,1.605,2.710,0.5923,31.1526,81.000,-0.100,0.707,false,false,false,Retain: not an upper-IQR candidate.
SITE1_P05,P05,SITE1,tsunami,2,P05_precision_tsunami_4.csv,4,8,100,1.615,2.461,0.6562,61.9195,35.900,2.600,4.940,false,false,false,Retain: not an upper-IQR candidate.
SITE1_P05,P05,SITE1,tsunami,2,P05_precision_tsunami_4.csv,4,9,200,2.235,3.177,0.7035,89.4855,-67.900,1.900,1.942,false,false,false,Retain: not an upper-IQR candidate.
SITE1_P06,P06,SITE1,baseline,3,P06_precision_baseline_8.csv,8,1,50,0.735,0.736,0.9986,68.0272,77.600,0.200,4.105,false,false,false,Retain: not an upper-IQR candidate.
SITE1_P06,P06,SITE1,baseline,3,P06_precision_baseline_8.csv,8,2,100,1.916,4.542,0.4218,52.1921,29.000,-0.200,2.707,false,false,false,Retain: not an upper-IQR candidate.
SITE1_P06,P06,SITE1,baseline,3,P06_precision_baseline_8.csv,8,3,200,3.431,5.430,0.6319,58.2920,-56.500,0.700,11.821,false,false,false,Retain: not an upper-IQR candidate.
SITE1_P06,P06,SITE1,baseline,3,P06_precision_baseline_8.csv,8,4,50,2.333,4.445,0.5249,21.4316,81.800,-0.200,0.224,false,false,false,Retain: not an upper-IQR candidate.
SITE1_P06,P06,SITE1,baseline,3,P06_precision_baseline_8.csv,8,5,100,2.598,4.347,0.5977,38.4911,35.300,0.300,3.612,false,false,false,Retain: not an upper-IQR candidate.
SITE1_P06,P06,SITE1,baseline,3,P06_precision_baseline_8.csv,8,6,200,2.749,4.972,0.5529,72.7537,-59.900,-1.300,8.500,false,false,false,Retain: not an upper-IQR candidate.
SITE1_P06,P06,SITE1,baseline,3,P06_precision_baseline_8.csv,8,7,50,1.930,4.278,0.4511,25.9067,82.100,-0.400,0.566,false,false,false,Retain: not an upper-IQR candidate.
SITE1_P06,P06,SITE1,baseline,3,P06_precision_baseline_8.csv,8,8,100,3.570,5.624,0.6348,28.0112,35.400,0.000,3.700,false,false,false,Retain: not an upper-IQR candidate.
SITE1_P06,P06,SITE1,baseline,3,P06_precision_baseline_8.csv,8,9,200,4.292,7.070,0.6071,46.5983,-64.600,-0.900,3.808,false,false,false,Retain: not an upper-IQR candidate.
SITE1_P06,P06,SITE1,map,1,P06_precision_map_0.csv,0,1,50,6.278,6.282,0.9994,7.9643,90.300,5.100,9.998,false,false,false,Retain: not an upper-IQR candidate.
SITE1_P06,P06,SITE1,map,1,P06_precision_map_0.csv,0,2,100,3.569,8.983,0.3973,28.0191,27.000,8.400,9.625,false,false,false,Retain: not an upper-IQR candidate.
SITE1_P06,P06,SITE1,map,1,P06_precision_map_0.csv,0,3,200,5.111,11.181,0.4571,39.1313,-65.500,5.500,6.172,false,false,false,Retain: not an upper-IQR candidate.
SITE1_P06,P06,SITE1,map,1,P06_precision_map_0.csv,0,4,50,4.486,8.152,0.5503,11.1458,84.300,-0.100,2.602,false,false,false,Retain: not an upper-IQR candidate.
SITE1_P06,P06,SITE1,map,1,P06_precision_map_0.csv,0,5,100,3.500,8.903,0.3931,28.5714,35.900,0.900,4.295,false,false,false,Retain: not an upper-IQR candidate.
SITE1_P06,P06,SITE1,map,1,P06_precision_map_0.csv,0,6,200,4.180,8.251,0.5066,47.8469,-64.500,-0.800,3.883,false,false,false,Retain: not an upper-IQR candidate.
SITE1_P06,P06,SITE1,map,1,P06_precision_map_0.csv,0,7,50,2.306,7.029,0.3281,21.6826,83.400,2.400,2.941,false,false,false,Retain: not an upper-IQR candidate.
SITE1_P06,P06,SITE1,map,1,P06_precision_map_0.csv,0,8,100,3.861,7.151,0.5399,25.9000,36.200,-2.600,5.197,false,false,false,Retain: not an upper-IQR candidate.
SITE1_P06,P06,SITE1,map,1,P06_precision_map_0.csv,0,9,200,2.722,6.152,0.4425,73.4754,-67.500,0.200,0.825,false,false,false,Retain: not an upper-IQR candidate.
SITE1_P06,P06,SITE1,tsunami,2,P06_precision_tsunami_4.csv,4,1,50,1.526,1.526,1.0000,32.7654,82.400,-0.300,0.762,false,false,false,Retain: not an upper-IQR candidate.
SITE1_P06,P06,SITE1,tsunami,2,P06_precision_tsunami_4.csv,4,2,100,1.830,4.159,0.4400,54.6448,27.600,-1.300,4.301,false,false,false,Retain: not an upper-IQR candidate.
SITE1_P06,P06,SITE1,tsunami,2,P06_precision_tsunami_4.csv,4,3,200,2.414,4.714,0.5121,82.8500,-83.800,0.700,15.516,false,false,false,Retain: isolated outlier but below the conservative 25% distance threshold.
SITE1_P06,P06,SITE1,tsunami,2,P06_precision_tsunami_4.csv,4,4,50,1.510,4.066,0.3714,33.1126,80.500,-0.100,1.204,false,false,false,Retain: not an upper-IQR candidate.
SITE1_P06,P06,SITE1,tsunami,2,P06_precision_tsunami_4.csv,4,5,100,2.539,4.437,0.5722,39.3856,24.900,-0.500,6.818,false,false,false,Retain: not an upper-IQR candidate.
SITE1_P06,P06,SITE1,tsunami,2,P06_precision_tsunami_4.csv,4,6,200,2.423,4.850,0.4996,82.5423,-71.500,-1.700,3.624,false,false,false,Retain: not an upper-IQR candidate.
SITE1_P06,P06,SITE1,tsunami,2,P06_precision_tsunami_4.csv,4,7,50,1.386,4.030,0.3439,36.0750,82.600,-0.200,0.922,false,false,false,Retain: not an upper-IQR candidate.
SITE1_P06,P06,SITE1,tsunami,2,P06_precision_tsunami_4.csv,4,8,100,2.117,4.453,0.4754,47.2367,33.800,-0.100,2.102,false,false,false,Retain: not an upper-IQR candidate.
SITE1_P06,P06,SITE1,tsunami,2,P06_precision_tsunami_4.csv,4,9,200,2.912,4.968,0.5862,68.6813,-74.000,-0.500,5.722,false,false,false,Retain: not an upper-IQR candidate.
SITE1_P07,P07,SITE1,baseline,2,P07_precision_baseline_4.csv,4,1,50,3.209,3.209,1.0000,15.5812,81.600,0.400,0.412,false,false,false,Retain: not an upper-IQR candidate.
SITE1_P07,P07,SITE1,baseline,2,P07_precision_baseline_4.csv,4,2,100,6.486,8.430,0.7694,15.4178,34.400,0.200,2.707,false,false,false,Retain: not an upper-IQR candidate.
SITE1_P07,P07,SITE1,baseline,2,P07_precision_baseline_4.csv,4,3,200,4.750,6.834,0.6951,42.1053,-64.300,0.900,4.100,false,false,false,Retain: not an upper-IQR candidate.
SITE1_P07,P07,SITE1,baseline,2,P07_precision_baseline_4.csv,4,4,50,2.875,4.542,0.6330,17.3913,80.700,0.300,1.044,false,false,false,Retain: not an upper-IQR candidate.
SITE1_P07,P07,SITE1,baseline,2,P07_precision_baseline_4.csv,4,5,100,4.181,5.763,0.7255,23.9177,31.200,1.100,1.208,false,false,false,Retain: not an upper-IQR candidate.
SITE1_P07,P07,SITE1,baseline,2,P07_precision_baseline_4.csv,4,6,200,3.625,5.639,0.6428,55.1724,-73.500,0.700,5.247,false,false,false,Retain: not an upper-IQR candidate.
SITE1_P07,P07,SITE1,baseline,2,P07_precision_baseline_4.csv,4,7,50,2.472,4.278,0.5778,20.2265,80.100,0.300,1.628,false,false,false,Retain: not an upper-IQR candidate.
SITE1_P07,P07,SITE1,baseline,2,P07_precision_baseline_4.csv,4,8,100,6.055,7.347,0.8241,16.5153,32.200,0.500,0.707,false,false,false,Retain: not an upper-IQR candidate.
SITE1_P07,P07,SITE1,baseline,2,P07_precision_baseline_4.csv,4,9,200,4.973,6.445,0.7716,40.2172,-67.000,0.800,1.526,false,false,false,Retain: not an upper-IQR candidate.
SITE1_P07,P07,SITE1,map,3,P07_precision_map_8.csv,8,1,50,8.986,8.989,0.9997,5.5642,82.500,5.800,5.855,false,false,false,Retain: not an upper-IQR candidate.
SITE1_P07,P07,SITE1,map,3,P07_precision_map_8.csv,8,2,100,5.041,7.053,0.7147,19.8373,35.300,9.100,9.786,false,false,false,Retain: not an upper-IQR candidate.
SITE1_P07,P07,SITE1,map,3,P07_precision_map_8.csv,8,3,200,4.153,5.917,0.7019,48.1580,-71.300,0.400,3.027,false,false,false,Retain: not an upper-IQR candidate.
SITE1_P07,P07,SITE1,map,3,P07_precision_map_8.csv,8,4,50,2.098,3.778,0.5553,23.8322,76.000,2.900,6.395,false,false,false,Retain: not an upper-IQR candidate.
SITE1_P07,P07,SITE1,map,3,P07_precision_map_8.csv,8,5,100,3.056,4.860,0.6288,32.7225,28.700,6.200,6.888,false,false,false,Retain: not an upper-IQR candidate.
SITE1_P07,P07,SITE1,map,3,P07_precision_map_8.csv,8,6,200,3.986,5.973,0.6673,50.1756,-69.700,1.200,1.844,false,false,false,Retain: not an upper-IQR candidate.
SITE1_P07,P07,SITE1,map,3,P07_precision_map_8.csv,8,7,50,3.111,5.292,0.5879,16.0720,82.600,1.200,1.500,false,false,false,Retain: not an upper-IQR candidate.
SITE1_P07,P07,SITE1,map,3,P07_precision_map_8.csv,8,8,100,4.680,7.153,0.6543,21.3675,30.400,3.800,4.016,false,false,false,Retain: not an upper-IQR candidate.
SITE1_P07,P07,SITE1,map,3,P07_precision_map_8.csv,8,9,200,4.625,6.778,0.6824,43.2432,-70.900,-0.900,2.751,false,false,false,Retain: not an upper-IQR candidate.
SITE1_P07,P07,SITE1,tsunami,1,P07_precision_tsunami_0.csv,0,1,50,3.584,3.585,0.9997,13.9509,83.100,-0.400,1.456,false,false,false,Retain: not an upper-IQR candidate.
SITE1_P07,P07,SITE1,tsunami,1,P07_precision_tsunami_0.csv,0,2,100,3.201,6.137,0.5216,31.2402,28.600,-0.100,3.102,false,false,false,Retain: not an upper-IQR candidate.
SITE1_P07,P07,SITE1,tsunami,1,P07_precision_tsunami_0.csv,0,3,200,8.398,10.851,0.7739,23.8152,-72.700,-1.200,4.561,false,false,false,Retain: not an upper-IQR candidate.
SITE1_P07,P07,SITE1,tsunami,1,P07_precision_tsunami_0.csv,0,4,50,2.379,4.848,0.4907,21.0172,81.700,0.300,0.300,false,false,false,Retain: not an upper-IQR candidate.
SITE1_P07,P07,SITE1,tsunami,1,P07_precision_tsunami_0.csv,0,5,100,2.374,4.937,0.4809,42.1230,28.600,0.700,3.178,false,false,false,Retain: not an upper-IQR candidate.
SITE1_P07,P07,SITE1,tsunami,1,P07_precision_tsunami_0.csv,0,6,200,7.993,10.431,0.7663,25.0219,-67.600,-0.700,0.990,false,false,false,Retain: not an upper-IQR candidate.
SITE1_P07,P07,SITE1,tsunami,1,P07_precision_tsunami_0.csv,0,7,50,3.078,5.846,0.5265,16.2443,81.900,0.200,0.283,false,false,false,Retain: not an upper-IQR candidate.
SITE1_P07,P07,SITE1,tsunami,1,P07_precision_tsunami_0.csv,0,8,100,5.548,8.070,0.6875,18.0245,29.300,0.200,2.408,false,false,false,Retain: not an upper-IQR candidate.
SITE1_P07,P07,SITE1,tsunami,1,P07_precision_tsunami_0.csv,0,9,200,5.514,8.295,0.6647,36.2713,-68.800,0.400,0.640,false,false,false,Retain: not an upper-IQR candidate.
SITE1_P08,P08,SITE1,baseline,2,P08_precision_baseline_4.csv,4,1,50,2.959,2.959,1.0000,16.8976,81.600,1.800,1.803,false,false,false,Retain: not an upper-IQR candidate.
SITE1_P08,P08,SITE1,baseline,2,P08_precision_baseline_4.csv,4,2,100,3.152,5.527,0.5703,31.7259,34.500,1.800,3.329,false,false,false,Retain: not an upper-IQR candidate.
SITE1_P08,P08,SITE1,baseline,2,P08_precision_baseline_4.csv,4,3,200,4.069,8.334,0.4882,49.1521,-68.400,1.500,1.503,false,false,false,Retain: not an upper-IQR candidate.
SITE1_P08,P08,SITE1,baseline,2,P08_precision_baseline_4.csv,4,4,50,2.639,4.639,0.5689,18.9466,83.300,1.600,2.263,false,false,false,Retain: not an upper-IQR candidate.
SITE1_P08,P08,SITE1,baseline,2,P08_precision_baseline_4.csv,4,5,100,2.945,5.930,0.4966,33.9559,35.500,2.000,4.294,false,false,false,Retain: not an upper-IQR candidate.
SITE1_P08,P08,SITE1,baseline,2,P08_precision_baseline_4.csv,4,6,200,2.527,4.736,0.5336,79.1452,-63.900,2.200,4.919,false,false,false,Retain: not an upper-IQR candidate.
SITE1_P08,P08,SITE1,baseline,2,P08_precision_baseline_4.csv,4,7,50,1.735,3.693,0.4698,28.8184,78.800,1.700,3.362,false,false,false,Retain: not an upper-IQR candidate.
SITE1_P08,P08,SITE1,baseline,2,P08_precision_baseline_4.csv,4,8,100,1.972,3.807,0.5180,50.7099,33.600,2.000,2.759,false,false,false,Retain: not an upper-IQR candidate.
SITE1_P08,P08,SITE1,baseline,2,P08_precision_baseline_4.csv,4,9,200,3.667,5.680,0.6456,54.5405,-56.100,1.700,12.318,false,false,false,Retain: not an upper-IQR candidate.
SITE1_P08,P08,SITE1,map,3,P08_precision_map_8.csv,8,1,50,11.750,11.751,0.9999,4.2553,81.800,7.800,7.801,false,false,false,Retain: not an upper-IQR candidate.
SITE1_P08,P08,SITE1,map,3,P08_precision_map_8.csv,8,2,100,3.265,6.306,0.5178,30.6279,29.400,3.300,4.022,false,false,false,Retain: not an upper-IQR candidate.
SITE1_P08,P08,SITE1,map,3,P08_precision_map_8.csv,8,3,200,2.903,6.527,0.4448,68.8942,-70.400,1.400,2.524,false,false,false,Retain: not an upper-IQR candidate.
SITE1_P08,P08,SITE1,map,3,P08_precision_map_8.csv,8,4,50,2.362,4.723,0.5001,21.1685,82.200,-1.900,1.965,false,false,false,Retain: not an upper-IQR candidate.
SITE1_P08,P08,SITE1,map,3,P08_precision_map_8.csv,8,5,100,2.209,3.584,0.6164,45.2694,31.100,-1.400,1.523,false,false,false,Retain: not an upper-IQR candidate.
SITE1_P08,P08,SITE1,map,3,P08_precision_map_8.csv,8,6,200,1.695,3.221,0.5262,117.9941,-65.400,-1.300,3.178,false,false,false,Retain: not an upper-IQR candidate.
SITE1_P08,P08,SITE1,map,3,P08_precision_map_8.csv,8,7,50,3.498,5.012,0.6979,14.2939,82.900,5.800,5.923,false,false,false,Retain: not an upper-IQR candidate.
SITE1_P08,P08,SITE1,map,3,P08_precision_map_8.csv,8,8,100,5.388,15.279,0.3526,18.5598,31.800,-6.400,6.401,false,false,false,Retain: not an upper-IQR candidate.
SITE1_P08,P08,SITE1,map,3,P08_precision_map_8.csv,8,9,200,3.527,6.904,0.5109,56.7054,-65.500,1.400,3.130,false,false,false,Retain: not an upper-IQR candidate.
SITE1_P08,P08,SITE1,tsunami,1,P08_precision_tsunami_0.csv,0,1,50,2.606,2.606,1.0000,19.1865,78.900,1.000,2.973,false,false,false,Retain: not an upper-IQR candidate.
SITE1_P08,P08,SITE1,tsunami,1,P08_precision_tsunami_0.csv,0,2,100,3.647,27.492,0.1327,27.4198,31.700,0.000,0.000,false,false,false,Retain: not an upper-IQR candidate.
SITE1_P08,P08,SITE1,tsunami,1,P08_precision_tsunami_0.csv,0,3,200,3.012,5.968,0.5047,66.4011,-69.500,-1.900,2.247,false,false,false,Retain: not an upper-IQR candidate.
SITE1_P08,P08,SITE1,tsunami,1,P08_precision_tsunami_0.csv,0,4,50,2.398,6.530,0.3672,20.8507,82.400,0.200,0.728,false,false,false,Retain: not an upper-IQR candidate.
SITE1_P08,P08,SITE1,tsunami,1,P08_precision_tsunami_0.csv,0,5,100,2.037,5.883,0.3463,49.0918,33.700,-0.700,2.119,false,false,false,Retain: not an upper-IQR candidate.
SITE1_P08,P08,SITE1,tsunami,1,P08_precision_tsunami_0.csv,0,6,200,3.859,8.345,0.4624,51.8269,-57.000,-0.200,11.302,false,false,false,Retain: not an upper-IQR candidate.
SITE1_P08,P08,SITE1,tsunami,1,P08_precision_tsunami_0.csv,0,7,50,1.434,4.427,0.3239,34.8675,90.800,0.600,9.120,false,false,false,Retain: isolated outlier but below the conservative 25% distance threshold.
SITE1_P08,P08,SITE1,tsunami,1,P08_precision_tsunami_0.csv,0,8,100,1.980,4.869,0.4067,50.5051,26.900,0.800,4.866,false,false,false,Retain: not an upper-IQR candidate.
SITE1_P08,P08,SITE1,tsunami,1,P08_precision_tsunami_0.csv,0,9,200,2.878,5.262,0.5469,69.4927,-72.900,-1.200,4.754,false,false,false,Retain: not an upper-IQR candidate.
SITE1_P09,P09,SITE1,baseline,2,P09_precision_baseline_4.csv,4,1,50,2.736,2.736,1.0000,18.2749,81.200,-1.800,1.868,false,false,false,Retain: not an upper-IQR candidate.
SITE1_P09,P09,SITE1,baseline,2,P09_precision_baseline_4.csv,4,2,100,3.708,7.542,0.4916,26.9687,31.600,-2.200,2.202,false,false,false,Retain: not an upper-IQR candidate.
SITE1_P09,P09,SITE1,baseline,2,P09_precision_baseline_4.csv,4,3,200,7.375,9.833,0.7500,27.1186,-67.300,-1.800,2.059,false,false,false,Retain: not an upper-IQR candidate.
SITE1_P09,P09,SITE1,baseline,2,P09_precision_baseline_4.csv,4,4,50,4.264,6.528,0.6532,11.7261,81.100,-1.900,1.992,false,false,false,Retain: not an upper-IQR candidate.
SITE1_P09,P09,SITE1,baseline,2,P09_precision_baseline_4.csv,4,5,100,9.625,11.569,0.8320,10.3896,33.200,-2.000,2.500,false,false,false,Retain: not an upper-IQR candidate.
SITE1_P09,P09,SITE1,baseline,2,P09_precision_baseline_4.csv,4,6,200,15.945,18.584,0.8580,12.5431,-73.700,-2.100,5.794,false,false,false,Retain: not an upper-IQR candidate.
SITE1_P09,P09,SITE1,baseline,2,P09_precision_baseline_4.csv,4,7,50,2.903,4.986,0.5822,17.2236,78.500,-1.800,3.672,false,false,false,Retain: not an upper-IQR candidate.
SITE1_P09,P09,SITE1,baseline,2,P09_precision_baseline_4.csv,4,8,100,8.277,10.611,0.7800,12.0817,27.800,-2.200,4.478,false,false,false,Retain: not an upper-IQR candidate.
SITE1_P09,P09,SITE1,baseline,2,P09_precision_baseline_4.csv,4,9,200,9.153,12.000,0.7628,21.8508,-67.300,-2.400,2.600,false,false,false,Retain: not an upper-IQR candidate.
SITE1_P09,P09,SITE1,map,3,P09_precision_map_8.csv,8,1,50,6.056,6.057,0.9998,8.2563,80.500,-4.800,4.948,false,false,false,Retain: not an upper-IQR candidate.
SITE1_P09,P09,SITE1,map,3,P09_precision_map_8.csv,8,2,100,5.431,7.736,0.7020,18.4128,32.000,-1.300,1.334,false,false,false,Retain: not an upper-IQR candidate.
SITE1_P09,P09,SITE1,map,3,P09_precision_map_8.csv,8,3,200,6.568,8.180,0.8029,30.4507,-66.100,-0.800,2.341,false,false,false,Retain: not an upper-IQR candidate.
SITE1_P09,P09,SITE1,map,3,P09_precision_map_8.csv,8,4,50,5.763,7.306,0.7888,8.6760,82.400,-1.400,1.565,false,false,false,Retain: not an upper-IQR candidate.
SITE1_P09,P09,SITE1,map,3,P09_precision_map_8.csv,8,5,100,5.346,6.514,0.8207,18.7056,31.100,0.200,0.632,false,false,false,Retain: not an upper-IQR candidate.
SITE1_P09,P09,SITE1,map,3,P09_precision_map_8.csv,8,6,200,3.735,4.805,0.7773,53.5475,-66.200,-1.900,2.832,false,false,false,Retain: not an upper-IQR candidate.
SITE1_P09,P09,SITE1,map,3,P09_precision_map_8.csv,8,7,50,6.527,7.806,0.8362,7.6605,82.400,-4.200,4.258,false,false,false,Retain: not an upper-IQR candidate.
SITE1_P09,P09,SITE1,map,3,P09_precision_map_8.csv,8,8,100,4.042,5.584,0.7239,24.7402,30.200,-2.300,2.746,false,false,false,Retain: not an upper-IQR candidate.
SITE1_P09,P09,SITE1,map,3,P09_precision_map_8.csv,8,9,200,3.152,4.485,0.7028,63.4518,-67.300,0.100,1.005,false,false,false,Retain: not an upper-IQR candidate.
SITE1_P09,P09,SITE1,tsunami,1,P09_precision_tsunami_0.csv,0,1,50,12.690,12.690,1.0000,3.9401,81.500,-0.100,0.224,false,false,false,Retain: not an upper-IQR candidate.
SITE1_P09,P09,SITE1,tsunami,1,P09_precision_tsunami_0.csv,0,2,100,3.871,8.737,0.4431,25.8331,32.700,0.000,1.000,false,false,false,Retain: not an upper-IQR candidate.
SITE1_P09,P09,SITE1,tsunami,1,P09_precision_tsunami_0.csv,0,3,200,3.660,8.624,0.4244,54.6448,-67.400,-0.100,0.906,false,false,false,Retain: not an upper-IQR candidate.
SITE1_P09,P09,SITE1,tsunami,1,P09_precision_tsunami_0.csv,0,4,50,2.539,5.746,0.4419,19.6928,82.000,-0.300,0.424,false,false,false,Retain: not an upper-IQR candidate.
SITE1_P09,P09,SITE1,tsunami,1,P09_precision_tsunami_0.csv,0,5,100,2.601,5.254,0.4951,38.4468,31.300,0.200,0.447,false,false,false,Retain: not an upper-IQR candidate.
SITE1_P09,P09,SITE1,tsunami,1,P09_precision_tsunami_0.csv,0,6,200,4.506,7.413,0.6079,44.3853,-69.000,0.300,0.762,false,false,false,Retain: not an upper-IQR candidate.
SITE1_P09,P09,SITE1,tsunami,1,P09_precision_tsunami_0.csv,0,7,50,2.392,4.724,0.5064,20.9030,83.800,0.000,2.100,false,false,false,Retain: not an upper-IQR candidate.
SITE1_P09,P09,SITE1,tsunami,1,P09_precision_tsunami_0.csv,0,8,100,3.465,5.582,0.6207,28.8600,32.200,0.000,0.500,false,false,false,Retain: not an upper-IQR candidate.
SITE1_P09,P09,SITE1,tsunami,1,P09_precision_tsunami_0.csv,0,9,200,4.852,7.879,0.6158,41.2201,-66.000,-0.400,2.335,false,false,false,Retain: not an upper-IQR candidate.
SITE1_P10,P10,SITE1,baseline,1,P10_precision_baseline_0.csv,0,1,50,3.585,3.585,1.0000,13.9470,82.200,-0.100,0.510,false,false,false,Retain: not an upper-IQR candidate.
SITE1_P10,P10,SITE1,baseline,1,P10_precision_baseline_0.csv,0,2,100,2.653,6.319,0.4198,37.6932,34.100,0.200,2.408,false,false,false,Retain: not an upper-IQR candidate.
SITE1_P10,P10,SITE1,baseline,1,P10_precision_baseline_0.csv,0,3,200,4.722,7.278,0.6488,42.3549,-67.400,-0.100,0.906,false,false,false,Retain: not an upper-IQR candidate.
SITE1_P10,P10,SITE1,baseline,1,P10_precision_baseline_0.csv,0,4,50,2.653,5.180,0.5122,18.8466,82.900,0.000,1.200,false,false,false,Retain: not an upper-IQR candidate.
SITE1_P10,P10,SITE1,baseline,1,P10_precision_baseline_0.csv,0,5,100,1.626,3.931,0.4136,61.5006,33.900,0.000,2.200,false,false,false,Retain: not an upper-IQR candidate.
SITE1_P10,P10,SITE1,baseline,1,P10_precision_baseline_0.csv,0,6,200,4.028,6.431,0.6263,49.6524,-69.300,0.000,1.000,false,false,false,Retain: not an upper-IQR candidate.
SITE1_P10,P10,SITE1,baseline,1,P10_precision_baseline_0.csv,0,7,50,2.194,4.985,0.4401,22.7894,83.700,0.000,2.000,false,false,false,Retain: not an upper-IQR candidate.
SITE1_P10,P10,SITE1,baseline,1,P10_precision_baseline_0.csv,0,8,100,3.333,5.347,0.6233,30.0030,32.800,0.200,1.118,false,false,false,Retain: not an upper-IQR candidate.
SITE1_P10,P10,SITE1,baseline,1,P10_precision_baseline_0.csv,0,9,200,4.125,6.862,0.6011,48.4848,-67.400,-0.300,0.949,false,false,false,Retain: not an upper-IQR candidate.
SITE1_P10,P10,SITE1,map,3,P10_precision_map_8.csv,8,1,50,4.820,4.821,0.9998,10.3734,77.700,1.000,4.123,false,false,false,Retain: not an upper-IQR candidate.
SITE1_P10,P10,SITE1,map,3,P10_precision_map_8.csv,8,2,100,3.417,5.736,0.5957,29.2654,28.600,-1.200,3.324,false,false,false,Retain: not an upper-IQR candidate.
SITE1_P10,P10,SITE1,map,3,P10_precision_map_8.csv,8,3,200,3.042,5.124,0.5937,65.7462,-72.000,1.900,4.159,false,false,false,Retain: not an upper-IQR candidate.
SITE1_P10,P10,SITE1,map,3,P10_precision_map_8.csv,8,4,50,2.973,5.057,0.5879,16.8180,79.800,1.600,2.484,false,false,false,Retain: not an upper-IQR candidate.
SITE1_P10,P10,SITE1,map,3,P10_precision_map_8.csv,8,5,100,3.055,5.110,0.5978,32.7332,30.100,3.700,4.031,false,false,false,Retain: not an upper-IQR candidate.
SITE1_P10,P10,SITE1,map,3,P10_precision_map_8.csv,8,6,200,2.374,4.361,0.5444,84.2460,-70.900,0.300,2.617,false,false,false,Retain: not an upper-IQR candidate.
SITE1_P10,P10,SITE1,map,3,P10_precision_map_8.csv,8,7,50,2.626,4.626,0.5677,19.0404,71.900,6.900,11.985,false,false,false,Retain: not an upper-IQR candidate.
SITE1_P10,P10,SITE1,map,3,P10_precision_map_8.csv,8,8,100,2.306,4.486,0.5140,43.3651,29.000,-3.300,4.264,false,false,false,Retain: not an upper-IQR candidate.
SITE1_P10,P10,SITE1,map,3,P10_precision_map_8.csv,8,9,200,2.458,4.527,0.5430,81.3670,-69.700,3.600,3.863,false,false,false,Retain: not an upper-IQR candidate.
SITE1_P10,P10,SITE1,tsunami,2,P10_precision_tsunami_4.csv,4,1,50,1.355,1.355,1.0000,36.9004,87.600,-0.300,5.908,false,false,false,Retain: not an upper-IQR candidate.
SITE1_P10,P10,SITE1,tsunami,2,P10_precision_tsunami_4.csv,4,2,100,2.411,4.374,0.5512,41.4766,33.500,0.900,2.012,false,false,false,Retain: not an upper-IQR candidate.
SITE1_P10,P10,SITE1,tsunami,2,P10_precision_tsunami_4.csv,4,3,200,2.797,5.000,0.5594,71.5052,-70.700,1.800,3.000,false,false,false,Retain: not an upper-IQR candidate.
SITE1_P10,P10,SITE1,tsunami,2,P10_precision_tsunami_4.csv,4,4,50,2.173,4.697,0.4626,23.0097,87.200,0.500,5.523,false,false,false,Retain: not an upper-IQR candidate.
SITE1_P10,P10,SITE1,tsunami,2,P10_precision_tsunami_4.csv,4,5,100,2.358,5.026,0.4692,42.4088,39.000,1.000,7.368,false,false,false,Retain: not an upper-IQR candidate.
SITE1_P10,P10,SITE1,tsunami,2,P10_precision_tsunami_4.csv,4,6,200,3.334,6.066,0.5496,59.9880,-64.400,0.400,3.920,false,false,false,Retain: not an upper-IQR candidate.
SITE1_P10,P10,SITE1,tsunami,2,P10_precision_tsunami_4.csv,4,7,50,2.135,4.632,0.4609,23.4192,81.200,0.500,0.707,false,false,false,Retain: not an upper-IQR candidate.
SITE1_P10,P10,SITE1,tsunami,2,P10_precision_tsunami_4.csv,4,8,100,2.578,5.008,0.5148,38.7898,32.600,0.700,1.140,false,false,false,Retain: not an upper-IQR candidate.
SITE1_P10,P10,SITE1,tsunami,2,P10_precision_tsunami_4.csv,4,9,200,2.717,5.421,0.5012,73.6106,-65.800,-1.800,3.081,false,false,false,Retain: not an upper-IQR candidate.
SITE1_P11,P11,SITE1,baseline,1,P11_precision_baseline_0.csv,0,1,50,1.222,1.222,1.0000,40.9165,83.300,0.000,1.600,false,false,false,Retain: not an upper-IQR candidate.
SITE1_P11,P11,SITE1,baseline,1,P11_precision_baseline_0.csv,0,2,100,1.612,3.945,0.4086,62.0347,29.300,0.300,2.419,false,false,false,Retain: not an upper-IQR candidate.
SITE1_P11,P11,SITE1,baseline,1,P11_precision_baseline_0.csv,0,3,200,2.250,5.763,0.3904,88.8889,-65.200,-1.700,3.536,false,false,false,Retain: not an upper-IQR candidate.
SITE1_P11,P11,SITE1,baseline,1,P11_precision_baseline_0.csv,0,4,50,1.278,3.056,0.4182,39.1236,83.600,0.100,1.903,false,false,false,Retain: not an upper-IQR candidate.
SITE1_P11,P11,SITE1,baseline,1,P11_precision_baseline_0.csv,0,5,100,1.194,2.388,0.5000,83.7521,38.100,0.600,6.428,false,false,false,Retain: not an upper-IQR candidate.
SITE1_P11,P11,SITE1,baseline,1,P11_precision_baseline_0.csv,0,6,200,1.694,3.403,0.4978,118.0638,-64.000,0.100,4.301,false,false,false,Retain: not an upper-IQR candidate.
SITE1_P11,P11,SITE1,baseline,1,P11_precision_baseline_0.csv,0,7,50,0.792,2.403,0.3296,63.1313,84.700,0.400,3.027,false,false,false,Retain: not an upper-IQR candidate.
SITE1_P11,P11,SITE1,baseline,1,P11_precision_baseline_0.csv,0,8,100,1.556,2.236,0.6959,64.2674,28.000,0.300,3.712,false,false,false,Retain: not an upper-IQR candidate.
SITE1_P11,P11,SITE1,baseline,1,P11_precision_baseline_0.csv,0,9,200,2.194,2.848,0.7704,91.1577,-69.600,1.100,1.703,false,false,false,Retain: not an upper-IQR candidate.
SITE1_P11,P11,SITE1,map,3,P11_precision_map_8.csv,8,1,50,2.917,2.918,0.9997,17.1409,81.400,-1.200,1.237,false,false,false,Retain: not an upper-IQR candidate.
SITE1_P11,P11,SITE1,map,3,P11_precision_map_8.csv,8,2,100,1.375,3.319,0.4143,72.7273,31.500,1.900,1.910,false,false,false,Retain: not an upper-IQR candidate.
SITE1_P11,P11,SITE1,map,3,P11_precision_map_8.csv,8,3,200,1.667,2.278,0.7318,119.9760,-66.100,-0.900,2.377,false,false,false,Retain: not an upper-IQR candidate.
SITE1_P11,P11,SITE1,map,3,P11_precision_map_8.csv,8,4,50,1.305,2.473,0.5277,38.3142,77.400,-2.600,5.025,false,false,false,Retain: not an upper-IQR candidate.
SITE1_P11,P11,SITE1,map,3,P11_precision_map_8.csv,8,5,100,2.540,2.944,0.8628,39.3701,32.400,-3.100,3.178,false,false,false,Retain: not an upper-IQR candidate.
SITE1_P11,P11,SITE1,map,3,P11_precision_map_8.csv,8,6,200,1.514,2.319,0.6529,132.1004,-67.400,2.100,2.285,false,false,false,Retain: not an upper-IQR candidate.
SITE1_P11,P11,SITE1,map,3,P11_precision_map_8.csv,8,7,50,2.403,2.917,0.8238,20.8073,81.800,-2.800,2.802,false,false,false,Retain: not an upper-IQR candidate.
SITE1_P11,P11,SITE1,map,3,P11_precision_map_8.csv,8,8,100,2.028,2.444,0.8298,49.3097,30.800,1.400,1.664,false,false,false,Retain: not an upper-IQR candidate.
SITE1_P11,P11,SITE1,map,3,P11_precision_map_8.csv,8,9,200,2.430,2.944,0.8254,82.3045,-64.800,-0.100,3.501,false,false,false,Retain: not an upper-IQR candidate.
SITE1_P11,P11,SITE1,tsunami,2,P11_precision_tsunami_4.csv,4,1,50,1.390,1.390,1.0000,35.9712,85.300,-0.600,3.650,false,false,false,Retain: not an upper-IQR candidate.
SITE1_P11,P11,SITE1,tsunami,2,P11_precision_tsunami_4.csv,4,2,100,1.396,3.246,0.4301,71.6332,34.900,0.500,3.239,false,false,false,Retain: not an upper-IQR candidate.
SITE1_P11,P11,SITE1,tsunami,2,P11_precision_tsunami_4.csv,4,3,200,1.842,2.558,0.7201,108.5776,-70.400,-2.400,3.189,false,false,false,Retain: not an upper-IQR candidate.
SITE1_P11,P11,SITE1,tsunami,2,P11_precision_tsunami_4.csv,4,4,50,1.233,2.397,0.5144,40.5515,83.800,0.100,2.102,false,false,false,Retain: not an upper-IQR candidate.
SITE1_P11,P11,SITE1,tsunami,2,P11_precision_tsunami_4.csv,4,5,100,1.565,2.102,0.7445,63.8978,38.600,0.200,6.903,false,false,false,Retain: not an upper-IQR candidate.
SITE1_P11,P11,SITE1,tsunami,2,P11_precision_tsunami_4.csv,4,6,200,1.872,2.415,0.7752,106.8376,-69.500,0.200,1.217,false,false,false,Retain: not an upper-IQR candidate.
SITE1_P11,P11,SITE1,tsunami,2,P11_precision_tsunami_4.csv,4,7,50,1.398,2.249,0.6216,35.7654,94.200,-1.000,12.540,true,false,false,Isolated upper-IQR trial; error >=25% of nominal distance; two matching repetitions in range; raw selected/landing point verified.
SITE1_P11,P11,SITE1,tsunami,2,P11_precision_tsunami_4.csv,4,8,100,1.401,1.935,0.7240,71.3776,32.500,1.500,1.700,false,false,false,Retain: not an upper-IQR candidate.
SITE1_P11,P11,SITE1,tsunami,2,P11_precision_tsunami_4.csv,4,9,200,1.670,2.226,0.7502,119.7605,-52.900,-1.000,15.432,false,false,false,Retain: isolated outlier but below the conservative 25% distance threshold.
SITE1_P12,P12,SITE1,baseline,1,P12_precision_baseline_0.csv,0,1,50,6.263,6.263,1.0000,7.9834,80.100,-0.900,1.836,false,false,false,Retain: not an upper-IQR candidate.
SITE1_P12,P12,SITE1,baseline,1,P12_precision_baseline_0.csv,0,2,100,7.736,16.598,0.4661,12.9266,27.800,-0.900,4.002,false,false,false,Retain: not an upper-IQR candidate.
SITE1_P12,P12,SITE1,baseline,1,P12_precision_baseline_0.csv,0,3,200,7.847,11.083,0.7080,25.4874,-73.300,-2.600,5.636,false,false,false,Retain: not an upper-IQR candidate.
SITE1_P12,P12,SITE1,baseline,1,P12_precision_baseline_0.csv,0,4,50,2.194,4.820,0.4552,22.7894,78.900,-1.000,2.973,false,false,false,Retain: not an upper-IQR candidate.
SITE1_P12,P12,SITE1,baseline,1,P12_precision_baseline_0.csv,0,5,100,3.833,6.180,0.6202,26.0892,33.600,-0.700,2.025,false,false,false,Retain: not an upper-IQR candidate.
SITE1_P12,P12,SITE1,baseline,1,P12_precision_baseline_0.csv,0,6,200,6.889,9.958,0.6918,29.0318,-72.200,-2.800,4.801,false,false,false,Retain: not an upper-IQR candidate.
SITE1_P12,P12,SITE1,baseline,1,P12_precision_baseline_0.csv,0,7,50,2.320,4.945,0.4692,21.5517,83.500,-0.500,1.868,false,false,false,Retain: not an upper-IQR candidate.
SITE1_P12,P12,SITE1,baseline,1,P12_precision_baseline_0.csv,0,8,100,4.139,6.222,0.6652,24.1604,31.100,-0.800,1.000,false,false,false,Retain: not an upper-IQR candidate.
SITE1_P12,P12,SITE1,baseline,1,P12_precision_baseline_0.csv,0,9,200,5.417,7.361,0.7359,36.9208,-63.100,-1.300,5.360,false,false,false,Retain: not an upper-IQR candidate.
SITE1_P12,P12,SITE1,map,3,P12_precision_map_8.csv,8,1,50,7.098,7.101,0.9996,7.0442,81.400,-8.100,8.106,false,false,false,Retain: not an upper-IQR candidate.
SITE1_P12,P12,SITE1,map,3,P12_precision_map_8.csv,8,2,100,1.973,4.428,0.4456,50.6842,38.200,-5.200,8.324,false,false,false,Retain: not an upper-IQR candidate.
SITE1_P12,P12,SITE1,map,3,P12_precision_map_8.csv,8,3,200,1.223,3.640,0.3360,163.5323,-64.600,-2.300,4.357,false,false,false,Retain: not an upper-IQR candidate.
SITE1_P12,P12,SITE1,map,3,P12_precision_map_8.csv,8,4,50,2.444,4.332,0.5642,20.4583,76.100,-1.000,5.689,false,false,false,Retain: not an upper-IQR candidate.
SITE1_P12,P12,SITE1,map,3,P12_precision_map_8.csv,8,5,100,1.377,2.487,0.5537,72.6216,37.200,2.200,5.924,false,false,false,Retain: not an upper-IQR candidate.
SITE1_P12,P12,SITE1,map,3,P12_precision_map_8.csv,8,6,200,2.098,3.194,0.6569,95.3289,-62.200,4.400,7.521,false,false,false,Retain: not an upper-IQR candidate.
SITE1_P12,P12,SITE1,map,3,P12_precision_map_8.csv,8,7,50,1.945,2.875,0.6765,25.7069,79.400,0.400,2.335,false,false,false,Retain: not an upper-IQR candidate.
SITE1_P12,P12,SITE1,map,3,P12_precision_map_8.csv,8,8,100,1.014,1.763,0.5752,98.6193,27.100,-2.900,5.438,false,false,false,Retain: not an upper-IQR candidate.
SITE1_P12,P12,SITE1,map,3,P12_precision_map_8.csv,8,9,200,2.195,2.834,0.7745,91.1162,-69.600,-0.900,1.581,false,false,false,Retain: not an upper-IQR candidate.
SITE1_P12,P12,SITE1,tsunami,2,P12_precision_tsunami_4.csv,4,1,50,2.972,2.973,0.9997,16.8237,88.400,0.000,6.700,false,false,false,Retain: not an upper-IQR candidate.
SITE1_P12,P12,SITE1,tsunami,2,P12_precision_tsunami_4.csv,4,2,100,2.631,3.341,0.7875,38.0084,35.200,-1.200,3.700,false,false,false,Retain: not an upper-IQR candidate.
SITE1_P12,P12,SITE1,tsunami,2,P12_precision_tsunami_4.csv,4,3,200,2.535,3.652,0.6941,78.8955,-71.600,0.000,3.300,false,false,false,Retain: not an upper-IQR candidate.
SITE1_P12,P12,SITE1,tsunami,2,P12_precision_tsunami_4.csv,4,4,50,1.608,4.217,0.3813,31.0945,80.700,-0.100,1.005,false,false,false,Retain: not an upper-IQR candidate.
SITE1_P12,P12,SITE1,tsunami,2,P12_precision_tsunami_4.csv,4,5,100,2.061,3.316,0.6215,48.5201,35.100,0.000,3.400,false,false,false,Retain: not an upper-IQR candidate.
SITE1_P12,P12,SITE1,tsunami,2,P12_precision_tsunami_4.csv,4,6,200,2.095,3.475,0.6029,95.4654,-67.400,-0.400,0.985,false,false,false,Retain: not an upper-IQR candidate.
SITE1_P12,P12,SITE1,tsunami,2,P12_precision_tsunami_4.csv,4,7,50,1.508,3.379,0.4463,33.1565,83.700,0.200,2.010,false,false,false,Retain: not an upper-IQR candidate.
SITE1_P12,P12,SITE1,tsunami,2,P12_precision_tsunami_4.csv,4,8,100,1.945,3.138,0.6198,51.4139,32.300,-0.800,1.000,false,false,false,Retain: not an upper-IQR candidate.
SITE1_P12,P12,SITE1,tsunami,2,P12_precision_tsunami_4.csv,4,9,200,1.633,2.774,0.5887,122.4740,-65.100,0.400,3.225,false,false,false,Retain: not an upper-IQR candidate.
SITE1_P13,P13,SITE1,baseline,2,P13_precision_baseline_4.csv,4,1,50,2.084,2.084,1.0000,23.9923,84.500,-1.400,3.130,false,false,false,Retain: not an upper-IQR candidate.
SITE1_P13,P13,SITE1,baseline,2,P13_precision_baseline_4.csv,4,2,100,2.640,4.570,0.5777,37.8788,33.100,-2.300,2.693,false,false,false,Retain: not an upper-IQR candidate.
SITE1_P13,P13,SITE1,baseline,2,P13_precision_baseline_4.csv,4,3,200,4.083,6.153,0.6636,48.9836,-55.700,-2.100,12.774,false,false,false,Retain: not an upper-IQR candidate.
SITE1_P13,P13,SITE1,baseline,2,P13_precision_baseline_4.csv,4,4,50,0.763,1.263,0.6041,65.5308,-15.800,2.000,97.521,true,false,false,Isolated upper-IQR trial; error >=25% of nominal distance; two matching repetitions in range; raw selected/landing point verified.
SITE1_P13,P13,SITE1,baseline,2,P13_precision_baseline_4.csv,4,5,100,1.598,3.278,0.4875,62.5782,43.200,-1.500,11.597,false,false,false,Retain: matching repetitions do not support one isolated failure.
SITE1_P13,P13,SITE1,baseline,2,P13_precision_baseline_4.csv,4,6,200,2.458,4.125,0.5959,81.3670,-63.400,-2.000,5.292,false,false,false,Retain: not an upper-IQR candidate.
SITE1_P13,P13,SITE1,baseline,2,P13_precision_baseline_4.csv,4,7,50,1.167,2.931,0.3982,42.8449,84.700,-1.200,3.231,false,false,false,Retain: not an upper-IQR candidate.
SITE1_P13,P13,SITE1,baseline,2,P13_precision_baseline_4.csv,4,8,100,1.403,3.138,0.4471,71.2758,42.900,-2.000,11.377,false,false,false,Retain: matching repetitions do not support one isolated failure.
SITE1_P13,P13,SITE1,baseline,2,P13_precision_baseline_4.csv,4,9,200,2.042,3.403,0.6001,97.9432,-60.800,-1.500,7.649,false,false,false,Retain: not an upper-IQR candidate.
SITE1_P13,P13,SITE1,map,1,P13_precision_map_0.csv,0,1,50,10.763,10.767,0.9996,4.6455,85.100,0.300,3.413,false,false,false,Retain: not an upper-IQR candidate.
SITE1_P13,P13,SITE1,map,1,P13_precision_map_0.csv,0,2,100,4.083,10.275,0.3974,24.4918,32.000,1.300,1.334,false,false,false,Retain: not an upper-IQR candidate.
SITE1_P13,P13,SITE1,map,1,P13_precision_map_0.csv,0,3,200,5.861,8.944,0.6553,34.1239,-61.900,-3.300,7.201,false,false,false,Retain: not an upper-IQR candidate.
SITE1_P13,P13,SITE1,map,1,P13_precision_map_0.csv,0,4,50,3.375,7.126,0.4736,14.8148,83.900,5.900,6.297,false,false,false,Retain: not an upper-IQR candidate.
SITE1_P13,P13,SITE1,map,1,P13_precision_map_0.csv,0,5,100,3.028,6.180,0.4900,33.0251,36.700,0.500,5.025,false,false,false,Retain: not an upper-IQR candidate.
SITE1_P13,P13,SITE1,map,1,P13_precision_map_0.csv,0,6,200,2.236,5.375,0.4160,89.4454,-67.300,-0.300,1.044,false,false,false,Retain: not an upper-IQR candidate.
SITE1_P13,P13,SITE1,map,1,P13_precision_map_0.csv,0,7,50,2.473,5.625,0.4396,20.2184,85.200,-1.100,3.669,false,false,false,Retain: not an upper-IQR candidate.
SITE1_P13,P13,SITE1,map,1,P13_precision_map_0.csv,0,8,100,2.584,5.820,0.4440,38.6997,31.000,0.900,1.140,false,false,false,Retain: not an upper-IQR candidate.
SITE1_P13,P13,SITE1,map,1,P13_precision_map_0.csv,0,9,200,2.361,6.291,0.3753,84.7099,-67.000,-1.800,2.220,false,false,false,Retain: not an upper-IQR candidate.
SITE1_P13,P13,SITE1,tsunami,3,P13_precision_tsunami_8.csv,8,1,50,2.245,2.245,1.0000,22.2717,83.200,-0.300,1.530,false,false,false,Retain: not an upper-IQR candidate.
SITE1_P13,P13,SITE1,tsunami,3,P13_precision_tsunami_8.csv,8,2,100,2.066,4.286,0.4820,48.4027,26.000,0.100,5.701,false,false,false,Retain: not an upper-IQR candidate.
SITE1_P13,P13,SITE1,tsunami,3,P13_precision_tsunami_8.csv,8,3,200,2.414,4.597,0.5251,82.8500,-71.500,-0.100,3.202,false,false,false,Retain: not an upper-IQR candidate.
SITE1_P13,P13,SITE1,tsunami,3,P13_precision_tsunami_8.csv,8,4,50,1.768,3.684,0.4799,28.2805,71.600,-0.200,10.102,false,false,false,Retain: matching repetitions do not support one isolated failure.
SITE1_P13,P13,SITE1,tsunami,3,P13_precision_tsunami_8.csv,8,5,100,1.953,3.870,0.5047,51.2033,27.400,-0.300,4.310,false,false,false,Retain: not an upper-IQR candidate.
SITE1_P13,P13,SITE1,tsunami,3,P13_precision_tsunami_8.csv,8,6,200,2.635,4.516,0.5835,75.9013,-72.600,-2.100,4.785,false,false,false,Retain: not an upper-IQR candidate.
SITE1_P13,P13,SITE1,tsunami,3,P13_precision_tsunami_8.csv,8,7,50,2.219,4.053,0.5475,22.5327,75.600,0.600,6.129,false,false,false,Retain: not an upper-IQR candidate.
SITE1_P13,P13,SITE1,tsunami,3,P13_precision_tsunami_8.csv,8,8,100,2.625,4.462,0.5883,38.0952,17.600,0.500,14.109,false,false,false,Retain: matching repetitions do not support one isolated failure.
SITE1_P13,P13,SITE1,tsunami,3,P13_precision_tsunami_8.csv,8,9,200,2.576,4.488,0.5740,77.6398,-96.000,0.500,27.705,false,false,false,Retain: isolated outlier but below the conservative 25% distance threshold.
SITE1_P14,P14,SITE1,baseline,2,P14_precision_baseline_4.csv,4,1,50,1.500,1.500,1.0000,33.3333,82.200,0.200,0.539,false,false,false,Retain: not an upper-IQR candidate.
SITE1_P14,P14,SITE1,baseline,2,P14_precision_baseline_4.csv,4,2,100,2.847,5.194,0.5481,35.1247,28.900,1.200,3.046,false,false,false,Retain: not an upper-IQR candidate.
SITE1_P14,P14,SITE1,baseline,2,P14_precision_baseline_4.csv,4,3,200,4.333,6.876,0.6302,46.1574,-66.300,1.500,2.500,false,false,false,Retain: not an upper-IQR candidate.
SITE1_P14,P14,SITE1,baseline,2,P14_precision_baseline_4.csv,4,4,50,0.667,2.763,0.2414,74.9625,84.500,0.400,2.828,false,false,false,Retain: not an upper-IQR candidate.
SITE1_P14,P14,SITE1,baseline,2,P14_precision_baseline_4.csv,4,5,100,3.500,4.764,0.7347,28.5714,38.800,-0.500,7.118,false,false,false,Retain: not an upper-IQR candidate.
SITE1_P14,P14,SITE1,baseline,2,P14_precision_baseline_4.csv,4,6,200,4.625,6.139,0.7534,43.2432,-63.300,0.800,5.064,false,false,false,Retain: not an upper-IQR candidate.
SITE1_P14,P14,SITE1,baseline,2,P14_precision_baseline_4.csv,4,7,50,2.070,3.639,0.5688,24.1546,82.500,0.600,1.000,false,false,false,Retain: not an upper-IQR candidate.
SITE1_P14,P14,SITE1,baseline,2,P14_precision_baseline_4.csv,4,8,100,2.014,3.222,0.6251,49.6524,29.800,0.900,2.102,false,false,false,Retain: not an upper-IQR candidate.
SITE1_P14,P14,SITE1,baseline,2,P14_precision_baseline_4.csv,4,9,200,4.528,5.625,0.8050,44.1696,-63.300,0.600,5.036,false,false,false,Retain: not an upper-IQR candidate.
SITE1_P14,P14,SITE1,map,1,P14_precision_map_0.csv,0,1,50,9.458,9.464,0.9994,5.2865,80.100,3.600,3.940,false,false,false,Retain: not an upper-IQR candidate.
SITE1_P14,P14,SITE1,map,1,P14_precision_map_0.csv,0,2,100,10.251,14.746,0.6952,9.7551,35.000,-0.600,3.354,false,false,false,Retain: not an upper-IQR candidate.
SITE1_P14,P14,SITE1,map,1,P14_precision_map_0.csv,0,3,200,5.362,8.847,0.6061,37.2995,-63.700,4.500,6.435,false,false,false,Retain: not an upper-IQR candidate.
SITE1_P14,P14,SITE1,map,1,P14_precision_map_0.csv,0,4,50,2.750,5.125,0.5366,18.1818,84.600,4.000,4.941,false,false,false,Retain: not an upper-IQR candidate.
SITE1_P14,P14,SITE1,map,1,P14_precision_map_0.csv,0,5,100,2.848,5.528,0.5152,35.1124,35.500,5.400,6.603,false,false,false,Retain: not an upper-IQR candidate.
SITE1_P14,P14,SITE1,map,1,P14_precision_map_0.csv,0,6,200,3.098,6.056,0.5116,64.5578,-62.400,1.500,6.088,false,false,false,Retain: not an upper-IQR candidate.
SITE1_P14,P14,SITE1,map,1,P14_precision_map_0.csv,0,7,50,2.682,4.514,0.5942,18.6428,87.600,3.200,6.712,false,false,false,Retain: not an upper-IQR candidate.
SITE1_P14,P14,SITE1,map,1,P14_precision_map_0.csv,0,8,100,1.764,3.582,0.4925,56.6893,39.600,7.000,10.555,false,false,false,Retain: not an upper-IQR candidate.
SITE1_P14,P14,SITE1,map,1,P14_precision_map_0.csv,0,9,200,2.374,11.237,0.2113,84.2460,-59.700,9.600,12.889,false,false,false,Retain: matching repetitions do not support one isolated failure.
SITE1_P14,P14,SITE1,tsunami,3,P14_precision_tsunami_8.csv,8,1,50,5.072,5.072,1.0000,9.8580,79.000,0.100,2.702,false,false,false,Retain: not an upper-IQR candidate.
SITE1_P14,P14,SITE1,tsunami,3,P14_precision_tsunami_8.csv,8,2,100,6.545,9.123,0.7174,15.2788,32.900,-0.400,1.265,false,false,false,Retain: not an upper-IQR candidate.
SITE1_P14,P14,SITE1,tsunami,3,P14_precision_tsunami_8.csv,8,3,200,8.227,9.926,0.8288,24.3102,-69.000,-0.600,0.922,false,false,false,Retain: not an upper-IQR candidate.
SITE1_P14,P14,SITE1,tsunami,3,P14_precision_tsunami_8.csv,8,4,50,7.849,10.302,0.7619,6.3702,80.800,0.100,0.906,false,false,false,Retain: not an upper-IQR candidate.
SITE1_P14,P14,SITE1,tsunami,3,P14_precision_tsunami_8.csv,8,5,100,2.604,5.391,0.4830,38.4025,31.300,0.100,0.412,false,false,false,Retain: not an upper-IQR candidate.
SITE1_P14,P14,SITE1,tsunami,3,P14_precision_tsunami_8.csv,8,6,200,4.158,5.852,0.7105,48.1000,-68.300,0.100,0.100,false,false,false,Retain: not an upper-IQR candidate.
SITE1_P14,P14,SITE1,tsunami,3,P14_precision_tsunami_8.csv,8,7,50,3.437,4.636,0.7414,14.5476,80.000,0.000,1.700,false,false,false,Retain: not an upper-IQR candidate.
SITE1_P14,P14,SITE1,tsunami,3,P14_precision_tsunami_8.csv,8,8,100,4.059,5.138,0.7900,24.6366,33.500,-0.500,1.868,false,false,false,Retain: not an upper-IQR candidate.
SITE1_P14,P14,SITE1,tsunami,3,P14_precision_tsunami_8.csv,8,9,200,8.254,9.716,0.8495,24.2307,-68.400,0.300,0.316,false,false,false,Retain: not an upper-IQR candidate.
SITE1_P15,P15,SITE1,baseline,2,P15_precision_baseline_4.csv,4,1,50,2.111,2.111,1.0000,23.6855,81.300,-1.000,1.077,false,false,false,Retain: not an upper-IQR candidate.
SITE1_P15,P15,SITE1,baseline,2,P15_precision_baseline_4.csv,4,2,100,5.139,7.833,0.6561,19.4590,32.100,-1.300,1.360,false,false,false,Retain: not an upper-IQR candidate.
SITE1_P15,P15,SITE1,baseline,2,P15_precision_baseline_4.csv,4,3,200,5.500,7.931,0.6935,36.3636,-71.600,-0.300,3.314,false,false,false,Retain: not an upper-IQR candidate.
SITE1_P15,P15,SITE1,baseline,2,P15_precision_baseline_4.csv,4,4,50,2.750,4.555,0.6037,18.1818,78.700,-0.900,3.132,false,false,false,Retain: not an upper-IQR candidate.
SITE1_P15,P15,SITE1,baseline,2,P15_precision_baseline_4.csv,4,5,100,2.153,4.195,0.5132,46.4468,33.800,-0.800,2.247,false,false,false,Retain: not an upper-IQR candidate.
SITE1_P15,P15,SITE1,baseline,2,P15_precision_baseline_4.csv,4,6,200,3.042,5.153,0.5903,65.7462,-70.700,-1.900,3.061,false,false,false,Retain: not an upper-IQR candidate.
SITE1_P15,P15,SITE1,baseline,2,P15_precision_baseline_4.csv,4,7,50,2.305,4.681,0.4924,21.6920,78.000,-0.400,3.722,false,false,false,Retain: not an upper-IQR candidate.
SITE1_P15,P15,SITE1,baseline,2,P15_precision_baseline_4.csv,4,8,100,2.208,4.166,0.5300,45.2899,36.500,-0.700,4.851,false,false,false,Retain: not an upper-IQR candidate.
SITE1_P15,P15,SITE1,baseline,2,P15_precision_baseline_4.csv,4,9,200,3.791,5.805,0.6531,52.7565,-65.700,0.100,2.602,false,false,false,Retain: not an upper-IQR candidate.
SITE1_P15,P15,SITE1,map,1,P15_precision_map_0.csv,0,1,50,12.403,12.408,0.9996,4.0313,93.100,0.300,11.404,false,false,false,Retain: not an upper-IQR candidate.
SITE1_P15,P15,SITE1,map,1,P15_precision_map_0.csv,0,2,100,5.542,10.024,0.5529,18.0440,34.100,0.400,2.433,false,false,false,Retain: not an upper-IQR candidate.
SITE1_P15,P15,SITE1,map,1,P15_precision_map_0.csv,0,3,200,4.487,8.431,0.5322,44.5732,-66.400,1.800,2.617,false,false,false,Retain: not an upper-IQR candidate.
SITE1_P15,P15,SITE1,map,1,P15_precision_map_0.csv,0,4,50,5.833,10.846,0.5378,8.5719,86.000,0.600,4.342,false,false,false,Retain: not an upper-IQR candidate.
SITE1_P15,P15,SITE1,map,1,P15_precision_map_0.csv,0,5,100,2.972,5.986,0.4965,33.6474,34.900,2.600,4.123,false,false,false,Retain: not an upper-IQR candidate.
SITE1_P15,P15,SITE1,map,1,P15_precision_map_0.csv,0,6,200,7.167,10.862,0.6598,27.9057,-55.600,2.600,12.963,false,false,false,Retain: isolated outlier but below the conservative 25% distance threshold.
SITE1_P15,P15,SITE1,map,1,P15_precision_map_0.csv,0,7,50,8.292,12.639,0.6561,6.0299,94.200,-2.600,12.768,false,false,false,Retain: not an upper-IQR candidate.
SITE1_P15,P15,SITE1,map,1,P15_precision_map_0.csv,0,8,100,6.875,10.874,0.6322,14.5455,30.100,-0.400,1.649,false,false,false,Retain: not an upper-IQR candidate.
SITE1_P15,P15,SITE1,map,1,P15_precision_map_0.csv,0,9,200,5.234,9.223,0.5675,38.2117,-67.700,0.400,0.721,false,false,false,Retain: not an upper-IQR candidate.
SITE1_P15,P15,SITE1,tsunami,3,P15_precision_tsunami_8.csv,8,1,50,1.489,1.489,1.0000,33.5796,85.700,0.600,4.045,false,false,false,Retain: not an upper-IQR candidate.
SITE1_P15,P15,SITE1,tsunami,3,P15_precision_tsunami_8.csv,8,2,100,2.077,4.940,0.4204,48.1464,27.500,0.000,4.200,false,false,false,Retain: not an upper-IQR candidate.
SITE1_P15,P15,SITE1,tsunami,3,P15_precision_tsunami_8.csv,8,3,200,2.306,4.852,0.4753,86.7303,-69.300,0.000,1.000,false,false,false,Retain: not an upper-IQR candidate.
SITE1_P15,P15,SITE1,tsunami,3,P15_precision_tsunami_8.csv,8,4,50,1.475,3.610,0.4086,33.8983,86.900,0.300,5.209,false,false,false,Retain: not an upper-IQR candidate.
SITE1_P15,P15,SITE1,tsunami,3,P15_precision_tsunami_8.csv,8,5,100,1.933,4.171,0.4634,51.7331,29.700,0.700,2.119,false,false,false,Retain: not an upper-IQR candidate.
SITE1_P15,P15,SITE1,tsunami,3,P15_precision_tsunami_8.csv,8,6,200,2.539,4.639,0.5473,78.7712,-76.200,0.500,7.916,false,false,false,Retain: not an upper-IQR candidate.
SITE1_P15,P15,SITE1,tsunami,3,P15_precision_tsunami_8.csv,8,7,50,1.598,4.008,0.3987,31.2891,77.900,-0.600,3.847,false,false,false,Retain: not an upper-IQR candidate.
SITE1_P15,P15,SITE1,tsunami,3,P15_precision_tsunami_8.csv,8,8,100,1.649,3.689,0.4470,60.6428,32.100,0.100,0.412,false,false,false,Retain: not an upper-IQR candidate.
SITE1_P15,P15,SITE1,tsunami,3,P15_precision_tsunami_8.csv,8,9,200,2.480,4.487,0.5527,80.6452,-62.300,1.500,6.185,false,false,false,Retain: not an upper-IQR candidate.
SITE1_P16,P16,SITE1,baseline,3,P16_precision_baseline_8.csv,8,1,50,1.542,1.542,1.0000,32.4254,81.000,0.700,0.990,false,false,false,Retain: not an upper-IQR candidate.
SITE1_P16,P16,SITE1,baseline,3,P16_precision_baseline_8.csv,8,2,100,2.278,4.459,0.5109,43.8982,29.000,1.000,2.879,false,false,false,Retain: not an upper-IQR candidate.
SITE1_P16,P16,SITE1,baseline,3,P16_precision_baseline_8.csv,8,3,200,14.195,15.583,0.9109,14.0895,-73.500,0.400,5.215,false,false,false,Retain: not an upper-IQR candidate.
SITE1_P16,P16,SITE1,baseline,3,P16_precision_baseline_8.csv,8,4,50,2.375,4.152,0.5720,21.0526,79.700,0.500,2.062,false,false,false,Retain: not an upper-IQR candidate.
SITE1_P16,P16,SITE1,baseline,3,P16_precision_baseline_8.csv,8,5,100,1.959,3.029,0.6467,51.0465,31.500,0.400,0.447,false,false,false,Retain: not an upper-IQR candidate.
SITE1_P16,P16,SITE1,baseline,3,P16_precision_baseline_8.csv,8,6,200,3.806,4.694,0.8108,52.5486,-71.300,0.100,3.002,false,false,false,Retain: not an upper-IQR candidate.
SITE1_P16,P16,SITE1,baseline,3,P16_precision_baseline_8.csv,8,7,50,2.014,3.236,0.6224,24.8262,82.200,0.500,0.707,false,false,false,Retain: not an upper-IQR candidate.
SITE1_P16,P16,SITE1,baseline,3,P16_precision_baseline_8.csv,8,8,100,2.084,2.986,0.6979,47.9846,30.000,0.400,1.746,false,false,false,Retain: not an upper-IQR candidate.
SITE1_P16,P16,SITE1,baseline,3,P16_precision_baseline_8.csv,8,9,200,4.097,5.084,0.8059,48.8162,-74.600,1.700,6.525,false,false,false,Retain: not an upper-IQR candidate.
SITE1_P16,P16,SITE1,map,2,P16_precision_map_4.csv,4,1,50,4.250,4.252,0.9995,11.7647,83.100,-4.200,4.427,false,false,false,Retain: not an upper-IQR candidate.
SITE1_P16,P16,SITE1,map,2,P16_precision_map_4.csv,4,2,100,1.751,3.902,0.4487,57.1102,37.900,-0.200,6.203,false,false,false,Retain: not an upper-IQR candidate.
SITE1_P16,P16,SITE1,map,2,P16_precision_map_4.csv,4,3,200,1.528,3.292,0.4642,130.8901,-52.400,9.200,18.370,false,false,false,Retain: matching repetitions do not support one isolated failure.
SITE1_P16,P16,SITE1,map,2,P16_precision_map_4.csv,4,4,50,1.250,2.347,0.5326,40.0000,88.900,0.500,7.217,false,false,false,Retain: not an upper-IQR candidate.
SITE1_P16,P16,SITE1,map,2,P16_precision_map_4.csv,4,5,100,1.125,2.764,0.4070,88.8889,38.600,0.400,6.912,false,false,false,Retain: not an upper-IQR candidate.
SITE1_P16,P16,SITE1,map,2,P16_precision_map_4.csv,4,6,200,1.209,2.625,0.4606,165.4260,-56.600,0.500,11.711,false,false,false,Retain: not an upper-IQR candidate.
SITE1_P16,P16,SITE1,map,2,P16_precision_map_4.csv,4,7,50,1.209,2.280,0.5303,41.3565,86.500,-0.900,4.884,false,false,false,Retain: not an upper-IQR candidate.
SITE1_P16,P16,SITE1,map,2,P16_precision_map_4.csv,4,8,100,0.931,1.872,0.4973,107.4114,35.200,1.900,3.982,false,false,false,Retain: not an upper-IQR candidate.
SITE1_P16,P16,SITE1,map,2,P16_precision_map_4.csv,4,9,200,1.389,2.334,0.5951,143.9885,-67.200,4.600,4.730,false,false,false,Retain: not an upper-IQR candidate.
SITE1_P16,P16,SITE1,tsunami,1,P16_precision_tsunami_0.csv,0,1,50,3.240,3.240,1.0000,15.4321,79.600,-0.200,2.110,false,false,false,Retain: not an upper-IQR candidate.
SITE1_P16,P16,SITE1,tsunami,1,P16_precision_tsunami_0.csv,0,2,100,4.120,12.247,0.3364,24.2718,24.700,-0.400,7.011,false,false,false,Retain: not an upper-IQR candidate.
SITE1_P16,P16,SITE1,tsunami,1,P16_precision_tsunami_0.csv,0,3,200,2.698,6.064,0.4449,74.1290,-85.300,-2.000,17.117,false,false,false,Retain: matching repetitions do not support one isolated failure.
SITE1_P16,P16,SITE1,tsunami,1,P16_precision_tsunami_0.csv,0,4,50,2.253,4.418,0.5100,22.1926,78.100,-0.300,3.612,false,false,false,Retain: not an upper-IQR candidate.
SITE1_P16,P16,SITE1,tsunami,1,P16_precision_tsunami_0.csv,0,5,100,2.517,5.094,0.4941,39.7298,30.200,0.600,1.616,false,false,false,Retain: not an upper-IQR candidate.
SITE1_P16,P16,SITE1,tsunami,1,P16_precision_tsunami_0.csv,0,6,200,2.645,4.593,0.5759,75.6144,-82.300,-0.500,14.009,false,false,false,Retain: matching repetitions do not support one isolated failure.
SITE1_P16,P16,SITE1,tsunami,1,P16_precision_tsunami_0.csv,0,7,50,1.948,3.554,0.5481,25.6674,78.400,-0.100,3.302,false,false,false,Retain: not an upper-IQR candidate.
SITE1_P16,P16,SITE1,tsunami,1,P16_precision_tsunami_0.csv,0,8,100,1.864,3.659,0.5094,53.6481,28.900,0.500,2.844,false,false,false,Retain: not an upper-IQR candidate.
SITE1_P16,P16,SITE1,tsunami,1,P16_precision_tsunami_0.csv,0,9,200,4.230,7.902,0.5353,47.2813,-74.300,1.800,6.264,false,false,false,Retain: not an upper-IQR candidate.
SITE1_P17,P17,SITE1,baseline,3,P17_precision_baseline_8.csv,8,1,50,1.361,1.361,1.0000,36.7377,83.300,1.100,1.942,false,false,false,Retain: not an upper-IQR candidate.
SITE1_P17,P17,SITE1,baseline,3,P17_precision_baseline_8.csv,8,2,100,5.597,7.556,0.7407,17.8667,29.500,1.300,2.555,false,false,false,Retain: not an upper-IQR candidate.
SITE1_P17,P17,SITE1,baseline,3,P17_precision_baseline_8.csv,8,3,200,8.056,10.238,0.7869,24.8262,-62.200,1.500,6.282,false,false,false,Retain: not an upper-IQR candidate.
SITE1_P17,P17,SITE1,baseline,3,P17_precision_baseline_8.csv,8,4,50,1.417,3.095,0.4578,35.2858,81.000,0.700,0.990,false,false,false,Retain: not an upper-IQR candidate.
SITE1_P17,P17,SITE1,baseline,3,P17_precision_baseline_8.csv,8,5,100,4.250,5.403,0.7866,23.5294,35.300,1.100,3.764,false,false,false,Retain: not an upper-IQR candidate.
SITE1_P17,P17,SITE1,baseline,3,P17_precision_baseline_8.csv,8,6,200,4.625,5.821,0.7945,43.2432,-59.500,0.100,8.801,false,false,false,Retain: not an upper-IQR candidate.
SITE1_P17,P17,SITE1,baseline,3,P17_precision_baseline_8.csv,8,7,50,0.722,2.290,0.3153,69.2521,79.600,0.400,2.138,false,false,false,Retain: not an upper-IQR candidate.
SITE1_P17,P17,SITE1,baseline,3,P17_precision_baseline_8.csv,8,8,100,2.347,3.375,0.6954,42.6076,30.800,1.500,1.749,false,false,false,Retain: not an upper-IQR candidate.
SITE1_P17,P17,SITE1,baseline,3,P17_precision_baseline_8.csv,8,9,200,5.403,6.363,0.8491,37.0165,-63.300,0.400,5.016,false,false,false,Retain: not an upper-IQR candidate.
SITE1_P17,P17,SITE1,map,2,P17_precision_map_4.csv,4,1,50,5.388,5.390,0.9996,9.2799,89.300,-2.700,8.065,false,false,false,Retain: not an upper-IQR candidate.
SITE1_P17,P17,SITE1,map,2,P17_precision_map_4.csv,4,2,100,3.124,6.555,0.4766,32.0102,31.900,1.600,1.612,false,false,false,Retain: not an upper-IQR candidate.
SITE1_P17,P17,SITE1,map,2,P17_precision_map_4.csv,4,3,200,2.625,6.014,0.4365,76.1905,-64.000,-5.000,6.595,false,false,false,Retain: not an upper-IQR candidate.
SITE1_P17,P17,SITE1,map,2,P17_precision_map_4.csv,4,4,50,2.083,5.208,0.4000,24.0038,88.300,-5.200,8.402,false,false,false,Retain: not an upper-IQR candidate.
SITE1_P17,P17,SITE1,map,2,P17_precision_map_4.csv,4,5,100,2.068,4.348,0.4756,48.3559,33.700,-0.200,2.010,false,false,false,Retain: not an upper-IQR candidate.
SITE1_P17,P17,SITE1,map,2,P17_precision_map_4.csv,4,6,200,1.848,4.708,0.3925,108.2251,-64.000,-3.000,5.243,false,false,false,Retain: not an upper-IQR candidate.
SITE1_P17,P17,SITE1,map,2,P17_precision_map_4.csv,4,7,50,1.625,4.736,0.3431,30.7692,80.500,-0.300,1.237,false,false,false,Retain: not an upper-IQR candidate.
SITE1_P17,P17,SITE1,map,2,P17_precision_map_4.csv,4,8,100,1.764,3.736,0.4722,56.6893,37.200,5.000,7.433,false,false,false,Retain: not an upper-IQR candidate.
SITE1_P17,P17,SITE1,map,2,P17_precision_map_4.csv,4,9,200,2.042,7.459,0.2738,97.9432,-65.000,-1.300,3.547,false,false,false,Retain: not an upper-IQR candidate.
SITE1_P17,P17,SITE1,tsunami,1,P17_precision_tsunami_0.csv,0,1,50,5.073,5.073,1.0000,9.8561,88.300,-0.300,6.607,false,false,false,Retain: not an upper-IQR candidate.
SITE1_P17,P17,SITE1,tsunami,1,P17_precision_tsunami_0.csv,0,2,100,4.379,8.160,0.5366,22.8363,33.200,-0.300,1.530,false,false,false,Retain: not an upper-IQR candidate.
SITE1_P17,P17,SITE1,tsunami,1,P17_precision_tsunami_0.csv,0,3,200,3.332,5.923,0.5626,60.0240,-73.400,0.300,5.109,false,false,false,Retain: not an upper-IQR candidate.
SITE1_P17,P17,SITE1,tsunami,1,P17_precision_tsunami_0.csv,0,4,50,2.558,5.880,0.4350,19.5465,84.200,0.100,2.502,false,false,false,Retain: not an upper-IQR candidate.
SITE1_P17,P17,SITE1,tsunami,1,P17_precision_tsunami_0.csv,0,5,100,2.798,4.810,0.5817,35.7398,35.300,0.100,3.601,false,false,false,Retain: not an upper-IQR candidate.
SITE1_P17,P17,SITE1,tsunami,1,P17_precision_tsunami_0.csv,0,6,200,2.470,4.160,0.5938,80.9717,-66.900,0.700,1.565,false,false,false,Retain: not an upper-IQR candidate.
SITE1_P17,P17,SITE1,tsunami,1,P17_precision_tsunami_0.csv,0,7,50,1.720,3.320,0.5181,29.0698,81.800,0.100,0.141,false,false,false,Retain: not an upper-IQR candidate.
SITE1_P17,P17,SITE1,tsunami,1,P17_precision_tsunami_0.csv,0,8,100,1.954,3.560,0.5489,51.1771,34.800,0.300,3.114,false,false,false,Retain: not an upper-IQR candidate.
SITE1_P17,P17,SITE1,tsunami,1,P17_precision_tsunami_0.csv,0,9,200,3.125,4.531,0.6897,64.0000,-67.500,0.800,1.131,false,false,false,Retain: not an upper-IQR candidate.
SITE1_P18,P18,SITE1,baseline,3,P18_precision_baseline_8.csv,8,1,50,1.696,1.696,1.0000,29.4811,85.500,1.500,4.085,false,false,false,Retain: not an upper-IQR candidate.
SITE1_P18,P18,SITE1,baseline,3,P18_precision_baseline_8.csv,8,2,100,2.958,5.041,0.5868,33.8066,26.400,1.700,5.566,false,false,false,Retain: not an upper-IQR candidate.
SITE1_P18,P18,SITE1,baseline,3,P18_precision_baseline_8.csv,8,3,200,3.444,5.626,0.6122,58.0720,-56.800,1.700,11.625,false,false,false,Retain: not an upper-IQR candidate.
SITE1_P18,P18,SITE1,baseline,3,P18_precision_baseline_8.csv,8,4,50,1.806,3.806,0.4745,27.6855,76.400,2.000,5.665,false,false,false,Retain: not an upper-IQR candidate.
SITE1_P18,P18,SITE1,baseline,3,P18_precision_baseline_8.csv,8,5,100,2.431,3.708,0.6556,41.1353,31.100,1.600,1.709,false,false,false,Retain: not an upper-IQR candidate.
SITE1_P18,P18,SITE1,baseline,3,P18_precision_baseline_8.csv,8,6,200,3.667,5.736,0.6393,54.5405,-50.600,3.900,18.125,false,false,false,Retain: matching repetitions do not support one isolated failure.
SITE1_P18,P18,SITE1,baseline,3,P18_precision_baseline_8.csv,8,7,50,1.569,4.333,0.3621,31.8674,85.200,1.700,3.891,false,false,false,Retain: not an upper-IQR candidate.
SITE1_P18,P18,SITE1,baseline,3,P18_precision_baseline_8.csv,8,8,100,1.792,3.139,0.5709,55.8036,29.100,1.600,3.053,false,false,false,Retain: not an upper-IQR candidate.
SITE1_P18,P18,SITE1,baseline,3,P18_precision_baseline_8.csv,8,9,200,4.723,6.555,0.7205,42.3460,-55.600,5.900,14.004,false,false,false,Retain: not an upper-IQR candidate.
SITE1_P18,P18,SITE1,map,2,P18_precision_map_4.csv,4,1,50,11.472,11.473,0.9999,4.3584,83.500,6.600,6.841,false,false,false,Retain: not an upper-IQR candidate.
SITE1_P18,P18,SITE1,map,2,P18_precision_map_4.csv,4,2,100,3.500,9.196,0.3806,28.5714,28.000,-1.100,3.860,false,false,false,Retain: not an upper-IQR candidate.
SITE1_P18,P18,SITE1,map,2,P18_precision_map_4.csv,4,3,200,2.694,5.166,0.5215,74.2390,-64.000,0.700,4.357,false,false,false,Retain: not an upper-IQR candidate.
SITE1_P18,P18,SITE1,map,2,P18_precision_map_4.csv,4,4,50,3.139,6.278,0.5000,15.9286,86.200,5.000,6.727,false,false,false,Retain: not an upper-IQR candidate.
SITE1_P18,P18,SITE1,map,2,P18_precision_map_4.csv,4,5,100,2.931,6.597,0.4443,34.1180,24.300,3.700,8.273,false,false,false,Retain: not an upper-IQR candidate.
SITE1_P18,P18,SITE1,map,2,P18_precision_map_4.csv,4,6,200,3.000,6.250,0.4800,66.6667,-65.800,-2.300,3.397,false,false,false,Retain: not an upper-IQR candidate.
SITE1_P18,P18,SITE1,map,2,P18_precision_map_4.csv,4,7,50,2.583,5.153,0.5013,19.3573,88.900,-5.000,8.766,false,false,false,Retain: not an upper-IQR candidate.
SITE1_P18,P18,SITE1,map,2,P18_precision_map_4.csv,4,8,100,2.985,5.097,0.5856,33.5008,36.400,0.900,4.785,false,false,false,Retain: not an upper-IQR candidate.
SITE1_P18,P18,SITE1,map,2,P18_precision_map_4.csv,4,9,200,3.181,6.000,0.5302,62.8733,-67.900,-1.100,1.170,false,false,false,Retain: not an upper-IQR candidate.
SITE1_P18,P18,SITE1,tsunami,1,P18_precision_tsunami_0.csv,0,1,50,3.461,3.461,1.0000,14.4467,76.900,0.700,4.851,false,false,false,Retain: not an upper-IQR candidate.
SITE1_P18,P18,SITE1,tsunami,1,P18_precision_tsunami_0.csv,0,2,100,3.738,7.854,0.4759,26.7523,24.600,2.300,7.463,false,false,false,Retain: not an upper-IQR candidate.
SITE1_P18,P18,SITE1,tsunami,1,P18_precision_tsunami_0.csv,0,3,200,5.094,8.814,0.5779,39.2619,-79.000,2.500,10.988,false,false,false,Retain: not an upper-IQR candidate.
SITE1_P18,P18,SITE1,tsunami,1,P18_precision_tsunami_0.csv,0,4,50,2.950,9.640,0.3060,16.9492,72.900,0.100,8.801,false,false,false,Retain: matching repetitions do not support one isolated failure.
SITE1_P18,P18,SITE1,tsunami,1,P18_precision_tsunami_0.csv,0,5,100,3.668,7.248,0.5061,27.2628,28.800,0.500,2.943,false,false,false,Retain: not an upper-IQR candidate.
SITE1_P18,P18,SITE1,tsunami,1,P18_precision_tsunami_0.csv,0,6,200,3.648,8.091,0.4509,54.8246,-75.100,1.900,7.060,false,false,false,Retain: not an upper-IQR candidate.
SITE1_P18,P18,SITE1,tsunami,1,P18_precision_tsunami_0.csv,0,7,50,3.076,7.209,0.4267,16.2549,83.800,0.000,2.100,false,false,false,Retain: not an upper-IQR candidate.
SITE1_P18,P18,SITE1,tsunami,1,P18_precision_tsunami_0.csv,0,8,100,4.206,7.731,0.5440,23.7756,24.100,0.800,7.642,false,false,false,Retain: not an upper-IQR candidate.
SITE1_P18,P18,SITE1,tsunami,1,P18_precision_tsunami_0.csv,0,9,200,3.477,6.010,0.5785,57.5209,-76.400,-0.500,8.115,false,false,false,Retain: not an upper-IQR candidate.
SITE1_P19,P19,SITE1,baseline,3,P19_precision_baseline_8.csv,8,1,50,1.736,1.736,1.0000,28.8018,80.400,3.000,3.270,false,false,false,Retain: not an upper-IQR candidate.
SITE1_P19,P19,SITE1,baseline,3,P19_precision_baseline_8.csv,8,2,100,4.236,6.348,0.6673,23.6072,30.900,3.500,3.590,false,false,false,Retain: not an upper-IQR candidate.
SITE1_P19,P19,SITE1,baseline,3,P19_precision_baseline_8.csv,8,3,200,9.571,11.543,0.8292,20.8965,-63.100,3.600,6.325,false,false,false,Retain: not an upper-IQR candidate.
SITE1_P19,P19,SITE1,baseline,3,P19_precision_baseline_8.csv,8,4,50,2.597,4.540,0.5720,19.2530,81.800,3.200,3.202,false,false,false,Retain: not an upper-IQR candidate.
SITE1_P19,P19,SITE1,baseline,3,P19_precision_baseline_8.csv,8,5,100,3.070,4.291,0.7155,32.5733,27.000,3.300,5.743,false,false,false,Retain: not an upper-IQR candidate.
SITE1_P19,P19,SITE1,baseline,3,P19_precision_baseline_8.csv,8,6,200,6.042,7.945,0.7605,33.1016,-68.200,3.600,3.601,false,false,false,Retain: not an upper-IQR candidate.
SITE1_P19,P19,SITE1,baseline,3,P19_precision_baseline_8.csv,8,7,50,1.667,3.388,0.4920,29.9940,80.800,3.600,3.711,false,false,false,Retain: not an upper-IQR candidate.
SITE1_P19,P19,SITE1,baseline,3,P19_precision_baseline_8.csv,8,8,100,2.986,4.139,0.7214,33.4896,24.500,3.000,7.800,false,false,false,Retain: not an upper-IQR candidate.
SITE1_P19,P19,SITE1,baseline,3,P19_precision_baseline_8.csv,8,9,200,6.681,8.153,0.8195,29.9356,-64.900,3.400,4.808,false,false,false,Retain: not an upper-IQR candidate.
SITE1_P19,P19,SITE1,map,2,P19_precision_map_4.csv,4,1,50,25.543,25.544,1.0000,1.9575,88.900,2.200,7.529,false,false,false,Retain: not an upper-IQR candidate.
SITE1_P19,P19,SITE1,map,2,P19_precision_map_4.csv,4,2,100,5.695,8.069,0.7058,17.5593,40.700,0.900,9.045,false,false,false,Retain: not an upper-IQR candidate.
SITE1_P19,P19,SITE1,map,2,P19_precision_map_4.csv,4,3,200,3.264,5.027,0.6493,61.2745,-61.800,2.000,6.801,false,false,false,Retain: not an upper-IQR candidate.
SITE1_P19,P19,SITE1,map,2,P19_precision_map_4.csv,4,4,50,5.765,8.362,0.6894,8.6730,86.500,1.900,5.162,false,false,false,Retain: not an upper-IQR candidate.
SITE1_P19,P19,SITE1,map,2,P19_precision_map_4.csv,4,5,100,2.333,4.861,0.4799,42.8633,37.800,3.500,7.033,false,false,false,Retain: not an upper-IQR candidate.
SITE1_P19,P19,SITE1,map,2,P19_precision_map_4.csv,4,6,200,2.597,4.971,0.5224,77.0119,-62.300,2.700,6.580,false,false,false,Retain: not an upper-IQR candidate.
SITE1_P19,P19,SITE1,map,2,P19_precision_map_4.csv,4,7,50,3.514,5.918,0.5938,14.2288,82.600,-1.000,1.345,false,false,false,Retain: not an upper-IQR candidate.
SITE1_P19,P19,SITE1,map,2,P19_precision_map_4.csv,4,8,100,2.196,4.653,0.4720,45.5373,35.700,2.700,4.826,false,false,false,Retain: not an upper-IQR candidate.
SITE1_P19,P19,SITE1,map,2,P19_precision_map_4.csv,4,9,200,3.290,5.416,0.6075,60.7903,-63.600,2.100,5.148,false,false,false,Retain: not an upper-IQR candidate.
SITE1_P19,P19,SITE1,tsunami,1,P19_precision_tsunami_0.csv,0,1,50,33.813,33.814,1.0000,1.4787,78.700,0.300,3.015,false,false,false,Retain: not an upper-IQR candidate.
SITE1_P19,P19,SITE1,tsunami,1,P19_precision_tsunami_0.csv,0,2,100,4.368,7.033,0.6211,22.8938,29.500,0.100,2.202,false,false,false,Retain: not an upper-IQR candidate.
SITE1_P19,P19,SITE1,tsunami,1,P19_precision_tsunami_0.csv,0,3,200,5.707,8.922,0.6397,35.0447,-73.100,-0.400,4.817,false,false,false,Retain: not an upper-IQR candidate.
SITE1_P19,P19,SITE1,tsunami,1,P19_precision_tsunami_0.csv,0,4,50,2.959,5.794,0.5107,16.8976,84.900,-0.400,3.225,false,false,false,Retain: not an upper-IQR candidate.
SITE1_P19,P19,SITE1,tsunami,1,P19_precision_tsunami_0.csv,0,5,100,3.809,6.887,0.5531,26.2536,33.300,0.900,1.836,false,false,false,Retain: not an upper-IQR candidate.
SITE1_P19,P19,SITE1,tsunami,1,P19_precision_tsunami_0.csv,0,6,200,4.158,7.066,0.5885,48.1000,-68.500,0.300,0.361,false,false,false,Retain: not an upper-IQR candidate.
SITE1_P19,P19,SITE1,tsunami,1,P19_precision_tsunami_0.csv,0,7,50,3.677,6.542,0.5621,13.5980,78.000,-1.100,3.860,false,false,false,Retain: not an upper-IQR candidate.
SITE1_P19,P19,SITE1,tsunami,1,P19_precision_tsunami_0.csv,0,8,100,3.016,5.422,0.5563,33.1565,33.400,-0.300,1.726,false,false,false,Retain: not an upper-IQR candidate.
SITE1_P19,P19,SITE1,tsunami,1,P19_precision_tsunami_0.csv,0,9,200,3.828,6.537,0.5856,52.2466,-66.600,-0.800,1.879,false,false,false,Retain: not an upper-IQR candidate.
SITE1_P20,P20,SITE1,baseline,2,P20_precision_baseline_4.csv,4,1,50,5.472,5.473,0.9998,9.1374,77.600,-0.300,4.111,false,false,false,Retain: not an upper-IQR candidate.
SITE1_P20,P20,SITE1,baseline,2,P20_precision_baseline_4.csv,4,2,100,5.306,8.140,0.6518,18.8466,28.300,-0.200,3.406,false,false,false,Retain: not an upper-IQR candidate.
SITE1_P20,P20,SITE1,baseline,2,P20_precision_baseline_4.csv,4,3,200,7.195,11.762,0.6117,27.7971,-74.200,1.300,6.042,false,false,false,Retain: not an upper-IQR candidate.
SITE1_P20,P20,SITE1,baseline,2,P20_precision_baseline_4.csv,4,4,50,4.306,6.208,0.6936,11.6117,80.300,-0.100,1.404,false,false,false,Retain: not an upper-IQR candidate.
SITE1_P20,P20,SITE1,baseline,2,P20_precision_baseline_4.csv,4,5,100,2.209,4.097,0.5392,45.2694,29.700,-0.600,2.088,false,false,false,Retain: not an upper-IQR candidate.
SITE1_P20,P20,SITE1,baseline,2,P20_precision_baseline_4.csv,4,6,200,9.153,11.125,0.8227,21.8508,-72.800,0.800,4.571,false,false,false,Retain: not an upper-IQR candidate.
SITE1_P20,P20,SITE1,baseline,2,P20_precision_baseline_4.csv,4,7,50,2.250,4.598,0.4893,22.2222,76.000,-0.300,5.708,false,false,false,Retain: not an upper-IQR candidate.
SITE1_P20,P20,SITE1,baseline,2,P20_precision_baseline_4.csv,4,8,100,3.125,4.846,0.6449,32.0000,28.800,-0.300,2.915,false,false,false,Retain: not an upper-IQR candidate.
SITE1_P20,P20,SITE1,baseline,2,P20_precision_baseline_4.csv,4,9,200,5.958,8.641,0.6895,33.5683,-69.200,1.700,1.924,false,false,false,Retain: not an upper-IQR candidate.
SITE1_P20,P20,SITE1,map,1,P20_precision_map_0.csv,0,1,50,24.319,24.325,0.9998,2.0560,81.200,3.600,3.635,false,false,false,Retain: not an upper-IQR candidate.
SITE1_P20,P20,SITE1,map,1,P20_precision_map_0.csv,0,2,100,6.999,11.010,0.6357,14.2878,29.800,1.400,2.360,false,false,false,Retain: not an upper-IQR candidate.
SITE1_P20,P20,SITE1,map,1,P20_precision_map_0.csv,0,3,200,4.223,8.750,0.4826,47.3597,-68.800,4.100,4.130,false,false,false,Retain: not an upper-IQR candidate.
SITE1_P20,P20,SITE1,map,1,P20_precision_map_0.csv,0,4,50,8.167,11.333,0.7206,6.1222,84.200,2.600,3.607,false,false,false,Retain: not an upper-IQR candidate.
SITE1_P20,P20,SITE1,map,1,P20_precision_map_0.csv,0,5,100,6.098,9.153,0.6662,16.3988,29.100,3.400,4.280,false,false,false,Retain: not an upper-IQR candidate.
SITE1_P20,P20,SITE1,map,1,P20_precision_map_0.csv,0,6,200,6.361,8.166,0.7790,31.4416,-67.600,0.700,0.990,false,false,false,Retain: not an upper-IQR candidate.
SITE1_P20,P20,SITE1,map,1,P20_precision_map_0.csv,0,7,50,3.904,5.779,0.6755,12.8074,81.900,-0.900,0.922,false,false,false,Retain: not an upper-IQR candidate.
SITE1_P20,P20,SITE1,map,1,P20_precision_map_0.csv,0,8,100,3.236,5.402,0.5990,30.9023,31.400,1.300,1.334,false,false,false,Retain: not an upper-IQR candidate.
SITE1_P20,P20,SITE1,map,1,P20_precision_map_0.csv,0,9,200,4.333,12.361,0.3505,46.1574,-68.500,0.000,0.200,false,false,false,Retain: not an upper-IQR candidate.
SITE1_P20,P20,SITE1,tsunami,3,P20_precision_tsunami_8.csv,8,1,50,5.111,5.111,1.0000,9.7828,83.200,0.200,1.513,false,false,false,Retain: not an upper-IQR candidate.
SITE1_P20,P20,SITE1,tsunami,3,P20_precision_tsunami_8.csv,8,2,100,3.000,5.325,0.5634,33.3333,25.600,0.300,6.107,false,false,false,Retain: not an upper-IQR candidate.
SITE1_P20,P20,SITE1,tsunami,3,P20_precision_tsunami_8.csv,8,3,200,3.010,5.328,0.5649,66.4452,-70.600,0.500,2.354,false,false,false,Retain: not an upper-IQR candidate.
SITE1_P20,P20,SITE1,tsunami,3,P20_precision_tsunami_8.csv,8,4,50,2.017,3.891,0.5184,24.7893,81.600,0.000,0.100,false,false,false,Retain: not an upper-IQR candidate.
SITE1_P20,P20,SITE1,tsunami,3,P20_precision_tsunami_8.csv,8,5,100,2.483,4.452,0.5577,40.2739,32.100,0.000,0.400,false,false,false,Retain: not an upper-IQR candidate.
SITE1_P20,P20,SITE1,tsunami,3,P20_precision_tsunami_8.csv,8,6,200,2.921,4.911,0.5948,68.4697,-71.100,0.200,2.807,false,false,false,Retain: not an upper-IQR candidate.
SITE1_P20,P20,SITE1,tsunami,3,P20_precision_tsunami_8.csv,8,7,50,2.127,3.525,0.6034,23.5073,80.900,0.700,1.063,false,false,false,Retain: not an upper-IQR candidate.
SITE1_P20,P20,SITE1,tsunami,3,P20_precision_tsunami_8.csv,8,8,100,2.251,3.436,0.6551,44.4247,28.600,0.800,3.202,false,false,false,Retain: not an upper-IQR candidate.
SITE1_P20,P20,SITE1,tsunami,3,P20_precision_tsunami_8.csv,8,9,200,2.936,4.334,0.6774,68.1199,-67.200,2.800,3.008,false,false,false,Retain: not an upper-IQR candidate.
SITE1_P21,P21,SITE1,baseline,1,P21_precision_baseline_0.csv,0,1,50,2.112,2.112,1.0000,23.6742,79.900,-0.400,1.844,false,false,false,Retain: not an upper-IQR candidate.
SITE1_P21,P21,SITE1,baseline,1,P21_precision_baseline_0.csv,0,2,100,3.263,6.764,0.4824,30.6466,30.800,0.200,0.922,false,false,false,Retain: not an upper-IQR candidate.
SITE1_P21,P21,SITE1,baseline,1,P21_precision_baseline_0.csv,0,3,200,4.527,7.778,0.5820,44.1794,-63.900,-0.200,4.405,false,false,false,Retain: not an upper-IQR candidate.
SITE1_P21,P21,SITE1,baseline,1,P21_precision_baseline_0.csv,0,4,50,1.931,4.749,0.4066,25.8933,82.500,-0.800,1.131,false,false,false,Retain: not an upper-IQR candidate.
SITE1_P21,P21,SITE1,baseline,1,P21_precision_baseline_0.csv,0,5,100,2.040,4.652,0.4385,49.0196,28.200,-0.100,3.501,false,false,false,Retain: not an upper-IQR candidate.
SITE1_P21,P21,SITE1,baseline,1,P21_precision_baseline_0.csv,0,6,200,3.973,7.321,0.5427,50.3398,-78.000,-0.200,9.702,false,false,false,Retain: not an upper-IQR candidate.
SITE1_P21,P21,SITE1,baseline,1,P21_precision_baseline_0.csv,0,7,50,1.847,4.430,0.4169,27.0709,82.300,-1.000,1.166,false,false,false,Retain: not an upper-IQR candidate.
SITE1_P21,P21,SITE1,baseline,1,P21_precision_baseline_0.csv,0,8,100,2.445,4.542,0.5383,40.8998,33.100,0.000,1.400,false,false,false,Retain: not an upper-IQR candidate.
SITE1_P21,P21,SITE1,baseline,1,P21_precision_baseline_0.csv,0,9,200,3.250,5.847,0.5558,61.5385,-70.100,-1.300,2.220,false,false,false,Retain: not an upper-IQR candidate.
SITE1_P21,P21,SITE1,map,3,P21_precision_map_8.csv,8,1,50,6.944,6.945,0.9999,7.2005,85.800,2.200,4.653,false,false,false,Retain: not an upper-IQR candidate.
SITE1_P21,P21,SITE1,map,3,P21_precision_map_8.csv,8,2,100,2.431,5.209,0.4667,41.1353,29.900,1.000,2.059,false,false,false,Retain: not an upper-IQR candidate.
SITE1_P21,P21,SITE1,map,3,P21_precision_map_8.csv,8,3,200,2.210,4.543,0.4865,90.4977,-65.700,5.400,5.993,false,false,false,Retain: not an upper-IQR candidate.
SITE1_P21,P21,SITE1,map,3,P21_precision_map_8.csv,8,4,50,1.749,3.928,0.4453,28.5878,81.100,10.200,10.218,false,false,false,Retain: not an upper-IQR candidate.
SITE1_P21,P21,SITE1,map,3,P21_precision_map_8.csv,8,5,100,2.305,4.042,0.5703,43.3839,34.300,0.100,2.602,false,false,false,Retain: not an upper-IQR candidate.
SITE1_P21,P21,SITE1,map,3,P21_precision_map_8.csv,8,6,200,2.305,3.861,0.5970,86.7679,-60.200,0.400,8.110,false,false,false,Retain: not an upper-IQR candidate.
SITE1_P21,P21,SITE1,map,3,P21_precision_map_8.csv,8,7,50,1.695,3.709,0.4570,29.4985,74.500,0.600,7.225,false,false,false,Retain: not an upper-IQR candidate.
SITE1_P21,P21,SITE1,map,3,P21_precision_map_8.csv,8,8,100,2.084,4.028,0.5174,47.9846,27.300,1.000,4.512,false,false,false,Retain: not an upper-IQR candidate.
SITE1_P21,P21,SITE1,map,3,P21_precision_map_8.csv,8,9,200,2.750,5.041,0.5455,72.7273,-69.900,0.500,1.676,false,false,false,Retain: not an upper-IQR candidate.
SITE1_P21,P21,SITE1,tsunami,2,P21_precision_tsunami_4.csv,4,1,50,2.514,2.514,1.0000,19.8886,83.200,-0.200,1.513,false,false,false,Retain: not an upper-IQR candidate.
SITE1_P21,P21,SITE1,tsunami,2,P21_precision_tsunami_4.csv,4,2,100,2.355,4.491,0.5244,42.4628,36.800,0.000,5.100,false,false,false,Retain: not an upper-IQR candidate.
SITE1_P21,P21,SITE1,tsunami,2,P21_precision_tsunami_4.csv,4,3,200,2.321,4.730,0.4907,86.1698,-62.700,-0.800,5.657,false,false,false,Retain: not an upper-IQR candidate.
SITE1_P21,P21,SITE1,tsunami,2,P21_precision_tsunami_4.csv,4,4,50,1.941,4.575,0.4243,25.7599,81.800,0.300,0.316,false,false,false,Retain: not an upper-IQR candidate.
SITE1_P21,P21,SITE1,tsunami,2,P21_precision_tsunami_4.csv,4,5,100,2.148,4.278,0.5021,46.5549,28.100,0.200,3.606,false,false,false,Retain: not an upper-IQR candidate.
SITE1_P21,P21,SITE1,tsunami,2,P21_precision_tsunami_4.csv,4,6,200,2.146,4.145,0.5177,93.1966,-65.800,-0.500,2.550,false,false,false,Retain: not an upper-IQR candidate.
SITE1_P21,P21,SITE1,tsunami,2,P21_precision_tsunami_4.csv,4,7,50,2.075,4.143,0.5008,24.0964,79.400,0.200,2.309,false,false,false,Retain: not an upper-IQR candidate.
SITE1_P21,P21,SITE1,tsunami,2,P21_precision_tsunami_4.csv,4,8,100,2.402,4.035,0.5953,41.6320,33.700,0.100,2.002,false,false,false,Retain: not an upper-IQR candidate.
SITE1_P21,P21,SITE1,tsunami,2,P21_precision_tsunami_4.csv,4,9,200,2.098,3.969,0.5286,95.3289,-64.900,0.600,3.453,false,false,false,Retain: not an upper-IQR candidate.
SITE1_P22,P22,SITE1,baseline,2,P22_precision_baseline_4.csv,4,1,50,4.459,4.460,0.9998,11.2133,82.500,-1.100,1.360,false,false,false,Retain: not an upper-IQR candidate.
SITE1_P22,P22,SITE1,baseline,2,P22_precision_baseline_4.csv,4,2,100,5.890,8.125,0.7249,16.9779,28.000,-1.200,3.890,false,false,false,Retain: not an upper-IQR candidate.
SITE1_P22,P22,SITE1,baseline,2,P22_precision_baseline_4.csv,4,3,200,10.332,12.916,0.7999,19.3573,-72.400,-1.000,4.220,false,false,false,Retain: not an upper-IQR candidate.
SITE1_P22,P22,SITE1,baseline,2,P22_precision_baseline_4.csv,4,4,50,3.374,5.459,0.6181,14.8192,81.600,-1.100,1.105,false,false,false,Retain: not an upper-IQR candidate.
SITE1_P22,P22,SITE1,baseline,2,P22_precision_baseline_4.csv,4,5,100,3.390,5.431,0.6242,29.4985,35.500,-0.700,3.864,false,false,false,Retain: not an upper-IQR candidate.
SITE1_P22,P22,SITE1,baseline,2,P22_precision_baseline_4.csv,4,6,200,3.597,6.500,0.5534,55.6019,-60.100,0.100,8.201,false,false,false,Retain: not an upper-IQR candidate.
SITE1_P22,P22,SITE1,baseline,2,P22_precision_baseline_4.csv,4,7,50,3.360,5.359,0.6270,14.8810,80.300,-1.100,1.780,false,false,false,Retain: not an upper-IQR candidate.
SITE1_P22,P22,SITE1,baseline,2,P22_precision_baseline_4.csv,4,8,100,6.111,7.946,0.7691,16.3639,36.600,-0.600,4.937,false,false,false,Retain: not an upper-IQR candidate.
SITE1_P22,P22,SITE1,baseline,2,P22_precision_baseline_4.csv,4,9,200,6.626,8.931,0.7419,30.1841,-66.200,0.900,2.285,false,false,false,Retain: not an upper-IQR candidate.
SITE1_P22,P22,SITE1,map,3,P22_precision_map_8.csv,8,1,50,6.014,6.015,0.9998,8.3139,83.600,-1.600,2.484,false,false,false,Retain: not an upper-IQR candidate.
SITE1_P22,P22,SITE1,map,3,P22_precision_map_8.csv,8,2,100,2.682,4.903,0.5470,37.2856,29.400,1.700,2.860,false,false,false,Retain: not an upper-IQR candidate.
SITE1_P22,P22,SITE1,map,3,P22_precision_map_8.csv,8,3,200,3.556,5.334,0.6667,56.2430,-62.700,2.000,5.946,false,false,false,Retain: not an upper-IQR candidate.
SITE1_P22,P22,SITE1,map,3,P22_precision_map_8.csv,8,4,50,4.278,6.819,0.6274,11.6877,84.900,0.800,3.298,false,false,false,Retain: not an upper-IQR candidate.
SITE1_P22,P22,SITE1,map,3,P22_precision_map_8.csv,8,5,100,3.041,4.513,0.6738,32.8839,32.000,2.000,2.022,false,false,false,Retain: not an upper-IQR candidate.
SITE1_P22,P22,SITE1,map,3,P22_precision_map_8.csv,8,6,200,3.695,5.695,0.6488,54.1272,-66.700,-0.100,1.603,false,false,false,Retain: not an upper-IQR candidate.
SITE1_P22,P22,SITE1,map,3,P22_precision_map_8.csv,8,7,50,5.555,7.472,0.7434,9.0009,85.300,2.200,4.219,false,false,false,Retain: not an upper-IQR candidate.
SITE1_P22,P22,SITE1,map,3,P22_precision_map_8.csv,8,8,100,3.083,4.500,0.6851,32.4359,35.400,-2.900,4.701,false,false,false,Retain: not an upper-IQR candidate.
SITE1_P22,P22,SITE1,map,3,P22_precision_map_8.csv,8,9,200,3.917,5.389,0.7269,51.0595,-66.600,1.400,2.202,false,false,false,Retain: not an upper-IQR candidate.
SITE1_P22,P22,SITE1,tsunami,1,P22_precision_tsunami_0.csv,0,1,50,7.227,7.227,1.0000,6.9185,83.400,0.100,1.703,false,false,false,Retain: not an upper-IQR candidate.
SITE1_P22,P22,SITE1,tsunami,1,P22_precision_tsunami_0.csv,0,2,100,3.060,9.453,0.3237,32.6797,33.600,0.500,1.965,false,false,false,Retain: not an upper-IQR candidate.
SITE1_P22,P22,SITE1,tsunami,1,P22_precision_tsunami_0.csv,0,3,200,2.847,5.692,0.5002,70.2494,-65.200,0.500,3.140,false,false,false,Retain: not an upper-IQR candidate.
SITE1_P22,P22,SITE1,tsunami,1,P22_precision_tsunami_0.csv,0,4,50,2.975,5.446,0.5463,16.8067,82.500,0.100,0.806,false,false,false,Retain: not an upper-IQR candidate.
SITE1_P22,P22,SITE1,tsunami,1,P22_precision_tsunami_0.csv,0,5,100,2.293,4.446,0.5157,43.6110,32.400,0.500,0.860,false,false,false,Retain: not an upper-IQR candidate.
SITE1_P22,P22,SITE1,tsunami,1,P22_precision_tsunami_0.csv,0,6,200,2.588,4.643,0.5574,77.2798,-68.200,0.500,0.510,false,false,false,Retain: not an upper-IQR candidate.
SITE1_P22,P22,SITE1,tsunami,1,P22_precision_tsunami_0.csv,0,7,50,3.014,5.012,0.6014,16.5893,84.400,0.200,2.707,false,false,false,Retain: not an upper-IQR candidate.
SITE1_P22,P22,SITE1,tsunami,1,P22_precision_tsunami_0.csv,0,8,100,3.315,5.355,0.6190,30.1659,31.900,0.100,0.224,false,false,false,Retain: not an upper-IQR candidate.
SITE1_P22,P22,SITE1,tsunami,1,P22_precision_tsunami_0.csv,0,9,200,2.354,4.856,0.4848,84.9618,-64.100,0.700,4.258,false,false,false,Retain: not an upper-IQR candidate.
SITE1_P23,P23,SITE1,baseline,3,P23_precision_baseline_8.csv,8,1,50,1.848,1.848,1.0000,27.0563,82.700,0.000,1.000,false,false,false,Retain: not an upper-IQR candidate.
SITE1_P23,P23,SITE1,baseline,3,P23_precision_baseline_8.csv,8,2,100,4.652,6.819,0.6822,21.4961,32.800,-0.700,1.304,false,false,false,Retain: not an upper-IQR candidate.
SITE1_P23,P23,SITE1,baseline,3,P23_precision_baseline_8.csv,8,3,200,2.791,4.695,0.5945,71.6589,-64.400,-0.200,3.905,false,false,false,Retain: not an upper-IQR candidate.
SITE1_P23,P23,SITE1,baseline,3,P23_precision_baseline_8.csv,8,4,50,1.875,4.555,0.4116,26.6667,79.600,0.200,2.110,false,false,false,Retain: not an upper-IQR candidate.
SITE1_P23,P23,SITE1,baseline,3,P23_precision_baseline_8.csv,8,5,100,2.251,3.681,0.6115,44.4247,30.800,0.000,0.900,false,false,false,Retain: not an upper-IQR candidate.
SITE1_P23,P23,SITE1,baseline,3,P23_precision_baseline_8.csv,8,6,200,3.807,5.333,0.7139,52.5348,-65.000,-1.500,3.625,false,false,false,Retain: not an upper-IQR candidate.
SITE1_P23,P23,SITE1,baseline,3,P23_precision_baseline_8.csv,8,7,50,1.917,3.417,0.5610,26.0824,79.400,-0.500,2.354,false,false,false,Retain: not an upper-IQR candidate.
SITE1_P23,P23,SITE1,baseline,3,P23_precision_baseline_8.csv,8,8,100,1.819,3.083,0.5900,54.9753,32.600,-0.200,0.922,false,false,false,Retain: not an upper-IQR candidate.
SITE1_P23,P23,SITE1,baseline,3,P23_precision_baseline_8.csv,8,9,200,2.348,4.153,0.5654,85.1789,-66.700,-0.100,1.603,false,false,false,Retain: not an upper-IQR candidate.
SITE1_P23,P23,SITE1,map,1,P23_precision_map_0.csv,0,1,50,8.528,8.529,0.9999,5.8630,81.400,2.500,2.518,false,false,false,Retain: not an upper-IQR candidate.
SITE1_P23,P23,SITE1,map,1,P23_precision_map_0.csv,0,2,100,9.583,13.305,0.7203,10.4351,36.700,3.700,6.220,false,false,false,Retain: not an upper-IQR candidate.
SITE1_P23,P23,SITE1,map,1,P23_precision_map_0.csv,0,3,200,8.695,12.376,0.7026,23.0017,-63.100,-9.800,11.094,false,false,false,Retain: not an upper-IQR candidate.
SITE1_P23,P23,SITE1,map,1,P23_precision_map_0.csv,0,4,50,7.028,17.180,0.4091,7.1144,72.400,-2.400,9.605,false,false,false,Retain: not an upper-IQR candidate.
SITE1_P23,P23,SITE1,map,1,P23_precision_map_0.csv,0,5,100,13.638,21.430,0.6364,7.3325,32.300,-5.900,5.930,false,false,false,Retain: not an upper-IQR candidate.
SITE1_P23,P23,SITE1,map,1,P23_precision_map_0.csv,0,6,200,7.486,25.306,0.2958,26.7165,-67.400,1.800,2.012,false,false,false,Retain: not an upper-IQR candidate.
SITE1_P23,P23,SITE1,map,1,P23_precision_map_0.csv,0,7,50,6.916,10.708,0.6459,7.2296,92.700,10.200,15.001,false,false,false,Retain: not an upper-IQR candidate.
SITE1_P23,P23,SITE1,map,1,P23_precision_map_0.csv,0,8,100,8.403,11.236,0.7479,11.9005,37.400,-0.900,5.771,false,false,false,Retain: not an upper-IQR candidate.
SITE1_P23,P23,SITE1,map,1,P23_precision_map_0.csv,0,9,200,6.597,10.390,0.6349,30.3168,-65.600,4.500,5.248,false,false,false,Retain: not an upper-IQR candidate.
SITE1_P23,P23,SITE1,tsunami,2,P23_precision_tsunami_4.csv,4,1,50,1.824,1.824,1.0000,27.4123,82.700,0.000,1.000,false,false,false,Retain: not an upper-IQR candidate.
SITE1_P23,P23,SITE1,tsunami,2,P23_precision_tsunami_4.csv,4,2,100,1.989,3.995,0.4979,50.2765,30.500,-0.100,1.204,false,false,false,Retain: not an upper-IQR candidate.
SITE1_P23,P23,SITE1,tsunami,2,P23_precision_tsunami_4.csv,4,3,200,2.853,5.791,0.4927,70.1016,-55.500,-4.300,13.503,false,false,false,Retain: matching repetitions do not support one isolated failure.
SITE1_P23,P23,SITE1,tsunami,2,P23_precision_tsunami_4.csv,4,4,50,1.679,3.757,0.4469,29.7796,90.700,0.100,9.001,false,false,false,Retain: isolated outlier but below the conservative 25% distance threshold.
SITE1_P23,P23,SITE1,tsunami,2,P23_precision_tsunami_4.csv,4,5,100,3.799,5.744,0.6614,26.3227,26.800,-2.000,5.292,false,false,false,Retain: not an upper-IQR candidate.
SITE1_P23,P23,SITE1,tsunami,2,P23_precision_tsunami_4.csv,4,6,200,1.993,4.209,0.4735,100.3512,-56.400,3.500,12.404,false,false,false,Retain: not an upper-IQR candidate.
SITE1_P23,P23,SITE1,tsunami,2,P23_precision_tsunami_4.csv,4,7,50,3.045,4.949,0.6153,16.4204,85.300,-0.300,3.612,false,false,false,Retain: not an upper-IQR candidate.
SITE1_P23,P23,SITE1,tsunami,2,P23_precision_tsunami_4.csv,4,8,100,2.002,3.477,0.5758,49.9500,37.700,-0.400,6.013,false,false,false,Retain: not an upper-IQR candidate.
SITE1_P23,P23,SITE1,tsunami,2,P23_precision_tsunami_4.csv,4,9,200,3.002,4.642,0.6467,66.6223,-69.000,-2.200,2.309,false,false,false,Retain: not an upper-IQR candidate.
SITE1_P24,P24,SITE1,baseline,1,P24_precision_baseline_0.csv,0,1,50,4.528,4.528,1.0000,11.0424,76.300,1.700,5.661,false,false,false,Retain: not an upper-IQR candidate.
SITE1_P24,P24,SITE1,baseline,1,P24_precision_baseline_0.csv,0,2,100,6.250,10.861,0.5755,16.0000,33.800,1.400,2.524,false,false,false,Retain: not an upper-IQR candidate.
SITE1_P24,P24,SITE1,baseline,1,P24_precision_baseline_0.csv,0,3,200,3.430,7.153,0.4795,58.3090,-70.000,2.200,2.780,false,false,false,Retain: not an upper-IQR candidate.
SITE1_P24,P24,SITE1,baseline,1,P24_precision_baseline_0.csv,0,4,50,3.583,6.819,0.5254,13.9548,79.600,1.700,2.702,false,false,false,Retain: not an upper-IQR candidate.
SITE1_P24,P24,SITE1,baseline,1,P24_precision_baseline_0.csv,0,5,100,2.931,6.472,0.4529,34.1180,31.900,1.800,1.811,false,false,false,Retain: not an upper-IQR candidate.
SITE1_P24,P24,SITE1,baseline,1,P24_precision_baseline_0.csv,0,6,200,4.236,6.736,0.6289,47.2144,-67.900,3.100,3.126,false,false,false,Retain: not an upper-IQR candidate.
SITE1_P24,P24,SITE1,baseline,1,P24_precision_baseline_0.csv,0,7,50,2.541,4.597,0.5528,19.6773,80.800,1.300,1.581,false,false,false,Retain: not an upper-IQR candidate.
SITE1_P24,P24,SITE1,baseline,1,P24_precision_baseline_0.csv,0,8,100,2.361,4.473,0.5278,42.3549,28.500,1.700,3.624,false,false,false,Retain: not an upper-IQR candidate.
SITE1_P24,P24,SITE1,baseline,1,P24_precision_baseline_0.csv,0,9,200,3.361,5.708,0.5888,59.5061,-59.900,2.700,8.823,false,false,false,Retain: not an upper-IQR candidate.
SITE1_P24,P24,SITE1,map,2,P24_precision_map_4.csv,4,1,50,6.264,6.265,0.9998,7.9821,79.700,0.800,2.154,false,false,false,Retain: not an upper-IQR candidate.
SITE1_P24,P24,SITE1,map,2,P24_precision_map_4.csv,4,2,100,3.111,5.750,0.5410,32.1440,32.000,4.800,4.809,false,false,false,Retain: not an upper-IQR candidate.
SITE1_P24,P24,SITE1,map,2,P24_precision_map_4.csv,4,3,200,2.431,4.806,0.5058,82.2707,-69.100,5.500,5.558,false,false,false,Retain: not an upper-IQR candidate.
SITE1_P24,P24,SITE1,map,2,P24_precision_map_4.csv,4,4,50,2.973,4.722,0.6296,16.8180,81.300,1.000,1.077,false,false,false,Retain: not an upper-IQR candidate.
SITE1_P24,P24,SITE1,map,2,P24_precision_map_4.csv,4,5,100,2.806,5.347,0.5248,35.6379,29.700,4.100,4.562,false,false,false,Retain: not an upper-IQR candidate.
SITE1_P24,P24,SITE1,map,2,P24_precision_map_4.csv,4,6,200,5.750,8.417,0.6831,34.7826,-70.600,1.500,2.746,false,false,false,Retain: not an upper-IQR candidate.
SITE1_P24,P24,SITE1,map,2,P24_precision_map_4.csv,4,7,50,4.000,5.833,0.6858,12.5000,82.200,11.000,11.011,false,false,false,Retain: not an upper-IQR candidate.
SITE1_P24,P24,SITE1,map,2,P24_precision_map_4.csv,4,8,100,3.389,5.695,0.5951,29.5072,31.200,4.400,4.428,false,false,false,Retain: not an upper-IQR candidate.
SITE1_P24,P24,SITE1,map,2,P24_precision_map_4.csv,4,9,200,5.722,8.513,0.6721,34.9528,-68.300,3.900,3.900,false,false,false,Retain: not an upper-IQR candidate.
SITE1_P24,P24,SITE1,tsunami,3,P24_precision_tsunami_8.csv,8,1,50,1.590,1.590,1.0000,31.4465,82.200,-0.100,0.510,false,false,false,Retain: not an upper-IQR candidate.
SITE1_P24,P24,SITE1,tsunami,3,P24_precision_tsunami_8.csv,8,2,100,2.062,4.022,0.5127,48.4966,27.300,2.500,5.061,false,false,false,Retain: not an upper-IQR candidate.
SITE1_P24,P24,SITE1,tsunami,3,P24_precision_tsunami_8.csv,8,3,200,3.672,5.758,0.6377,54.4662,-63.900,0.200,4.405,false,false,false,Retain: not an upper-IQR candidate.
SITE1_P24,P24,SITE1,tsunami,3,P24_precision_tsunami_8.csv,8,4,50,2.124,4.037,0.5261,23.5405,88.000,0.300,6.307,false,false,false,Retain: not an upper-IQR candidate.
SITE1_P24,P24,SITE1,tsunami,3,P24_precision_tsunami_8.csv,8,5,100,2.481,4.113,0.6032,40.3063,29.500,0.600,2.280,false,false,false,Retain: not an upper-IQR candidate.
SITE1_P24,P24,SITE1,tsunami,3,P24_precision_tsunami_8.csv,8,6,200,3.543,4.980,0.7114,56.4493,-76.200,1.600,8.060,false,false,false,Retain: not an upper-IQR candidate.
SITE1_P24,P24,SITE1,tsunami,3,P24_precision_tsunami_8.csv,8,7,50,1.809,3.492,0.5180,27.6396,84.300,0.200,2.608,false,false,false,Retain: not an upper-IQR candidate.
SITE1_P24,P24,SITE1,tsunami,3,P24_precision_tsunami_8.csv,8,8,100,2.187,3.401,0.6430,45.7247,30.000,-0.800,1.879,false,false,false,Retain: not an upper-IQR candidate.
SITE1_P24,P24,SITE1,tsunami,3,P24_precision_tsunami_8.csv,8,9,200,2.590,3.958,0.6544,77.2201,-69.400,-1.500,1.860,false,false,false,Retain: not an upper-IQR candidate.
SITE2_P01,P01,SITE2,baseline,1,P01_precision_baseline_0.csv,0,1,50,1.888,1.889,0.9995,26.4831,80.500,-0.900,1.500,false,false,false,Retain: not an upper-IQR candidate.
SITE2_P01,P01,SITE2,baseline,1,P01_precision_baseline_0.csv,0,2,100,2.709,5.444,0.4976,36.9140,35.300,-1.400,3.863,false,false,false,Retain: not an upper-IQR candidate.
SITE2_P01,P01,SITE2,baseline,1,P01_precision_baseline_0.csv,0,3,200,4.723,6.806,0.6939,42.3460,-66.900,-1.100,1.780,false,false,false,Retain: not an upper-IQR candidate.
SITE2_P01,P01,SITE2,baseline,1,P01_precision_baseline_0.csv,0,4,50,4.111,6.153,0.6681,12.1625,81.800,-1.100,1.105,false,false,false,Retain: not an upper-IQR candidate.
SITE2_P01,P01,SITE2,baseline,1,P01_precision_baseline_0.csv,0,5,100,3.194,4.721,0.6766,31.3087,32.800,-1.000,1.487,false,false,false,Retain: not an upper-IQR candidate.
SITE2_P01,P01,SITE2,baseline,1,P01_precision_baseline_0.csv,0,6,200,4.904,6.070,0.8079,40.7830,-57.300,-2.300,11.238,false,false,false,Retain: not an upper-IQR candidate.
SITE2_P01,P01,SITE2,baseline,1,P01_precision_baseline_0.csv,0,7,50,3.112,4.528,0.6873,16.0668,83.400,-1.000,1.972,false,false,false,Retain: not an upper-IQR candidate.
SITE2_P01,P01,SITE2,baseline,1,P01_precision_baseline_0.csv,0,8,100,3.347,5.139,0.6513,29.8775,29.000,-1.400,3.041,false,false,false,Retain: not an upper-IQR candidate.
SITE2_P01,P01,SITE2,baseline,1,P01_precision_baseline_0.csv,0,9,200,4.791,8.069,0.5938,41.7449,-61.000,-1.500,7.453,false,false,false,Retain: not an upper-IQR candidate.
SITE2_P01,P01,SITE2,map,2,P01_precision_map_4.csv,4,1,50,6.000,6.003,0.9995,8.3333,79.700,4.400,4.833,false,false,false,Retain: not an upper-IQR candidate.
SITE2_P01,P01,SITE2,map,2,P01_precision_map_4.csv,4,2,100,5.125,7.110,0.7208,19.5122,30.000,3.800,4.163,false,false,false,Retain: not an upper-IQR candidate.
SITE2_P01,P01,SITE2,map,2,P01_precision_map_4.csv,4,3,200,4.291,6.610,0.6492,46.6092,-69.700,2.700,3.041,false,false,false,Retain: not an upper-IQR candidate.
SITE2_P01,P01,SITE2,map,2,P01_precision_map_4.csv,4,4,50,2.333,5.903,0.3952,21.4316,81.900,-0.500,0.539,false,false,false,Retain: not an upper-IQR candidate.
SITE2_P01,P01,SITE2,map,2,P01_precision_map_4.csv,4,5,100,2.320,4.375,0.5303,43.1034,27.900,2.100,4.342,false,false,false,Retain: not an upper-IQR candidate.
SITE2_P01,P01,SITE2,map,2,P01_precision_map_4.csv,4,6,200,4.097,7.292,0.5618,48.8162,-66.100,4.600,5.099,false,false,false,Retain: not an upper-IQR candidate.
SITE2_P01,P01,SITE2,map,2,P01_precision_map_4.csv,4,7,50,5.250,7.210,0.7282,9.5238,81.700,-1.500,1.500,false,false,false,Retain: not an upper-IQR candidate.
SITE2_P01,P01,SITE2,map,2,P01_precision_map_4.csv,4,8,100,3.181,5.526,0.5756,31.4367,31.300,1.100,1.170,false,false,false,Retain: not an upper-IQR candidate.
SITE2_P01,P01,SITE2,map,2,P01_precision_map_4.csv,4,9,200,8.665,10.972,0.7897,23.0814,-67.900,-0.600,0.721,false,false,false,Retain: not an upper-IQR candidate.
SITE2_P01,P01,SITE2,tsunami,3,P01_precision_tsunami_8.csv,8,1,50,1.480,1.480,1.0000,33.7838,90.100,-0.100,8.401,false,false,false,Retain: not an upper-IQR candidate.
SITE2_P01,P01,SITE2,tsunami,3,P01_precision_tsunami_8.csv,8,2,100,1.905,2.437,0.7817,52.4934,37.900,-0.300,6.207,false,false,false,Retain: not an upper-IQR candidate.
SITE2_P01,P01,SITE2,tsunami,3,P01_precision_tsunami_8.csv,8,3,200,3.381,4.496,0.7520,59.1541,-65.500,-0.100,2.802,false,false,false,Retain: not an upper-IQR candidate.
SITE2_P01,P01,SITE2,tsunami,3,P01_precision_tsunami_8.csv,8,4,50,3.480,5.538,0.6284,14.3678,85.400,0.400,3.722,false,false,false,Retain: not an upper-IQR candidate.
SITE2_P01,P01,SITE2,tsunami,3,P01_precision_tsunami_8.csv,8,5,100,4.397,5.780,0.7607,22.7428,26.500,0.200,5.204,false,false,false,Retain: not an upper-IQR candidate.
SITE2_P01,P01,SITE2,tsunami,3,P01_precision_tsunami_8.csv,8,6,200,6.022,7.670,0.7851,33.2116,-65.000,-3.700,4.958,false,false,false,Retain: not an upper-IQR candidate.
SITE2_P01,P01,SITE2,tsunami,3,P01_precision_tsunami_8.csv,8,7,50,3.421,5.094,0.6716,14.6156,80.000,0.200,1.712,false,false,false,Retain: not an upper-IQR candidate.
SITE2_P01,P01,SITE2,tsunami,3,P01_precision_tsunami_8.csv,8,8,100,3.969,5.178,0.7665,25.1953,32.500,0.100,0.806,false,false,false,Retain: not an upper-IQR candidate.
SITE2_P01,P01,SITE2,tsunami,3,P01_precision_tsunami_8.csv,8,9,200,3.830,5.254,0.7290,52.2193,-66.300,-3.000,3.606,false,false,false,Retain: not an upper-IQR candidate.
SITE2_P02,P02,SITE2,baseline,1,P02_precision_baseline_0.csv,0,1,50,0.542,0.542,1.0000,92.2509,80.900,-0.500,0.943,false,false,false,Retain: not an upper-IQR candidate.
SITE2_P02,P02,SITE2,baseline,1,P02_precision_baseline_0.csv,0,2,100,2.083,4.819,0.4322,48.0077,35.100,-0.300,3.413,false,false,false,Retain: not an upper-IQR candidate.
SITE2_P02,P02,SITE2,baseline,1,P02_precision_baseline_0.csv,0,3,200,2.652,5.139,0.5161,75.4148,-64.700,-0.700,3.667,false,false,false,Retain: not an upper-IQR candidate.
SITE2_P02,P02,SITE2,baseline,1,P02_precision_baseline_0.csv,0,4,50,1.779,3.653,0.4870,28.1057,80.500,-0.400,1.265,false,false,false,Retain: not an upper-IQR candidate.
SITE2_P02,P02,SITE2,baseline,1,P02_precision_baseline_0.csv,0,5,100,2.487,3.639,0.6834,40.2091,34.900,-0.100,3.202,false,false,false,Retain: not an upper-IQR candidate.
SITE2_P02,P02,SITE2,baseline,1,P02_precision_baseline_0.csv,0,6,200,2.306,4.111,0.5609,86.7303,-59.300,-1.100,9.067,false,false,false,Retain: not an upper-IQR candidate.
SITE2_P02,P02,SITE2,baseline,1,P02_precision_baseline_0.csv,0,7,50,1.264,2.972,0.4253,39.5570,83.100,-0.700,1.565,false,false,false,Retain: not an upper-IQR candidate.
SITE2_P02,P02,SITE2,baseline,1,P02_precision_baseline_0.csv,0,8,100,1.514,2.847,0.5318,66.0502,28.400,-0.500,3.338,false,false,false,Retain: not an upper-IQR candidate.
SITE2_P02,P02,SITE2,baseline,1,P02_precision_baseline_0.csv,0,9,200,3.153,5.431,0.5806,63.4317,-77.600,-1.000,9.354,false,false,false,Retain: not an upper-IQR candidate.
SITE2_P02,P02,SITE2,map,2,P02_precision_map_4.csv,4,1,50,3.638,3.639,0.9997,13.7438,12.100,-5.200,69.794,true,false,false,Isolated upper-IQR trial; error >=25% of nominal distance; two matching repetitions in range; raw selected/landing point verified.
SITE2_P02,P02,SITE2,map,2,P02_precision_map_4.csv,4,2,100,2.263,5.584,0.4053,44.1891,-10.100,-3.800,41.972,true,false,false,Isolated upper-IQR trial; error >=25% of nominal distance; two matching repetitions in range; raw selected/landing point verified.
SITE2_P02,P02,SITE2,map,2,P02_precision_map_4.csv,4,3,200,2.139,3.987,0.5365,93.5016,-67.400,2.800,2.941,false,false,false,Retain: not an upper-IQR candidate.
SITE2_P02,P02,SITE2,map,2,P02_precision_map_4.csv,4,4,50,1.083,2.082,0.5202,46.1681,80.100,2.600,3.053,false,false,false,Retain: not an upper-IQR candidate.
SITE2_P02,P02,SITE2,map,2,P02_precision_map_4.csv,4,5,100,1.583,2.472,0.6404,63.1712,27.600,-2.900,5.022,false,false,false,Retain: not an upper-IQR candidate.
SITE2_P02,P02,SITE2,map,2,P02_precision_map_4.csv,4,6,200,1.139,2.028,0.5616,175.5926,-66.900,3.300,3.585,false,false,false,Retain: not an upper-IQR candidate.
SITE2_P02,P02,SITE2,map,2,P02_precision_map_4.csv,4,7,50,1.125,2.000,0.5625,44.4444,75.900,1.300,5.944,false,false,false,Retain: not an upper-IQR candidate.
SITE2_P02,P02,SITE2,map,2,P02_precision_map_4.csv,4,8,100,0.847,1.611,0.5258,118.0638,30.500,3.000,3.231,false,false,false,Retain: not an upper-IQR candidate.
SITE2_P02,P02,SITE2,map,2,P02_precision_map_4.csv,4,9,200,5.500,6.403,0.8590,36.3636,-68.700,11.800,11.807,false,false,false,Retain: not an upper-IQR candidate.
SITE2_P02,P02,SITE2,tsunami,3,P02_precision_tsunami_8.csv,8,1,50,1.505,1.505,1.0000,33.2226,80.000,0.000,1.700,false,false,false,Retain: not an upper-IQR candidate.
SITE2_P02,P02,SITE2,tsunami,3,P02_precision_tsunami_8.csv,8,2,100,1.472,2.655,0.5544,67.9348,32.000,-0.100,0.316,false,false,false,Retain: not an upper-IQR candidate.
SITE2_P02,P02,SITE2,tsunami,3,P02_precision_tsunami_8.csv,8,3,200,2.557,3.398,0.7525,78.2167,-73.000,-1.000,4.805,false,false,false,Retain: not an upper-IQR candidate.
SITE2_P02,P02,SITE2,tsunami,3,P02_precision_tsunami_8.csv,8,4,50,2.172,3.092,0.7025,23.0203,81.200,0.200,0.539,false,false,false,Retain: not an upper-IQR candidate.
SITE2_P02,P02,SITE2,tsunami,3,P02_precision_tsunami_8.csv,8,5,100,1.744,2.285,0.7632,57.3394,30.200,-0.100,1.503,false,false,false,Retain: not an upper-IQR candidate.
SITE2_P02,P02,SITE2,tsunami,3,P02_precision_tsunami_8.csv,8,6,200,2.365,3.127,0.7563,84.5666,-70.800,-0.200,2.508,false,false,false,Retain: not an upper-IQR candidate.
SITE2_P02,P02,SITE2,tsunami,3,P02_precision_tsunami_8.csv,8,7,50,1.612,2.490,0.6474,31.0174,76.800,0.100,4.901,false,false,false,Retain: not an upper-IQR candidate.
SITE2_P02,P02,SITE2,tsunami,3,P02_precision_tsunami_8.csv,8,8,100,1.608,2.143,0.7503,62.1891,32.000,-0.100,0.316,false,false,false,Retain: not an upper-IQR candidate.
SITE2_P02,P02,SITE2,tsunami,3,P02_precision_tsunami_8.csv,8,9,200,1.525,2.064,0.7389,131.1475,-66.000,0.900,2.470,false,false,false,Retain: not an upper-IQR candidate.
SITE2_P03,P03,SITE2,baseline,1,P03_precision_baseline_0.csv,0,1,50,2.013,2.015,0.9990,24.8385,83.700,0.400,2.040,false,false,false,Retain: not an upper-IQR candidate.
SITE2_P03,P03,SITE2,baseline,1,P03_precision_baseline_0.csv,0,2,100,4.028,12.262,0.3285,24.8262,37.400,-0.500,5.722,false,false,false,Retain: not an upper-IQR candidate.
SITE2_P03,P03,SITE2,baseline,1,P03_precision_baseline_0.csv,0,3,200,5.013,10.236,0.4897,39.8963,-63.900,0.100,4.401,false,false,false,Retain: not an upper-IQR candidate.
SITE2_P03,P03,SITE2,baseline,1,P03_precision_baseline_0.csv,0,4,50,3.126,7.096,0.4405,15.9949,81.100,0.200,0.632,false,false,false,Retain: not an upper-IQR candidate.
SITE2_P03,P03,SITE2,baseline,1,P03_precision_baseline_0.csv,0,5,100,2.916,6.902,0.4225,34.2936,27.500,0.800,4.276,false,false,false,Retain: not an upper-IQR candidate.
SITE2_P03,P03,SITE2,baseline,1,P03_precision_baseline_0.csv,0,6,200,3.166,6.346,0.4989,63.1712,-71.200,1.500,3.265,false,false,false,Retain: not an upper-IQR candidate.
SITE2_P03,P03,SITE2,baseline,1,P03_precision_baseline_0.csv,0,7,50,2.292,5.417,0.4231,21.8150,83.000,0.400,1.360,false,false,false,Retain: not an upper-IQR candidate.
SITE2_P03,P03,SITE2,baseline,1,P03_precision_baseline_0.csv,0,8,100,3.903,6.930,0.5632,25.6213,34.300,0.100,2.602,false,false,false,Retain: not an upper-IQR candidate.
SITE2_P03,P03,SITE2,baseline,1,P03_precision_baseline_0.csv,0,9,200,7.082,14.346,0.4937,28.2406,-65.500,0.600,2.864,false,false,false,Retain: not an upper-IQR candidate.
SITE2_P03,P03,SITE2,map,2,P03_precision_map_4.csv,4,1,50,14.360,14.361,0.9999,3.4819,40.300,0.600,41.404,true,false,false,Isolated upper-IQR trial; error >=25% of nominal distance; two matching repetitions in range; raw selected/landing point verified.
SITE2_P03,P03,SITE2,map,2,P03_precision_map_4.csv,4,2,100,5.542,10.208,0.5429,18.0440,3.200,3.000,28.657,true,false,false,Isolated upper-IQR trial; error >=25% of nominal distance; two matching repetitions in range; raw selected/landing point verified.
SITE2_P03,P03,SITE2,map,2,P03_precision_map_4.csv,4,3,200,6.056,10.416,0.5814,33.0251,-67.200,2.200,2.460,false,false,false,Retain: not an upper-IQR candidate.
SITE2_P03,P03,SITE2,map,2,P03_precision_map_4.csv,4,4,50,2.834,3.902,0.7263,17.6429,79.500,-4.200,4.741,false,false,false,Retain: not an upper-IQR candidate.
SITE2_P03,P03,SITE2,map,2,P03_precision_map_4.csv,4,5,100,2.277,3.777,0.6029,43.9174,28.200,-3.600,5.021,false,false,false,Retain: not an upper-IQR candidate.
SITE2_P03,P03,SITE2,map,2,P03_precision_map_4.csv,4,6,200,4.624,5.944,0.7779,43.2526,-65.700,0.900,2.751,false,false,false,Retain: not an upper-IQR candidate.
SITE2_P03,P03,SITE2,map,2,P03_precision_map_4.csv,4,7,50,2.681,3.986,0.6726,18.6498,81.700,-2.400,2.400,false,false,false,Retain: not an upper-IQR candidate.
SITE2_P03,P03,SITE2,map,2,P03_precision_map_4.csv,4,8,100,3.930,6.569,0.5983,25.4453,33.100,-2.700,3.041,false,false,false,Retain: not an upper-IQR candidate.
SITE2_P03,P03,SITE2,map,2,P03_precision_map_4.csv,4,9,200,2.445,4.653,0.5255,81.7996,-67.400,5.800,5.869,false,false,false,Retain: not an upper-IQR candidate.
SITE2_P03,P03,SITE2,tsunami,3,P03_precision_tsunami_8.csv,8,1,50,2.922,2.922,1.0000,17.1116,82.800,-1.000,1.487,false,false,false,Retain: not an upper-IQR candidate.
SITE2_P03,P03,SITE2,tsunami,3,P03_precision_tsunami_8.csv,8,2,100,2.553,4.801,0.5318,39.1696,39.500,-1.200,7.892,false,false,false,Retain: not an upper-IQR candidate.
SITE2_P03,P03,SITE2,tsunami,3,P03_precision_tsunami_8.csv,8,3,200,2.073,4.658,0.4450,96.4785,-65.700,0.900,2.751,false,false,false,Retain: not an upper-IQR candidate.
SITE2_P03,P03,SITE2,tsunami,3,P03_precision_tsunami_8.csv,8,4,50,1.784,3.985,0.4477,28.0269,82.000,0.000,0.300,false,false,false,Retain: not an upper-IQR candidate.
SITE2_P03,P03,SITE2,tsunami,3,P03_precision_tsunami_8.csv,8,5,100,2.131,3.900,0.5464,46.9263,26.400,-0.400,5.315,false,false,false,Retain: not an upper-IQR candidate.
SITE2_P03,P03,SITE2,tsunami,3,P03_precision_tsunami_8.csv,8,6,200,2.451,4.218,0.5811,81.5993,-70.100,-0.400,1.844,false,false,false,Retain: not an upper-IQR candidate.
SITE2_P03,P03,SITE2,tsunami,3,P03_precision_tsunami_8.csv,8,7,50,2.011,3.640,0.5525,24.8633,83.700,0.100,2.002,false,false,false,Retain: not an upper-IQR candidate.
SITE2_P03,P03,SITE2,tsunami,3,P03_precision_tsunami_8.csv,8,8,100,2.679,3.976,0.6738,37.3274,39.800,1.300,8.204,false,false,false,Retain: not an upper-IQR candidate.
SITE2_P03,P03,SITE2,tsunami,3,P03_precision_tsunami_8.csv,8,9,200,3.173,5.116,0.6202,63.0318,-66.500,0.600,1.897,false,false,false,Retain: not an upper-IQR candidate.
SITE2_P04,P04,SITE2,baseline,3,P04_precision_baseline_8.csv,8,1,50,2.558,2.558,1.0000,19.5465,83.000,-0.300,1.334,false,false,false,Retain: not an upper-IQR candidate.
SITE2_P04,P04,SITE2,baseline,3,P04_precision_baseline_8.csv,8,2,100,2.391,5.444,0.4392,41.8235,34.900,-0.400,3.225,false,false,false,Retain: not an upper-IQR candidate.
SITE2_P04,P04,SITE2,baseline,3,P04_precision_baseline_8.csv,8,3,200,3.820,5.737,0.6659,52.3560,-64.200,0.200,4.105,false,false,false,Retain: not an upper-IQR candidate.
SITE2_P04,P04,SITE2,baseline,3,P04_precision_baseline_8.csv,8,4,50,1.334,3.209,0.4157,37.4813,80.600,-0.100,1.105,false,false,false,Retain: not an upper-IQR candidate.
SITE2_P04,P04,SITE2,baseline,3,P04_precision_baseline_8.csv,8,5,100,1.999,3.040,0.6576,50.0250,35.000,-0.300,3.314,false,false,false,Retain: not an upper-IQR candidate.
SITE2_P04,P04,SITE2,baseline,3,P04_precision_baseline_8.csv,8,6,200,3.181,4.224,0.7531,62.8733,-63.100,-0.900,5.277,false,false,false,Retain: not an upper-IQR candidate.
SITE2_P04,P04,SITE2,baseline,3,P04_precision_baseline_8.csv,8,7,50,1.445,3.069,0.4708,34.6021,81.400,0.000,0.300,false,false,false,Retain: not an upper-IQR candidate.
SITE2_P04,P04,SITE2,baseline,3,P04_precision_baseline_8.csv,8,8,100,1.139,2.250,0.5062,87.7963,33.600,-0.100,1.903,false,false,false,Retain: not an upper-IQR candidate.
SITE2_P04,P04,SITE2,baseline,3,P04_precision_baseline_8.csv,8,9,200,2.430,3.390,0.7168,82.3045,-63.200,0.000,5.100,false,false,false,Retain: not an upper-IQR candidate.
SITE2_P04,P04,SITE2,map,1,P04_precision_map_0.csv,0,1,50,6.389,6.390,0.9998,7.8260,82.700,-6.100,6.181,false,false,false,Retain: not an upper-IQR candidate.
SITE2_P04,P04,SITE2,map,1,P04_precision_map_0.csv,0,2,100,2.042,6.526,0.3129,48.9716,30.700,-0.400,1.077,false,false,false,Retain: not an upper-IQR candidate.
SITE2_P04,P04,SITE2,map,1,P04_precision_map_0.csv,0,3,200,1.486,2.404,0.6181,134.5895,-61.100,-0.700,7.234,false,false,false,Retain: not an upper-IQR candidate.
SITE2_P04,P04,SITE2,map,1,P04_precision_map_0.csv,0,4,50,1.432,2.362,0.6063,34.9162,86.600,2.100,5.331,false,false,false,Retain: not an upper-IQR candidate.
SITE2_P04,P04,SITE2,map,1,P04_precision_map_0.csv,0,5,100,1.347,2.153,0.6256,74.2390,38.800,1.800,7.325,false,false,false,Retain: not an upper-IQR candidate.
SITE2_P04,P04,SITE2,map,1,P04_precision_map_0.csv,0,6,200,1.903,2.958,0.6433,105.0972,-65.400,2.000,3.523,false,false,false,Retain: not an upper-IQR candidate.
SITE2_P04,P04,SITE2,map,1,P04_precision_map_0.csv,0,7,50,1.625,2.695,0.6030,30.7692,83.100,-0.600,1.523,false,false,false,Retain: not an upper-IQR candidate.
SITE2_P04,P04,SITE2,map,1,P04_precision_map_0.csv,0,8,100,1.097,2.110,0.5199,91.1577,32.700,-1.300,1.640,false,false,false,Retain: not an upper-IQR candidate.
SITE2_P04,P04,SITE2,map,1,P04_precision_map_0.csv,0,9,200,1.445,2.834,0.5099,138.4083,-58.200,4.700,11.140,false,false,false,Retain: not an upper-IQR candidate.
SITE2_P04,P04,SITE2,tsunami,2,P04_precision_tsunami_4.csv,4,1,50,1.649,1.649,1.0000,30.3214,82.500,0.100,0.806,false,false,false,Retain: not an upper-IQR candidate.
SITE2_P04,P04,SITE2,tsunami,2,P04_precision_tsunami_4.csv,4,2,100,3.684,9.341,0.3944,27.1444,32.200,-0.200,0.539,false,false,false,Retain: not an upper-IQR candidate.
SITE2_P04,P04,SITE2,tsunami,2,P04_precision_tsunami_4.csv,4,3,200,9.394,18.183,0.5166,21.2902,-65.300,0.000,3.000,false,false,false,Retain: not an upper-IQR candidate.
SITE2_P04,P04,SITE2,tsunami,2,P04_precision_tsunami_4.csv,4,4,50,2.558,7.827,0.3268,19.5465,81.700,-0.200,0.200,false,false,false,Retain: not an upper-IQR candidate.
SITE2_P04,P04,SITE2,tsunami,2,P04_precision_tsunami_4.csv,4,5,100,2.427,5.319,0.4563,41.2031,32.100,-0.700,0.806,false,false,false,Retain: not an upper-IQR candidate.
SITE2_P04,P04,SITE2,tsunami,2,P04_precision_tsunami_4.csv,4,6,200,3.069,4.891,0.6275,65.1678,-69.500,-0.400,1.265,false,false,false,Retain: not an upper-IQR candidate.
SITE2_P04,P04,SITE2,tsunami,2,P04_precision_tsunami_4.csv,4,7,50,1.812,3.188,0.5684,27.5938,82.000,0.200,0.361,false,false,false,Retain: not an upper-IQR candidate.
SITE2_P04,P04,SITE2,tsunami,2,P04_precision_tsunami_4.csv,4,8,100,2.570,5.172,0.4969,38.9105,32.400,0.000,0.700,false,false,false,Retain: not an upper-IQR candidate.
SITE2_P04,P04,SITE2,tsunami,2,P04_precision_tsunami_4.csv,4,9,200,5.662,10.167,0.5569,35.3232,-68.200,0.100,0.141,false,false,false,Retain: not an upper-IQR candidate.
SITE2_P05,P05,SITE2,baseline,3,P05_precision_baseline_8.csv,8,1,50,1.348,1.348,1.0000,37.0920,82.900,-0.200,1.217,false,false,false,Retain: not an upper-IQR candidate.
SITE2_P05,P05,SITE2,baseline,3,P05_precision_baseline_8.csv,8,2,100,1.960,3.611,0.5428,51.0204,36.500,-1.100,4.924,false,false,false,Retain: not an upper-IQR candidate.
SITE2_P05,P05,SITE2,baseline,3,P05_precision_baseline_8.csv,8,3,200,2.598,4.000,0.6495,76.9823,-77.500,-1.300,9.291,false,false,false,Retain: not an upper-IQR candidate.
SITE2_P05,P05,SITE2,baseline,3,P05_precision_baseline_8.csv,8,4,50,1.860,3.304,0.5630,26.8817,78.700,-0.400,3.027,false,false,false,Retain: not an upper-IQR candidate.
SITE2_P05,P05,SITE2,baseline,3,P05_precision_baseline_8.csv,8,5,100,1.778,2.779,0.6398,56.2430,29.300,-0.500,2.452,false,false,false,Retain: not an upper-IQR candidate.
SITE2_P05,P05,SITE2,baseline,3,P05_precision_baseline_8.csv,8,6,200,3.542,4.806,0.7370,56.4653,-78.000,-1.100,9.762,false,false,false,Retain: not an upper-IQR candidate.
SITE2_P05,P05,SITE2,baseline,3,P05_precision_baseline_8.csv,8,7,50,0.819,2.152,0.3806,61.0501,75.600,0.100,6.101,false,false,false,Retain: matching repetitions do not support one isolated failure.
SITE2_P05,P05,SITE2,baseline,3,P05_precision_baseline_8.csv,8,8,100,1.528,2.598,0.5881,65.4450,29.700,-0.400,2.040,false,false,false,Retain: not an upper-IQR candidate.
SITE2_P05,P05,SITE2,baseline,3,P05_precision_baseline_8.csv,8,9,200,2.028,2.972,0.6824,98.6193,-73.300,-0.600,5.036,false,false,false,Retain: not an upper-IQR candidate.
SITE2_P05,P05,SITE2,map,1,P05_precision_map_0.csv,0,1,50,4.375,4.377,0.9995,11.4286,61.800,4.900,20.494,false,false,false,Retain: matching repetitions do not support one isolated failure.
SITE2_P05,P05,SITE2,map,1,P05_precision_map_0.csv,0,2,100,20.194,33.360,0.6053,4.9520,28.700,0.100,3.002,false,false,false,Retain: not an upper-IQR candidate.
SITE2_P05,P05,SITE2,map,1,P05_precision_map_0.csv,0,3,200,3.987,5.959,0.6691,50.1630,-68.400,1.100,1.105,false,false,false,Retain: not an upper-IQR candidate.
SITE2_P05,P05,SITE2,map,1,P05_precision_map_0.csv,0,4,50,4.237,6.361,0.6661,11.8008,88.200,3.300,7.290,false,false,false,Retain: not an upper-IQR candidate.
SITE2_P05,P05,SITE2,map,1,P05_precision_map_0.csv,0,5,100,2.194,4.722,0.4646,45.5789,31.400,-2.200,2.220,false,false,false,Retain: not an upper-IQR candidate.
SITE2_P05,P05,SITE2,map,1,P05_precision_map_0.csv,0,6,200,4.209,6.584,0.6393,47.5172,-66.000,-1.100,2.550,false,false,false,Retain: not an upper-IQR candidate.
SITE2_P05,P05,SITE2,map,1,P05_precision_map_0.csv,0,7,50,8.333,10.971,0.7595,6.0002,75.000,-6.500,9.335,false,false,false,Retain: not an upper-IQR candidate.
SITE2_P05,P05,SITE2,map,1,P05_precision_map_0.csv,0,8,100,1.875,4.320,0.4340,53.3333,33.400,-2.900,3.362,false,false,false,Retain: not an upper-IQR candidate.
SITE2_P05,P05,SITE2,map,1,P05_precision_map_0.csv,0,9,200,1.959,4.084,0.4797,102.0929,-63.400,-3.300,5.908,false,false,false,Retain: not an upper-IQR candidate.
SITE2_P05,P05,SITE2,tsunami,2,P05_precision_tsunami_4.csv,4,1,50,2.407,2.407,1.0000,20.7727,81.800,-0.200,0.224,false,false,false,Retain: not an upper-IQR candidate.
SITE2_P05,P05,SITE2,tsunami,2,P05_precision_tsunami_4.csv,4,2,100,1.421,2.863,0.4963,70.3730,33.600,0.500,1.965,false,false,false,Retain: not an upper-IQR candidate.
SITE2_P05,P05,SITE2,tsunami,2,P05_precision_tsunami_4.csv,4,3,200,2.089,3.361,0.6215,95.7396,-70.700,-1.400,2.778,false,false,false,Retain: not an upper-IQR candidate.
SITE2_P05,P05,SITE2,tsunami,2,P05_precision_tsunami_4.csv,4,4,50,1.988,3.304,0.6017,25.1509,82.000,0.100,0.316,false,false,false,Retain: not an upper-IQR candidate.
SITE2_P05,P05,SITE2,tsunami,2,P05_precision_tsunami_4.csv,4,5,100,1.697,2.987,0.5681,58.9275,31.400,-1.100,1.140,false,false,false,Retain: not an upper-IQR candidate.
SITE2_P05,P05,SITE2,tsunami,2,P05_precision_tsunami_4.csv,4,6,200,2.337,3.805,0.6142,85.5798,-72.000,0.300,3.712,false,false,false,Retain: not an upper-IQR candidate.
SITE2_P05,P05,SITE2,tsunami,2,P05_precision_tsunami_4.csv,4,7,50,1.821,3.554,0.5124,27.4574,81.000,0.300,0.762,false,false,false,Retain: not an upper-IQR candidate.
SITE2_P05,P05,SITE2,tsunami,2,P05_precision_tsunami_4.csv,4,8,100,1.825,2.910,0.6271,54.7945,33.800,0.300,2.121,false,false,false,Retain: not an upper-IQR candidate.
SITE2_P05,P05,SITE2,tsunami,2,P05_precision_tsunami_4.csv,4,9,200,1.839,2.771,0.6637,108.7548,-72.400,0.400,4.119,false,false,false,Retain: not an upper-IQR candidate.
SITE2_P06,P06,SITE2,baseline,3,P06_precision_baseline_8.csv,8,1,50,1.181,1.182,0.9992,42.3370,85.000,-0.300,3.314,false,false,false,Retain: not an upper-IQR candidate.
SITE2_P06,P06,SITE2,baseline,3,P06_precision_baseline_8.csv,8,2,100,2.262,6.763,0.3345,44.2087,30.800,-0.200,0.922,false,false,false,Retain: not an upper-IQR candidate.
SITE2_P06,P06,SITE2,baseline,3,P06_precision_baseline_8.csv,8,3,200,5.460,9.264,0.5894,36.6300,-67.700,0.100,0.608,false,false,false,Retain: not an upper-IQR candidate.
SITE2_P06,P06,SITE2,baseline,3,P06_precision_baseline_8.csv,8,4,50,1.904,4.362,0.4365,26.2605,82.300,-0.800,1.000,false,false,false,Retain: not an upper-IQR candidate.
SITE2_P06,P06,SITE2,baseline,3,P06_precision_baseline_8.csv,8,5,100,1.819,3.874,0.4695,54.9753,36.300,-0.100,4.601,false,false,false,Retain: not an upper-IQR candidate.
SITE2_P06,P06,SITE2,baseline,3,P06_precision_baseline_8.csv,8,6,200,3.889,6.348,0.6126,51.4271,-60.100,-1.000,8.261,false,false,false,Retain: not an upper-IQR candidate.
SITE2_P06,P06,SITE2,baseline,3,P06_precision_baseline_8.csv,8,7,50,1.319,3.708,0.3557,37.9075,86.100,0.100,4.401,false,false,false,Retain: not an upper-IQR candidate.
SITE2_P06,P06,SITE2,baseline,3,P06_precision_baseline_8.csv,8,8,100,1.612,3.723,0.4330,62.0347,31.200,0.100,0.510,false,false,false,Retain: not an upper-IQR candidate.
SITE2_P06,P06,SITE2,baseline,3,P06_precision_baseline_8.csv,8,9,200,1.986,6.652,0.2986,100.7049,-65.600,0.700,2.789,false,false,false,Retain: not an upper-IQR candidate.
SITE2_P06,P06,SITE2,map,1,P06_precision_map_0.csv,0,1,50,14.430,14.437,0.9995,3.4650,-4.400,-6.600,86.353,true,false,false,Isolated upper-IQR trial; error >=25% of nominal distance; two matching repetitions in range; raw selected/landing point verified.
SITE2_P06,P06,SITE2,map,1,P06_precision_map_0.csv,0,2,100,4.139,11.814,0.3503,24.1604,-26.900,0.800,58.605,true,false,false,Isolated upper-IQR trial; error >=25% of nominal distance; two matching repetitions in range; raw selected/landing point verified.
SITE2_P06,P06,SITE2,map,1,P06_precision_map_0.csv,0,3,200,17.070,21.444,0.7960,11.7165,-65.100,0.700,3.276,false,false,false,Retain: not an upper-IQR candidate.
SITE2_P06,P06,SITE2,map,1,P06_precision_map_0.csv,0,4,50,2.236,7.569,0.2954,22.3614,81.200,7.000,7.018,false,false,false,Retain: not an upper-IQR candidate.
SITE2_P06,P06,SITE2,map,1,P06_precision_map_0.csv,0,5,100,2.028,5.168,0.3924,49.3097,30.100,-0.500,1.676,false,false,false,Retain: not an upper-IQR candidate.
SITE2_P06,P06,SITE2,map,1,P06_precision_map_0.csv,0,6,200,2.153,5.707,0.3773,92.8936,-67.400,-1.400,1.664,false,false,false,Retain: not an upper-IQR candidate.
SITE2_P06,P06,SITE2,map,1,P06_precision_map_0.csv,0,7,50,2.388,5.848,0.4083,20.9380,81.400,-2.000,2.022,false,false,false,Retain: not an upper-IQR candidate.
SITE2_P06,P06,SITE2,map,1,P06_precision_map_0.csv,0,8,100,2.236,7.819,0.2860,44.7227,34.900,0.400,3.225,false,false,false,Retain: not an upper-IQR candidate.
SITE2_P06,P06,SITE2,map,1,P06_precision_map_0.csv,0,9,200,2.084,6.764,0.3081,95.9693,-66.500,-0.100,1.803,false,false,false,Retain: not an upper-IQR candidate.
SITE2_P06,P06,SITE2,tsunami,2,P06_precision_tsunami_4.csv,4,1,50,2.646,2.646,1.0000,18.8964,77.400,0.500,4.329,false,false,false,Retain: not an upper-IQR candidate.
SITE2_P06,P06,SITE2,tsunami,2,P06_precision_tsunami_4.csv,4,2,100,1.970,4.564,0.4316,50.7614,24.800,-0.600,6.926,false,false,false,Retain: not an upper-IQR candidate.
SITE2_P06,P06,SITE2,tsunami,2,P06_precision_tsunami_4.csv,4,3,200,2.695,6.125,0.4400,74.2115,-69.800,0.500,1.581,false,false,false,Retain: not an upper-IQR candidate.
SITE2_P06,P06,SITE2,tsunami,2,P06_precision_tsunami_4.csv,4,4,50,2.292,4.994,0.4590,21.8150,86.400,0.900,4.785,false,false,false,Retain: not an upper-IQR candidate.
SITE2_P06,P06,SITE2,tsunami,2,P06_precision_tsunami_4.csv,4,5,100,1.750,3.065,0.5710,57.1429,26.400,0.800,5.360,false,false,false,Retain: not an upper-IQR candidate.
SITE2_P06,P06,SITE2,tsunami,2,P06_precision_tsunami_4.csv,4,6,200,1.713,3.420,0.5009,116.7542,-68.100,-3.400,3.406,false,false,false,Retain: not an upper-IQR candidate.
SITE2_P06,P06,SITE2,tsunami,2,P06_precision_tsunami_4.csv,4,7,50,2.388,4.307,0.5544,20.9380,86.500,-1.400,5.000,false,false,false,Retain: not an upper-IQR candidate.
SITE2_P06,P06,SITE2,tsunami,2,P06_precision_tsunami_4.csv,4,8,100,5.673,8.176,0.6939,17.6274,32.100,0.800,0.894,false,false,false,Retain: not an upper-IQR candidate.
SITE2_P06,P06,SITE2,tsunami,2,P06_precision_tsunami_4.csv,4,9,200,2.433,8.040,0.3026,82.2030,-67.500,1.400,1.612,false,false,false,Retain: not an upper-IQR candidate.
SITE2_P07,P07,SITE2,baseline,2,P07_precision_baseline_4.csv,4,1,50,0.930,0.930,1.0000,53.7634,80.200,0.700,1.655,false,false,false,Retain: not an upper-IQR candidate.
SITE2_P07,P07,SITE2,baseline,2,P07_precision_baseline_4.csv,4,2,100,1.916,6.320,0.3032,52.1921,48.000,0.600,16.311,false,false,false,Retain: isolated outlier but below the conservative 25% distance threshold.
SITE2_P07,P07,SITE2,baseline,2,P07_precision_baseline_4.csv,4,3,200,6.958,9.332,0.7456,28.7439,-36.100,1.300,32.226,false,false,false,Retain: isolated outlier but below the conservative 25% distance threshold.
SITE2_P07,P07,SITE2,baseline,2,P07_precision_baseline_4.csv,4,4,50,1.652,5.013,0.3295,30.2663,79.800,0.800,2.062,false,false,false,Retain: not an upper-IQR candidate.
SITE2_P07,P07,SITE2,baseline,2,P07_precision_baseline_4.csv,4,5,100,2.389,4.529,0.5275,41.8585,36.200,0.000,4.500,false,false,false,Retain: not an upper-IQR candidate.
SITE2_P07,P07,SITE2,baseline,2,P07_precision_baseline_4.csv,4,6,200,3.375,8.083,0.4175,59.2593,-55.500,4.600,13.601,false,false,false,Retain: not an upper-IQR candidate.
SITE2_P07,P07,SITE2,baseline,2,P07_precision_baseline_4.csv,4,7,50,1.097,3.596,0.3051,45.5789,78.100,0.100,3.601,false,false,false,Retain: not an upper-IQR candidate.
SITE2_P07,P07,SITE2,baseline,2,P07_precision_baseline_4.csv,4,8,100,2.124,4.125,0.5149,47.0810,26.400,0.100,5.301,false,false,false,Retain: not an upper-IQR candidate.
SITE2_P07,P07,SITE2,baseline,2,P07_precision_baseline_4.csv,4,9,200,2.875,48.567,0.0592,69.5652,-63.600,2.900,5.523,false,false,false,Retain: not an upper-IQR candidate.
SITE2_P07,P07,SITE2,map,3,P07_precision_map_8.csv,8,1,50,19.013,19.014,0.9999,2.6298,85.000,7.100,7.829,false,false,false,Retain: not an upper-IQR candidate.
SITE2_P07,P07,SITE2,map,3,P07_precision_map_8.csv,8,2,100,2.666,6.305,0.4228,37.5094,38.000,4.600,7.801,false,false,false,Retain: not an upper-IQR candidate.
SITE2_P07,P07,SITE2,map,3,P07_precision_map_8.csv,8,3,200,1.875,5.694,0.3293,106.6667,-65.300,8.600,9.108,false,false,false,Retain: not an upper-IQR candidate.
SITE2_P07,P07,SITE2,map,3,P07_precision_map_8.csv,8,4,50,2.375,5.250,0.4524,21.0526,85.200,3.900,5.240,false,false,false,Retain: not an upper-IQR candidate.
SITE2_P07,P07,SITE2,map,3,P07_precision_map_8.csv,8,5,100,2.013,3.903,0.5158,49.6771,52.100,13.600,24.518,false,false,false,Retain: matching repetitions do not support one isolated failure.
SITE2_P07,P07,SITE2,map,3,P07_precision_map_8.csv,8,6,200,2.278,4.568,0.4987,87.7963,-70.500,0.700,2.309,false,false,false,Retain: not an upper-IQR candidate.
SITE2_P07,P07,SITE2,map,3,P07_precision_map_8.csv,8,7,50,1.513,3.805,0.3976,33.0469,82.900,2.700,2.955,false,false,false,Retain: not an upper-IQR candidate.
SITE2_P07,P07,SITE2,map,3,P07_precision_map_8.csv,8,8,100,1.666,3.890,0.4283,60.0240,31.800,11.800,11.800,false,false,false,Retain: not an upper-IQR candidate.
SITE2_P07,P07,SITE2,map,3,P07_precision_map_8.csv,8,9,200,1.432,3.000,0.4773,139.6648,-63.800,12.800,13.568,false,false,false,Retain: matching repetitions do not support one isolated failure.
SITE2_P07,P07,SITE2,tsunami,1,P07_precision_tsunami_0.csv,0,1,50,1.709,1.709,1.0000,29.2569,69.200,0.900,12.532,false,false,false,Retain: matching repetitions do not support one isolated failure.
SITE2_P07,P07,SITE2,tsunami,1,P07_precision_tsunami_0.csv,0,2,100,4.639,12.322,0.3765,21.5564,33.000,-0.300,1.334,false,false,false,Retain: not an upper-IQR candidate.
SITE2_P07,P07,SITE2,tsunami,1,P07_precision_tsunami_0.csv,0,3,200,3.079,7.668,0.4015,64.9562,-73.300,-2.600,5.636,false,false,false,Retain: not an upper-IQR candidate.
SITE2_P07,P07,SITE2,tsunami,1,P07_precision_tsunami_0.csv,0,4,50,1.573,6.194,0.2540,31.7864,74.800,-0.200,6.903,false,false,false,Retain: not an upper-IQR candidate.
SITE2_P07,P07,SITE2,tsunami,1,P07_precision_tsunami_0.csv,0,5,100,1.965,6.597,0.2979,50.8906,35.500,-1.300,4.016,false,false,false,Retain: not an upper-IQR candidate.
SITE2_P07,P07,SITE2,tsunami,1,P07_precision_tsunami_0.csv,0,6,200,2.898,7.466,0.3882,69.0131,-62.400,-0.800,5.954,false,false,false,Retain: not an upper-IQR candidate.
SITE2_P07,P07,SITE2,tsunami,1,P07_precision_tsunami_0.csv,0,7,50,1.115,5.113,0.2181,44.8430,77.700,-0.700,4.061,false,false,false,Retain: not an upper-IQR candidate.
SITE2_P07,P07,SITE2,tsunami,1,P07_precision_tsunami_0.csv,0,8,100,2.008,5.821,0.3450,49.8008,30.300,0.900,1.664,false,false,false,Retain: not an upper-IQR candidate.
SITE2_P07,P07,SITE2,tsunami,1,P07_precision_tsunami_0.csv,0,9,200,2.232,7.972,0.2800,89.6057,-69.500,-0.400,1.265,false,false,false,Retain: not an upper-IQR candidate.
SITE2_P08,P08,SITE2,baseline,2,P08_precision_baseline_4.csv,4,1,50,0.833,0.833,1.0000,60.0240,79.900,-0.300,1.825,false,false,false,Retain: not an upper-IQR candidate.
SITE2_P08,P08,SITE2,baseline,2,P08_precision_baseline_4.csv,4,2,100,2.750,3.889,0.7071,36.3636,29.900,-0.800,1.970,false,false,false,Retain: not an upper-IQR candidate.
SITE2_P08,P08,SITE2,baseline,2,P08_precision_baseline_4.csv,4,3,200,3.834,4.945,0.7753,52.1648,-74.200,-1.100,6.002,false,false,false,Retain: not an upper-IQR candidate.
SITE2_P08,P08,SITE2,baseline,2,P08_precision_baseline_4.csv,4,4,50,1.945,3.376,0.5761,25.7069,81.300,-0.200,0.447,false,false,false,Retain: not an upper-IQR candidate.
SITE2_P08,P08,SITE2,baseline,2,P08_precision_baseline_4.csv,4,5,100,2.444,3.652,0.6692,40.9165,33.600,0.000,1.900,false,false,false,Retain: not an upper-IQR candidate.
SITE2_P08,P08,SITE2,baseline,2,P08_precision_baseline_4.csv,4,6,200,3.140,4.917,0.6386,63.6943,-56.300,0.300,12.004,false,false,false,Retain: not an upper-IQR candidate.
SITE2_P08,P08,SITE2,baseline,2,P08_precision_baseline_4.csv,4,7,50,1.722,2.958,0.5822,29.0360,82.000,0.000,0.300,false,false,false,Retain: not an upper-IQR candidate.
SITE2_P08,P08,SITE2,baseline,2,P08_precision_baseline_4.csv,4,8,100,2.444,3.625,0.6742,40.9165,36.000,-0.200,4.305,false,false,false,Retain: not an upper-IQR candidate.
SITE2_P08,P08,SITE2,baseline,2,P08_precision_baseline_4.csv,4,9,200,3.625,5.166,0.7017,55.1724,-60.300,-0.900,8.050,false,false,false,Retain: not an upper-IQR candidate.
SITE2_P08,P08,SITE2,map,3,P08_precision_map_8.csv,8,1,50,3.195,3.196,0.9997,15.6495,79.500,-8.900,9.168,false,false,false,Retain: not an upper-IQR candidate.
SITE2_P08,P08,SITE2,map,3,P08_precision_map_8.csv,8,2,100,1.417,4.277,0.3313,70.5716,36.900,-3.200,6.106,false,false,false,Retain: not an upper-IQR candidate.
SITE2_P08,P08,SITE2,map,3,P08_precision_map_8.csv,8,3,200,2.209,3.764,0.5869,90.5387,-59.900,-2.400,8.736,false,false,false,Retain: not an upper-IQR candidate.
SITE2_P08,P08,SITE2,map,3,P08_precision_map_8.csv,8,4,50,1.667,3.000,0.5557,29.9940,76.900,-3.700,6.061,false,false,false,Retain: not an upper-IQR candidate.
SITE2_P08,P08,SITE2,map,3,P08_precision_map_8.csv,8,5,100,1.985,4.430,0.4481,50.3778,39.400,-6.800,10.273,false,false,false,Retain: not an upper-IQR candidate.
SITE2_P08,P08,SITE2,map,3,P08_precision_map_8.csv,8,6,200,2.472,3.792,0.6519,80.9061,-57.500,-4.900,11.860,false,false,false,Retain: not an upper-IQR candidate.
SITE2_P08,P08,SITE2,map,3,P08_precision_map_8.csv,8,7,50,1.611,3.014,0.5345,31.0366,86.100,-8.400,9.483,false,false,false,Retain: not an upper-IQR candidate.
SITE2_P08,P08,SITE2,map,3,P08_precision_map_8.csv,8,8,100,1.778,3.111,0.5715,56.2430,44.700,-7.400,14.959,false,false,false,Retain: matching repetitions do not support one isolated failure.
SITE2_P08,P08,SITE2,map,3,P08_precision_map_8.csv,8,9,200,1.806,4.139,0.4363,110.7420,-57.600,-4.600,11.647,false,false,false,Retain: not an upper-IQR candidate.
SITE2_P08,P08,SITE2,tsunami,1,P08_precision_tsunami_0.csv,0,1,50,2.455,2.455,1.0000,20.3666,78.300,-0.400,3.423,false,false,false,Retain: not an upper-IQR candidate.
SITE2_P08,P08,SITE2,tsunami,1,P08_precision_tsunami_0.csv,0,2,100,1.369,3.980,0.3440,73.0460,23.500,0.600,8.222,false,false,false,Retain: not an upper-IQR candidate.
SITE2_P08,P08,SITE2,tsunami,1,P08_precision_tsunami_0.csv,0,3,200,2.679,7.937,0.3375,74.6547,-72.000,1.600,4.031,false,false,false,Retain: not an upper-IQR candidate.
SITE2_P08,P08,SITE2,tsunami,1,P08_precision_tsunami_0.csv,0,4,50,1.326,5.792,0.2289,37.7074,78.300,-0.900,3.517,false,false,false,Retain: not an upper-IQR candidate.
SITE2_P08,P08,SITE2,tsunami,1,P08_precision_tsunami_0.csv,0,5,100,1.215,3.337,0.3641,82.3045,29.600,-0.800,2.247,false,false,false,Retain: not an upper-IQR candidate.
SITE2_P08,P08,SITE2,tsunami,1,P08_precision_tsunami_0.csv,0,6,200,1.934,4.202,0.4603,103.4126,-74.300,-1.300,6.139,false,false,false,Retain: not an upper-IQR candidate.
SITE2_P08,P08,SITE2,tsunami,1,P08_precision_tsunami_0.csv,0,7,50,1.579,4.456,0.3544,31.6656,78.500,-0.900,3.324,false,false,false,Retain: not an upper-IQR candidate.
SITE2_P08,P08,SITE2,tsunami,1,P08_precision_tsunami_0.csv,0,8,100,2.975,4.374,0.6802,33.6134,23.100,-0.800,8.637,false,false,false,Retain: not an upper-IQR candidate.
SITE2_P08,P08,SITE2,tsunami,1,P08_precision_tsunami_0.csv,0,9,200,1.486,3.453,0.4304,134.5895,-66.100,-1.500,2.663,false,false,false,Retain: not an upper-IQR candidate.
SITE2_P09,P09,SITE2,baseline,2,P09_precision_baseline_4.csv,4,1,50,1.015,1.015,1.0000,49.2611,82.600,-0.100,0.906,false,false,false,Retain: not an upper-IQR candidate.
SITE2_P09,P09,SITE2,baseline,2,P09_precision_baseline_4.csv,4,2,100,1.695,3.028,0.5598,58.9971,31.100,0.100,0.608,false,false,false,Retain: not an upper-IQR candidate.
SITE2_P09,P09,SITE2,baseline,2,P09_precision_baseline_4.csv,4,3,200,2.751,3.847,0.7151,72.7008,-64.600,0.100,3.701,false,false,false,Retain: not an upper-IQR candidate.
SITE2_P09,P09,SITE2,baseline,2,P09_precision_baseline_4.csv,4,4,50,0.889,2.110,0.4213,56.2430,80.400,0.300,1.334,false,false,false,Retain: not an upper-IQR candidate.
SITE2_P09,P09,SITE2,baseline,2,P09_precision_baseline_4.csv,4,5,100,1.652,2.028,0.8146,60.5327,29.100,0.100,2.602,false,false,false,Retain: not an upper-IQR candidate.
SITE2_P09,P09,SITE2,baseline,2,P09_precision_baseline_4.csv,4,6,200,2.402,3.348,0.7174,83.2639,-60.700,0.500,7.616,false,false,false,Retain: not an upper-IQR candidate.
SITE2_P09,P09,SITE2,baseline,2,P09_precision_baseline_4.csv,4,7,50,1.110,2.346,0.4731,45.0450,83.200,0.300,1.530,false,false,false,Retain: not an upper-IQR candidate.
SITE2_P09,P09,SITE2,baseline,2,P09_precision_baseline_4.csv,4,8,100,1.486,2.361,0.6294,67.2948,30.300,-1.000,1.720,false,false,false,Retain: not an upper-IQR candidate.
SITE2_P09,P09,SITE2,baseline,2,P09_precision_baseline_4.csv,4,9,200,2.597,3.653,0.7109,77.0119,-71.800,-0.400,3.523,false,false,false,Retain: not an upper-IQR candidate.
SITE2_P09,P09,SITE2,map,3,P09_precision_map_8.csv,8,1,50,9.499,9.501,0.9998,5.2637,93.500,-0.700,11.821,false,false,false,Retain: not an upper-IQR candidate.
SITE2_P09,P09,SITE2,map,3,P09_precision_map_8.csv,8,2,100,1.903,3.943,0.4826,52.5486,35.200,0.300,3.513,false,false,false,Retain: not an upper-IQR candidate.
SITE2_P09,P09,SITE2,map,3,P09_precision_map_8.csv,8,3,200,2.389,3.723,0.6417,83.7170,-68.500,2.400,2.408,false,false,false,Retain: not an upper-IQR candidate.
SITE2_P09,P09,SITE2,map,3,P09_precision_map_8.csv,8,4,50,1.514,2.735,0.5536,33.0251,80.400,-2.200,2.555,false,false,false,Retain: not an upper-IQR candidate.
SITE2_P09,P09,SITE2,map,3,P09_precision_map_8.csv,8,5,100,1.584,2.736,0.5789,63.1313,37.400,-4.700,7.388,false,false,false,Retain: not an upper-IQR candidate.
SITE2_P09,P09,SITE2,map,3,P09_precision_map_8.csv,8,6,200,1.555,2.555,0.6086,128.6174,-59.800,1.800,8.688,false,false,false,Retain: not an upper-IQR candidate.
SITE2_P09,P09,SITE2,map,3,P09_precision_map_8.csv,8,7,50,1.515,2.487,0.6092,33.0033,80.500,-2.500,2.773,false,false,false,Retain: not an upper-IQR candidate.
SITE2_P09,P09,SITE2,map,3,P09_precision_map_8.csv,8,8,100,4.055,5.291,0.7664,24.6609,33.800,0.300,2.121,false,false,false,Retain: not an upper-IQR candidate.
SITE2_P09,P09,SITE2,map,3,P09_precision_map_8.csv,8,9,200,1.819,3.750,0.4851,109.9505,-64.900,3.200,4.669,false,false,false,Retain: not an upper-IQR candidate.
SITE2_P09,P09,SITE2,tsunami,1,P09_precision_tsunami_0.csv,0,1,50,1.530,1.530,1.0000,32.6797,87.600,0.300,5.908,false,false,false,Retain: not an upper-IQR candidate.
SITE2_P09,P09,SITE2,tsunami,1,P09_precision_tsunami_0.csv,0,2,100,1.164,4.003,0.2908,85.9107,28.800,-0.800,3.008,false,false,false,Retain: not an upper-IQR candidate.
SITE2_P09,P09,SITE2,tsunami,1,P09_precision_tsunami_0.csv,0,3,200,2.052,5.149,0.3985,97.4659,-71.000,0.100,2.702,false,false,false,Retain: not an upper-IQR candidate.
SITE2_P09,P09,SITE2,tsunami,1,P09_precision_tsunami_0.csv,0,4,50,1.439,3.652,0.3940,34.7464,76.700,0.300,5.009,false,false,false,Retain: not an upper-IQR candidate.
SITE2_P09,P09,SITE2,tsunami,1,P09_precision_tsunami_0.csv,0,5,100,1.015,2.823,0.3595,98.5222,30.600,-1.600,1.942,false,false,false,Retain: not an upper-IQR candidate.
SITE2_P09,P09,SITE2,tsunami,1,P09_precision_tsunami_0.csv,0,6,200,1.989,3.262,0.6097,100.5530,-72.900,-0.800,4.669,false,false,false,Retain: not an upper-IQR candidate.
SITE2_P09,P09,SITE2,tsunami,1,P09_precision_tsunami_0.csv,0,7,50,1.514,3.271,0.4629,33.0251,77.800,-0.100,3.901,false,false,false,Retain: not an upper-IQR candidate.
SITE2_P09,P09,SITE2,tsunami,1,P09_precision_tsunami_0.csv,0,8,100,1.537,3.099,0.4960,65.0618,29.800,0.300,1.924,false,false,false,Retain: not an upper-IQR candidate.
SITE2_P09,P09,SITE2,tsunami,1,P09_precision_tsunami_0.csv,0,9,200,2.114,3.441,0.6144,94.6074,-75.900,-0.700,7.632,false,false,false,Retain: not an upper-IQR candidate.
SITE2_P10,P10,SITE2,baseline,1,P10_precision_baseline_0.csv,0,1,50,2.125,2.125,1.0000,23.5294,81.900,-1.100,1.118,false,false,false,Retain: not an upper-IQR candidate.
SITE2_P10,P10,SITE2,baseline,1,P10_precision_baseline_0.csv,0,2,100,2.625,6.013,0.4366,38.0952,30.100,-1.300,2.062,false,false,false,Retain: not an upper-IQR candidate.
SITE2_P10,P10,SITE2,baseline,1,P10_precision_baseline_0.csv,0,3,200,2.945,4.778,0.6164,67.9117,-70.500,-0.300,2.220,false,false,false,Retain: not an upper-IQR candidate.
SITE2_P10,P10,SITE2,baseline,1,P10_precision_baseline_0.csv,0,4,50,0.889,2.306,0.3855,56.2430,61.400,-1.700,20.371,true,false,false,Isolated upper-IQR trial; error >=25% of nominal distance; two matching repetitions in range; raw selected/landing point verified.
SITE2_P10,P10,SITE2,baseline,1,P10_precision_baseline_0.csv,0,5,100,1.806,3.375,0.5351,55.3710,38.100,-0.900,6.463,false,false,false,Retain: not an upper-IQR candidate.
SITE2_P10,P10,SITE2,baseline,1,P10_precision_baseline_0.csv,0,6,200,3.222,4.708,0.6844,62.0732,-68.200,-0.500,0.510,false,false,false,Retain: not an upper-IQR candidate.
SITE2_P10,P10,SITE2,baseline,1,P10_precision_baseline_0.csv,0,7,50,2.209,3.875,0.5701,22.6347,81.600,-1.000,1.005,false,false,false,Retain: not an upper-IQR candidate.
SITE2_P10,P10,SITE2,baseline,1,P10_precision_baseline_0.csv,0,8,100,3.945,5.181,0.7614,25.3485,31.600,-1.100,1.105,false,false,false,Retain: not an upper-IQR candidate.
SITE2_P10,P10,SITE2,baseline,1,P10_precision_baseline_0.csv,0,9,200,10.764,12.805,0.8406,18.5805,-65.800,-1.700,3.023,false,false,false,Retain: not an upper-IQR candidate.
SITE2_P10,P10,SITE2,map,3,P10_precision_map_8.csv,8,1,50,8.097,8.098,0.9999,6.1751,83.600,3.600,4.071,false,false,false,Retain: not an upper-IQR candidate.
SITE2_P10,P10,SITE2,map,3,P10_precision_map_8.csv,8,2,100,4.571,10.625,0.4302,21.8771,30.000,4.800,5.092,false,false,false,Retain: not an upper-IQR candidate.
SITE2_P10,P10,SITE2,map,3,P10_precision_map_8.csv,8,3,200,3.389,7.430,0.4561,59.0145,-65.400,5.100,5.867,false,false,false,Retain: not an upper-IQR candidate.
SITE2_P10,P10,SITE2,map,3,P10_precision_map_8.csv,8,4,50,1.793,3.223,0.5563,27.8862,82.700,3.000,3.162,false,false,false,Retain: not an upper-IQR candidate.
SITE2_P10,P10,SITE2,map,3,P10_precision_map_8.csv,8,5,100,1.320,2.347,0.5624,75.7576,33.300,4.100,4.401,false,false,false,Retain: not an upper-IQR candidate.
SITE2_P10,P10,SITE2,map,3,P10_precision_map_8.csv,8,6,200,3.431,4.472,0.7672,58.2920,-68.300,3.800,3.800,false,false,false,Retain: not an upper-IQR candidate.
SITE2_P10,P10,SITE2,map,3,P10_precision_map_8.csv,8,7,50,3.236,4.320,0.7491,15.4512,81.900,-0.200,0.283,false,false,false,Retain: not an upper-IQR candidate.
SITE2_P10,P10,SITE2,map,3,P10_precision_map_8.csv,8,8,100,3.334,4.847,0.6878,29.9940,40.300,3.600,9.323,false,false,false,Retain: not an upper-IQR candidate.
SITE2_P10,P10,SITE2,map,3,P10_precision_map_8.csv,8,9,200,7.181,17.527,0.4097,27.8513,-47.700,4.600,21.107,false,false,false,Retain: isolated outlier but below the conservative 25% distance threshold.
SITE2_P10,P10,SITE2,tsunami,2,P10_precision_tsunami_4.csv,4,1,50,2.652,2.652,1.0000,18.8537,81.300,0.200,0.447,false,false,false,Retain: not an upper-IQR candidate.
SITE2_P10,P10,SITE2,tsunami,2,P10_precision_tsunami_4.csv,4,2,100,1.798,3.069,0.5859,55.6174,38.600,-0.300,6.907,false,false,false,Retain: not an upper-IQR candidate.
SITE2_P10,P10,SITE2,tsunami,2,P10_precision_tsunami_4.csv,4,3,200,2.912,4.092,0.7116,68.6813,-60.600,-1.600,7.864,false,false,false,Retain: not an upper-IQR candidate.
SITE2_P10,P10,SITE2,tsunami,2,P10_precision_tsunami_4.csv,4,4,50,2.446,3.595,0.6804,20.4415,82.700,0.100,1.005,false,false,false,Retain: not an upper-IQR candidate.
SITE2_P10,P10,SITE2,tsunami,2,P10_precision_tsunami_4.csv,4,5,100,3.203,4.272,0.7498,31.2207,29.000,-0.300,2.717,false,false,false,Retain: not an upper-IQR candidate.
SITE2_P10,P10,SITE2,tsunami,2,P10_precision_tsunami_4.csv,4,6,200,3.730,4.862,0.7672,53.6193,-62.500,-1.100,5.903,false,false,false,Retain: not an upper-IQR candidate.
SITE2_P10,P10,SITE2,tsunami,2,P10_precision_tsunami_4.csv,4,7,50,2.394,3.482,0.6875,20.8855,84.100,0.200,2.408,false,false,false,Retain: not an upper-IQR candidate.
SITE2_P10,P10,SITE2,tsunami,2,P10_precision_tsunami_4.csv,4,8,100,2.429,3.280,0.7405,41.1692,32.900,-1.000,1.562,false,false,false,Retain: not an upper-IQR candidate.
SITE2_P10,P10,SITE2,tsunami,2,P10_precision_tsunami_4.csv,4,9,200,2.656,3.548,0.7486,75.3012,-60.400,-1.000,7.963,false,false,false,Retain: not an upper-IQR candidate.
SITE2_P11,P11,SITE2,baseline,1,P11_precision_baseline_0.csv,0,1,50,3.209,3.209,1.0000,15.5812,81.400,0.000,0.300,false,false,false,Retain: not an upper-IQR candidate.
SITE2_P11,P11,SITE2,baseline,1,P11_precision_baseline_0.csv,0,2,100,3.695,6.583,0.5613,27.0636,29.400,-0.400,2.335,false,false,false,Retain: not an upper-IQR candidate.
SITE2_P11,P11,SITE2,baseline,1,P11_precision_baseline_0.csv,0,3,200,6.875,9.583,0.7174,29.0909,-71.400,1.100,3.289,false,false,false,Retain: not an upper-IQR candidate.
SITE2_P11,P11,SITE2,baseline,1,P11_precision_baseline_0.csv,0,4,50,1.778,4.723,0.3765,28.1215,81.500,0.200,0.283,false,false,false,Retain: not an upper-IQR candidate.
SITE2_P11,P11,SITE2,baseline,1,P11_precision_baseline_0.csv,0,5,100,1.902,4.667,0.4075,52.5762,28.300,0.100,3.401,false,false,false,Retain: not an upper-IQR candidate.
SITE2_P11,P11,SITE2,baseline,1,P11_precision_baseline_0.csv,0,6,200,5.055,7.694,0.6570,39.5648,-69.100,-0.500,0.943,false,false,false,Retain: not an upper-IQR candidate.
SITE2_P11,P11,SITE2,baseline,1,P11_precision_baseline_0.csv,0,7,50,2.653,5.916,0.4484,18.8466,80.900,-0.100,0.806,false,false,false,Retain: not an upper-IQR candidate.
SITE2_P11,P11,SITE2,baseline,1,P11_precision_baseline_0.csv,0,8,100,3.153,5.820,0.5418,31.7158,30.600,-0.200,1.118,false,false,false,Retain: not an upper-IQR candidate.
SITE2_P11,P11,SITE2,baseline,1,P11_precision_baseline_0.csv,0,9,200,13.458,16.944,0.7943,14.8610,-64.800,-0.800,3.590,false,false,false,Retain: not an upper-IQR candidate.
SITE2_P11,P11,SITE2,map,3,P11_precision_map_8.csv,8,1,50,6.903,6.904,0.9999,7.2432,89.500,3.400,8.509,false,false,false,Retain: not an upper-IQR candidate.
SITE2_P11,P11,SITE2,map,3,P11_precision_map_8.csv,8,2,100,4.055,8.277,0.4899,24.6609,33.800,3.600,4.168,false,false,false,Retain: not an upper-IQR candidate.
SITE2_P11,P11,SITE2,map,3,P11_precision_map_8.csv,8,3,200,3.874,6.736,0.5751,51.6262,-65.300,-0.900,3.132,false,false,false,Retain: not an upper-IQR candidate.
SITE2_P11,P11,SITE2,map,3,P11_precision_map_8.csv,8,4,50,2.791,7.528,0.3707,17.9147,83.800,-1.400,2.524,false,false,false,Retain: not an upper-IQR candidate.
SITE2_P11,P11,SITE2,map,3,P11_precision_map_8.csv,8,5,100,4.972,8.959,0.5550,20.1126,32.200,-0.200,0.539,false,false,false,Retain: not an upper-IQR candidate.
SITE2_P11,P11,SITE2,map,3,P11_precision_map_8.csv,8,6,200,2.277,6.569,0.3466,87.8349,-69.300,-0.200,1.020,false,false,false,Retain: not an upper-IQR candidate.
SITE2_P11,P11,SITE2,map,3,P11_precision_map_8.csv,8,7,50,2.666,6.126,0.4352,18.7547,81.800,-1.400,1.404,false,false,false,Retain: not an upper-IQR candidate.
SITE2_P11,P11,SITE2,map,3,P11_precision_map_8.csv,8,8,100,1.986,6.263,0.3171,50.3525,36.900,0.600,5.235,false,false,false,Retain: not an upper-IQR candidate.
SITE2_P11,P11,SITE2,map,3,P11_precision_map_8.csv,8,9,200,2.610,6.708,0.3891,76.6284,-58.800,1.300,9.589,false,false,false,Retain: not an upper-IQR candidate.
SITE2_P11,P11,SITE2,tsunami,2,P11_precision_tsunami_4.csv,4,1,50,2.118,2.119,0.9995,23.6072,82.000,-0.500,0.583,false,false,false,Retain: not an upper-IQR candidate.
SITE2_P11,P11,SITE2,tsunami,2,P11_precision_tsunami_4.csv,4,2,100,2.420,4.369,0.5539,41.3223,32.400,0.100,0.707,false,false,false,Retain: not an upper-IQR candidate.
SITE2_P11,P11,SITE2,tsunami,2,P11_precision_tsunami_4.csv,4,3,200,4.157,7.060,0.5888,48.1116,-65.900,0.600,2.474,false,false,false,Retain: not an upper-IQR candidate.
SITE2_P11,P11,SITE2,tsunami,2,P11_precision_tsunami_4.csv,4,4,50,3.894,6.435,0.6051,12.8403,81.700,0.000,0.000,false,false,false,Retain: not an upper-IQR candidate.
SITE2_P11,P11,SITE2,tsunami,2,P11_precision_tsunami_4.csv,4,5,100,4.277,7.745,0.5522,23.3809,26.200,-0.400,5.515,false,false,false,Retain: not an upper-IQR candidate.
SITE2_P11,P11,SITE2,tsunami,2,P11_precision_tsunami_4.csv,4,6,200,3.006,9.358,0.3212,66.5336,-64.900,-0.100,3.401,false,false,false,Retain: not an upper-IQR candidate.
SITE2_P11,P11,SITE2,tsunami,2,P11_precision_tsunami_4.csv,4,7,50,3.422,7.564,0.4524,14.6113,79.400,-0.200,2.309,false,false,false,Retain: not an upper-IQR candidate.
SITE2_P11,P11,SITE2,tsunami,2,P11_precision_tsunami_4.csv,4,8,100,3.396,7.122,0.4768,29.4464,31.800,0.300,0.316,false,false,false,Retain: not an upper-IQR candidate.
SITE2_P11,P11,SITE2,tsunami,2,P11_precision_tsunami_4.csv,4,9,200,4.206,6.393,0.6579,47.5511,-69.200,0.300,0.949,false,false,false,Retain: not an upper-IQR candidate.
SITE2_P12,P12,SITE2,baseline,1,P12_precision_baseline_0.csv,0,1,50,0.306,0.306,1.0000,163.3987,36.900,6.700,45.298,true,true,true,Repeated failed-manipulation group: at least two raw-verified upper-IQR trials have error >=25% of nominal distance; exclude all raw-verified upper-IQR candidates in the group.
SITE2_P12,P12,SITE2,baseline,1,P12_precision_baseline_0.csv,0,2,100,3.027,11.681,0.2591,33.0360,32.300,1.400,1.523,false,false,false,Retain: not an upper-IQR candidate.
SITE2_P12,P12,SITE2,baseline,1,P12_precision_baseline_0.csv,0,3,200,7.430,13.069,0.5685,26.9179,-54.100,2.800,14.473,false,false,false,Retain: not an upper-IQR candidate.
SITE2_P12,P12,SITE2,baseline,1,P12_precision_baseline_0.csv,0,4,50,0.736,4.042,0.1821,67.9348,-51.200,5.500,133.014,true,true,true,Repeated failed-manipulation group: at least two raw-verified upper-IQR trials have error >=25% of nominal distance; exclude all raw-verified upper-IQR candidates in the group.
SITE2_P12,P12,SITE2,baseline,1,P12_precision_baseline_0.csv,0,5,100,4.306,9.722,0.4429,23.2234,35.600,0.800,3.981,false,false,false,Retain: not an upper-IQR candidate.
SITE2_P12,P12,SITE2,baseline,1,P12_precision_baseline_0.csv,0,6,200,5.069,8.735,0.5803,39.4555,-52.000,1.200,16.344,false,false,false,Retain: matching repetitions do not support one isolated failure.
SITE2_P12,P12,SITE2,baseline,1,P12_precision_baseline_0.csv,0,7,50,3.931,6.265,0.6275,12.7194,78.800,-0.100,2.902,false,false,false,Retain: not an upper-IQR candidate.
SITE2_P12,P12,SITE2,baseline,1,P12_precision_baseline_0.csv,0,8,100,6.361,10.542,0.6034,15.7208,30.400,0.200,1.315,false,false,false,Retain: not an upper-IQR candidate.
SITE2_P12,P12,SITE2,baseline,1,P12_precision_baseline_0.csv,0,9,200,3.930,12.124,0.3242,50.8906,-67.400,0.000,0.900,false,false,false,Retain: not an upper-IQR candidate.
SITE2_P12,P12,SITE2,map,3,P12_precision_map_8.csv,8,1,50,14.528,14.530,0.9999,3.4416,91.200,-2.300,9.774,false,false,false,Retain: not an upper-IQR candidate.
SITE2_P12,P12,SITE2,map,3,P12_precision_map_8.csv,8,2,100,3.417,7.402,0.4616,29.2654,43.000,-7.300,13.453,false,false,false,Retain: matching repetitions do not support one isolated failure.
SITE2_P12,P12,SITE2,map,3,P12_precision_map_8.csv,8,3,200,4.319,6.459,0.6687,46.3070,-57.700,0.300,10.604,false,false,false,Retain: not an upper-IQR candidate.
SITE2_P12,P12,SITE2,map,3,P12_precision_map_8.csv,8,4,50,4.125,6.305,0.6542,12.1212,96.200,-3.200,14.849,false,false,false,Retain: not an upper-IQR candidate.
SITE2_P12,P12,SITE2,map,3,P12_precision_map_8.csv,8,5,100,5.556,7.486,0.7422,17.9986,47.400,7.600,17.443,false,false,false,Retain: matching repetitions do not support one isolated failure.
SITE2_P12,P12,SITE2,map,3,P12_precision_map_8.csv,8,6,200,5.445,8.903,0.6116,36.7309,-69.500,8.400,8.485,false,false,false,Retain: not an upper-IQR candidate.
SITE2_P12,P12,SITE2,map,3,P12_precision_map_8.csv,8,7,50,3.084,5.681,0.5429,16.2127,80.200,0.100,1.503,false,false,false,Retain: not an upper-IQR candidate.
SITE2_P12,P12,SITE2,map,3,P12_precision_map_8.csv,8,8,100,2.944,6.734,0.4372,33.9674,30.600,-1.900,2.195,false,false,false,Retain: not an upper-IQR candidate.
SITE2_P12,P12,SITE2,map,3,P12_precision_map_8.csv,8,9,200,3.722,7.835,0.4750,53.7346,-65.000,2.200,3.966,false,false,false,Retain: not an upper-IQR candidate.
SITE2_P12,P12,SITE2,tsunami,2,P12_precision_tsunami_4.csv,4,1,50,2.055,2.055,1.0000,24.3309,82.700,0.100,1.005,false,false,false,Retain: not an upper-IQR candidate.
SITE2_P12,P12,SITE2,tsunami,2,P12_precision_tsunami_4.csv,4,2,100,3.715,6.507,0.5709,26.9179,42.900,0.400,11.207,false,false,false,Retain: matching repetitions do not support one isolated failure.
SITE2_P12,P12,SITE2,tsunami,2,P12_precision_tsunami_4.csv,4,3,200,3.216,5.728,0.5615,62.1891,-69.100,-2.700,2.816,false,false,false,Retain: not an upper-IQR candidate.
SITE2_P12,P12,SITE2,tsunami,2,P12_precision_tsunami_4.csv,4,4,50,2.933,5.392,0.5440,17.0474,85.800,0.200,4.105,false,false,false,Retain: not an upper-IQR candidate.
SITE2_P12,P12,SITE2,tsunami,2,P12_precision_tsunami_4.csv,4,5,100,3.141,5.335,0.5888,31.8370,38.500,0.100,6.801,false,false,false,Retain: not an upper-IQR candidate.
SITE2_P12,P12,SITE2,tsunami,2,P12_precision_tsunami_4.csv,4,6,200,4.356,6.477,0.6725,45.9137,-56.900,-0.600,11.416,false,false,false,Retain: not an upper-IQR candidate.
SITE2_P12,P12,SITE2,tsunami,2,P12_precision_tsunami_4.csv,4,7,50,2.132,3.842,0.5549,23.4522,83.700,-0.300,2.022,false,false,false,Retain: not an upper-IQR candidate.
SITE2_P12,P12,SITE2,tsunami,2,P12_precision_tsunami_4.csv,4,8,100,2.843,4.857,0.5853,35.1741,37.500,-1.200,5.923,false,false,false,Retain: not an upper-IQR candidate.
SITE2_P12,P12,SITE2,tsunami,2,P12_precision_tsunami_4.csv,4,9,200,3.702,5.352,0.6917,54.0249,-51.600,1.000,16.730,false,false,false,Retain: matching repetitions do not support one isolated failure.
SITE2_P13,P13,SITE2,baseline,2,P13_precision_baseline_4.csv,4,1,50,2.000,2.000,1.0000,25.0000,82.200,-0.300,0.583,false,false,false,Retain: not an upper-IQR candidate.
SITE2_P13,P13,SITE2,baseline,2,P13_precision_baseline_4.csv,4,2,100,3.013,5.375,0.5606,33.1895,30.400,-1.000,1.640,false,false,false,Retain: not an upper-IQR candidate.
SITE2_P13,P13,SITE2,baseline,2,P13_precision_baseline_4.csv,4,3,200,4.319,6.305,0.6850,46.3070,-53.000,0.300,15.303,false,false,false,Retain: matching repetitions do not support one isolated failure.
SITE2_P13,P13,SITE2,baseline,2,P13_precision_baseline_4.csv,4,4,50,1.972,4.457,0.4425,25.3550,82.200,0.100,0.510,false,false,false,Retain: not an upper-IQR candidate.
SITE2_P13,P13,SITE2,baseline,2,P13_precision_baseline_4.csv,4,5,100,2.194,4.431,0.4951,45.5789,31.100,0.400,0.721,false,false,false,Retain: not an upper-IQR candidate.
SITE2_P13,P13,SITE2,baseline,2,P13_precision_baseline_4.csv,4,6,200,3.556,5.472,0.6499,56.2430,-61.800,0.900,6.562,false,false,false,Retain: not an upper-IQR candidate.
SITE2_P13,P13,SITE2,baseline,2,P13_precision_baseline_4.csv,4,7,50,0.985,3.014,0.3268,50.7614,79.000,0.400,2.729,false,false,false,Retain: not an upper-IQR candidate.
SITE2_P13,P13,SITE2,baseline,2,P13_precision_baseline_4.csv,4,8,100,1.333,2.527,0.5275,75.0188,37.800,-0.200,6.103,false,false,false,Retain: not an upper-IQR candidate.
SITE2_P13,P13,SITE2,baseline,2,P13_precision_baseline_4.csv,4,9,200,2.430,3.487,0.6969,82.3045,-64.500,0.300,3.812,false,false,false,Retain: not an upper-IQR candidate.
SITE2_P13,P13,SITE2,map,1,P13_precision_map_0.csv,0,1,50,20.678,20.680,0.9999,2.4180,77.200,2.900,5.354,false,false,false,Retain: not an upper-IQR candidate.
SITE2_P13,P13,SITE2,map,1,P13_precision_map_0.csv,0,2,100,4.833,12.249,0.3946,20.6911,31.700,-4.500,4.500,false,false,false,Retain: not an upper-IQR candidate.
SITE2_P13,P13,SITE2,map,1,P13_precision_map_0.csv,0,3,200,6.638,10.055,0.6602,30.1296,-65.300,5.400,6.177,false,false,false,Retain: not an upper-IQR candidate.
SITE2_P13,P13,SITE2,map,1,P13_precision_map_0.csv,0,4,50,3.292,12.347,0.2666,15.1883,79.700,-1.300,2.385,false,false,false,Retain: not an upper-IQR candidate.
SITE2_P13,P13,SITE2,map,1,P13_precision_map_0.csv,0,5,100,3.388,7.818,0.4334,29.5159,34.000,0.300,2.319,false,false,false,Retain: not an upper-IQR candidate.
SITE2_P13,P13,SITE2,map,1,P13_precision_map_0.csv,0,6,200,3.888,7.124,0.5458,51.4403,-68.300,8.000,8.000,false,false,false,Retain: not an upper-IQR candidate.
SITE2_P13,P13,SITE2,map,1,P13_precision_map_0.csv,0,7,50,2.889,6.973,0.4143,17.3070,86.300,2.000,5.016,false,false,false,Retain: not an upper-IQR candidate.
SITE2_P13,P13,SITE2,map,1,P13_precision_map_0.csv,0,8,100,3.000,6.514,0.4605,33.3333,30.500,-2.200,2.506,false,false,false,Retain: not an upper-IQR candidate.
SITE2_P13,P13,SITE2,map,1,P13_precision_map_0.csv,0,9,200,2.666,6.055,0.4403,75.0188,-71.100,1.900,3.384,false,false,false,Retain: not an upper-IQR candidate.
SITE2_P13,P13,SITE2,tsunami,3,P13_precision_tsunami_8.csv,8,1,50,1.862,1.862,1.0000,26.8528,83.900,0.200,2.209,false,false,false,Retain: not an upper-IQR candidate.
SITE2_P13,P13,SITE2,tsunami,3,P13_precision_tsunami_8.csv,8,2,100,2.166,4.491,0.4823,46.1681,33.600,1.300,2.302,false,false,false,Retain: not an upper-IQR candidate.
SITE2_P13,P13,SITE2,tsunami,3,P13_precision_tsunami_8.csv,8,3,200,0.134,1.219,0.1099,1492.5373,-185.100,5.000,116.907,true,false,false,Upper-IQR trial; error >=25% of nominal distance; verified aim-to-teleport interval <0.25 s; raw selected/landing point verified.
SITE2_P13,P13,SITE2,tsunami,3,P13_precision_tsunami_8.csv,8,4,50,1.181,2.928,0.4033,42.3370,87.900,0.500,6.220,false,false,false,Retain: not an upper-IQR candidate.
SITE2_P13,P13,SITE2,tsunami,3,P13_precision_tsunami_8.csv,8,5,100,1.689,2.774,0.6089,59.2066,35.300,0.500,3.635,false,false,false,Retain: not an upper-IQR candidate.
SITE2_P13,P13,SITE2,tsunami,3,P13_precision_tsunami_8.csv,8,6,200,2.095,2.992,0.7002,95.4654,-51.100,1.400,17.257,false,false,false,Retain: matching repetitions do not support one isolated failure.
SITE2_P13,P13,SITE2,tsunami,3,P13_precision_tsunami_8.csv,8,7,50,1.398,2.612,0.5352,35.7654,83.000,0.500,1.393,false,false,false,Retain: not an upper-IQR candidate.
SITE2_P13,P13,SITE2,tsunami,3,P13_precision_tsunami_8.csv,8,8,100,1.422,2.353,0.6043,70.3235,28.900,0.800,2.912,false,false,false,Retain: not an upper-IQR candidate.
SITE2_P13,P13,SITE2,tsunami,3,P13_precision_tsunami_8.csv,8,9,200,1.779,2.658,0.6693,112.4227,-62.300,-1.200,6.119,false,false,false,Retain: not an upper-IQR candidate.
SITE2_P14,P14,SITE2,baseline,2,P14_precision_baseline_4.csv,4,1,50,1.305,1.305,1.0000,38.3142,15.700,-1.300,66.013,true,true,true,Repeated failed-manipulation group: at least two raw-verified upper-IQR trials have error >=25% of nominal distance; exclude all raw-verified upper-IQR candidates in the group.
SITE2_P14,P14,SITE2,baseline,2,P14_precision_baseline_4.csv,4,2,100,1.194,7.348,0.1625,83.7521,34.200,1.600,2.968,false,false,false,Retain: not an upper-IQR candidate.
SITE2_P14,P14,SITE2,baseline,2,P14_precision_baseline_4.csv,4,3,200,2.763,14.957,0.1847,72.3851,-81.600,3.000,13.634,false,false,false,Retain: not an upper-IQR candidate.
SITE2_P14,P14,SITE2,baseline,2,P14_precision_baseline_4.csv,4,4,50,1.611,6.320,0.2549,31.0366,69.300,0.400,12.406,true,true,true,Repeated failed-manipulation group: at least two raw-verified upper-IQR trials have error >=25% of nominal distance; exclude all raw-verified upper-IQR candidates in the group.
SITE2_P14,P14,SITE2,baseline,2,P14_precision_baseline_4.csv,4,5,100,0.514,8.070,0.0637,194.5525,19.100,4.600,13.413,false,false,false,Retain: isolated outlier but below the conservative 25% distance threshold.
SITE2_P14,P14,SITE2,baseline,2,P14_precision_baseline_4.csv,4,6,200,0.931,4.430,0.2102,214.8228,-86.700,4.100,18.851,false,false,false,Retain: matching repetitions do not support one isolated failure.
SITE2_P14,P14,SITE2,baseline,2,P14_precision_baseline_4.csv,4,7,50,0.306,6.042,0.0506,163.3987,35.200,2.300,46.557,true,true,true,Repeated failed-manipulation group: at least two raw-verified upper-IQR trials have error >=25% of nominal distance; exclude all raw-verified upper-IQR candidates in the group.
SITE2_P14,P14,SITE2,baseline,2,P14_precision_baseline_4.csv,4,8,100,1.861,45.959,0.0405,53.7346,29.100,-0.100,2.602,false,false,false,Retain: not an upper-IQR candidate.
SITE2_P14,P14,SITE2,baseline,2,P14_precision_baseline_4.csv,4,9,200,1.346,10.124,0.1330,148.5884,-34.900,2.400,33.486,false,false,false,Retain: matching repetitions do not support one isolated failure.
SITE2_P14,P14,SITE2,map,1,P14_precision_map_0.csv,0,1,50,24.083,24.084,1.0000,2.0762,90.300,1.100,8.670,false,false,false,Retain: not an upper-IQR candidate.
SITE2_P14,P14,SITE2,map,1,P14_precision_map_0.csv,0,2,100,4.765,13.931,0.3420,20.9864,35.500,1.200,3.985,false,false,false,Retain: not an upper-IQR candidate.
SITE2_P14,P14,SITE2,map,1,P14_precision_map_0.csv,0,3,200,4.862,8.736,0.5565,41.1353,-71.900,-2.500,4.383,false,false,false,Retain: not an upper-IQR candidate.
SITE2_P14,P14,SITE2,map,1,P14_precision_map_0.csv,0,4,50,3.736,9.958,0.3752,13.3833,86.700,2.400,5.546,false,false,false,Retain: not an upper-IQR candidate.
SITE2_P14,P14,SITE2,map,1,P14_precision_map_0.csv,0,5,100,1.722,4.555,0.3780,58.0720,-68.700,44.200,109.699,true,false,false,Isolated upper-IQR trial; error >=25% of nominal distance; two matching repetitions in range; raw selected/landing point verified.
SITE2_P14,P14,SITE2,map,1,P14_precision_map_0.csv,0,6,200,4.279,7.876,0.5433,46.7399,-63.800,2.600,5.197,false,false,false,Retain: not an upper-IQR candidate.
SITE2_P14,P14,SITE2,map,1,P14_precision_map_0.csv,0,7,50,3.332,5.568,0.5984,15.0060,77.900,2.600,4.604,false,false,false,Retain: not an upper-IQR candidate.
SITE2_P14,P14,SITE2,map,1,P14_precision_map_0.csv,0,8,100,2.597,5.251,0.4946,38.5060,33.400,8.300,8.472,false,false,false,Retain: not an upper-IQR candidate.
SITE2_P14,P14,SITE2,map,1,P14_precision_map_0.csv,0,9,200,2.917,5.931,0.4918,68.5636,-67.000,6.600,6.727,false,false,false,Retain: not an upper-IQR candidate.
SITE2_P14,P14,SITE2,tsunami,3,P14_precision_tsunami_8.csv,8,1,50,1.949,1.949,1.0000,25.6542,77.600,-0.300,4.111,false,false,false,Retain: not an upper-IQR candidate.
SITE2_P14,P14,SITE2,tsunami,3,P14_precision_tsunami_8.csv,8,2,100,1.528,4.717,0.3239,65.4450,32.700,-0.400,1.077,false,false,false,Retain: not an upper-IQR candidate.
SITE2_P14,P14,SITE2,tsunami,3,P14_precision_tsunami_8.csv,8,3,200,1.890,4.611,0.4099,105.8201,-77.700,-0.400,9.409,false,false,false,Retain: not an upper-IQR candidate.
SITE2_P14,P14,SITE2,tsunami,3,P14_precision_tsunami_8.csv,8,4,50,1.856,4.453,0.4168,26.9397,80.400,0.200,1.315,false,false,false,Retain: not an upper-IQR candidate.
SITE2_P14,P14,SITE2,tsunami,3,P14_precision_tsunami_8.csv,8,5,100,1.622,4.104,0.3952,61.6523,36.400,0.100,4.701,false,false,false,Retain: not an upper-IQR candidate.
SITE2_P14,P14,SITE2,tsunami,3,P14_precision_tsunami_8.csv,8,6,200,2.268,5.161,0.4394,88.1834,-62.600,0.500,5.722,false,false,false,Retain: not an upper-IQR candidate.
SITE2_P14,P14,SITE2,tsunami,3,P14_precision_tsunami_8.csv,8,7,50,2.096,5.005,0.4188,23.8550,81.000,0.000,0.700,false,false,false,Retain: not an upper-IQR candidate.
SITE2_P14,P14,SITE2,tsunami,3,P14_precision_tsunami_8.csv,8,8,100,1.898,4.977,0.3814,52.6870,30.200,0.400,1.552,false,false,false,Retain: not an upper-IQR candidate.
SITE2_P14,P14,SITE2,tsunami,3,P14_precision_tsunami_8.csv,8,9,200,3.338,6.056,0.5512,59.9161,-66.100,0.500,2.256,false,false,false,Retain: not an upper-IQR candidate.
SITE2_P15,P15,SITE2,baseline,2,P15_precision_baseline_4.csv,4,1,50,0.889,0.889,1.0000,56.2430,81.800,-0.100,0.141,false,false,false,Retain: not an upper-IQR candidate.
SITE2_P15,P15,SITE2,baseline,2,P15_precision_baseline_4.csv,4,2,100,1.778,4.764,0.3732,56.2430,24.400,0.300,7.306,false,false,false,Retain: not an upper-IQR candidate.
SITE2_P15,P15,SITE2,baseline,2,P15_precision_baseline_4.csv,4,3,200,1.819,3.581,0.5080,109.9505,-65.400,-2.300,3.701,false,false,false,Retain: not an upper-IQR candidate.
SITE2_P15,P15,SITE2,baseline,2,P15_precision_baseline_4.csv,4,4,50,1.320,2.765,0.4774,37.8788,79.600,-1.300,2.470,false,false,false,Retain: not an upper-IQR candidate.
SITE2_P15,P15,SITE2,baseline,2,P15_precision_baseline_4.csv,4,5,100,1.390,3.014,0.4612,71.9424,27.000,-0.400,4.717,false,false,false,Retain: not an upper-IQR candidate.
SITE2_P15,P15,SITE2,baseline,2,P15_precision_baseline_4.csv,4,6,200,2.278,3.444,0.6614,87.7963,-68.300,0.800,0.800,false,false,false,Retain: not an upper-IQR candidate.
SITE2_P15,P15,SITE2,baseline,2,P15_precision_baseline_4.csv,4,7,50,0.624,1.917,0.3255,80.1282,79.200,0.000,2.500,false,false,false,Retain: not an upper-IQR candidate.
SITE2_P15,P15,SITE2,baseline,2,P15_precision_baseline_4.csv,4,8,100,1.945,3.139,0.6196,51.4139,29.100,0.800,2.720,false,false,false,Retain: not an upper-IQR candidate.
SITE2_P15,P15,SITE2,baseline,2,P15_precision_baseline_4.csv,4,9,200,2.277,3.360,0.6777,87.8349,-63.800,0.900,4.589,false,false,false,Retain: not an upper-IQR candidate.
SITE2_P15,P15,SITE2,map,1,P15_precision_map_0.csv,0,1,50,22.734,22.736,0.9999,2.1993,97.500,5.100,16.603,true,false,false,Isolated upper-IQR trial; error >=25% of nominal distance; two matching repetitions in range; raw selected/landing point verified.
SITE2_P15,P15,SITE2,map,1,P15_precision_map_0.csv,0,2,100,2.070,13.596,0.1523,48.3092,34.700,3.200,4.386,false,false,false,Retain: not an upper-IQR candidate.
SITE2_P15,P15,SITE2,map,1,P15_precision_map_0.csv,0,3,200,2.444,5.376,0.4546,81.8331,-63.600,0.600,4.738,false,false,false,Retain: not an upper-IQR candidate.
SITE2_P15,P15,SITE2,map,1,P15_precision_map_0.csv,0,4,50,2.903,5.762,0.5038,17.2236,80.200,-2.100,2.581,false,false,false,Retain: not an upper-IQR candidate.
SITE2_P15,P15,SITE2,map,1,P15_precision_map_0.csv,0,5,100,2.681,5.361,0.5001,37.2995,33.900,-1.500,2.663,false,false,false,Retain: not an upper-IQR candidate.
SITE2_P15,P15,SITE2,map,1,P15_precision_map_0.csv,0,6,200,1.792,4.486,0.3995,111.6071,-64.000,-2.600,5.025,false,false,false,Retain: not an upper-IQR candidate.
SITE2_P15,P15,SITE2,map,1,P15_precision_map_0.csv,0,7,50,2.973,5.236,0.5678,16.8180,84.800,0.300,3.114,false,false,false,Retain: not an upper-IQR candidate.
SITE2_P15,P15,SITE2,map,1,P15_precision_map_0.csv,0,8,100,2.459,4.388,0.5604,40.6669,32.300,-7.300,7.325,false,false,false,Retain: not an upper-IQR candidate.
SITE2_P15,P15,SITE2,map,1,P15_precision_map_0.csv,0,9,200,2.500,4.596,0.5440,80.0000,-62.500,-5.100,7.723,false,false,false,Retain: not an upper-IQR candidate.
SITE2_P15,P15,SITE2,tsunami,3,P15_precision_tsunami_8.csv,8,1,50,1.243,1.244,0.9992,40.2253,84.900,0.300,3.214,false,false,false,Retain: not an upper-IQR candidate.
SITE2_P15,P15,SITE2,tsunami,3,P15_precision_tsunami_8.csv,8,2,100,1.415,2.520,0.5615,70.6714,39.900,0.100,8.201,false,false,false,Retain: not an upper-IQR candidate.
SITE2_P15,P15,SITE2,tsunami,3,P15_precision_tsunami_8.csv,8,3,200,1.439,2.537,0.5672,138.9854,-69.900,0.500,1.676,false,false,false,Retain: not an upper-IQR candidate.
SITE2_P15,P15,SITE2,tsunami,3,P15_precision_tsunami_8.csv,8,4,50,1.089,2.337,0.4660,45.9137,79.700,0.500,2.062,false,false,false,Retain: not an upper-IQR candidate.
SITE2_P15,P15,SITE2,tsunami,3,P15_precision_tsunami_8.csv,8,5,100,1.020,1.987,0.5133,98.0392,30.300,-0.400,1.456,false,false,false,Retain: not an upper-IQR candidate.
SITE2_P15,P15,SITE2,tsunami,3,P15_precision_tsunami_8.csv,8,6,200,1.511,2.462,0.6137,132.3627,-61.300,-0.300,7.006,false,false,false,Retain: not an upper-IQR candidate.
SITE2_P15,P15,SITE2,tsunami,3,P15_precision_tsunami_8.csv,8,7,50,1.459,2.520,0.5790,34.2700,82.100,0.600,0.721,false,false,false,Retain: not an upper-IQR candidate.
SITE2_P15,P15,SITE2,tsunami,3,P15_precision_tsunami_8.csv,8,8,100,1.582,2.665,0.5936,63.2111,31.600,-0.200,0.224,false,false,false,Retain: not an upper-IQR candidate.
SITE2_P15,P15,SITE2,tsunami,3,P15_precision_tsunami_8.csv,8,9,200,1.637,2.218,0.7381,122.1747,-64.800,0.400,3.523,false,false,false,Retain: not an upper-IQR candidate.
SITE2_P16,P16,SITE2,baseline,3,P16_precision_baseline_8.csv,8,1,50,0.001,0.001,1.0000,50000.0000,83.400,0.000,1.700,false,false,false,Retain: not an upper-IQR candidate.
SITE2_P16,P16,SITE2,baseline,3,P16_precision_baseline_8.csv,8,2,100,1.960,4.014,0.4883,51.0204,31.300,0.400,0.566,false,false,false,Retain: not an upper-IQR candidate.
SITE2_P16,P16,SITE2,baseline,3,P16_precision_baseline_8.csv,8,3,200,4.652,6.194,0.7510,42.9923,-65.800,-0.200,2.508,false,false,false,Retain: not an upper-IQR candidate.
SITE2_P16,P16,SITE2,baseline,3,P16_precision_baseline_8.csv,8,4,50,1.751,2.889,0.6061,28.5551,81.500,-0.100,0.224,false,false,false,Retain: not an upper-IQR candidate.
SITE2_P16,P16,SITE2,baseline,3,P16_precision_baseline_8.csv,8,5,100,2.070,3.000,0.6900,48.3092,28.400,-0.600,3.354,false,false,false,Retain: not an upper-IQR candidate.
SITE2_P16,P16,SITE2,baseline,3,P16_precision_baseline_8.csv,8,6,200,3.513,4.443,0.7907,56.9314,-61.100,0.400,7.211,false,false,false,Retain: not an upper-IQR candidate.
SITE2_P16,P16,SITE2,baseline,3,P16_precision_baseline_8.csv,8,7,50,2.111,3.126,0.6753,23.6855,81.700,0.000,0.000,false,false,false,Retain: not an upper-IQR candidate.
SITE2_P16,P16,SITE2,baseline,3,P16_precision_baseline_8.csv,8,8,100,2.528,3.556,0.7109,39.5570,30.300,0.600,1.523,false,false,false,Retain: not an upper-IQR candidate.
SITE2_P16,P16,SITE2,baseline,3,P16_precision_baseline_8.csv,8,9,200,2.722,3.541,0.7687,73.4754,-73.500,0.700,5.247,false,false,false,Retain: not an upper-IQR candidate.
SITE2_P16,P16,SITE2,map,2,P16_precision_map_4.csv,4,1,50,3.084,3.087,0.9990,16.2127,75.900,-2.300,6.239,false,false,false,Retain: not an upper-IQR candidate.
SITE2_P16,P16,SITE2,map,2,P16_precision_map_4.csv,4,2,100,2.722,9.609,0.2833,36.7377,35.800,1.600,4.401,false,false,false,Retain: not an upper-IQR candidate.
SITE2_P16,P16,SITE2,map,2,P16_precision_map_4.csv,4,3,200,1.806,5.389,0.3351,110.7420,-64.500,10.800,11.449,false,false,false,Retain: not an upper-IQR candidate.
SITE2_P16,P16,SITE2,map,2,P16_precision_map_4.csv,4,4,50,3.361,6.070,0.5537,14.8765,77.800,-1.100,4.052,false,false,false,Retain: not an upper-IQR candidate.
SITE2_P16,P16,SITE2,map,2,P16_precision_map_4.csv,4,5,100,1.750,3.485,0.5022,57.1429,36.700,3.000,5.831,false,false,false,Retain: not an upper-IQR candidate.
SITE2_P16,P16,SITE2,map,2,P16_precision_map_4.csv,4,6,200,2.181,3.306,0.6597,91.7011,-68.800,-0.600,0.781,false,false,false,Retain: not an upper-IQR candidate.
SITE2_P16,P16,SITE2,map,2,P16_precision_map_4.csv,4,7,50,1.737,2.903,0.5983,28.7853,80.100,-4.700,4.965,false,false,false,Retain: not an upper-IQR candidate.
SITE2_P16,P16,SITE2,map,2,P16_precision_map_4.csv,4,8,100,1.458,2.610,0.5586,68.5871,32.300,-0.100,0.608,false,false,false,Retain: not an upper-IQR candidate.
SITE2_P16,P16,SITE2,map,2,P16_precision_map_4.csv,4,9,200,2.153,4.570,0.4711,92.8936,-67.900,-2.700,2.729,false,false,false,Retain: not an upper-IQR candidate.
SITE2_P16,P16,SITE2,tsunami,1,P16_precision_tsunami_0.csv,0,1,50,3.839,3.839,1.0000,13.0242,73.100,0.000,8.600,false,false,false,Retain: not an upper-IQR candidate.
SITE2_P16,P16,SITE2,tsunami,1,P16_precision_tsunami_0.csv,0,2,100,1.366,7.279,0.1877,73.2064,32.200,1.300,1.393,false,false,false,Retain: not an upper-IQR candidate.
SITE2_P16,P16,SITE2,tsunami,1,P16_precision_tsunami_0.csv,0,3,200,3.556,6.083,0.5846,56.2430,-74.700,0.300,6.407,false,false,false,Retain: not an upper-IQR candidate.
SITE2_P16,P16,SITE2,tsunami,1,P16_precision_tsunami_0.csv,0,4,50,2.390,4.727,0.5056,20.9205,78.900,-0.200,2.807,false,false,false,Retain: not an upper-IQR candidate.
SITE2_P16,P16,SITE2,tsunami,1,P16_precision_tsunami_0.csv,0,5,100,2.113,4.199,0.5032,47.3261,28.600,-0.200,3.106,false,false,false,Retain: not an upper-IQR candidate.
SITE2_P16,P16,SITE2,tsunami,1,P16_precision_tsunami_0.csv,0,6,200,1.764,3.578,0.4930,113.3787,-60.400,-2.200,8.201,false,false,false,Retain: not an upper-IQR candidate.
SITE2_P16,P16,SITE2,tsunami,1,P16_precision_tsunami_0.csv,0,7,50,1.911,3.825,0.4996,26.1643,77.400,-0.800,4.374,false,false,false,Retain: not an upper-IQR candidate.
SITE2_P16,P16,SITE2,tsunami,1,P16_precision_tsunami_0.csv,0,8,100,1.768,3.393,0.5211,56.5611,20.200,-3.200,11.937,false,false,false,Retain: isolated outlier but below the conservative 25% distance threshold.
SITE2_P16,P16,SITE2,tsunami,1,P16_precision_tsunami_0.csv,0,9,200,3.139,4.956,0.6334,63.7146,-68.200,2.300,2.302,false,false,false,Retain: not an upper-IQR candidate.
SITE2_P17,P17,SITE2,baseline,3,P17_precision_baseline_8.csv,8,1,50,3.333,3.333,1.0000,15.0015,80.500,1.600,2.000,false,false,false,Retain: not an upper-IQR candidate.
SITE2_P17,P17,SITE2,baseline,3,P17_precision_baseline_8.csv,8,2,100,3.807,5.862,0.6494,26.2674,33.400,2.100,2.702,false,false,false,Retain: not an upper-IQR candidate.
SITE2_P17,P17,SITE2,baseline,3,P17_precision_baseline_8.csv,8,3,200,7.472,9.374,0.7971,26.7666,-64.800,1.800,3.936,false,false,false,Retain: not an upper-IQR candidate.
SITE2_P17,P17,SITE2,baseline,3,P17_precision_baseline_8.csv,8,4,50,3.445,4.987,0.6908,14.5138,81.600,1.300,1.304,false,false,false,Retain: not an upper-IQR candidate.
SITE2_P17,P17,SITE2,baseline,3,P17_precision_baseline_8.csv,8,5,100,3.473,5.000,0.6946,28.7936,28.500,2.200,3.883,false,false,false,Retain: not an upper-IQR candidate.
SITE2_P17,P17,SITE2,baseline,3,P17_precision_baseline_8.csv,8,6,200,6.348,7.847,0.8090,31.5060,-61.100,0.800,7.244,false,false,false,Retain: not an upper-IQR candidate.
SITE2_P17,P17,SITE2,baseline,3,P17_precision_baseline_8.csv,8,7,50,1.293,2.834,0.4562,38.6698,81.500,1.900,1.910,false,false,false,Retain: not an upper-IQR candidate.
SITE2_P17,P17,SITE2,baseline,3,P17_precision_baseline_8.csv,8,8,100,1.639,2.861,0.5729,61.0128,31.500,2.000,2.010,false,false,false,Retain: not an upper-IQR candidate.
SITE2_P17,P17,SITE2,baseline,3,P17_precision_baseline_8.csv,8,9,200,4.417,5.916,0.7466,45.2796,-63.100,2.800,5.906,false,false,false,Retain: not an upper-IQR candidate.
SITE2_P17,P17,SITE2,map,2,P17_precision_map_4.csv,4,1,50,3.278,3.279,0.9997,15.2532,88.400,-3.400,7.513,false,false,false,Retain: not an upper-IQR candidate.
SITE2_P17,P17,SITE2,map,2,P17_precision_map_4.csv,4,2,100,5.625,8.723,0.6448,17.7778,33.900,-1.400,2.608,false,false,false,Retain: not an upper-IQR candidate.
SITE2_P17,P17,SITE2,map,2,P17_precision_map_4.csv,4,3,200,4.208,8.249,0.5101,47.5285,-70.600,-2.500,3.397,false,false,false,Retain: not an upper-IQR candidate.
SITE2_P17,P17,SITE2,map,2,P17_precision_map_4.csv,4,4,50,3.472,6.945,0.4999,14.4009,88.700,-1.500,7.159,false,false,false,Retain: not an upper-IQR candidate.
SITE2_P17,P17,SITE2,map,2,P17_precision_map_4.csv,4,5,100,4.028,7.056,0.5709,24.8262,26.000,4.400,7.201,false,false,false,Retain: not an upper-IQR candidate.
SITE2_P17,P17,SITE2,map,2,P17_precision_map_4.csv,4,6,200,5.998,9.236,0.6494,33.3444,-64.800,-3.300,4.810,false,false,false,Retain: not an upper-IQR candidate.
SITE2_P17,P17,SITE2,map,2,P17_precision_map_4.csv,4,7,50,2.791,4.999,0.5583,17.9147,75.300,-1.700,6.622,false,false,false,Retain: not an upper-IQR candidate.
SITE2_P17,P17,SITE2,map,2,P17_precision_map_4.csv,4,8,100,2.723,5.890,0.4623,36.7242,33.800,1.300,2.470,false,false,false,Retain: not an upper-IQR candidate.
SITE2_P17,P17,SITE2,map,2,P17_precision_map_4.csv,4,9,200,2.264,4.847,0.4671,88.3392,-68.600,-1.900,1.924,false,false,false,Retain: not an upper-IQR candidate.
SITE2_P17,P17,SITE2,tsunami,1,P17_precision_tsunami_0.csv,0,1,50,2.020,2.020,1.0000,24.7525,79.400,0.700,2.404,false,false,false,Retain: not an upper-IQR candidate.
SITE2_P17,P17,SITE2,tsunami,1,P17_precision_tsunami_0.csv,0,2,100,2.133,5.881,0.3627,46.8823,31.000,0.400,0.806,false,false,false,Retain: not an upper-IQR candidate.
SITE2_P17,P17,SITE2,tsunami,1,P17_precision_tsunami_0.csv,0,3,200,3.886,6.725,0.5778,51.4668,-66.900,0.600,1.523,false,false,false,Retain: not an upper-IQR candidate.
SITE2_P17,P17,SITE2,tsunami,1,P17_precision_tsunami_0.csv,0,4,50,3.688,6.129,0.6017,13.5575,82.200,-0.400,0.640,false,false,false,Retain: not an upper-IQR candidate.
SITE2_P17,P17,SITE2,tsunami,1,P17_precision_tsunami_0.csv,0,5,100,2.618,4.834,0.5416,38.1971,31.300,0.400,0.566,false,false,false,Retain: not an upper-IQR candidate.
SITE2_P17,P17,SITE2,tsunami,1,P17_precision_tsunami_0.csv,0,6,200,3.014,4.495,0.6705,66.3570,-69.400,-0.600,1.253,false,false,false,Retain: not an upper-IQR candidate.
SITE2_P17,P17,SITE2,tsunami,1,P17_precision_tsunami_0.csv,0,7,50,1.947,3.833,0.5080,25.6805,83.400,0.500,1.772,false,false,false,Retain: not an upper-IQR candidate.
SITE2_P17,P17,SITE2,tsunami,1,P17_precision_tsunami_0.csv,0,8,100,2.605,3.719,0.7005,38.3877,28.800,1.400,3.220,false,false,false,Retain: not an upper-IQR candidate.
SITE2_P17,P17,SITE2,tsunami,1,P17_precision_tsunami_0.csv,0,9,200,2.214,3.789,0.5843,90.3342,-85.300,-3.900,17.442,false,false,false,Retain: isolated outlier but below the conservative 25% distance threshold.
SITE2_P18,P18,SITE2,baseline,3,P18_precision_baseline_8.csv,8,1,50,1.583,1.583,1.0000,31.5856,85.100,1.100,3.574,false,false,false,Retain: not an upper-IQR candidate.
SITE2_P18,P18,SITE2,baseline,3,P18_precision_baseline_8.csv,8,2,100,2.693,3.320,0.8111,37.1333,32.500,0.900,1.204,false,false,false,Retain: not an upper-IQR candidate.
SITE2_P18,P18,SITE2,baseline,3,P18_precision_baseline_8.csv,8,3,200,3.139,4.694,0.6687,63.7146,-66.700,-0.200,1.612,false,false,false,Retain: not an upper-IQR candidate.
SITE2_P18,P18,SITE2,baseline,3,P18_precision_baseline_8.csv,8,4,50,1.459,3.167,0.4607,34.2700,85.700,1.200,4.176,false,false,false,Retain: not an upper-IQR candidate.
SITE2_P18,P18,SITE2,baseline,3,P18_precision_baseline_8.csv,8,5,100,3.070,3.833,0.8009,32.5733,32.300,0.900,1.082,false,false,false,Retain: not an upper-IQR candidate.
SITE2_P18,P18,SITE2,baseline,3,P18_precision_baseline_8.csv,8,6,200,3.597,4.876,0.7377,55.6019,-71.100,0.500,2.844,false,false,false,Retain: not an upper-IQR candidate.
SITE2_P18,P18,SITE2,baseline,3,P18_precision_baseline_8.csv,8,7,50,1.541,2.971,0.5187,32.4465,80.900,0.600,1.000,false,false,false,Retain: not an upper-IQR candidate.
SITE2_P18,P18,SITE2,baseline,3,P18_precision_baseline_8.csv,8,8,100,2.126,3.334,0.6377,47.0367,37.700,0.500,6.021,false,false,false,Retain: not an upper-IQR candidate.
SITE2_P18,P18,SITE2,baseline,3,P18_precision_baseline_8.csv,8,9,200,2.987,4.097,0.7291,66.9568,-67.400,1.300,1.581,false,false,false,Retain: not an upper-IQR candidate.
SITE2_P18,P18,SITE2,map,2,P18_precision_map_4.csv,4,1,50,8.653,8.657,0.9995,5.7783,36.200,2.400,45.563,true,false,false,Isolated upper-IQR trial; error >=25% of nominal distance; two matching repetitions in range; raw selected/landing point verified.
SITE2_P18,P18,SITE2,map,2,P18_precision_map_4.csv,4,2,100,14.626,17.984,0.8133,6.8371,45.700,1.500,14.080,false,false,false,Retain: matching repetitions do not support one isolated failure.
SITE2_P18,P18,SITE2,map,2,P18_precision_map_4.csv,4,3,200,6.180,9.638,0.6412,32.3625,-56.300,-2.400,12.238,false,false,false,Retain: not an upper-IQR candidate.
SITE2_P18,P18,SITE2,map,2,P18_precision_map_4.csv,4,4,50,2.778,4.556,0.6097,17.9986,83.200,0.600,1.616,false,false,false,Retain: not an upper-IQR candidate.
SITE2_P18,P18,SITE2,map,2,P18_precision_map_4.csv,4,5,100,2.389,3.555,0.6720,41.8585,39.600,0.600,7.923,false,false,false,Retain: not an upper-IQR candidate.
SITE2_P18,P18,SITE2,map,2,P18_precision_map_4.csv,4,6,200,2.763,3.834,0.7207,72.3851,-65.700,2.400,3.538,false,false,false,Retain: not an upper-IQR candidate.
SITE2_P18,P18,SITE2,map,2,P18_precision_map_4.csv,4,7,50,3.792,7.013,0.5407,13.1857,83.300,-1.100,1.942,false,false,false,Retain: not an upper-IQR candidate.
SITE2_P18,P18,SITE2,map,2,P18_precision_map_4.csv,4,8,100,3.806,5.181,0.7346,26.2743,30.900,-1.700,1.879,false,false,false,Retain: not an upper-IQR candidate.
SITE2_P18,P18,SITE2,map,2,P18_precision_map_4.csv,4,9,200,1.919,6.598,0.2908,104.2209,-66.900,3.800,4.050,false,false,false,Retain: not an upper-IQR candidate.
SITE2_P18,P18,SITE2,tsunami,1,P18_precision_tsunami_0.csv,0,1,50,1.691,1.691,1.0000,29.5683,82.900,0.600,1.342,false,false,false,Retain: not an upper-IQR candidate.
SITE2_P18,P18,SITE2,tsunami,1,P18_precision_tsunami_0.csv,0,2,100,1.834,5.655,0.3243,54.5256,31.200,-1.900,1.965,false,false,false,Retain: not an upper-IQR candidate.
SITE2_P18,P18,SITE2,tsunami,1,P18_precision_tsunami_0.csv,0,3,200,2.305,6.670,0.3456,86.7679,-84.500,-2.700,16.423,false,false,false,Retain: matching repetitions do not support one isolated failure.
SITE2_P18,P18,SITE2,tsunami,1,P18_precision_tsunami_0.csv,0,4,50,1.193,3.887,0.3069,41.9111,75.700,0.200,6.003,false,false,false,Retain: not an upper-IQR candidate.
SITE2_P18,P18,SITE2,tsunami,1,P18_precision_tsunami_0.csv,0,5,100,2.386,5.258,0.4538,41.9111,31.600,-0.900,0.906,false,false,false,Retain: not an upper-IQR candidate.
SITE2_P18,P18,SITE2,tsunami,1,P18_precision_tsunami_0.csv,0,6,200,2.681,7.587,0.3534,74.5990,-74.200,-0.100,5.901,false,false,false,Retain: not an upper-IQR candidate.
SITE2_P18,P18,SITE2,tsunami,1,P18_precision_tsunami_0.csv,0,7,50,1.917,4.239,0.4522,26.0824,78.100,0.400,3.622,false,false,false,Retain: not an upper-IQR candidate.
SITE2_P18,P18,SITE2,tsunami,1,P18_precision_tsunami_0.csv,0,8,100,2.124,4.928,0.4310,47.0810,33.500,-0.100,1.803,false,false,false,Retain: not an upper-IQR candidate.
SITE2_P18,P18,SITE2,tsunami,1,P18_precision_tsunami_0.csv,0,9,200,7.564,10.297,0.7346,26.4410,-76.400,0.400,8.110,false,false,false,Retain: not an upper-IQR candidate.
